Eval_AverageReturn,Eval_StdReturn,Eval_MaxReturn,Eval_MinReturn,Eval_AverageEpLen,step,Train_EpisodeReturn,Train_EpisodeLen,actor_loss,entropy,critic_loss,q_values,target_values,actor_lr,critic_lr,temperature
17.723215,7.1120152,31.897718,8.402113,20.7,0,,,,,,,,,,
,,,,,18,21.814398,19,,,,,,,,
,,,,,59,59.799065,41,,,,,,,,
,,,,,77,7.330964,18,,,,,,,,
,,,,,94,11.914226,17,,,,,,,,
,,,,,106,10.130638,12,,,,,,,,
,,,,,117,7.525369,11,,,,,,,,
,,,,,135,12.623664,18,,,,,,,,
,,,,,145,8.863869,10,,,,,,,,
,,,,,161,12.486585,16,,,,,,,,
,,,,,173,10.032573,12,,,,,,,,
,,,,,183,7.207244,10,,,,,,,,
,,,,,220,51.956184,37,,,,,,,,
,,,,,246,14.791011,26,,,,,,,,
,,,,,262,14.520769,16,,,,,,,,
,,,,,279,15.348154,17,,,,,,,,
,,,,,292,9.750338,13,,,,,,,,
,,,,,305,8.692412,13,,,,,,,,
,,,,,318,8.922755,13,,,,,,,,
,,,,,330,11.193966,12,,,,,,,,
,,,,,349,16.556097,19,,,,,,,,
,,,,,365,6.9358473,16,,,,,,,,
,,,,,390,24.240822,25,,,,,,,,
,,,,,402,9.142086,12,,,,,,,,
,,,,,447,22.15296,45,,,,,,,,
,,,,,469,17.595732,22,,,,,,,,
,,,,,479,8.131557,10,,,,,,,,
,,,,,499,14.305727,20,,,,,,,,
,,,,,514,13.922431,15,,,,,,,,
,,,,,531,14.095879,17,,,,,,,,
,,,,,547,10.44914,16,,,,,,,,
,,,,,574,16.900085,27,,,,,,,,
,,,,,594,16.339611,20,,,,,,,,
,,,,,611,9.3686695,17,,,,,,,,
,,,,,627,12.618699,16,,,,,,,,
,,,,,647,21.227982,20,,,,,,,,
,,,,,663,9.243737,16,,,,,,,,
,,,,,674,8.055545,11,,,,,,,,
,,,,,691,13.54472,17,,,,,,,,
,,,,,708,12.881734,17,,,,,,,,
,,,,,733,12.286645,25,,,,,,,,
,,,,,755,25.61773,22,,,,,,,,
,,,,,771,12.72636,16,,,,,,,,
,,,,,790,8.806782,19,,,,,,,,
,,,,,814,10.7280245,24,,,,,,,,
,,,,,827,9.203229,13,,,,,,,,
,,,,,852,16.446457,25,,,,,,,,
,,,,,875,17.810148,23,,,,,,,,
,,,,,898,15.956963,23,,,,,,,,
,,,,,934,35.223343,36,,,,,,,,
,,,,,949,14.039387,15,,,,,,,,
,,,,,973,24.8097,24,,,,,,,,
,,,,,1007,21.1143,34,,,,,,,,
,,,,,1018,5.6898546,11,,,,,,,,
,,,,,1037,18.284264,19,,,,,,,,
,,,,,1046,5.769316,9,,,,,,,,
,,,,,1081,9.312603,35,,,,,,,,
,,,,,1093,6.484764,12,,,,,,,,
,,,,,1133,36.599052,40,,,,,,,,
,,,,,1142,5.241366,9,,,,,,,,
,,,,,1161,7.502887,19,,,,,,,,
,,,,,1210,22.257406,49,,,,,,,,
,,,,,1254,55.23238,44,,,,,,,,
,,,,,1287,24.289566,33,,,,,,,,
,,,,,1304,17.447737,17,,,,,,,,
,,,,,1330,12.936226,26,,,,,,,,
,,,,,1359,33.096848,29,,,,,,,,
,,,,,1371,8.371318,12,,,,,,,,
,,,,,1381,8.011844,10,,,,,,,,
,,,,,1422,27.157103,41,,,,,,,,
,,,,,1448,20.075254,26,,,,,,,,
,,,,,1476,11.976469,28,,,,,,,,
,,,,,1492,9.795246,16,,,,,,,,
,,,,,1508,9.428494,16,,,,,,,,
,,,,,1554,43.986008,46,,,,,,,,
,,,,,1569,9.849581,15,,,,,,,,
,,,,,1587,17.15912,18,,,,,,,,
,,,,,1600,8.611865,13,,,,,,,,
,,,,,1631,32.596745,31,,,,,,,,
,,,,,1646,12.117078,15,,,,,,,,
,,,,,1658,8.696177,12,,,,,,,,
,,,,,1679,13.815734,21,,,,,,,,
,,,,,1711,44.01929,32,,,,,,,,
,,,,,1725,11.17377,14,,,,,,,,
,,,,,1733,5.6788487,8,,,,,,,,
,,,,,1770,50.00134,37,,,,,,,,
,,,,,1796,26.65005,26,,,,,,,,
,,,,,1818,19.02988,22,,,,,,,,
,,,,,1830,8.576052,12,,,,,,,,
,,,,,1849,16.192238,19,,,,,,,,
,,,,,1871,22.917109,22,,,,,,,,
,,,,,1890,18.968481,19,,,,,,,,
,,,,,1902,11.39668,12,,,,,,,,
,,,,,1925,17.668661,23,,,,,,,,
,,,,,1937,9.752099,12,,,,,,,,
,,,,,1951,12.121343,14,,,,,,,,
,,,,,1972,11.785085,21,,,,,,,,
,,,,,1998,18.318628,26,,,,,,,,
,,,,,2025,29.411242,27,,,,,,,,
,,,,,2049,9.948333,24,,,,,,,,
,,,,,2065,13.860848,16,,,,,,,,
,,,,,2087,24.866535,22,,,,,,,,
,,,,,2111,24.80187,24,,,,,,,,
,,,,,2130,20.846169,19,,,,,,,,
,,,,,2151,20.265217,21,,,,,,,,
,,,,,2177,22.96114,26,,,,,,,,
,,,,,2198,10.509857,21,,,,,,,,
,,,,,2219,18.704529,21,,,,,,,,
,,,,,2227,6.5392795,8,,,,,,,,
,,,,,2257,28.346842,30,,,,,,,,
,,,,,2297,41.502197,40,,,,,,,,
,,,,,2309,6.919031,12,,,,,,,,
,,,,,2328,17.27246,19,,,,,,,,
,,,,,2354,22.918957,26,,,,,,,,
,,,,,2370,14.984233,16,,,,,,,,
,,,,,2391,14.5452175,21,,,,,,,,
,,,,,2414,17.321104,23,,,,,,,,
,,,,,2439,20.752266,25,,,,,,,,
,,,,,2454,14.813757,15,,,,,,,,
,,,,,2472,12.070156,18,,,,,,,,
,,,,,2502,27.810751,30,,,,,,,,
,,,,,2514,8.493098,12,,,,,,,,
,,,,,2561,62.2902,47,,,,,,,,
,,,,,2578,12.315069,17,,,,,,,,
,,,,,2597,10.27987,19,,,,,,,,
,,,,,2624,19.766,27,,,,,,,,
,,,,,2636,7.9137573,12,,,,,,,,
,,,,,2657,18.227781,21,,,,,,,,
,,,,,2674,16.733421,17,,,,,,,,
,,,,,2717,47.5821,43,,,,,,,,
,,,,,2748,27.025522,31,,,,,,,,
,,,,,2770,17.621832,22,,,,,,,,
,,,,,2787,9.570479,17,,,,,,,,
,,,,,2807,18.14096,20,,,,,,,,
,,,,,2837,18.965721,30,,,,,,,,
,,,,,2864,28.723448,27,,,,,,,,
,,,,,2893,31.623367,29,,,,,,,,
,,,,,2955,48.450684,62,,,,,,,,
,,,,,2966,9.548608,11,,,,,,,,
,,,,,2980,10.250901,14,,,,,,,,
,,,,,2997,16.306917,17,,,,,,,,
,,,,,3027,29.004904,30,,,,,,,,
,,,,,3042,12.412971,15,,,,,,,,
,,,,,3057,15.002659,15,,,,,,,,
,,,,,3071,10.369846,14,,,,,,,,
,,,,,3083,10.288975,12,,,,,,,,
,,,,,3093,7.297634,10,,,,,,,,
,,,,,3115,23.903746,22,,,,,,,,
,,,,,3141,18.795937,26,,,,,,,,
,,,,,3157,13.110524,16,,,,,,,,
,,,,,3173,7.7272296,16,,,,,,,,
,,,,,3197,20.841633,24,,,,,,,,
,,,,,3216,12.439324,19,,,,,,,,
,,,,,3227,8.791569,11,,,,,,,,
,,,,,3245,14.438288,18,,,,,,,,
,,,,,3268,23.28921,23,,,,,,,,
,,,,,3288,12.850865,20,,,,,,,,
,,,,,3308,12.729618,20,,,,,,,,
,,,,,3321,8.612598,13,,,,,,,,
,,,,,3346,9.22304,25,,,,,,,,
,,,,,3420,108.45837,74,,,,,,,,
,,,,,3438,16.797127,18,,,,,,,,
,,,,,3453,12.350436,15,,,,,,,,
,,,,,3472,15.274124,19,,,,,,,,
,,,,,3484,9.470834,12,,,,,,,,
,,,,,3499,9.559031,15,,,,,,,,
,,,,,3518,18.151077,19,,,,,,,,
,,,,,3558,35.24961,40,,,,,,,,
,,,,,3576,14.451338,18,,,,,,,,
,,,,,3591,13.228948,15,,,,,,,,
,,,,,3605,11.116051,14,,,,,,,,
,,,,,3614,7.5692577,9,,,,,,,,
,,,,,3651,12.079838,37,,,,,,,,
,,,,,3664,8.881992,13,,,,,,,,
,,,,,3688,25.533556,24,,,,,,,,
,,,,,3705,16.808609,17,,,,,,,,
,,,,,3719,10.0103855,14,,,,,,,,
,,,,,3734,12.283268,15,,,,,,,,
,,,,,3781,37.738476,47,,,,,,,,
,,,,,3811,19.059963,30,,,,,,,,
,,,,,3826,10.603355,15,,,,,,,,
,,,,,3849,27.09266,23,,,,,,,,
,,,,,3868,13.451493,19,,,,,,,,
,,,,,3885,13.963805,17,,,,,,,,
,,,,,3899,8.07765,14,,,,,,,,
,,,,,3937,37.10137,38,,,,,,,,
,,,,,3957,22.220955,20,,,,,,,,
,,,,,3984,30.252485,27,,,,,,,,
,,,,,4003,20.069817,19,,,,,,,,
,,,,,4025,11.145638,22,,,,,,,,
,,,,,4041,11.512396,16,,,,,,,,
,,,,,4067,23.196737,26,,,,,,,,
,,,,,4090,13.199854,23,,,,,,,,
,,,,,4126,47.066628,36,,,,,,,,
,,,,,4138,7.570054,12,,,,,,,,
,,,,,4188,41.487984,50,,,,,,,,
,,,,,4197,6.7228293,9,,,,,,,,
,,,,,4207,8.253327,10,,,,,,,,
,,,,,4222,13.830777,15,,,,,,,,
,,,,,4232,7.0583425,10,,,,,,,,
,,,,,4258,12.092571,26,,,,,,,,
,,,,,4273,11.168423,15,,,,,,,,
,,,,,4293,10.004825,20,,,,,,,,
,,,,,4305,10.147493,12,,,,,,,,
,,,,,4340,21.926594,35,,,,,,,,
,,,,,4411,94.17546,71,,,,,,,,
,,,,,4423,10.315048,12,,,,,,,,
,,,,,4434,6.820002,11,,,,,,,,
,,,,,4505,107.059006,71,,,,,,,,
,,,,,4537,42.927513,32,,,,,,,,
,,,,,4561,30.24703,24,,,,,,,,
,,,,,4581,14.876251,20,,,,,,,,
,,,,,4601,13.166224,20,,,,,,,,
,,,,,4648,30.780176,47,,,,,,,,
,,,,,4671,21.686703,23,,,,,,,,
,,,,,4699,16.728157,28,,,,,,,,
,,,,,4708,7.251175,9,,,,,,,,
,,,,,4735,28.359297,27,,,,,,,,
,,,,,4758,19.398222,23,,,,,,,,
,,,,,4774,12.086583,16,,,,,,,,
,,,,,4793,17.09523,19,,,,,,,,
,,,,,4810,12.047507,17,,,,,,,,
,,,,,4826,13.828675,16,,,,,,,,
,,,,,4845,11.454963,19,,,,,,,,
,,,,,4889,23.943571,44,,,,,,,,
,,,,,4905,12.98801,16,,,,,,,,
,,,,,4939,47.633987,34,,,,,,,,
,,,,,4959,13.392679,20,,,,,,,,
,,,,,4977,15.6175585,18,,,,,,,,
17.071165,7.9969797,39.035774,9.292019,20.7,5000,,,,,,,,,,
,,,,,5006,8.491704,29,,,,,,,,
,,,,,5043,25.526314,37,,,,,,,,
,,,,,5064,15.172848,21,,,,,,,,
,,,,,5076,10.563587,12,,,,,,,,
,,,,,5097,13.352916,21,,,,,,,,
,,,,,5113,15.883297,16,,,,,,,,
,,,,,5126,9.915944,13,,,,,,,,
,,,,,5166,26.134624,40,,,,,,,,
,,,,,5209,23.954832,43,,,,,,,,
,,,,,5236,9.294917,27,,,,,,,,
,,,,,5257,14.523308,21,,,,,,,,
,,,,,5275,16.8362,18,,,,,,,,
,,,,,5296,19.743914,21,,,,,,,,
,,,,,5318,6.2272577,22,,,,,,,,
,,,,,5334,13.060229,16,,,,,,,,
,,,,,5346,9.490511,12,,,,,,,,
,,,,,5360,10.715456,14,,,,,,,,
,,,,,5399,25.504612,39,,,,,,,,
,,,,,5413,12.796642,14,,,,,,,,
,,,,,5451,42.952396,38,,,,,,,,
,,,,,5496,52.376904,45,,,,,,,,
,,,,,5513,15.761765,17,,,,,,,,
,,,,,5546,37.586716,33,,,,,,,,
,,,,,5567,23.583668,21,,,,,,,,
,,,,,5581,7.7895446,14,,,,,,,,
,,,,,5595,13.023953,14,,,,,,,,
,,,,,5609,11.86688,14,,,,,,,,
,,,,,5623,8.549032,14,,,,,,,,
,,,,,5641,19.75049,18,,,,,,,,
,,,,,5660,17.392805,19,,,,,,,,
,,,,,5676,12.428965,16,,,,,,,,
,,,,,5691,12.794511,15,,,,,,,,
,,,,,5702,8.2563095,11,,,,,,,,
,,,,,5713,9.341469,11,,,,,,,,
,,,,,5727,10.763973,14,,,,,,,,
,,,,,5754,31.27652,27,,,,,,,,
,,,,,5788,38.04685,34,,,,,,,,
,,,,,5811,9.017273,23,,,,,,,,
,,,,,5826,10.971636,15,,,,,,,,
,,,,,5843,12.869381,17,,,,,,,,
,,,,,5865,22.589529,22,,,,,,,,
,,,,,5884,20.66156,19,,,,,,,,
,,,,,5905,16.444876,21,,,,,,,,
,,,,,5931,34.394447,26,,,,,,,,
,,,,,5953,26.002588,22,,,,,,,,
,,,,,5982,24.16215,29,,,,,,,,
,,,,,6003,22.694052,21,,,,,,,,
,,,,,6022,13.593414,19,,,,,,,,
,,,,,6035,11.987818,13,,,,,,,,
,,,,,6051,14.447286,16,,,,,,,,
,,,,,6068,18.253334,17,,,,,,,,
,,,,,6095,21.30202,27,,,,,,,,
,,,,,6110,13.759462,15,,,,,,,,
,,,,,6141,16.154655,31,,,,,,,,
,,,,,6199,75.17709,58,,,,,,,,
,,,,,6243,26.453053,44,,,,,,,,
,,,,,6284,21.227026,41,,,,,,,,
,,,,,6347,118.16205,63,,,,,,,,
,,,,,6359,10.7367325,12,,,,,,,,
,,,,,6386,14.296518,27,,,,,,,,
,,,,,6403,18.253101,17,,,,,,,,
,,,,,6422,9.582813,19,,,,,,,,
,,,,,6471,85.3716,49,,,,,,,,
,,,,,6496,31.075363,25,,,,,,,,
,,,,,6512,12.177693,16,,,,,,,,
,,,,,6551,49.35138,39,,,,,,,,
,,,,,6647,115.33589,96,,,,,,,,
,,,,,6707,84.27349,60,,,,,,,,
,,,,,6758,78.320114,51,,,,,,,,
,,,,,6771,11.739034,13,,,,,,,,
,,,,,6783,7.974441,12,,,,,,,,
,,,,,6793,8.15746,10,,,,,,,,
,,,,,6840,56.759926,47,,,,,,,,
,,,,,6854,9.442173,14,,,,,,,,
,,,,,6870,10.529436,16,,,,,,,,
,,,,,6888,13.949295,18,,,,,,,,
,,,,,6903,15.928475,15,,,,,,,,
,,,,,6926,11.282978,23,,,,,,,,
,,,,,6937,9.155086,11,,,,,,,,
,,,,,6956,15.277152,19,,,,,,,,
,,,,,6970,15.324676,14,,,,,,,,
,,,,,7017,27.962416,47,,,,,,,,
,,,,,7032,14.298837,15,,,,,,,,
,,,,,7055,23.08308,23,,,,,,,,
,,,,,7088,21.443224,33,,,,,,,,
,,,,,7110,25.492579,22,,,,,,,,
,,,,,7132,24.659908,22,,,,,,,,
,,,,,7143,6.463342,11,,,,,,,,
,,,,,7161,12.847071,18,,,,,,,,
,,,,,7181,20.329828,20,,,,,,,,
,,,,,7219,51.066784,38,,,,,,,,
,,,,,7234,13.78391,15,,,,,,,,
,,,,,7266,42.60998,32,,,,,,,,
,,,,,7282,16.891361,16,,,,,,,,
,,,,,7324,41.27618,42,,,,,,,,
,,,,,7355,33.467396,31,,,,,,,,
,,,,,7391,15.231677,36,,,,,,,,
,,,,,7403,10.173342,12,,,,,,,,
,,,,,7414,8.812554,11,,,,,,,,
,,,,,7429,9.289073,15,,,,,,,,
,,,,,7468,50.837246,39,,,,,,,,
,,,,,7497,17.86613,29,,,,,,,,
,,,,,7523,12.2209835,26,,,,,,,,
,,,,,7539,15.24991,16,,,,,,,,
,,,,,7598,105.33844,59,,,,,,,,
,,,,,7651,79.465805,53,,,,,,,,
,,,,,7661,7.7564363,10,,,,,,,,
,,,,,7688,29.734344,27,,,,,,,,
,,,,,7705,11.079263,17,,,,,,,,
,,,,,7722,16.516813,17,,,,,,,,
,,,,,7747,14.306386,25,,,,,,,,
,,,,,7791,40.05535,44,,,,,,,,
,,,,,7817,24.51545,26,,,,,,,,
,,,,,7839,24.611662,22,,,,,,,,
,,,,,7885,38.98667,46,,,,,,,,
,,,,,7895,6.6065726,10,,,,,,,,
,,,,,7966,80.44962,71,,,,,,,,
,,,,,7984,12.007717,18,,,,,,,,
,,,,,8059,93.068306,75,,,,,,,,
,,,,,8082,25.519588,23,,,,,,,,
,,,,,8101,13.445979,19,,,,,,,,
,,,,,8126,15.622094,25,,,,,,,,
,,,,,8154,14.137017,28,,,,,,,,
,,,,,8163,6.670294,9,,,,,,,,
,,,,,8192,24.948763,29,,,,,,,,
,,,,,8220,19.745047,28,,,,,,,,
,,,,,8240,16.83306,20,,,,,,,,
,,,,,8260,16.033098,20,,,,,,,,
,,,,,8272,9.175067,12,,,,,,,,
,,,,,8312,56.132713,40,,,,,,,,
,,,,,8328,15.210985,16,,,,,,,,
,,,,,8350,27.560396,22,,,,,,,,
,,,,,8367,16.538437,17,,,,,,,,
,,,,,8384,18.141285,17,,,,,,,,
,,,,,8410,26.798182,26,,,,,,,,
,,,,,8426,14.7737255,16,,,,,,,,
,,,,,8440,10.968452,14,,,,,,,,
,,,,,8507,85.63869,67,,,,,,,,
,,,,,8522,13.632482,15,,,,,,,,
,,,,,8540,5.771072,18,,,,,,,,
,,,,,8560,16.931196,20,,,,,,,,
,,,,,8576,13.481594,16,,,,,,,,
,,,,,8593,11.398652,17,,,,,,,,
,,,,,8612,12.882227,19,,,,,,,,
,,,,,8632,20.191368,20,,,,,,,,
,,,,,8667,39.597214,35,,,,,,,,
,,,,,8686,22.732094,19,,,,,,,,
,,,,,8705,19.307264,19,,,,,,,,
,,,,,8730,15.662182,25,,,,,,,,
,,,,,8757,14.5784025,27,,,,,,,,
,,,,,8800,54.47434,43,,,,,,,,
,,,,,8815,10.707099,15,,,,,,,,
,,,,,8829,12.203863,14,,,,,,,,
,,,,,8860,37.02753,31,,,,,,,,
,,,,,8876,13.837008,16,,,,,,,,
,,,,,8949,113.21704,73,,,,,,,,
,,,,,8970,16.89831,21,,,,,,,,
,,,,,8985,6.0496535,15,,,,,,,,
,,,,,9009,22.64633,24,,,,,,,,
,,,,,9037,14.139929,28,,,,,,,,
,,,,,9050,10.130394,13,,,,,,,,
,,,,,9065,10.849539,15,,,,,,,,
,,,,,9082,11.857216,17,,,,,,,,
,,,,,9107,14.1752405,25,,,,,,,,
,,,,,9128,16.328535,21,,,,,,,,
,,,,,9155,21.780172,27,,,,,,,,
,,,,,9176,18.985596,21,,,,,,,,
,,,,,9187,9.302516,11,,,,,,,,
,,,,,9199,9.104994,12,,,,,,,,
,,,,,9228,40.441593,29,,,,,,,,
,,,,,9256,32.000954,28,,,,,,,,
,,,,,9271,13.136427,15,,,,,,,,
,,,,,9286,8.848313,15,,,,,,,,
,,,,,9302,14.002503,16,,,,,,,,
,,,,,9405,167.66348,103,,,,,,,,
,,,,,9418,13.00474,13,,,,,,,,
,,,,,9436,10.553951,18,,,,,,,,
,,,,,9463,13.489813,27,,,,,,,,
,,,,,9521,82.568634,58,,,,,,,,
,,,,,9544,15.667155,23,,,,,,,,
,,,,,9560,11.573612,16,,,,,,,,
,,,,,9610,82.313835,50,,,,,,,,
,,,,,9642,38.82755,32,,,,,,,,
,,,,,9658,10.481859,16,,,,,,,,
,,,,,9714,60.680225,56,,,,,,,,
,,,,,9730,14.398442,16,,,,,,,,
,,,,,9762,31.890545,32,,,,,,,,
,,,,,9814,48.859356,52,,,,,,,,
,,,,,9829,13.999924,15,,,,,,,,
,,,,,9844,13.145116,15,,,,,,,,
,,,,,9859,14.466708,15,,,,,,,,
,,,,,9871,8.592951,12,,,,,,,,
,,,,,9887,13.782143,16,,,,,,,,
,,,,,9910,14.39418,23,,,,,,,,
,,,,,9925,8.10422,15,,,,,,,,
,,,,,9948,18.2645,23,,,,,,,,
,,,,,9958,8.398089,10,,,,,,,,
,,,,,9976,13.571416,18,,,,,,,,
,,,,,9995,16.172731,19,,,,,,,,
26.96369,15.687647,65.95728,8.174444,25.6,10000,,,-0.4593362808227539,1.9741113185882568,1.2264432907104492,0.09798760712146759,1.1393483877182007,0.0003,0.0003,0.1
,,,,,10033,38.993397,38,,,,,,,,
,,,,,10057,28.056284,24,,,,,,,,
,,,,,10075,18.861082,18,,,,,,,,
,,,,,10123,83.292435,48,,,,,,,,
,,,,,10153,44.48149,30,,,,,,,,
,,,,,10189,30.49514,36,,,,,,,,
,,,,,10207,20.07286,18,,,,,,,,
,,,,,10252,74.798904,45,,,,,,,,
,,,,,10332,167.19954,80,,,,,,,,
,,,,,10379,81.147484,47,,,,,,,,
,,,,,10424,77.05188,45,,,,,,,,
,,,,,10465,66.71154,41,,,,,,,,
,,,,,10503,62.393425,38,,,,,,,,
,,,,,10550,80.59598,47,,,,,,,,
,,,,,10591,68.937675,41,,,,,,,,
,,,,,10632,67.639145,41,,,,,,,,
,,,,,10673,66.84598,41,,,,,,,,
,,,,,10724,90.889595,51,,,,,,,,
,,,,,10767,73.96379,43,,,,,,,,
,,,,,10800,53.76786,33,,,,,,,,
,,,,,10840,67.21595,40,,,,,,,,
,,,,,10887,80.897896,47,,,,,,,,
,,,,,10920,53.68349,33,,,,,,,,
,,,,,10959,65.81126,39,,,,,,,,
,,,,,10994,57.9964,35,,,,,,,,
,,,,,11000,,,-7.086676597595215,0.4355296790599823,0.5192428231239319,6.4878249168396,6.368256092071533,0.0003,0.0003,0.1
,,,,,11042,84.46283,48,,,,,,,,
,,,,,11089,81.04968,47,,,,,,,,
,,,,,11126,60.791706,37,,,,,,,,
,,,,,11163,60.45163,37,,,,,,,,
,,,,,11218,99.675705,55,,,,,,,,
,,,,,11271,94.62575,53,,,,,,,,
,,,,,11308,61.36183,37,,,,,,,,
,,,,,11356,83.93793,48,,,,,,,,
,,,,,11396,67.478035,40,,,,,,,,
,,,,,11476,172.81471,80,,,,,,,,
,,,,,11535,111.028076,59,,,,,,,,
,,,,,11614,165.79675,79,,,,,,,,
,,,,,11674,111.63868,60,,,,,,,,
,,,,,11743,139.98071,69,,,,,,,,
,,,,,11826,179.45428,83,,,,,,,,
,,,,,11902,156.65503,76,,,,,,,,
,,,,,11980,163.68053,78,,,,,,,,
,,,,,12000,,,-14.847567558288574,-0.7853059768676758,2.5395307540893555,13.738298416137695,13.810367584228516,0.0003,0.0003,0.1
,,,,,12055,153.7667,75,,,,,,,,
,,,,,12145,199.2366,90,,,,,,,,
,,,,,12250,229.01198,105,,,,,,,,
,,,,,12330,173.59996,80,,,,,,,,
,,,,,12425,189.32144,95,,,,,,,,
,,,,,12520,194.79811,95,,,,,,,,
,,,,,12620,207.47762,100,,,,,,,,
,,,,,12728,201.7006,108,,,,,,,,
,,,,,12818,192.29887,90,,,,,,,,
,,,,,12913,185.91197,95,,,,,,,,
,,,,,13000,,,-24.42058563232422,-1.337166666984558,1.469008445739746,22.82594871520996,22.733722686767578,0.0003,0.0003,0.1
,,,,,13009,201.46376,96,,,,,,,,
,,,,,13103,196.36774,94,,,,,,,,
,,,,,13187,183.57402,84,,,,,,,,
,,,,,13279,196.4842,92,,,,,,,,
,,,,,13369,197.97841,90,,,,,,,,
,,,,,13462,205.75493,93,,,,,,,,
,,,,,13551,195.84207,89,,,,,,,,
,,,,,13648,211.34595,97,,,,,,,,
,,,,,13738,193.34009,90,,,,,,,,
,,,,,13834,196.99074,96,,,,,,,,
,,,,,13923,183.93053,89,,,,,,,,
,,,,,14000,,,-33.07012939453125,-1.260724663734436,8.154106140136719,30.8206787109375,31.031654357910156,0.0003,0.0003,0.1
,,,,,14017,169.88849,94,,,,,,,,
,,,,,14092,145.33469,75,,,,,,,,
,,,,,14173,164.69395,81,,,,,,,,
,,,,,14271,211.65736,98,,,,,,,,
,,,,,14353,164.71576,82,,,,,,,,
,,,,,14441,184.1752,88,,,,,,,,
,,,,,14534,202.63548,93,,,,,,,,
,,,,,14627,207.42914,93,,,,,,,,
,,,,,14717,192.03882,90,,,,,,,,
,,,,,14805,181.52202,88,,,,,,,,
,,,,,14896,154.28165,91,,,,,,,,
,,,,,14982,189.09166,86,,,,,,,,
188.60205,3.4700637,194.85579,181.65178,87.1,15000,,,-41.666107177734375,-1.4258817434310913,6.037352561950684,39.77832794189453,39.46113967895508,0.0003,0.0003,0.1
,,,,,15071,192.09819,89,,,,,,,,
,,,,,15157,192.2757,86,,,,,,,,
,,,,,15242,184.69519,85,,,,,,,,
,,,,,15329,193.42253,87,,,,,,,,
,,,,,15422,210.66908,93,,,,,,,,
,,,,,15504,175.10144,82,,,,,,,,
,,,,,15588,175.56763,84,,,,,,,,
,,,,,15671,170.2136,83,,,,,,,,
,,,,,15755,177.68677,84,,,,,,,,
,,,,,15838,176.85426,83,,,,,,,,
,,,,,15921,177.01175,83,,,,,,,,
,,,,,16000,,,-51.53748321533203,-1.7188222408294678,12.035383224487305,49.20703125,48.80585479736328,0.0003,0.0003,0.1
,,,,,16006,183.52982,85,,,,,,,,
,,,,,16090,181.44633,84,,,,,,,,
,,,,,16175,179.95148,85,,,,,,,,
,,,,,16263,193.21877,88,,,,,,,,
,,,,,16352,196.59557,89,,,,,,,,
,,,,,16443,196.79071,91,,,,,,,,
,,,,,16534,206.64284,91,,,,,,,,
,,,,,16636,224.21791,102,,,,,,,,
,,,,,16734,220.14008,98,,,,,,,,
,,,,,16828,205.91692,94,,,,,,,,
,,,,,16921,206.95802,93,,,,,,,,
,,,,,17000,,,-58.113739013671875,-1.2056910991668701,5.017184257507324,55.76921844482422,55.97865295410156,0.0003,0.0003,0.1
,,,,,17012,195.53523,91,,,,,,,,
,,,,,17099,187.71342,87,,,,,,,,
,,,,,17202,223.50505,103,,,,,,,,
,,,,,17299,188.76305,97,,,,,,,,
,,,,,17393,192.39542,94,,,,,,,,
,,,,,17486,192.14438,93,,,,,,,,
,,,,,17586,228.70894,100,,,,,,,,
,,,,,17680,186.74979,94,,,,,,,,
,,,,,17776,196.42706,96,,,,,,,,
,,,,,17871,195.98831,95,,,,,,,,
,,,,,17962,193.80473,91,,,,,,,,
,,,,,18000,,,-67.01236724853516,-1.365422010421753,3.7551968097686768,64.26604461669922,64.70748138427734,0.0003,0.0003,0.1
,,,,,18055,193.49316,93,,,,,,,,
,,,,,18145,190.39146,90,,,,,,,,
,,,,,18236,183.94827,91,,,,,,,,
,,,,,18339,200.50682,103,,,,,,,,
,,,,,18430,188.29982,91,,,,,,,,
,,,,,18525,197.18622,95,,,,,,,,
,,,,,18616,193.81439,91,,,,,,,,
,,,,,18709,192.90993,93,,,,,,,,
,,,,,18802,189.5916,93,,,,,,,,
,,,,,18894,189.58641,92,,,,,,,,
,,,,,18989,197.49124,95,,,,,,,,
,,,,,19000,,,-73.42507934570312,-1.5810880661010742,4.945202350616455,70.47052764892578,70.56269836425781,0.0003,0.0003,0.1
,,,,,19078,178.49655,89,,,,,,,,
,,,,,19173,197.61186,95,,,,,,,,
,,,,,19272,208.47893,99,,,,,,,,
,,,,,19366,195.72772,94,,,,,,,,
,,,,,19453,186.61963,87,,,,,,,,
,,,,,19540,180.37544,87,,,,,,,,
,,,,,19623,163.25935,83,,,,,,,,
,,,,,19718,195.9243,95,,,,,,,,
,,,,,19817,212.96684,99,,,,,,,,
,,,,,19912,213.8038,95,,,,,,,,
,,,,,19999,192.929,87,,,,,,,,
204.24033,13.330188,233.22794,190.27832,95.5,20000,,,-80.1502914428711,-1.1646581888198853,9.493221282958984,77.60916137695312,77.87016296386719,0.0003,0.0003,0.1
,,,,,20092,191.02249,93,,,,,,,,
,,,,,20192,224.63756,100,,,,,,,,
,,,,,20287,207.32338,95,,,,,,,,
,,,,,20381,189.61212,94,,,,,,,,
,,,,,20482,229.75288,101,,,,,,,,
,,,,,20583,240.25252,101,,,,,,,,
,,,,,20685,251.83632,102,,,,,,,,
,,,,,20805,303.803,120,,,,,,,,
,,,,,20904,230.05553,99,,,,,,,,
,,,,,21000,,,-90.42559051513672,-1.1523329019546509,9.229034423828125,88.27264404296875,88.29469299316406,0.0003,0.0003,0.1
,,,,,21009,229.05247,105,,,,,,,,
,,,,,21110,230.60265,101,,,,,,,,
,,,,,21215,259.6576,105,,,,,,,,
,,,,,21320,263.1939,105,,,,,,,,
,,,,,21423,230.18806,103,,,,,,,,
,,,,,21526,249.81914,103,,,,,,,,
,,,,,21617,184.04503,91,,,,,,,,
,,,,,21717,226.55391,100,,,,,,,,
,,,,,21818,210.4096,101,,,,,,,,
,,,,,21908,192.07819,90,,,,,,,,
,,,,,22000,,,-97.11869049072266,-1.628849744796753,6.2299089431762695,94.66090393066406,94.46177673339844,0.0003,0.0003,0.1
,,,,,22012,200.98198,104,,,,,,,,
,,,,,22115,201.63235,103,,,,,,,,
,,,,,22218,202.68288,103,,,,,,,,
,,,,,22332,292.7418,114,,,,,,,,
,,,,,22437,204.29141,105,,,,,,,,
,,,,,22535,191.32983,98,,,,,,,,
,,,,,22644,247.80507,109,,,,,,,,
,,,,,22738,185.3266,94,,,,,,,,
,,,,,22833,191.53146,95,,,,,,,,
,,,,,22930,192.96693,97,,,,,,,,
,,,,,23000,,,-103.52262115478516,-1.5102229118347168,2.568943500518799,101.80075073242188,101.94111633300781,0.0003,0.0003,0.1
,,,,,23042,269.795,112,,,,,,,,
,,,,,23154,255.49103,112,,,,,,,,
,,,,,23247,183.8662,93,,,,,,,,
,,,,,23343,189.07552,96,,,,,,,,
,,,,,23436,182.54659,93,,,,,,,,
,,,,,23571,299.22275,135,,,,,,,,
,,,,,23686,261.01138,115,,,,,,,,
,,,,,23808,283.27762,122,,,,,,,,
,,,,,23924,257.68918,116,,,,,,,,
,,,,,24000,,,-111.80792999267578,-1.570594072341919,25.46475601196289,109.7940444946289,110.07334899902344,0.0003,0.0003,0.1
,,,,,24034,266.684,110,,,,,,,,
,,,,,24145,260.3749,111,,,,,,,,
,,,,,24250,252.59665,105,,,,,,,,
,,,,,24362,277.65643,112,,,,,,,,
,,,,,24469,252.75166,107,,,,,,,,
,,,,,24579,263.11218,110,,,,,,,,
,,,,,24686,230.4611,107,,,,,,,,
,,,,,24799,243.27747,113,,,,,,,,
,,,,,24906,244.17857,107,,,,,,,,
233.54463,8.178785,248.45168,224.27173,104.7,25000,,,-118.78319549560547,-1.32883882522583,9.044343948364258,114.75428771972656,114.46731567382812,0.0003,0.0003,0.1
,,,,,25011,245.12721,105,,,,,,,,
,,,,,25116,235.40616,105,,,,,,,,
,,,,,25223,244.15857,107,,,,,,,,
,,,,,25325,231.5329,102,,,,,,,,
,,,,,25373,87.398254,48,,,,,,,,
,,,,,25425,94.520676,52,,,,,,,,
,,,,,25528,231.78497,103,,,,,,,,
,,,,,25566,67.50832,38,,,,,,,,
,,,,,25671,219.40219,105,,,,,,,,
,,,,,25714,76.32254,43,,,,,,,,
,,,,,25751,67.46483,37,,,,,,,,
,,,,,25853,230.65512,102,,,,,,,,
,,,,,25956,232.71764,103,,,,,,,,
,,,,,26000,,,-125.4439697265625,-1.696347713470459,10.72525405883789,121.90443420410156,121.74617004394531,0.0003,0.0003,0.1
,,,,,26058,214.13321,102,,,,,,,,
,,,,,26165,231.09972,107,,,,,,,,
,,,,,26270,230.31642,105,,,,,,,,
,,,,,26364,199.47603,94,,,,,,,,
,,,,,26468,224.31032,104,,,,,,,,
,,,,,26575,239.36092,107,,,,,,,,
,,,,,26688,260.25555,113,,,,,,,,
,,,,,26794,234.67526,106,,,,,,,,
,,,,,26902,235.53839,108,,,,,,,,
,,,,,27000,,,-129.47259521484375,-1.8230974674224854,8.019304275512695,126.35015869140625,126.84776306152344,0.0003,0.0003,0.1
,,,,,27005,240.00635,103,,,,,,,,
,,,,,27114,241.11359,109,,,,,,,,
,,,,,27221,240.38763,107,,,,,,,,
,,,,,27320,227.54623,99,,,,,,,,
,,,,,27420,214.98308,100,,,,,,,,
,,,,,27510,186.04036,90,,,,,,,,
,,,,,27615,223.91866,105,,,,,,,,
,,,,,27716,240.62909,101,,,,,,,,
,,,,,27817,206.17557,101,,,,,,,,
,,,,,27917,204.4049,100,,,,,,,,
,,,,,28000,,,-138.3633270263672,-1.7238577604293823,11.388562202453613,134.5859375,135.1075897216797,0.0003,0.0003,0.1
,,,,,28024,240.24411,107,,,,,,,,
,,,,,28098,138.18088,74,,,,,,,,
,,,,,28216,294.0035,118,,,,,,,,
,,,,,28321,223.94284,105,,,,,,,,
,,,,,28427,252.62949,106,,,,,,,,
,,,,,28548,308.13284,121,,,,,,,,
,,,,,28662,255.43497,114,,,,,,,,
,,,,,28780,282.19623,118,,,,,,,,
,,,,,28888,253.5443,108,,,,,,,,
,,,,,28998,232.74718,110,,,,,,,,
,,,,,29000,,,-140.18150329589844,-2.16025447845459,41.15301513671875,134.4896240234375,135.29412841796875,0.0003,0.0003,0.1
,,,,,29068,93.66107,70,,,,,,,,
,,,,,29178,249.54533,110,,,,,,,,
,,,,,29286,259.16498,108,,,,,,,,
,,,,,29404,288.3607,118,,,,,,,,
,,,,,29517,270.22336,113,,,,,,,,
,,,,,29624,250.02835,107,,,,,,,,
,,,,,29736,243.83989,112,,,,,,,,
,,,,,29762,45.314434,26,,,,,,,,
,,,,,29788,44.783234,26,,,,,,,,
,,,,,29895,243.81953,107,,,,,,,,
,,,,,29998,232.32117,103,,,,,,,,
190.47316,91.192986,274.71832,49.064484,86.5,30000,,,-141.34432983398438,-2.511209487915039,12.199755668640137,136.1591796875,136.1970672607422,0.0003,0.0003,0.1
,,,,,30104,228.15099,106,,,,,,,,
,,,,,30211,220.8729,107,,,,,,,,
,,,,,30318,227.99226,107,,,,,,,,
,,,,,30424,231.67955,106,,,,,,,,
,,,,,30532,241.0778,108,,,,,,,,
,,,,,30639,248.48932,107,,,,,,,,
,,,,,30747,262.85278,108,,,,,,,,
,,,,,30854,224.25497,107,,,,,,,,
,,,,,30966,290.61792,112,,,,,,,,
,,,,,31000,,,-144.7899169921875,-2.785651445388794,27.811054229736328,139.8551025390625,139.76333618164062,0.0003,0.0003,0.1
,,,,,31070,266.04074,104,,,,,,,,
,,,,,31176,257.81458,106,,,,,,,,
,,,,,31285,266.87515,109,,,,,,,,
,,,,,31400,306.17978,115,,,,,,,,
,,,,,31509,294.91708,109,,,,,,,,
,,,,,31617,286.78827,108,,,,,,,,
,,,,,31730,286.8699,113,,,,,,,,
,,,,,31846,321.66403,116,,,,,,,,
,,,,,31961,309.7099,115,,,,,,,,
,,,,,32000,,,-154.4977569580078,-1.8537578582763672,5.977366924285889,152.28445434570312,152.4905548095703,0.0003,0.0003,0.1
,,,,,32086,346.73776,125,,,,,,,,
,,,,,32122,62.937332,36,,,,,,,,
,,,,,32158,62.337814,36,,,,,,,,
,,,,,32271,309.4837,113,,,,,,,,
,,,,,32392,325.5799,121,,,,,,,,
,,,,,32512,318.50583,120,,,,,,,,
,,,,,32630,312.8617,118,,,,,,,,
,,,,,32740,284.2687,110,,,,,,,,
,,,,,32853,305.85864,113,,,,,,,,
,,,,,32958,228.62447,105,,,,,,,,
,,,,,33000,,,-166.14602661132812,-1.9128551483154297,10.577567100524902,163.3634033203125,163.3731689453125,0.0003,0.0003,0.1
,,,,,33087,360.69748,129,,,,,,,,
,,,,,33205,316.87234,118,,,,,,,,
,,,,,33333,346.95187,128,,,,,,,,
,,,,,33439,271.3597,106,,,,,,,,
,,,,,33558,247.78691,119,,,,,,,,
,,,,,33678,285.23175,120,,,,,,,,
,,,,,33793,283.53104,115,,,,,,,,
,,,,,33897,241.31117,104,,,,,,,,
,,,,,34000,,,-164.53756713867188,-1.899142861366272,21.31779670715332,161.42971801757812,161.87078857421875,0.0003,0.0003,0.1
,,,,,34010,302.54984,113,,,,,,,,
,,,,,34122,243.54262,112,,,,,,,,
,,,,,34251,320.69666,129,,,,,,,,
,,,,,34348,240.27211,97,,,,,,,,
,,,,,34450,241.64117,102,,,,,,,,
,,,,,34555,253.99731,105,,,,,,,,
,,,,,34661,256.85117,106,,,,,,,,
,,,,,34760,236.85274,99,,,,,,,,
,,,,,34873,268.35724,113,,,,,,,,
,,,,,34987,264.47885,114,,,,,,,,
281.64972,35.59113,342.5809,221.59283,112.1,35000,,,-163.5251922607422,-3.0827856063842773,144.47962951660156,158.8758544921875,158.45310974121094,0.0003,0.0003,0.1
,,,,,35101,279.48837,114,,,,,,,,
,,,,,35210,255.27124,109,,,,,,,,
,,,,,35315,245.73715,105,,,,,,,,
,,,,,35413,218.21712,98,,,,,,,,
,,,,,35494,161.7003,81,,,,,,,,
,,,,,35630,396.0649,136,,,,,,,,
,,,,,35758,369.26776,128,,,,,,,,
,,,,,35887,343.67294,129,,,,,,,,
,,,,,36000,,,-168.16567993164062,-2.157217025756836,18.469696044921875,163.76751708984375,163.42054748535156,0.0003,0.0003,0.1
,,,,,36004,325.76193,117,,,,,,,,
,,,,,36139,393.05963,135,,,,,,,,
,,,,,36260,331.43918,121,,,,,,,,
,,,,,36288,46.45171,28,,,,,,,,
,,,,,36418,360.4268,130,,,,,,,,
,,,,,36539,339.4503,121,,,,,,,,
,,,,,36665,363.32095,126,,,,,,,,
,,,,,36788,353.22827,123,,,,,,,,
,,,,,36914,360.92828,126,,,,,,,,
,,,,,37000,,,-177.49029541015625,-2.372100591659546,21.774755477905273,173.77557373046875,174.40292358398438,0.0003,0.0003,0.1
,,,,,37050,398.7592,136,,,,,,,,
,,,,,37174,352.56393,124,,,,,,,,
,,,,,37304,373.32605,130,,,,,,,,
,,,,,37433,368.1882,129,,,,,,,,
,,,,,37564,373.79724,131,,,,,,,,
,,,,,37695,370.16107,131,,,,,,,,
,,,,,37820,345.34125,125,,,,,,,,
,,,,,37954,389.95056,134,,,,,,,,
,,,,,38000,,,-184.5149688720703,-2.0328028202056885,9.768350601196289,181.99383544921875,182.17776489257812,0.0003,0.0003,0.1
,,,,,38083,362.91885,129,,,,,,,,
,,,,,38204,336.99634,121,,,,,,,,
,,,,,38326,339.01227,122,,,,,,,,
,,,,,38448,336.49448,122,,,,,,,,
,,,,,38575,357.5505,127,,,,,,,,
,,,,,38695,335.5904,120,,,,,,,,
,,,,,38821,352.2984,126,,,,,,,,
,,,,,38948,362.0775,127,,,,,,,,
,,,,,39000,,,-190.61932373046875,-2.3968803882598877,23.640459060668945,186.74998474121094,186.78587341308594,0.0003,0.0003,0.1
,,,,,39080,366.4775,132,,,,,,,,
,,,,,39201,335.49496,121,,,,,,,,
,,,,,39288,194.02403,87,,,,,,,,
,,,,,39420,374.39035,132,,,,,,,,
,,,,,39550,363.66983,130,,,,,,,,
,,,,,39675,352.55673,125,,,,,,,,
,,,,,39811,380.9779,136,,,,,,,,
,,,,,39935,347.93686,124,,,,,,,,
373.96524,10.823426,395.84143,356.8462,133.0,40000,,,-193.81607055664062,-2.400240898132324,54.8217887878418,188.81405639648438,189.2566680908203,0.0003,0.0003,0.1
,,,,,40062,352.8521,127,,,,,,,,
,,,,,40191,363.3844,129,,,,,,,,
,,,,,40318,341.20456,127,,,,,,,,
,,,,,40447,358.4476,129,,,,,,,,
,,,,,40569,336.54535,122,,,,,,,,
,,,,,40688,340.61096,119,,,,,,,,
,,,,,40814,354.61774,126,,,,,,,,
,,,,,40949,325.1874,135,,,,,,,,
,,,,,41000,,,-190.3402862548828,-2.3384838104248047,32.2164306640625,185.486083984375,185.08468627929688,0.0003,0.0003,0.1
,,,,,41079,353.3368,130,,,,,,,,
,,,,,41206,349.64935,127,,,,,,,,
,,,,,41328,319.8075,122,,,,,,,,
,,,,,41345,13.941425,17,,,,,,,,
,,,,,41461,296.15668,116,,,,,,,,
,,,,,41480,15.409828,19,,,,,,,,
,,,,,41611,341.83307,131,,,,,,,,
,,,,,41628,13.491217,17,,,,,,,,
,,,,,41651,21.508284,23,,,,,,,,
,,,,,41670,15.938199,19,,,,,,,,
,,,,,41800,342.79254,130,,,,,,,,
,,,,,41926,322.3989,126,,,,,,,,
,,,,,41953,25.882145,27,,,,,,,,
,,,,,42000,,,-190.75897216796875,-1.9265289306640625,32.816184997558594,187.1237030029297,186.75331115722656,0.0003,0.0003,0.1
,,,,,42081,312.55142,128,,,,,,,,
,,,,,42096,11.268959,15,,,,,,,,
,,,,,42109,8.55186,13,,,,,,,,
,,,,,42223,311.362,114,,,,,,,,
,,,,,42258,41.608994,35,,,,,,,,
,,,,,42280,21.658503,22,,,,,,,,
,,,,,42308,31.377907,28,,,,,,,,
,,,,,42322,9.848106,14,,,,,,,,
,,,,,42348,27.6753,26,,,,,,,,
,,,,,42499,367.04764,151,,,,,,,,
,,,,,42618,334.7246,119,,,,,,,,
,,,,,42631,8.737392,13,,,,,,,,
,,,,,42656,24.748936,25,,,,,,,,
,,,,,42680,23.4415,24,,,,,,,,
,,,,,42821,303.25323,141,,,,,,,,
,,,,,42953,328.93393,132,,,,,,,,
,,,,,42966,8.194169,13,,,,,,,,
,,,,,42978,7.62798,12,,,,,,,,
,,,,,42990,7.2319384,12,,,,,,,,
,,,,,43000,,,-197.37619018554688,-2.057392120361328,27.8463191986084,193.51014709472656,194.284912109375,0.0003,0.0003,0.1
,,,,,43001,6.5134497,11,,,,,,,,
,,,,,43013,7.575091,12,,,,,,,,
,,,,,43026,8.632156,13,,,,,,,,
,,,,,43057,36.22904,31,,,,,,,,
,,,,,43069,7.296928,12,,,,,,,,
,,,,,43082,8.322277,13,,,,,,,,
,,,,,43094,7.27643,12,,,,,,,,
,,,,,43106,7.3060117,12,,,,,,,,
,,,,,43118,7.553217,12,,,,,,,,
,,,,,43129,6.514474,11,,,,,,,,
,,,,,43259,331.91592,130,,,,,,,,
,,,,,43382,319.56607,123,,,,,,,,
,,,,,43502,290.67096,120,,,,,,,,
,,,,,43632,329.22217,130,,,,,,,,
,,,,,43757,312.92905,125,,,,,,,,
,,,,,43882,329.73883,125,,,,,,,,
,,,,,44000,,,-197.14234924316406,-2.9792160987854004,39.60153579711914,193.87814331054688,194.09368896484375,0.0003,0.0003,0.1
,,,,,44008,324.02127,126,,,,,,,,
,,,,,44129,321.99643,121,,,,,,,,
,,,,,44257,358.32556,128,,,,,,,,
,,,,,44391,356.44962,134,,,,,,,,
,,,,,44522,367.98685,131,,,,,,,,
,,,,,44654,327.87854,132,,,,,,,,
,,,,,44793,372.5465,139,,,,,,,,
,,,,,44921,353.53384,128,,,,,,,,
330.54596,14.879821,351.05966,310.2631,124.8,45000,,,-205.58251953125,-2.340017318725586,61.46388244628906,200.08050537109375,199.42495727539062,0.0003,0.0003,0.1
,,,,,45058,347.58282,137,,,,,,,,
,,,,,45178,334.65973,120,,,,,,,,
,,,,,45325,402.20792,147,,,,,,,,
,,,,,45467,349.10947,142,,,,,,,,
,,,,,45594,341.71173,127,,,,,,,,
,,,,,45723,336.6954,129,,,,,,,,
,,,,,45849,323.19592,126,,,,,,,,
,,,,,45979,367.20636,130,,,,,,,,
,,,,,46000,,,-204.71792602539062,-1.775055170059204,36.1574821472168,202.34051513671875,202.97555541992188,0.0003,0.0003,0.1
,,,,,46171,442.23163,192,,,,,,,,
,,,,,46319,364.69138,148,,,,,,,,
,,,,,46463,373.5869,144,,,,,,,,
,,,,,46590,363.11133,127,,,,,,,,
,,,,,46742,343.66147,152,,,,,,,,
,,,,,46922,390.89447,180,,,,,,,,
,,,,,47000,,,-206.79942321777344,-2.478464126586914,7.533080101013184,204.47225952148438,204.46499633789062,0.0003,0.0003,0.1
,,,,,47054,329.9037,132,,,,,,,,
,,,,,47185,359.65735,131,,,,,,,,
,,,,,47325,338.43066,140,,,,,,,,
,,,,,47466,384.44324,141,,,,,,,,
,,,,,47596,367.03555,130,,,,,,,,
,,,,,47728,381.52255,132,,,,,,,,
,,,,,47850,343.74338,122,,,,,,,,
,,,,,47982,343.5125,132,,,,,,,,
,,,,,48000,,,-211.88409423828125,-2.117337703704834,14.32894515991211,208.6136474609375,208.54275512695312,0.0003,0.0003,0.1
,,,,,48104,313.94525,122,,,,,,,,
,,,,,48233,347.203,129,,,,,,,,
,,,,,48364,359.12332,131,,,,,,,,
,,,,,48515,370.0645,151,,,,,,,,
,,,,,48641,352.21298,126,,,,,,,,
,,,,,48770,347.8132,129,,,,,,,,
,,,,,48908,370.2418,138,,,,,,,,
,,,,,49000,,,-213.80540466308594,-2.40278959274292,19.556678771972656,208.837890625,208.77008056640625,0.0003,0.0003,0.1
,,,,,49036,352.1741,128,,,,,,,,
,,,,,49171,390.6325,135,,,,,,,,
,,,,,49301,372.12677,130,,,,,,,,
,,,,,49434,373.37152,133,,,,,,,,
,,,,,49567,347.0765,133,,,,,,,,
,,,,,49695,355.76508,128,,,,,,,,
,,,,,49823,367.8279,128,,,,,,,,
,,,,,49956,366.47516,133,,,,,,,,
344.26907,13.949609,366.0211,319.28464,127.6,50000,,,-215.14801025390625,-2.0053341388702393,24.740894317626953,211.91357421875,212.2142333984375,0.0003,0.0003,0.1
,,,,,50090,377.5396,134,,,,,,,,
,,,,,50230,356.6849,140,,,,,,,,
,,,,,50365,385.70483,135,,,,,,,,
,,,,,50507,333.49374,142,,,,,,,,
,,,,,50633,349.069,126,,,,,,,,
,,,,,50760,333.02533,127,,,,,,,,
,,,,,50894,374.32217,134,,,,,,,,
,,,,,51000,,,-218.59249877929688,-2.3851876258850098,45.24407958984375,212.5177764892578,212.7909698486328,0.0003,0.0003,0.1
,,,,,51022,342.0757,128,,,,,,,,
,,,,,51152,334.79877,130,,,,,,,,
,,,,,51277,337.8606,125,,,,,,,,
,,,,,51388,286.78455,111,,,,,,,,
,,,,,51509,327.36603,121,,,,,,,,
,,,,,51639,308.52167,130,,,,,,,,
,,,,,51760,334.34503,121,,,,,,,,
,,,,,51877,309.8575,117,,,,,,,,
,,,,,52000,,,-213.23434448242188,-2.3509364128112793,20.40818977355957,209.45758056640625,209.17510986328125,0.0003,0.0003,0.1
,,,,,52018,374.97275,141,,,,,,,,
,,,,,52155,352.9602,137,,,,,,,,
,,,,,52289,347.6088,134,,,,,,,,
,,,,,52412,307.69672,123,,,,,,,,
,,,,,52540,290.82822,128,,,,,,,,
,,,,,52672,335.50272,132,,,,,,,,
,,,,,52809,324.92667,137,,,,,,,,
,,,,,52938,302.19608,129,,,,,,,,
,,,,,53000,,,-227.26637268066406,-1.9124457836151123,19.353172302246094,223.82479858398438,223.381591796875,0.0003,0.0003,0.1
,,,,,53056,309.07364,118,,,,,,,,
,,,,,53176,311.89462,120,,,,,,,,
,,,,,53297,318.05002,121,,,,,,,,
,,,,,53435,351.53082,138,,,,,,,,
,,,,,53566,334.63953,131,,,,,,,,
,,,,,53683,298.4645,117,,,,,,,,
,,,,,53815,337.27267,132,,,,,,,,
,,,,,53951,321.00818,136,,,,,,,,
,,,,,54000,,,-222.46868896484375,-1.969014286994934,21.334796905517578,220.51678466796875,221.27633666992188,0.0003,0.0003,0.1
,,,,,54081,333.13403,130,,,,,,,,
,,,,,54203,335.85406,122,,,,,,,,
,,,,,54338,350.5688,135,,,,,,,,
,,,,,54470,345.2805,132,,,,,,,,
,,,,,54598,340.3508,128,,,,,,,,
,,,,,54724,324.5482,126,,,,,,,,
,,,,,54855,326.7525,131,,,,,,,,
,,,,,54975,276.5092,120,,,,,,,,
313.53308,23.46684,343.02713,265.7319,122.5,55000,,,-227.3363494873047,-2.147854804992676,75.51167297363281,225.1160888671875,224.43222045898438,0.0003,0.0003,0.1
,,,,,55109,324.64856,134,,,,,,,,
,,,,,55239,369.9833,130,,,,,,,,
,,,,,55402,479.713,163,,,,,,,,
,,,,,55523,348.19507,121,,,,,,,,
,,,,,55653,366.76758,130,,,,,,,,
,,,,,55778,350.40283,125,,,,,,,,
,,,,,55904,345.71008,126,,,,,,,,
,,,,,56000,,,-226.6726837158203,-1.8437470197677612,10.735143661499023,223.30661010742188,223.3435516357422,0.0003,0.0003,0.1
,,,,,56045,377.62686,141,,,,,,,,
,,,,,56161,305.64777,116,,,,,,,,
,,,,,56291,376.36493,130,,,,,,,,
,,,,,56428,377.34235,137,,,,,,,,
,,,,,56561,364.73206,133,,,,,,,,
,,,,,56720,493.4928,159,,,,,,,,
,,,,,56853,379.14383,133,,,,,,,,
,,,,,56976,354.30634,123,,,,,,,,
,,,,,57000,,,-228.6380157470703,-2.241239547729492,87.60743713378906,225.39234924316406,224.6909637451172,0.0003,0.0003,0.1
,,,,,57125,430.1602,149,,,,,,,,
,,,,,57285,482.5541,160,,,,,,,,
,,,,,57413,357.97476,128,,,,,,,,
,,,,,57550,392.03558,137,,,,,,,,
,,,,,57668,293.76532,118,,,,,,,,
,,,,,57798,355.99423,130,,,,,,,,
,,,,,57930,367.97263,132,,,,,,,,
,,,,,58000,,,-226.20547485351562,-2.3055481910705566,42.404319763183594,222.55831909179688,222.48292541503906,0.0003,0.0003,0.1
,,,,,58051,331.04077,121,,,,,,,,
,,,,,58182,348.20743,131,,,,,,,,
,,,,,58318,371.63324,136,,,,,,,,
,,,,,58447,368.81894,129,,,,,,,,
,,,,,58579,375.96307,132,,,,,,,,
,,,,,58701,314.36603,122,,,,,,,,
,,,,,58834,359.36575,133,,,,,,,,
,,,,,58954,315.94464,120,,,,,,,,
,,,,,59000,,,-231.82318115234375,-2.4060754776000977,22.52249526977539,226.3748779296875,226.92446899414062,0.0003,0.0003,0.1
,,,,,59065,276.83563,111,,,,,,,,
,,,,,59179,293.0955,114,,,,,,,,
,,,,,59308,355.98166,129,,,,,,,,
,,,,,59436,340.57117,128,,,,,,,,
,,,,,59565,345.6181,129,,,,,,,,
,,,,,59691,341.72974,126,,,,,,,,
,,,,,59822,352.75113,131,,,,,,,,
,,,,,59945,320.17172,123,,,,,,,,
349.58804,42.978798,459.69894,310.60168,128.2,60000,,,-231.5945587158203,-2.018005609512329,8.170910835266113,229.1949462890625,229.28009033203125,0.0003,0.0003,0.1
,,,,,60075,346.6822,130,,,,,,,,
,,,,,60203,344.6415,128,,,,,,,,
,,,,,60315,280.96866,112,,,,,,,,
,,,,,60396,160.3344,81,,,,,,,,
,,,,,60511,307.82993,115,,,,,,,,
,,,,,60638,352.19354,127,,,,,,,,
,,,,,60765,340.6496,127,,,,,,,,
,,,,,60895,358.62692,130,,,,,,,,
,,,,,60930,63.033863,35,,,,,,,,
,,,,,61000,,,-228.98236083984375,-1.967130184173584,25.92168617248535,226.51492309570312,225.87728881835938,0.0003,0.0003,0.1
,,,,,61057,349.1089,127,,,,,,,,
,,,,,61186,352.84476,129,,,,,,,,
,,,,,61317,379.95554,131,,,,,,,,
,,,,,61439,341.77463,122,,,,,,,,
,,,,,61567,361.367,128,,,,,,,,
,,,,,61697,362.80502,130,,,,,,,,
,,,,,61825,356.98557,128,,,,,,,,
,,,,,61947,350.39993,122,,,,,,,,
,,,,,62000,,,-219.97708129882812,-2.6424803733825684,9.695478439331055,215.84619140625,216.05113220214844,0.0003,0.0003,0.1
,,,,,62072,326.7391,125,,,,,,,,
,,,,,62196,330.38666,124,,,,,,,,
,,,,,62322,358.81955,126,,,,,,,,
,,,,,62441,315.98633,119,,,,,,,,
,,,,,62564,347.49835,123,,,,,,,,
,,,,,62688,356.08276,124,,,,,,,,
,,,,,62816,363.37775,128,,,,,,,,
,,,,,62933,308.3314,117,,,,,,,,
,,,,,63000,,,-227.5450439453125,-2.3336305618286133,6.481266021728516,224.89163208007812,225.1109619140625,0.0003,0.0003,0.1
,,,,,63064,361.0398,131,,,,,,,,
,,,,,63197,393.77646,133,,,,,,,,
,,,,,63316,284.34796,119,,,,,,,,
,,,,,63451,372.87274,135,,,,,,,,
,,,,,63595,417.4003,144,,,,,,,,
,,,,,63762,512.2465,167,,,,,,,,
,,,,,63897,384.64664,135,,,,,,,,
,,,,,64000,,,-228.58404541015625,-2.767880916595459,15.278180122375488,223.5771026611328,223.4378662109375,0.0003,0.0003,0.1
,,,,,64041,453.81604,144,,,,,,,,
,,,,,64164,349.98544,123,,,,,,,,
,,,,,64325,492.55997,161,,,,,,,,
,,,,,64453,299.29474,128,,,,,,,,
,,,,,64582,359.66885,129,,,,,,,,
,,,,,64713,366.3295,131,,,,,,,,
,,,,,64873,484.78497,160,,,,,,,,
436.32486,138.446,683.7672,268.13968,150.9,65000,,,-225.5009002685547,-2.5068979263305664,12.849205017089844,222.06570434570312,223.24227905273438,0.0003,0.0003,0.1
,,,,,65054,510.45123,181,,,,,,,,
,,,,,65247,573.65137,193,,,,,,,,
,,,,,65417,505.93948,170,,,,,,,,
,,,,,65565,314.17758,148,,,,,,,,
,,,,,65688,270.2154,123,,,,,,,,
,,,,,65838,359.29987,150,,,,,,,,
,,,,,65991,430.46918,153,,,,,,,,
,,,,,66000,,,-219.2786102294922,-2.6091365814208984,20.844337463378906,214.98715209960938,214.93731689453125,0.0003,0.0003,0.1
,,,,,66182,526.8953,191,,,,,,,,
,,,,,66332,323.4189,150,,,,,,,,
,,,,,66478,381.90878,146,,,,,,,,
,,,,,66680,638.1722,202,,,,,,,,
,,,,,66898,680.5197,218,,,,,,,,
,,,,,67000,,,-229.58258056640625,-2.3470962047576904,21.895488739013672,226.47894287109375,226.84487915039062,0.0003,0.0003,0.1
,,,,,67034,282.45367,136,,,,,,,,
,,,,,67089,91.93151,55,,,,,,,,
,,,,,67213,269.1261,124,,,,,,,,
,,,,,67350,342.52118,137,,,,,,,,
,,,,,67491,311.44223,141,,,,,,,,
,,,,,67636,308.76303,145,,,,,,,,
,,,,,67816,447.5354,180,,,,,,,,
,,,,,67977,483.89505,161,,,,,,,,
,,,,,68000,,,-235.27816772460938,-2.4619665145874023,16.124286651611328,232.00958251953125,232.0518035888672,0.0003,0.0003,0.1
,,,,,68144,412.52393,167,,,,,,,,
,,,,,68275,289.94852,131,,,,,,,,
,,,,,68418,274.55862,143,,,,,,,,
,,,,,68580,343.0825,162,,,,,,,,
,,,,,68755,458.39838,175,,,,,,,,
,,,,,68927,489.2478,172,,,,,,,,
,,,,,69000,,,-226.74684143066406,-2.378291606903076,16.030488967895508,223.57545471191406,223.54598999023438,0.0003,0.0003,0.1
,,,,,69091,532.70764,164,,,,,,,,
,,,,,69295,626.83716,204,,,,,,,,
,,,,,69473,539.2217,178,,,,,,,,
,,,,,69675,639.90906,202,,,,,,,,
,,,,,69823,405.34784,148,,,,,,,,
536.6812,109.21284,663.35034,354.48245,174.2,70000,,,-226.89700317382812,-2.055795669555664,17.531339645385742,222.5269775390625,222.7948455810547,0.0003,0.0003,0.1
,,,,,70024,670.0912,201,,,,,,,,
,,,,,70181,483.2618,157,,,,,,,,
,,,,,70385,538.58954,204,,,,,,,,
,,,,,70547,505.12857,162,,,,,,,,
,,,,,70701,421.96603,154,,,,,,,,
,,,,,70883,556.23376,182,,,,,,,,
,,,,,71000,,,-230.04025268554688,-2.3709239959716797,8.939156532287598,226.12933349609375,225.11764526367188,0.0003,0.0003,0.1
,,,,,71073,634.5608,190,,,,,,,,
,,,,,71255,575.6745,182,,,,,,,,
,,,,,71381,277.48032,126,,,,,,,,
,,,,,71529,318.53958,148,,,,,,,,
,,,,,71681,402.248,152,,,,,,,,
,,,,,71835,394.343,154,,,,,,,,
,,,,,71989,390.43323,154,,,,,,,,
,,,,,72000,,,-236.14137268066406,-2.3219711780548096,61.687339782714844,233.4208984375,233.48660278320312,0.0003,0.0003,0.1
,,,,,72212,691.06323,223,,,,,,,,
,,,,,72406,643.5085,194,,,,,,,,
,,,,,72588,614.45166,182,,,,,,,,
,,,,,72742,401.61218,154,,,,,,,,
,,,,,72872,307.64877,130,,,,,,,,
,,,,,73000,,,-227.128173828125,-2.725229263305664,30.44524383544922,223.45236206054688,224.1346893310547,0.0003,0.0003,0.1
,,,,,73076,546.3143,204,,,,,,,,
,,,,,73296,578.9352,220,,,,,,,,
,,,,,73497,619.61646,201,,,,,,,,
,,,,,73684,413.12354,187,,,,,,,,
,,,,,73902,663.8861,218,,,,,,,,
,,,,,74000,,,-237.36062622070312,-2.40999698638916,77.42800903320312,233.83566284179688,235.26364135742188,0.0003,0.0003,0.1
,,,,,74060,341.07266,158,,,,,,,,
,,,,,74286,619.95514,226,,,,,,,,
,,,,,74420,339.99014,134,,,,,,,,
,,,,,74608,455.11374,188,,,,,,,,
,,,,,74753,395.8325,145,,,,,,,,
,,,,,74827,135.22395,74,,,,,,,,
524.74835,74.85607,640.8896,416.91696,187.1,75000,,,-234.22564697265625,-2.511542797088623,21.891666412353516,231.11630249023438,230.88677978515625,0.0003,0.0003,0.1
,,,,,75015,582.58417,188,,,,,,,,
,,,,,75183,434.79227,168,,,,,,,,
,,,,,75401,664.27466,218,,,,,,,,
,,,,,75604,618.41187,203,,,,,,,,
,,,,,75782,504.39117,178,,,,,,,,
,,,,,75933,392.92047,151,,,,,,,,
,,,,,76000,,,-227.776123046875,-2.6303486824035645,12.466245651245117,223.7669219970703,223.29885864257812,0.0003,0.0003,0.1
,,,,,76092,358.45807,159,,,,,,,,
,,,,,76292,633.8739,200,,,,,,,,
,,,,,76510,678.6929,218,,,,,,,,
,,,,,76623,224.76361,113,,,,,,,,
,,,,,76766,352.9312,143,,,,,,,,
,,,,,76950,459.7496,184,,,,,,,,
,,,,,77000,,,-234.3475341796875,-2.4180405139923096,11.94890308380127,231.683837890625,231.43121337890625,0.0003,0.0003,0.1
,,,,,77103,449.88602,153,,,,,,,,
,,,,,77220,248.12488,117,,,,,,,,
,,,,,77408,560.8645,188,,,,,,,,
,,,,,77598,557.5596,190,,,,,,,,
,,,,,77777,539.22577,179,,,,,,,,
,,,,,77963,541.9553,186,,,,,,,,
,,,,,78000,,,-237.28329467773438,-2.3891613483428955,24.757339477539062,234.03265380859375,234.02134704589844,0.0003,0.0003,0.1
,,,,,78152,598.5316,189,,,,,,,,
,,,,,78345,613.5047,193,,,,,,,,
,,,,,78538,615.811,193,,,,,,,,
,,,,,78719,599.8698,181,,,,,,,,
,,,,,78905,569.5915,186,,,,,,,,
,,,,,79000,,,-235.28485107421875,-2.274409770965576,44.390628814697266,230.62158203125,230.5244598388672,0.0003,0.0003,0.1
,,,,,79107,639.3343,202,,,,,,,,
,,,,,79312,624.07434,205,,,,,,,,
,,,,,79487,533.77515,175,,,,,,,,
,,,,,79616,299.60538,129,,,,,,,,
,,,,,79802,525.7252,186,,,,,,,,
,,,,,79984,526.9032,182,,,,,,,,
447.30518,95.93104,585.59564,296.56912,171.8,80000,,,-233.28073120117188,-2.5448012351989746,26.971282958984375,228.92431640625,228.7589874267578,0.0003,0.0003,0.1
,,,,,80119,302.64734,135,,,,,,,,
,,,,,80266,361.9243,147,,,,,,,,
,,,,,80467,577.3521,201,,,,,,,,
,,,,,80656,531.1709,189,,,,,,,,
,,,,,80820,425.37085,164,,,,,,,,
,,,,,81000,,,-240.83743286132812,-2.5040812492370605,17.46675682067871,237.599853515625,237.88656616210938,0.0003,0.0003,0.1
,,,,,81018,432.71323,198,,,,,,,,
,,,,,81200,589.9423,182,,,,,,,,
,,,,,81391,643.6864,191,,,,,,,,
,,,,,81547,505.9074,156,,,,,,,,
,,,,,81715,548.2788,168,,,,,,,,
,,,,,81876,503.08926,161,,,,,,,,
,,,,,81984,280.22223,108,,,,,,,,
,,,,,82000,,,-234.12069702148438,-2.9766459465026855,28.366073608398438,227.814208984375,227.44216918945312,0.0003,0.0003,0.1
,,,,,82153,522.17346,169,,,,,,,,
,,,,,82295,306.51364,142,,,,,,,,
,,,,,82476,580.3895,181,,,,,,,,
,,,,,82659,590.27545,183,,,,,,,,
,,,,,82817,416.29282,158,,,,,,,,
,,,,,82996,568.6397,179,,,,,,,,
,,,,,83000,,,-238.81356811523438,-2.5931267738342285,30.05645751953125,235.92567443847656,235.43519592285156,0.0003,0.0003,0.1
,,,,,83197,588.9602,201,,,,,,,,
,,,,,83387,606.147,190,,,,,,,,
,,,,,83543,438.43494,156,,,,,,,,
,,,,,83686,398.22195,143,,,,,,,,
,,,,,83855,511.55606,169,,,,,,,,
,,,,,84000,,,-241.44024658203125,-2.8506321907043457,18.14529037475586,238.00572204589844,238.37548828125,0.0003,0.0003,0.1
,,,,,84047,554.42236,192,,,,,,,,
,,,,,84234,611.1447,187,,,,,,,,
,,,,,84454,601.97723,220,,,,,,,,
,,,,,84636,615.81824,182,,,,,,,,
,,,,,84810,536.5982,174,,,,,,,,
,,,,,84995,589.5035,185,,,,,,,,
545.08905,43.447582,609.0796,465.8618,171.7,85000,,,-243.2882080078125,-2.766428232192993,28.922142028808594,241.23611450195312,241.44140625,0.0003,0.0003,0.1
,,,,,85191,597.7318,196,,,,,,,,
,,,,,85369,560.1665,178,,,,,,,,
,,,,,85550,509.48682,181,,,,,,,,
,,,,,85756,632.2552,206,,,,,,,,
,,,,,85913,456.43527,157,,,,,,,,
,,,,,86000,,,-232.14132690429688,-3.0373287200927734,39.42878341674805,226.1162567138672,225.64088439941406,0.0003,0.0003,0.1
,,,,,86128,650.1117,215,,,,,,,,
,,,,,86307,495.60483,179,,,,,,,,
,,,,,86483,504.04614,176,,,,,,,,
,,,,,86673,579.91437,190,,,,,,,,
,,,,,86830,480.29834,157,,,,,,,,
,,,,,87000,,,-244.26014709472656,-2.746166229248047,8.422395706176758,241.23068237304688,241.30545043945312,0.0003,0.0003,0.1
,,,,,87080,774.28705,250,,,,,,,,
,,,,,87265,624.725,185,,,,,,,,
,,,,,87417,436.59436,152,,,,,,,,
,,,,,87612,586.67206,195,,,,,,,,
,,,,,87641,38.0535,29,,,,,,,,
,,,,,87856,637.4074,215,,,,,,,,
,,,,,88000,,,-250.5281219482422,-3.0262882709503174,17.846208572387695,245.22885131835938,245.12852478027344,0.0003,0.0003,0.1
,,,,,88092,762.60284,236,,,,,,,,
,,,,,88276,566.2341,184,,,,,,,,
,,,,,88442,504.92337,166,,,,,,,,
,,,,,88625,592.34204,183,,,,,,,,
,,,,,88829,605.38947,204,,,,,,,,
,,,,,89000,,,-245.5035858154297,-3.1214611530303955,17.37056541442871,240.755615234375,240.70294189453125,0.0003,0.0003,0.1
,,,,,89017,616.0023,188,,,,,,,,
,,,,,89210,543.0327,193,,,,,,,,
,,,,,89338,356.48935,128,,,,,,,,
,,,,,89513,523.9014,175,,,,,,,,
,,,,,89675,526.4,162,,,,,,,,
,,,,,89847,585.0765,172,,,,,,,,
501.4671,79.714134,608.5809,339.76797,161.0,90000,,,-243.1683349609375,-2.649017810821533,9.970577239990234,239.82113647460938,239.97549438476562,0.0003,0.0003,0.1
,,,,,90002,455.9312,155,,,,,,,,
,,,,,90115,309.067,113,,,,,,,,
,,,,,90314,645.8533,199,,,,,,,,
,,,,,90485,549.02124,171,,,,,,,,
,,,,,90630,449.1753,145,,,,,,,,
,,,,,90820,605.84436,190,,,,,,,,
,,,,,91000,,,-250.30874633789062,-2.642148017883301,18.021713256835938,246.40890502929688,247.10206604003906,0.0003,0.0003,0.1
,,,,,91070,747.0346,250,,,,,,,,
,,,,,91259,624.22437,189,,,,,,,,
,,,,,91437,547.42065,178,,,,,,,,
,,,,,91628,627.6848,191,,,,,,,,
,,,,,91838,653.1173,210,,,,,,,,
,,,,,91857,19.206005,19,,,,,,,,
,,,,,92000,,,-245.8020782470703,-2.6592116355895996,46.53350067138672,240.72776794433594,241.06881713867188,0.0003,0.0003,0.1
,,,,,92057,640.2292,200,,,,,,,,
,,,,,92246,607.8601,189,,,,,,,,
,,,,,92428,597.6345,182,,,,,,,,
,,,,,92647,676.5756,219,,,,,,,,
,,,,,92829,582.3569,182,,,,,,,,
,,,,,93000,,,-243.91790771484375,-2.674665927886963,19.72918128967285,241.15167236328125,241.04025268554688,0.0003,0.0003,0.1
,,,,,93012,605.113,183,,,,,,,,
,,,,,93199,611.6728,187,,,,,,,,
,,,,,93345,465.05966,146,,,,,,,,
,,,,,93467,345.42538,122,,,,,,,,
,,,,,93653,597.42365,186,,,,,,,,
,,,,,93811,496.57327,158,,,,,,,,
,,,,,93935,341.13162,124,,,,,,,,
,,,,,94000,,,-246.9129638671875,-3.4281015396118164,14.352052688598633,242.47509765625,242.65054321289062,0.0003,0.0003,0.1
,,,,,94066,365.61908,131,,,,,,,,
,,,,,94261,647.08923,195,,,,,,,,
,,,,,94453,604.6483,192,,,,,,,,
,,,,,94622,520.48016,169,,,,,,,,
,,,,,94811,600.75555,189,,,,,,,,
,,,,,94995,627.2817,184,,,,,,,,
621.25507,34.85307,679.9569,561.76404,196.0,95000,,,-242.43287658691406,-2.680370569229126,9.353866577148438,238.781982421875,238.67257690429688,0.0003,0.0003,0.1
,,,,,95189,632.9057,194,,,,,,,,
,,,,,95389,612.79297,200,,,,,,,,
,,,,,95578,626.4423,189,,,,,,,,
,,,,,95774,627.49585,196,,,,,,,,
,,,,,95977,664.5486,203,,,,,,,,
,,,,,96000,,,-250.89645385742188,-2.658191204071045,13.112438201904297,246.9707489013672,247.20484924316406,0.0003,0.0003,0.1
,,,,,96156,605.6641,179,,,,,,,,
,,,,,96344,605.32495,188,,,,,,,,
,,,,,96532,629.87933,188,,,,,,,,
,,,,,96674,380.17532,142,,,,,,,,
,,,,,96861,603.11664,187,,,,,,,,
,,,,,97000,,,-253.10983276367188,-2.4632461071014404,11.062080383300781,250.5984344482422,250.69053649902344,0.0003,0.0003,0.1
,,,,,97065,669.87396,204,,,,,,,,
,,,,,97244,548.7726,179,,,,,,,,
,,,,,97442,640.0377,198,,,,,,,,
,,,,,97632,596.97406,190,,,,,,,,
,,,,,97841,724.35504,209,,,,,,,,
,,,,,98000,,,-245.93716430664062,-2.7899091243743896,16.33572006225586,243.23800659179688,243.33114624023438,0.0003,0.0003,0.1
,,,,,98031,624.51373,190,,,,,,,,
,,,,,98224,630.863,193,,,,,,,,
,,,,,98414,650.23236,190,,,,,,,,
,,,,,98600,586.3688,186,,,,,,,,
,,,,,98784,583.03204,184,,,,,,,,
,,,,,98975,638.2649,191,,,,,,,,
,,,,,99000,,,-255.83633422851562,-2.309246063232422,50.94833755493164,252.52053833007812,252.41311645507812,0.0003,0.0003,0.1
,,,,,99170,663.8022,195,,,,,,,,
,,,,,99359,597.16986,189,,,,,,,,
,,,,,99545,614.96454,186,,,,,,,,
,,,,,99731,594.8664,186,,,,,,,,
,,,,,99922,621.0236,191,,,,,,,,
550.0498,168.44057,630.9035,47.45569,170.2,100000,,,-255.22604370117188,-2.5008904933929443,5.975156307220459,252.7635498046875,252.48828125,0.0003,0.0003,0.1
,,,,,100124,665.3317,202,,,,,,,,
,,,,,100306,613.36194,182,,,,,,,,
,,,,,100498,630.93164,192,,,,,,,,
,,,,,100670,544.6078,172,,,,,,,,
,,,,,100858,600.36237,188,,,,,,,,
,,,,,101000,,,-247.47972106933594,-2.6476027965545654,12.123817443847656,244.92935180664062,244.9275665283203,0.0003,0.0003,0.1
,,,,,101038,573.0465,180,,,,,,,,
,,,,,101215,563.72034,177,,,,,,,,
,,,,,101400,584.08887,185,,,,,,,,
,,,,,101603,666.8943,203,,,,,,,,
,,,,,101780,542.20575,177,,,,,,,,
,,,,,101969,619.62396,189,,,,,,,,
,,,,,102000,,,-250.71688842773438,-2.95955753326416,12.87285041809082,248.42266845703125,248.5238037109375,0.0003,0.0003,0.1
,,,,,102162,646.3119,193,,,,,,,,
,,,,,102358,657.87396,196,,,,,,,,
,,,,,102529,507.69592,171,,,,,,,,
,,,,,102714,605.69305,185,,,,,,,,
,,,,,102873,462.74033,159,,,,,,,,
,,,,,103000,,,-248.1832733154297,-2.8776988983154297,121.14273071289062,243.23497009277344,243.98667907714844,0.0003,0.0003,0.1
,,,,,103041,537.39325,168,,,,,,,,
,,,,,103231,638.79144,190,,,,,,,,
,,,,,103422,603.30054,191,,,,,,,,
,,,,,103602,601.3431,180,,,,,,,,
,,,,,103773,510.76306,171,,,,,,,,
,,,,,103958,608.1631,185,,,,,,,,
,,,,,104000,,,-255.4686279296875,-2.355672836303711,15.362201690673828,253.2288055419922,253.366943359375,0.0003,0.0003,0.1
,,,,,104134,540.38666,176,,,,,,,,
,,,,,104279,413.2315,145,,,,,,,,
,,,,,104460,559.7195,181,,,,,,,,
,,,,,104657,641.93,197,,,,,,,,
,,,,,104845,602.38513,188,,,,,,,,
608.0029,41.306908,664.2173,531.88,189.0,105000,,,-256.3831481933594,-2.637274742126465,7.026078224182129,254.08087158203125,253.76089477539062,0.0003,0.0003,0.1
,,,,,105022,535.9276,177,,,,,,,,
,,,,,105209,611.2189,187,,,,,,,,
,,,,,105416,672.865,207,,,,,,,,
,,,,,105586,517.0573,170,,,,,,,,
,,,,,105758,528.8017,172,,,,,,,,
,,,,,105946,581.0516,188,,,,,,,,
,,,,,106000,,,-243.47100830078125,-2.9378936290740967,42.00530242919922,240.07192993164062,240.7900848388672,0.0003,0.0003,0.1
,,,,,106128,600.07916,182,,,,,,,,
,,,,,106318,623.4379,190,,,,,,,,
,,,,,106359,70.98973,41,,,,,,,,
,,,,,106547,619.1791,188,,,,,,,,
,,,,,106734,597.02014,187,,,,,,,,
,,,,,106926,632.9734,192,,,,,,,,
,,,,,107000,,,-248.69876098632812,-2.9788293838500977,38.61750411987305,244.4241943359375,245.06492614746094,0.0003,0.0003,0.1
,,,,,107100,537.27844,174,,,,,,,,
,,,,,107295,658.66406,195,,,,,,,,
,,,,,107453,458.0153,158,,,,,,,,
,,,,,107637,580.1635,184,,,,,,,,
,,,,,107825,589.3041,188,,,,,,,,
,,,,,108000,,,-244.24368286132812,-2.7134647369384766,17.017868041992188,240.82791137695312,239.89036560058594,0.0003,0.0003,0.1
,,,,,108016,626.5873,191,,,,,,,,
,,,,,108144,310.40073,128,,,,,,,,
,,,,,108340,622.7969,196,,,,,,,,
,,,,,108500,476.81848,160,,,,,,,,
,,,,,108639,369.05814,139,,,,,,,,
,,,,,108833,610.91656,194,,,,,,,,
,,,,,109000,,,-253.53651428222656,-2.955620288848877,44.761436462402344,249.75860595703125,250.83810424804688,0.0003,0.0003,0.1
,,,,,109010,545.8351,177,,,,,,,,
,,,,,109052,72.36318,42,,,,,,,,
,,,,,109244,609.90656,192,,,,,,,,
,,,,,109431,610.342,187,,,,,,,,
,,,,,109610,575.57465,179,,,,,,,,
,,,,,109805,632.3741,195,,,,,,,,
579.00824,83.63916,649.3671,382.07782,189.1,110000,,,-250.98512268066406,-2.521576404571533,11.86043643951416,249.05813598632812,247.90786743164062,0.0003,0.0003,0.1
,,,,,110011,672.4252,206,,,,,,,,
,,,,,110211,626.27344,200,,,,,,,,
,,,,,110418,642.38434,207,,,,,,,,
,,,,,110610,591.9658,192,,,,,,,,
,,,,,110745,342.89856,135,,,,,,,,
,,,,,110940,624.8358,195,,,,,,,,
,,,,,111000,,,-260.1029357910156,-2.6126747131347656,20.34578514099121,256.93621826171875,257.5686950683594,0.0003,0.0003,0.1
,,,,,111095,456.93854,155,,,,,,,,
,,,,,111219,275.37228,124,,,,,,,,
,,,,,111357,359.98196,138,,,,,,,,
,,,,,111554,632.7195,197,,,,,,,,
,,,,,111714,452.48605,160,,,,,,,,
,,,,,111915,654.53235,201,,,,,,,,
,,,,,112000,,,-257.2435302734375,-2.4128427505493164,15.436529159545898,255.12179565429688,255.37750244140625,0.0003,0.0003,0.1
,,,,,112082,505.1196,167,,,,,,,,
,,,,,112259,528.10675,177,,,,,,,,
,,,,,112454,606.6013,195,,,,,,,,
,,,,,112594,358.83368,140,,,,,,,,
,,,,,112809,707.1297,215,,,,,,,,
,,,,,112998,556.9289,189,,,,,,,,
,,,,,113000,,,-261.8495178222656,-2.609434127807617,9.977871894836426,259.1103515625,259.4006652832031,0.0003,0.0003,0.1
,,,,,113132,339.67902,134,,,,,,,,
,,,,,113323,582.8007,191,,,,,,,,
,,,,,113461,338.51486,138,,,,,,,,
,,,,,113646,557.09393,185,,,,,,,,
,,,,,113771,302.0576,125,,,,,,,,
,,,,,113975,649.91016,204,,,,,,,,
,,,,,114000,,,-258.48675537109375,-2.3730719089508057,106.35787963867188,253.91656494140625,254.77801513671875,0.0003,0.0003,0.1
,,,,,114110,340.67877,135,,,,,,,,
,,,,,114293,576.1483,183,,,,,,,,
,,,,,114428,329.25232,135,,,,,,,,
,,,,,114632,639.8469,204,,,,,,,,
,,,,,114818,577.3337,186,,,,,,,,
,,,,,114942,258.69214,124,,,,,,,,
462.86182,164.55173,630.31055,45.488575,157.0,115000,,,-251.04669189453125,-2.7036867141723633,18.225414276123047,246.9429473876953,245.71826171875,0.0003,0.0003,0.1
,,,,,115081,358.02448,139,,,,,,,,
,,,,,115292,712.1253,211,,,,,,,,
,,,,,115322,49.815754,30,,,,,,,,
,,,,,115522,667.252,200,,,,,,,,
,,,,,115703,528.18787,181,,,,,,,,
,,,,,115886,564.0475,183,,,,,,,,
,,,,,116000,,,-259.191650390625,-2.373584270477295,30.980205535888672,254.87071228027344,255.30728149414062,0.0003,0.0003,0.1
,,,,,116061,525.11066,175,,,,,,,,
,,,,,116090,48.60909,29,,,,,,,,
,,,,,116285,644.71063,195,,,,,,,,
,,,,,116312,46.082478,27,,,,,,,,
,,,,,116504,650.7781,192,,,,,,,,
,,,,,116681,498.68906,177,,,,,,,,
,,,,,116819,371.24542,138,,,,,,,,
,,,,,116949,328.68808,130,,,,,,,,
,,,,,117000,,,-254.23573303222656,-2.6616878509521484,34.96471405029297,251.29296875,251.75762939453125,0.0003,0.0003,0.1
,,,,,117125,529.3113,176,,,,,,,,
,,,,,117286,460.47498,161,,,,,,,,
,,,,,117456,521.43115,170,,,,,,,,
,,,,,117624,463.03088,168,,,,,,,,
,,,,,117801,503.95102,177,,,,,,,,
,,,,,117973,515.5551,172,,,,,,,,
,,,,,118000,,,-250.9593505859375,-3.027796745300293,20.85089874267578,246.53530883789062,246.61740112304688,0.0003,0.0003,0.1
,,,,,118210,776.95044,237,,,,,,,,
,,,,,118376,462.75998,166,,,,,,,,
,,,,,118534,438.32574,158,,,,,,,,
,,,,,118705,522.7258,171,,,,,,,,
,,,,,118886,529.9819,181,,,,,,,,
,,,,,119000,,,-252.3282928466797,-2.6897196769714355,8.639261245727539,250.25750732421875,250.2220916748047,0.0003,0.0003,0.1
,,,,,119095,650.87695,209,,,,,,,,
,,,,,119260,529.23096,165,,,,,,,,
,,,,,119470,706.6215,210,,,,,,,,
,,,,,119649,542.0876,179,,,,,,,,
,,,,,119807,467.91357,158,,,,,,,,
567.0298,61.93675,708.8662,493.07513,187.0,120000,,,-262.7943420410156,-2.566628932952881,13.064033508300781,259.02978515625,259.5180969238281,0.0003,0.0003,0.1
,,,,,120010,671.6067,203,,,,,,,,
,,,,,120196,566.5594,186,,,,,,,,
,,,,,120352,411.5224,156,,,,,,,,
,,,,,120529,532.1414,177,,,,,,,,
,,,,,120700,489.75937,171,,,,,,,,
,,,,,120903,618.67175,203,,,,,,,,
,,,,,121000,,,-259.39666748046875,-2.567826271057129,26.06031608581543,255.77194213867188,257.4393310546875,0.0003,0.0003,0.1
,,,,,121101,637.5502,198,,,,,,,,
,,,,,121279,495.16196,178,,,,,,,,
,,,,,121473,570.3616,194,,,,,,,,
,,,,,121674,618.90717,201,,,,,,,,
,,,,,121813,340.6342,139,,,,,,,,
,,,,,122000,,,-259.3579406738281,-2.913395404815674,14.281027793884277,254.95962524414062,255.41934204101562,0.0003,0.0003,0.1
,,,,,122008,586.7139,195,,,,,,,,
,,,,,122175,487.25732,167,,,,,,,,
,,,,,122364,566.018,189,,,,,,,,
,,,,,122542,536.15204,178,,,,,,,,
,,,,,122688,374.8761,146,,,,,,,,
,,,,,122880,565.69305,192,,,,,,,,
,,,,,123000,,,-254.1460418701172,-3.1068344116210938,12.194571495056152,252.19174194335938,252.00839233398438,0.0003,0.0003,0.1
,,,,,123066,577.1168,186,,,,,,,,
,,,,,123243,529.41406,177,,,,,,,,
,,,,,123441,620.84924,198,,,,,,,,
,,,,,123609,503.13074,168,,,,,,,,
,,,,,123780,510.7864,171,,,,,,,,
,,,,,123955,556.5577,175,,,,,,,,
,,,,,124000,,,-251.888671875,-2.730703353881836,12.795019149780273,247.0565185546875,246.65750122070312,0.0003,0.0003,0.1
,,,,,124137,529.40906,182,,,,,,,,
,,,,,124315,527.4614,178,,,,,,,,
,,,,,124528,678.5963,213,,,,,,,,
,,,,,124668,390.44324,140,,,,,,,,
,,,,,124840,523.1585,172,,,,,,,,
571.15686,108.28407,679.2323,369.15567,178.5,125000,,,-252.2455596923828,-2.7492644786834717,16.175640106201172,250.1309814453125,250.06158447265625,0.0003,0.0003,0.1
,,,,,125027,577.28815,187,,,,,,,,
,,,,,125228,679.45215,201,,,,,,,,
,,,,,125431,642.05084,203,,,,,,,,
,,,,,125564,366.40262,133,,,,,,,,
,,,,,125720,464.93988,156,,,,,,,,
,,,,,125889,525.7512,169,,,,,,,,
,,,,,126000,,,-251.8074188232422,-2.9431748390197754,17.028905868530273,249.82177734375,249.4545135498047,0.0003,0.0003,0.1
,,,,,126076,613.0523,187,,,,,,,,
,,,,,126269,652.75134,193,,,,,,,,
,,,,,126458,627.4005,189,,,,,,,,
,,,,,126640,590.8482,182,,,,,,,,
,,,,,126810,536.3398,170,,,,,,,,
,,,,,126985,530.3213,175,,,,,,,,
,,,,,127000,,,-255.2793426513672,-2.920670509338379,11.154412269592285,252.63986206054688,252.07086181640625,0.0003,0.0003,0.1
,,,,,127168,596.30524,183,,,,,,,,
,,,,,127349,584.41516,181,,,,,,,,
,,,,,127539,597.4009,190,,,,,,,,
,,,,,127679,414.4087,140,,,,,,,,
,,,,,127870,608.1606,191,,,,,,,,
,,,,,128000,,,-256.7237548828125,-2.5826942920684814,7.57386589050293,255.4935302734375,256.1260986328125,0.0003,0.0003,0.1
,,,,,128074,660.16284,204,,,,,,,,
,,,,,128205,385.9076,131,,,,,,,,
,,,,,128377,555.2968,172,,,,,,,,
,,,,,128567,646.4651,190,,,,,,,,
,,,,,128756,532.1402,189,,,,,,,,
,,,,,128833,157.9907,77,,,,,,,,
,,,,,128988,473.3034,155,,,,,,,,
,,,,,129000,,,-256.7584533691406,-2.23960542678833,17.855865478515625,255.2006072998047,255.19146728515625,0.0003,0.0003,0.1
,,,,,129194,682.58344,206,,,,,,,,
,,,,,129384,573.89264,190,,,,,,,,
,,,,,129624,759.21643,240,,,,,,,,
,,,,,129852,753.41864,228,,,,,,,,
629.3124,153.17166,772.0101,272.96597,207.6,130000,,,-247.58489990234375,-3.004490852355957,17.849285125732422,245.38919067382812,246.0457763671875,0.0003,0.0003,0.1
,,,,,130039,608.9853,187,,,,,,,,
,,,,,130265,747.75616,226,,,,,,,,
,,,,,130510,802.15765,245,,,,,,,,
,,,,,130687,568.3038,177,,,,,,,,
,,,,,130824,393.74432,137,,,,,,,,
,,,,,131000,,,-253.5870819091797,-2.741943836212158,21.297603607177734,251.9110565185547,252.00326538085938,0.0003,0.0003,0.1
,,,,,131048,709.80414,224,,,,,,,,
,,,,,131254,656.6884,206,,,,,,,,
,,,,,131388,383.24057,134,,,,,,,,
,,,,,131589,640.2188,201,,,,,,,,
,,,,,131781,628.1757,192,,,,,,,,
,,,,,131987,677.1853,206,,,,,,,,
,,,,,132000,,,-249.5648193359375,-2.645253896713257,25.54185676574707,247.71310424804688,247.41822814941406,0.0003,0.0003,0.1
,,,,,132186,647.16754,199,,,,,,,,
,,,,,132393,672.22736,207,,,,,,,,
,,,,,132589,655.71246,196,,,,,,,,
,,,,,132771,609.64386,182,,,,,,,,
,,,,,132973,658.3042,202,,,,,,,,
,,,,,133000,,,-261.7403564453125,-2.4139204025268555,10.048532485961914,259.2698669433594,259.0172424316406,0.0003,0.0003,0.1
,,,,,133168,638.89343,195,,,,,,,,
,,,,,133385,703.39703,217,,,,,,,,
,,,,,133584,640.33185,199,,,,,,,,
,,,,,133785,686.6944,201,,,,,,,,
,,,,,133965,582.9044,180,,,,,,,,
,,,,,134000,,,-255.6767120361328,-2.813255548477173,13.762161254882812,251.25726318359375,251.46401977539062,0.0003,0.0003,0.1
,,,,,134143,595.9877,178,,,,,,,,
,,,,,134330,658.3585,187,,,,,,,,
,,,,,134455,349.6677,125,,,,,,,,
,,,,,134649,633.58295,194,,,,,,,,
,,,,,134851,647.057,202,,,,,,,,
59.868084,140.04561,478.33936,7.537,30.3,135000,,,-248.1991729736328,-2.735762596130371,240.6828155517578,242.95037841796875,242.8050994873047,0.0003,0.0003,0.1
,,,,,135066,688.50696,215,,,,,,,,
,,,,,135237,528.3302,171,,,,,,,,
,,,,,135474,729.7641,237,,,,,,,,
,,,,,135552,156.43808,78,,,,,,,,
,,,,,135575,39.7046,23,,,,,,,,
,,,,,135774,681.59595,199,,,,,,,,
,,,,,135799,43.474945,25,,,,,,,,
,,,,,136000,,,-248.35101318359375,-2.7835781574249268,8.622797966003418,245.2535400390625,245.11962890625,0.0003,0.0003,0.1
,,,,,136003,638.2943,204,,,,,,,,
,,,,,136218,674.6478,215,,,,,,,,
,,,,,136432,657.5338,214,,,,,,,,
,,,,,136674,741.03894,242,,,,,,,,
,,,,,136898,704.2064,224,,,,,,,,
,,,,,137000,,,-244.46917724609375,-2.5495314598083496,22.433387756347656,242.42733764648438,243.21395874023438,0.0003,0.0003,0.1
,,,,,137112,658.9828,214,,,,,,,,
,,,,,137330,680.521,218,,,,,,,,
,,,,,137505,557.17163,175,,,,,,,,
,,,,,137529,41.881073,24,,,,,,,,
,,,,,137735,601.38556,206,,,,,,,,
,,,,,137946,649.49255,211,,,,,,,,
,,,,,138000,,,-257.9474792480469,-2.4838521480560303,23.79770278930664,253.56488037109375,252.9998321533203,0.0003,0.0003,0.1
,,,,,138160,649.92975,214,,,,,,,,
,,,,,138378,725.18256,218,,,,,,,,
,,,,,138576,608.79224,198,,,,,,,,
,,,,,138752,587.65564,176,,,,,,,,
,,,,,138970,690.4821,218,,,,,,,,
,,,,,139000,,,-255.9750518798828,-2.5386133193969727,10.375238418579102,253.68252563476562,253.6127166748047,0.0003,0.0003,0.1
,,,,,139177,652.2996,207,,,,,,,,
,,,,,139361,524.6298,184,,,,,,,,
,,,,,139586,785.3531,225,,,,,,,,
,,,,,139802,699.1582,216,,,,,,,,
696.48956,24.290802,726.6154,658.5641,217.0,140000,,,-256.0987854003906,-2.7779388427734375,11.262033462524414,253.63861083984375,254.25527954101562,0.0003,0.0003,0.1
,,,,,140021,682.00507,219,,,,,,,,
,,,,,140246,725.7908,225,,,,,,,,
,,,,,140391,457.98282,145,,,,,,,,
,,,,,140597,682.62006,206,,,,,,,,
,,,,,140798,635.5493,201,,,,,,,,
,,,,,141000,,,-258.68560791015625,-2.7709579467773438,17.432571411132812,254.7748260498047,255.04661560058594,0.0003,0.0003,0.1
,,,,,141002,669.2656,204,,,,,,,,
,,,,,141203,640.62476,201,,,,,,,,
,,,,,141406,661.74255,203,,,,,,,,
,,,,,141606,600.1871,200,,,,,,,,
,,,,,141786,566.232,180,,,,,,,,
,,,,,142000,,,-253.5444793701172,-2.791472911834717,15.709589958190918,250.2239227294922,249.924560546875,0.0003,0.0003,0.1
,,,,,142012,699.96716,226,,,,,,,,
,,,,,142189,586.2439,177,,,,,,,,
,,,,,142414,723.8239,225,,,,,,,,
,,,,,142616,630.37604,202,,,,,,,,
,,,,,142824,657.1615,208,,,,,,,,
,,,,,143000,,,-245.51620483398438,-2.7950448989868164,26.79555892944336,240.92733764648438,240.52027893066406,0.0003,0.0003,0.1
,,,,,143007,616.4675,183,,,,,,,,
,,,,,143056,97.69156,49,,,,,,,,
,,,,,143246,646.2791,190,,,,,,,,
,,,,,143431,640.0052,185,,,,,,,,
,,,,,143594,539.87067,163,,,,,,,,
,,,,,143790,642.28815,196,,,,,,,,
,,,,,143980,588.71313,190,,,,,,,,
,,,,,144000,,,-251.57298278808594,-2.8136191368103027,14.22821044921875,247.01779174804688,246.0592041015625,0.0003,0.0003,0.1
,,,,,144171,631.1849,191,,,,,,,,
,,,,,144360,629.49304,189,,,,,,,,
,,,,,144567,628.5099,207,,,,,,,,
,,,,,144774,684.8225,207,,,,,,,,
,,,,,144980,653.0717,206,,,,,,,,
454.7015,146.9281,700.55994,330.251,147.2,145000,,,-249.5809783935547,-2.5896427631378174,12.665647506713867,247.3963623046875,247.299560546875,0.0003,0.0003,0.1
,,,,,145164,623.776,184,,,,,,,,
,,,,,145358,613.44025,194,,,,,,,,
,,,,,145565,662.48724,207,,,,,,,,
,,,,,145737,582.8627,172,,,,,,,,
,,,,,145916,567.84955,179,,,,,,,,
,,,,,146000,,,-246.72894287109375,-2.429908275604248,35.05419921875,244.50375366210938,244.627685546875,0.0003,0.0003,0.1
,,,,,146081,543.3432,165,,,,,,,,
,,,,,146287,651.7897,206,,,,,,,,
,,,,,146490,631.3878,203,,,,,,,,
,,,,,146718,741.03577,228,,,,,,,,
,,,,,146829,310.18808,111,,,,,,,,
,,,,,147000,,,-255.93350219726562,-2.401674747467041,7.688936233520508,254.4307861328125,254.18031311035156,0.0003,0.0003,0.1
,,,,,147029,661.816,200,,,,,,,,
,,,,,147142,314.94806,113,,,,,,,,
,,,,,147342,699.80804,200,,,,,,,,
,,,,,147549,646.97327,207,,,,,,,,
,,,,,147754,639.9789,205,,,,,,,,
,,,,,147936,617.62134,182,,,,,,,,
,,,,,148000,,,-251.81495666503906,-3.062525749206543,12.84384822845459,249.9747314453125,249.8755340576172,0.0003,0.0003,0.1
,,,,,148151,696.9416,215,,,,,,,,
,,,,,148343,594.0832,192,,,,,,,,
,,,,,148603,862.77563,260,,,,,,,,
,,,,,148802,640.91736,199,,,,,,,,
,,,,,148993,636.0466,191,,,,,,,,
,,,,,149000,,,-255.72787475585938,-2.6998188495635986,51.6777458190918,252.02734375,252.37033081054688,0.0003,0.0003,0.1
,,,,,149202,705.9982,209,,,,,,,,
,,,,,149337,435.01285,135,,,,,,,,
,,,,,149524,609.07153,187,,,,,,,,
,,,,,149742,681.3994,218,,,,,,,,
,,,,,149917,591.51624,175,,,,,,,,
523.70404,258.22336,685.0083,9.035606,160.1,150000,,,-256.62811279296875,-2.4813156127929688,7.890568256378174,255.2843017578125,255.26510620117188,0.0003,0.0003,0.1
,,,,,150122,674.8561,205,,,,,,,,
,,,,,150331,675.43036,209,,,,,,,,
,,,,,150535,664.0098,204,,,,,,,,
,,,,,150741,679.81964,206,,,,,,,,
,,,,,150895,456.75906,154,,,,,,,,
,,,,,151000,,,-250.5232391357422,-2.9072179794311523,27.130273818969727,247.1959228515625,247.02981567382812,0.0003,0.0003,0.1
,,,,,151098,638.78143,203,,,,,,,,
,,,,,151302,685.884,204,,,,,,,,
,,,,,151513,745.6241,211,,,,,,,,
,,,,,151698,572.15015,185,,,,,,,,
,,,,,151825,384.18552,127,,,,,,,,
,,,,,151951,375.67072,126,,,,,,,,
,,,,,152000,,,-247.30625915527344,-2.7067790031433105,9.774707794189453,245.84225463867188,246.3037567138672,0.0003,0.0003,0.1
,,,,,152098,456.3005,147,,,,,,,,
,,,,,152304,666.054,206,,,,,,,,
,,,,,152478,520.7367,174,,,,,,,,
,,,,,152682,668.09686,204,,,,,,,,
,,,,,152906,721.4362,224,,,,,,,,
,,,,,153000,,,-250.26280212402344,-2.534144639968872,8.671131134033203,248.3950958251953,248.57879638671875,0.0003,0.0003,0.1
,,,,,153094,573.38055,188,,,,,,,,
,,,,,153293,628.2472,199,,,,,,,,
,,,,,153499,675.29114,206,,,,,,,,
,,,,,153685,583.6101,186,,,,,,,,
,,,,,153873,589.4972,188,,,,,,,,
,,,,,154000,,,-256.284423828125,-2.4218406677246094,29.36115074157715,253.3780517578125,253.4785614013672,0.0003,0.0003,0.1
,,,,,154092,695.33295,219,,,,,,,,
,,,,,154300,639.95874,208,,,,,,,,
,,,,,154545,806.0348,245,,,,,,,,
,,,,,154766,721.7731,221,,,,,,,,
,,,,,154980,684.73926,214,,,,,,,,
631.2288,34.152943,696.42615,582.21747,198.4,155000,,,-258.54388427734375,-2.6379647254943848,12.484712600708008,255.60829162597656,255.4352569580078,0.0003,0.0003,0.1
,,,,,155167,572.387,187,,,,,,,,
,,,,,155374,672.1777,207,,,,,,,,
,,,,,155581,667.9911,207,,,,,,,,
,,,,,155809,765.13855,228,,,,,,,,
,,,,,156000,,,-263.7269592285156,-2.485520839691162,22.222448348999023,260.571044921875,260.44708251953125,0.0003,0.0003,0.1
,,,,,156026,694.69055,217,,,,,,,,
,,,,,156239,687.83984,213,,,,,,,,
,,,,,156426,619.0266,187,,,,,,,,
,,,,,156605,566.40393,179,,,,,,,,
,,,,,156783,501.8446,178,,,,,,,,
,,,,,156979,599.9804,196,,,,,,,,
,,,,,157000,,,-252.09661865234375,-2.48009991645813,24.272090911865234,250.13671875,250.06927490234375,0.0003,0.0003,0.1
,,,,,157180,638.1948,201,,,,,,,,
,,,,,157375,662.1108,195,,,,,,,,
,,,,,157567,619.4666,192,,,,,,,,
,,,,,157792,713.8587,225,,,,,,,,
,,,,,157993,637.06104,201,,,,,,,,
,,,,,158000,,,-251.25811767578125,-2.5759735107421875,11.258997917175293,248.55520629882812,248.26141357421875,0.0003,0.0003,0.1
,,,,,158182,601.3016,189,,,,,,,,
,,,,,158385,616.37134,203,,,,,,,,
,,,,,158566,520.4911,181,,,,,,,,
,,,,,158792,756.09924,226,,,,,,,,
,,,,,158993,637.16394,201,,,,,,,,
,,,,,159000,,,-260.2049865722656,-2.4178719520568848,11.495752334594727,258.7098388671875,259.00604248046875,0.0003,0.0003,0.1
,,,,,159185,662.0866,192,,,,,,,,
,,,,,159371,592.47736,186,,,,,,,,
,,,,,159551,569.88086,180,,,,,,,,
,,,,,159749,678.571,198,,,,,,,,
,,,,,159939,590.7066,190,,,,,,,,
620.2149,56.21831,682.7287,485.4279,190.1,160000,,,-245.8850860595703,-2.607193946838379,7.494372367858887,244.7831268310547,244.47120666503906,0.0003,0.0003,0.1
,,,,,160136,654.00446,197,,,,,,,,
,,,,,160331,660.98,195,,,,,,,,
,,,,,160527,629.5718,196,,,,,,,,
,,,,,160718,645.41626,191,,,,,,,,
,,,,,160907,628.3838,189,,,,,,,,
,,,,,161000,,,-259.256103515625,-2.4957900047302246,12.496528625488281,257.77130126953125,257.86187744140625,0.0003,0.0003,0.1
,,,,,161087,549.7006,180,,,,,,,,
,,,,,161270,556.03986,183,,,,,,,,
,,,,,161465,588.49713,195,,,,,,,,
,,,,,161650,599.15137,185,,,,,,,,
,,,,,161849,666.39795,199,,,,,,,,
,,,,,162000,,,-251.27340698242188,-2.7352421283721924,14.512866973876953,248.56936645507812,248.6068878173828,0.0003,0.0003,0.1
,,,,,162033,576.5666,184,,,,,,,,
,,,,,162218,617.2015,185,,,,,,,,
,,,,,162410,579.80414,192,,,,,,,,
,,,,,162592,566.45197,182,,,,,,,,
,,,,,162789,633.70825,197,,,,,,,,
,,,,,162985,622.93207,196,,,,,,,,
,,,,,163000,,,-250.97361755371094,-2.7593235969543457,19.901573181152344,248.53912353515625,249.205078125,0.0003,0.0003,0.1
,,,,,163193,611.19586,208,,,,,,,,
,,,,,163387,610.1913,194,,,,,,,,
,,,,,163565,554.43274,178,,,,,,,,
,,,,,163783,594.74994,218,,,,,,,,
,,,,,163980,672.4345,197,,,,,,,,
,,,,,164000,,,-261.62255859375,-2.485884189605713,9.265789031982422,259.578369140625,259.74456787109375,0.0003,0.0003,0.1
,,,,,164175,668.03326,195,,,,,,,,
,,,,,164354,588.18585,179,,,,,,,,
,,,,,164540,616.0776,186,,,,,,,,
,,,,,164730,619.5415,190,,,,,,,,
,,,,,164931,602.9816,201,,,,,,,,
613.00366,28.59054,661.4485,581.2722,187.3,165000,,,-250.7129669189453,-3.1190037727355957,14.407798767089844,249.16195678710938,249.13055419921875,0.0003,0.0003,0.1
,,,,,165133,638.7151,202,,,,,,,,
,,,,,165316,580.25696,183,,,,,,,,
,,,,,165516,675.7034,200,,,,,,,,
,,,,,165754,792.7703,238,,,,,,,,
,,,,,165975,704.4958,221,,,,,,,,
,,,,,166000,,,-250.7147216796875,-2.86197566986084,10.125761985778809,248.20091247558594,247.81134033203125,0.0003,0.0003,0.1
,,,,,166172,599.9417,197,,,,,,,,
,,,,,166377,686.7795,205,,,,,,,,
,,,,,166575,622.6866,198,,,,,,,,
,,,,,166802,712.3491,227,,,,,,,,
,,,,,166999,614.52594,197,,,,,,,,
,,,,,167000,,,-257.91839599609375,-2.3296172618865967,20.075040817260742,256.270263671875,257.45574951171875,0.0003,0.0003,0.1
,,,,,167194,631.55963,195,,,,,,,,
,,,,,167395,632.6465,201,,,,,,,,
,,,,,167449,96.86627,54,,,,,,,,
,,,,,167627,551.6494,178,,,,,,,,
,,,,,167847,686.4516,220,,,,,,,,
,,,,,168000,,,-250.4506072998047,-2.535639762878418,10.69560718536377,248.0000457763672,247.8680419921875,0.0003,0.0003,0.1
,,,,,168048,627.66364,201,,,,,,,,
,,,,,168241,571.2543,193,,,,,,,,
,,,,,168449,673.22656,208,,,,,,,,
,,,,,168662,655.89514,213,,,,,,,,
,,,,,168840,556.8229,178,,,,,,,,
,,,,,169000,,,-251.689453125,-2.799036979675293,34.91445541381836,246.88717651367188,247.26724243164062,0.0003,0.0003,0.1
,,,,,169035,638.6775,195,,,,,,,,
,,,,,169233,659.601,198,,,,,,,,
,,,,,169423,583.47015,190,,,,,,,,
,,,,,169606,612.3404,183,,,,,,,,
,,,,,169782,531.6925,176,,,,,,,,
,,,,,169996,672.065,214,,,,,,,,
636.15826,42.445374,696.3173,568.5292,199.1,170000,,,-258.2954406738281,-2.4347705841064453,12.072671890258789,256.82745361328125,256.3784484863281,0.0003,0.0003,0.1
,,,,,170185,582.2653,189,,,,,,,,
,,,,,170409,725.811,224,,,,,,,,
,,,,,170606,622.189,197,,,,,,,,
,,,,,170803,630.24286,197,,,,,,,,
,,,,,171000,,,-253.58335876464844,-2.995525360107422,17.225887298583984,249.69032287597656,250.12828063964844,0.0003,0.0003,0.1
,,,,,171032,771.50037,229,,,,,,,,
,,,,,171225,591.5805,193,,,,,,,,
,,,,,171408,606.9936,183,,,,,,,,
,,,,,171616,643.0619,208,,,,,,,,
,,,,,171804,594.9038,188,,,,,,,,
,,,,,171999,618.93463,195,,,,,,,,
,,,,,172000,,,-246.6093292236328,-2.7574610710144043,15.629446983337402,244.40371704101562,244.3846435546875,0.0003,0.0003,0.1
,,,,,172180,570.36975,181,,,,,,,,
,,,,,172370,635.2207,190,,,,,,,,
,,,,,172570,639.12994,200,,,,,,,,
,,,,,172759,573.5822,189,,,,,,,,
,,,,,172943,613.9943,184,,,,,,,,
,,,,,173000,,,-256.177734375,-2.325455904006958,34.35480499267578,254.56484985351562,254.95481872558594,0.0003,0.0003,0.1
,,,,,173125,562.03253,182,,,,,,,,
,,,,,173311,578.90765,186,,,,,,,,
,,,,,173535,679.94617,224,,,,,,,,
,,,,,173713,570.0804,178,,,,,,,,
,,,,,173890,573.5373,177,,,,,,,,
,,,,,174000,,,-261.05340576171875,-2.5493645668029785,36.02479553222656,259.1957092285156,258.2648620605469,0.0003,0.0003,0.1
,,,,,174068,578.5464,178,,,,,,,,
,,,,,174254,610.1413,186,,,,,,,,
,,,,,174448,584.70355,194,,,,,,,,
,,,,,174631,574.74927,183,,,,,,,,
,,,,,174818,563.9774,187,,,,,,,,
501.5209,49.5488,567.22455,392.66748,175.4,175000,,,-249.2469482421875,-2.8182382583618164,19.00691032409668,247.49517822265625,246.89218139648438,0.0003,0.0003,0.1
,,,,,175007,587.4958,189,,,,,,,,
,,,,,175208,671.3666,201,,,,,,,,
,,,,,175394,589.8829,186,,,,,,,,
,,,,,175574,542.9068,180,,,,,,,,
,,,,,175715,390.82596,141,,,,,,,,
,,,,,175922,616.48663,207,,,,,,,,
,,,,,176000,,,-264.9149475097656,-2.2819759845733643,15.055628776550293,262.64385986328125,262.74774169921875,0.0003,0.0003,0.1
,,,,,176118,603.7023,196,,,,,,,,
,,,,,176283,494.10376,165,,,,,,,,
,,,,,176484,652.4831,201,,,,,,,,
,,,,,176673,583.71387,189,,,,,,,,
,,,,,176852,534.3508,179,,,,,,,,
,,,,,177000,,,-256.35076904296875,-2.1941564083099365,11.925926208496094,253.92681884765625,254.04225158691406,0.0003,0.0003,0.1
,,,,,177023,522.72015,171,,,,,,,,
,,,,,177200,541.7548,177,,,,,,,,
,,,,,177376,553.83307,176,,,,,,,,
,,,,,177561,600.2514,185,,,,,,,,
,,,,,177739,567.6637,178,,,,,,,,
,,,,,177917,546.66583,178,,,,,,,,
,,,,,178000,,,-259.6919250488281,-2.629725694656372,12.984844207763672,257.04052734375,257.59466552734375,0.0003,0.0003,0.1
,,,,,178099,556.6856,182,,,,,,,,
,,,,,178296,604.21387,197,,,,,,,,
,,,,,178493,571.1156,197,,,,,,,,
,,,,,178688,619.7487,195,,,,,,,,
,,,,,178886,596.57086,198,,,,,,,,
,,,,,179000,,,-248.8054656982422,-2.5173511505126953,19.416379928588867,246.42645263671875,246.503662109375,0.0003,0.0003,0.1
,,,,,179082,640.6791,196,,,,,,,,
,,,,,179278,649.2683,196,,,,,,,,
,,,,,179486,639.2798,208,,,,,,,,
,,,,,179671,628.0675,185,,,,,,,,
,,,,,179853,579.4171,182,,,,,,,,
652.59894,50.94903,743.97784,543.47577,209.9,180000,,,-265.6152648925781,-2.3269782066345215,20.74744415283203,264.16168212890625,263.80621337890625,0.0003,0.0003,0.1
,,,,,180050,663.6894,197,,,,,,,,
,,,,,180231,593.64136,181,,,,,,,,
,,,,,180464,740.28796,233,,,,,,,,
,,,,,180654,631.99817,190,,,,,,,,
,,,,,180841,656.68884,187,,,,,,,,
,,,,,181000,,,-257.2668151855469,-2.5908632278442383,22.13431739807129,255.21798706054688,255.2763214111328,0.0003,0.0003,0.1
,,,,,181055,689.14954,214,,,,,,,,
,,,,,181257,675.0616,202,,,,,,,,
,,,,,181448,644.9027,191,,,,,,,,
,,,,,181646,664.5539,198,,,,,,,,
,,,,,181903,902.2138,257,,,,,,,,
,,,,,182000,,,-265.8078918457031,-2.1262099742889404,8.485244750976562,264.53497314453125,263.9784851074219,0.0003,0.0003,0.1
,,,,,182110,644.6613,207,,,,,,,,
,,,,,182334,748.5021,224,,,,,,,,
,,,,,182559,692.68384,225,,,,,,,,
,,,,,182773,705.40186,214,,,,,,,,
,,,,,182982,698.56006,209,,,,,,,,
,,,,,183000,,,-258.11126708984375,-2.4427406787872314,15.666050910949707,255.5006561279297,255.4819793701172,0.0003,0.0003,0.1
,,,,,183191,702.6773,209,,,,,,,,
,,,,,183403,716.1899,212,,,,,,,,
,,,,,183620,700.94696,217,,,,,,,,
,,,,,183839,724.5016,219,,,,,,,,
,,,,,184000,,,-254.49000549316406,-2.610525131225586,8.84354019165039,252.2430419921875,251.98721313476562,0.0003,0.0003,0.1
,,,,,184052,702.7229,213,,,,,,,,
,,,,,184263,714.2275,211,,,,,,,,
,,,,,184469,692.1934,206,,,,,,,,
,,,,,184683,721.6716,214,,,,,,,,
,,,,,184874,659.146,191,,,,,,,,
620.9783,31.248274,682.3383,585.6574,187.1,185000,,,-248.54718017578125,-2.6829285621643066,14.426041603088379,247.08389282226562,247.96075439453125,0.0003,0.0003,0.1
,,,,,185073,673.2783,199,,,,,,,,
,,,,,185273,669.4063,200,,,,,,,,
,,,,,185460,609.54193,187,,,,,,,,
,,,,,185673,695.9233,213,,,,,,,,
,,,,,185881,692.4627,208,,,,,,,,
,,,,,186000,,,-263.57989501953125,-2.601861000061035,18.03489112854004,257.7308654785156,258.1284484863281,0.0003,0.0003,0.1
,,,,,186108,717.91296,227,,,,,,,,
,,,,,186248,395.6998,140,,,,,,,,
,,,,,186450,686.9836,202,,,,,,,,
,,,,,186658,685.1312,208,,,,,,,,
,,,,,186847,655.06067,189,,,,,,,,
,,,,,187000,,,-264.4046325683594,-2.4768104553222656,8.132404327392578,263.05609130859375,262.6231384277344,0.0003,0.0003,0.1
,,,,,187054,666.65076,207,,,,,,,,
,,,,,187260,678.26917,206,,,,,,,,
,,,,,187475,711.83514,215,,,,,,,,
,,,,,187673,674.2636,198,,,,,,,,
,,,,,187876,620.3118,203,,,,,,,,
,,,,,188000,,,-264.4516906738281,-2.169534683227539,13.572075843811035,263.14813232421875,262.92230224609375,0.0003,0.0003,0.1
,,,,,188071,608.0188,195,,,,,,,,
,,,,,188278,685.2333,207,,,,,,,,
,,,,,188496,623.4513,218,,,,,,,,
,,,,,188702,653.5719,206,,,,,,,,
,,,,,188900,654.1657,198,,,,,,,,
,,,,,189000,,,-260.80572509765625,-2.397885322570801,10.36336898803711,258.75048828125,258.98638916015625,0.0003,0.0003,0.1
,,,,,189148,846.33875,248,,,,,,,,
,,,,,189341,580.98944,193,,,,,,,,
,,,,,189556,707.16565,215,,,,,,,,
,,,,,189770,714.47314,214,,,,,,,,
,,,,,189985,680.7221,215,,,,,,,,
679.7035,43.93888,765.6185,602.0363,204.6,190000,,,-251.97251892089844,-2.5635056495666504,22.054641723632812,249.9143524169922,250.16160583496094,0.0003,0.0003,0.1
,,,,,190117,366.72916,132,,,,,,,,
,,,,,190323,688.0672,206,,,,,,,,
,,,,,190511,572.99756,188,,,,,,,,
,,,,,190712,674.68994,201,,,,,,,,
,,,,,190878,518.5789,166,,,,,,,,
,,,,,191000,,,-259.57647705078125,-2.70736026763916,24.12066650390625,257.19488525390625,258.14666748046875,0.0003,0.0003,0.1
,,,,,191109,774.9762,231,,,,,,,,
,,,,,191119,8.146233,10,,,,,,,,
,,,,,191145,32.38791,26,,,,,,,,
,,,,,191416,871.3492,271,,,,,,,,
,,,,,191640,762.50806,224,,,,,,,,
,,,,,191820,606.38824,180,,,,,,,,
,,,,,192000,,,-256.2251281738281,-2.969048023223877,19.648788452148438,254.98890686035156,254.6197052001953,0.0003,0.0003,0.1
,,,,,192036,717.8744,216,,,,,,,,
,,,,,192235,671.7147,199,,,,,,,,
,,,,,192412,582.9782,177,,,,,,,,
,,,,,192641,717.7405,229,,,,,,,,
,,,,,192832,597.2793,191,,,,,,,,
,,,,,193000,,,-257.7806396484375,-2.349371910095215,10.261032104492188,256.77880859375,256.34991455078125,0.0003,0.0003,0.1
,,,,,193004,539.28143,172,,,,,,,,
,,,,,193191,627.20667,187,,,,,,,,
,,,,,193399,632.7516,208,,,,,,,,
,,,,,193605,702.3571,206,,,,,,,,
,,,,,193822,682.46,217,,,,,,,,
,,,,,194000,,,-259.8707275390625,-2.8086328506469727,14.110464096069336,257.53863525390625,257.5757751464844,0.0003,0.0003,0.1
,,,,,194019,661.63776,197,,,,,,,,
,,,,,194239,710.79004,220,,,,,,,,
,,,,,194408,536.14374,169,,,,,,,,
,,,,,194630,677.4449,222,,,,,,,,
,,,,,194817,600.9488,187,,,,,,,,
650.1146,156.59436,875.86646,339.79968,210.3,195000,,,-258.0782775878906,-2.554645538330078,45.86534118652344,255.01852416992188,254.94651794433594,0.0003,0.0003,0.1
,,,,,195066,824.63763,249,,,,,,,,
,,,,,195264,677.9855,198,,,,,,,,
,,,,,195451,625.1547,187,,,,,,,,
,,,,,195666,660.9496,215,,,,,,,,
,,,,,195866,673.5114,200,,,,,,,,
,,,,,196000,,,-255.74819946289062,-2.504899263381958,16.170177459716797,254.12826538085938,254.50592041015625,0.0003,0.0003,0.1
,,,,,196079,673.7135,213,,,,,,,,
,,,,,196264,627.47284,185,,,,,,,,
,,,,,196444,609.59155,180,,,,,,,,
,,,,,196660,683.58234,216,,,,,,,,
,,,,,196872,704.5134,212,,,,,,,,
,,,,,197000,,,-261.9723205566406,-2.1895639896392822,7.148344993591309,260.36724853515625,260.5468444824219,0.0003,0.0003,0.1
,,,,,197076,676.51416,204,,,,,,,,
,,,,,197261,639.22345,185,,,,,,,,
,,,,,197477,719.7112,216,,,,,,,,
,,,,,197678,665.5965,201,,,,,,,,
,,,,,197885,698.83167,207,,,,,,,,
,,,,,198000,,,-252.56614685058594,-2.3676648139953613,11.025062561035156,248.76153564453125,248.70657348632812,0.0003,0.0003,0.1
,,,,,198089,700.54987,204,,,,,,,,
,,,,,198260,571.54395,171,,,,,,,,
,,,,,198472,691.9648,212,,,,,,,,
,,,,,198765,938.90216,293,,,,,,,,
,,,,,198973,695.41125,208,,,,,,,,
,,,,,199000,,,-260.3688049316406,-2.4325642585754395,24.76628875732422,258.0896911621094,258.01861572265625,0.0003,0.0003,0.1
,,,,,199192,698.1394,219,,,,,,,,
,,,,,199368,604.0492,176,,,,,,,,
,,,,,199560,669.4861,192,,,,,,,,
,,,,,199758,662.84845,198,,,,,,,,
,,,,,199958,689.61084,200,,,,,,,,
623.0806,105.84406,700.03394,333.44434,198.9,200000,,,-251.9864501953125,-2.6901557445526123,5.573670387268066,250.73757934570312,250.54129028320312,0.0003,0.0003,0.1
,,,,,200155,665.82947,197,,,,,,,,
,,,,,200341,631.1182,186,,,,,,,,
,,,,,200543,688.58044,202,,,,,,,,
,,,,,200775,752.0031,232,,,,,,,,
,,,,,200980,687.3526,205,,,,,,,,
,,,,,201000,,,-257.3943176269531,-2.0520706176757812,10.247827529907227,255.00811767578125,254.7099151611328,0.0003,0.0003,0.1
,,,,,201194,683.5077,214,,,,,,,,
,,,,,201400,671.67975,206,,,,,,,,
,,,,,201606,694.7127,206,,,,,,,,
,,,,,201635,40.557133,29,,,,,,,,
,,,,,201825,619.7799,190,,,,,,,,
,,,,,201853,36.58929,28,,,,,,,,
,,,,,202000,,,-252.4032440185547,-2.6987738609313965,8.121158599853516,249.94668579101562,249.96929931640625,0.0003,0.0003,0.1
,,,,,202054,669.3816,201,,,,,,,,
,,,,,202260,680.68945,206,,,,,,,,
,,,,,202466,701.93317,206,,,,,,,,
,,,,,202670,689.891,204,,,,,,,,
,,,,,202869,692.3719,199,,,,,,,,
,,,,,203000,,,-265.4385986328125,-2.415677309036255,29.607234954833984,262.6009216308594,263.08740234375,0.0003,0.0003,0.1
,,,,,203073,712.74756,204,,,,,,,,
,,,,,203301,779.22925,228,,,,,,,,
,,,,,203530,719.1232,229,,,,,,,,
,,,,,203734,662.6563,204,,,,,,,,
,,,,,203953,692.1248,219,,,,,,,,
,,,,,204000,,,-254.54251098632812,-2.408694267272949,10.076690673828125,250.3756103515625,250.5804443359375,0.0003,0.0003,0.1
,,,,,204159,701.3518,206,,,,,,,,
,,,,,204372,698.46533,213,,,,,,,,
,,,,,204589,689.1155,217,,,,,,,,
,,,,,204803,664.17755,214,,,,,,,,
696.1474,56.254803,860.5413,660.5317,217.6,205000,,,-256.54547119140625,-2.41135835647583,11.641212463378906,253.06307983398438,252.95733642578125,0.0003,0.0003,0.1
,,,,,205020,679.5894,217,,,,,,,,
,,,,,205239,708.4483,219,,,,,,,,
,,,,,205423,623.5471,184,,,,,,,,
,,,,,205590,514.4509,167,,,,,,,,
,,,,,205791,694.9505,201,,,,,,,,
,,,,,206000,,,-256.8655700683594,-2.682809352874756,10.972301483154297,254.70108032226562,254.60183715820312,0.0003,0.0003,0.1
,,,,,206005,672.0456,214,,,,,,,,
,,,,,206201,675.9236,196,,,,,,,,
,,,,,206409,669.3121,208,,,,,,,,
,,,,,206619,674.97174,210,,,,,,,,
,,,,,206836,692.07654,217,,,,,,,,
,,,,,207000,,,-253.34124755859375,-2.4566493034362793,28.68389892578125,251.69158935546875,251.69219970703125,0.0003,0.0003,0.1
,,,,,207038,690.31854,202,,,,,,,,
,,,,,207225,609.9737,187,,,,,,,,
,,,,,207439,675.1892,214,,,,,,,,
,,,,,207679,774.7273,240,,,,,,,,
,,,,,207891,670.42993,212,,,,,,,,
,,,,,208000,,,-257.6307678222656,-2.491255283355713,30.03463363647461,255.85269165039062,254.76678466796875,0.0003,0.0003,0.1
,,,,,208094,666.2977,203,,,,,,,,
,,,,,208298,701.4231,204,,,,,,,,
,,,,,208515,686.14905,217,,,,,,,,
,,,,,208726,670.67883,211,,,,,,,,
,,,,,208938,653.0866,212,,,,,,,,
,,,,,209000,,,-264.4049377441406,-2.4374420642852783,6.488232612609863,263.1839599609375,263.20428466796875,0.0003,0.0003,0.1
,,,,,209155,674.53015,217,,,,,,,,
,,,,,209359,678.61566,204,,,,,,,,
,,,,,209578,699.71246,219,,,,,,,,
,,,,,209784,673.7508,206,,,,,,,,
,,,,,209996,697.7158,212,,,,,,,,
730.2528,70.55827,918.4191,659.9013,227.3,210000,,,-268.287841796875,-2.1631884574890137,10.444581985473633,266.92010498046875,266.6177062988281,0.0003,0.0003,0.1
,,,,,210213,670.35126,217,,,,,,,,
,,,,,210414,632.6306,201,,,,,,,,
,,,,,210630,682.60443,216,,,,,,,,
,,,,,210840,687.0862,210,,,,,,,,
,,,,,211000,,,-259.1831970214844,-2.6429827213287354,13.713815689086914,257.78802490234375,257.6142578125,0.0003,0.0003,0.1
,,,,,211059,696.0563,219,,,,,,,,
,,,,,211253,639.5534,194,,,,,,,,
,,,,,211462,645.4984,209,,,,,,,,
,,,,,211671,664.5827,209,,,,,,,,
,,,,,211904,765.30176,233,,,,,,,,
,,,,,212000,,,-259.95941162109375,-2.105994701385498,8.729240417480469,258.61309814453125,258.884765625,0.0003,0.0003,0.1
,,,,,212080,600.23,176,,,,,,,,
,,,,,212301,717.2143,221,,,,,,,,
,,,,,212484,622.3983,183,,,,,,,,
,,,,,212699,696.24567,215,,,,,,,,
,,,,,212913,704.6592,214,,,,,,,,
,,,,,213000,,,-261.9189453125,-2.168879985809326,9.335113525390625,260.17657470703125,260.240478515625,0.0003,0.0003,0.1
,,,,,213126,688.5481,213,,,,,,,,
,,,,,213329,685.2442,203,,,,,,,,
,,,,,213520,657.35974,191,,,,,,,,
,,,,,213733,697.0985,213,,,,,,,,
,,,,,213967,759.7327,234,,,,,,,,
,,,,,214000,,,-256.632080078125,-2.1052212715148926,6.871541976928711,255.0152587890625,254.83261108398438,0.0003,0.0003,0.1
,,,,,214172,697.2554,205,,,,,,,,
,,,,,214374,665.10077,202,,,,,,,,
,,,,,214613,814.64685,239,,,,,,,,
,,,,,214825,737.46674,212,,,,,,,,
643.4135,51.410694,715.2964,554.06256,201.4,215000,,,-263.3297119140625,-2.4823157787323,6.069226264953613,261.8605651855469,261.7587890625,0.0003,0.0003,0.1
,,,,,215048,770.3362,223,,,,,,,,
,,,,,215239,618.846,191,,,,,,,,
,,,,,215480,770.8531,241,,,,,,,,
,,,,,215698,726.13385,218,,,,,,,,
,,,,,215923,734.9765,225,,,,,,,,
,,,,,216000,,,-252.00767517089844,-2.6872453689575195,16.474224090576172,248.73629760742188,249.0507354736328,0.0003,0.0003,0.1
,,,,,216144,722.1981,221,,,,,,,,
,,,,,216387,785.301,243,,,,,,,,
,,,,,216551,481.2797,164,,,,,,,,
,,,,,216774,723.2885,223,,,,,,,,
,,,,,216986,686.8939,212,,,,,,,,
,,,,,217000,,,-256.3236389160156,-2.310196876525879,19.87183380126953,253.90042114257812,254.02333068847656,0.0003,0.0003,0.1
,,,,,217202,688.6676,216,,,,,,,,
,,,,,217398,657.96136,196,,,,,,,,
,,,,,217747,1091.4025,349,,,,,,,,
,,,,,217969,713.6056,222,,,,,,,,
,,,,,218000,,,-259.70843505859375,-2.4134199619293213,12.92676067352295,256.3330078125,256.1909484863281,0.0003,0.0003,0.1
,,,,,218154,634.91174,185,,,,,,,,
,,,,,218401,816.2763,247,,,,,,,,
,,,,,218635,814.1359,234,,,,,,,,
,,,,,218752,293.51828,117,,,,,,,,
,,,,,218980,809.81323,228,,,,,,,,
,,,,,219000,,,-258.9884033203125,-2.168842315673828,13.481588363647461,256.69342041015625,256.3595886230469,0.0003,0.0003,0.1
,,,,,219214,761.60974,234,,,,,,,,
,,,,,219446,735.74426,232,,,,,,,,
,,,,,219686,789.4019,240,,,,,,,,
,,,,,219870,620.4285,184,,,,,,,,
638.2125,95.97002,742.07385,390.09402,198.2,220000,,,-260.75909423828125,-2.3764259815216064,8.148003578186035,258.1243896484375,257.79034423828125,0.0003,0.0003,0.1
,,,,,220100,764.25024,230,,,,,,,,
,,,,,220296,662.81946,196,,,,,,,,
,,,,,220506,650.3839,210,,,,,,,,
,,,,,220729,686.11505,223,,,,,,,,
,,,,,220927,644.7913,198,,,,,,,,
,,,,,221000,,,-263.71148681640625,-2.3029186725616455,6.834084510803223,262.44525146484375,262.56085205078125,0.0003,0.0003,0.1
,,,,,221142,726.65546,215,,,,,,,,
,,,,,221349,685.9232,207,,,,,,,,
,,,,,221552,671.53485,203,,,,,,,,
,,,,,221754,683.87616,202,,,,,,,,
,,,,,221939,641.8604,185,,,,,,,,
,,,,,222000,,,-257.0699462890625,-2.3955142498016357,12.295472145080566,256.0286865234375,255.93885803222656,0.0003,0.0003,0.1
,,,,,222143,665.1976,204,,,,,,,,
,,,,,222341,656.5002,198,,,,,,,,
,,,,,222547,695.4876,206,,,,,,,,
,,,,,222755,688.23315,208,,,,,,,,
,,,,,222943,649.9651,188,,,,,,,,
,,,,,223000,,,-262.47149658203125,-2.2549591064453125,13.535511016845703,258.9883117675781,259.1422119140625,0.0003,0.0003,0.1
,,,,,223132,641.79785,189,,,,,,,,
,,,,,223351,702.58325,219,,,,,,,,
,,,,,223553,673.30194,202,,,,,,,,
,,,,,223763,698.08344,210,,,,,,,,
,,,,,224000,,,-274.89862060546875,-2.005213499069214,304.1940612792969,273.4545593261719,272.62310791015625,0.0003,0.0003,0.1
,,,,,224084,1048.3206,321,,,,,,,,
,,,,,224279,658.8507,195,,,,,,,,
,,,,,224453,578.8458,174,,,,,,,,
,,,,,224620,524.50757,167,,,,,,,,
,,,,,224830,646.5247,210,,,,,,,,
647.98553,147.65637,855.04254,277.0848,205.1,225000,,,-272.9805603027344,-2.221841335296631,21.35429573059082,270.03814697265625,270.2019348144531,0.0003,0.0003,0.1
,,,,,225026,581.66846,196,,,,,,,,
,,,,,225220,669.6042,194,,,,,,,,
,,,,,225427,669.87994,207,,,,,,,,
,,,,,225628,670.89264,201,,,,,,,,
,,,,,225835,628.0273,207,,,,,,,,
,,,,,226000,,,-260.53424072265625,-2.108199119567871,18.79987335205078,259.31756591796875,258.94158935546875,0.0003,0.0003,0.1
,,,,,226033,597.9372,198,,,,,,,,
,,,,,226220,601.5559,187,,,,,,,,
,,,,,226463,812.4713,243,,,,,,,,
,,,,,226638,556.2931,175,,,,,,,,
,,,,,226815,579.4176,177,,,,,,,,
,,,,,227000,,,-264.0959777832031,-2.3008487224578857,31.994977951049805,263.1116027832031,262.6978759765625,0.0003,0.0003,0.1
,,,,,227014,653.9238,199,,,,,,,,
,,,,,227206,652.5131,192,,,,,,,,
,,,,,227390,618.18085,184,,,,,,,,
,,,,,227595,690.0525,205,,,,,,,,
,,,,,227790,653.6727,195,,,,,,,,
,,,,,227965,558.8747,175,,,,,,,,
,,,,,228000,,,-272.8654479980469,-1.863663911819458,8.165374755859375,271.3966369628906,271.80328369140625,0.0003,0.0003,0.1
,,,,,228151,644.8144,186,,,,,,,,
,,,,,228336,610.8611,185,,,,,,,,
,,,,,228542,658.77386,206,,,,,,,,
,,,,,228723,606.174,181,,,,,,,,
,,,,,228901,578.1634,178,,,,,,,,
,,,,,229000,,,-267.05743408203125,-1.920855164527893,5.936541557312012,266.1544494628906,266.5306396484375,0.0003,0.0003,0.1
,,,,,229101,646.23224,200,,,,,,,,
,,,,,229285,600.34344,184,,,,,,,,
,,,,,229474,634.56085,189,,,,,,,,
,,,,,229667,669.30005,193,,,,,,,,
,,,,,229869,636.8066,202,,,,,,,,
,,,,,229911,64.207756,42,,,,,,,,
492.3506,32.296112,548.03955,455.55307,169.4,230000,,,-256.0634460449219,-2.3452539443969727,13.936599731445312,254.55599975585938,254.34811401367188,0.0003,0.0003,0.1
,,,,,230068,452.45493,157,,,,,,,,
,,,,,230248,601.33594,180,,,,,,,,
,,,,,230431,601.6416,183,,,,,,,,
,,,,,230653,686.76025,222,,,,,,,,
,,,,,230839,620.8226,186,,,,,,,,
,,,,,231000,,,-255.5454559326172,-2.401273727416992,14.124574661254883,253.33599853515625,252.95242309570312,0.0003,0.0003,0.1
,,,,,231030,643.5312,191,,,,,,,,
,,,,,231213,624.4335,183,,,,,,,,
,,,,,231389,606.7657,176,,,,,,,,
,,,,,231564,583.65857,175,,,,,,,,
,,,,,231750,634.3922,186,,,,,,,,
,,,,,231941,636.0454,191,,,,,,,,
,,,,,232000,,,-260.24969482421875,-2.5339818000793457,10.98006820678711,256.345947265625,256.798095703125,0.0003,0.0003,0.1
,,,,,232111,557.8455,170,,,,,,,,
,,,,,232294,611.3204,183,,,,,,,,
,,,,,232478,602.13043,184,,,,,,,,
,,,,,232655,576.627,177,,,,,,,,
,,,,,232816,527.52344,161,,,,,,,,
,,,,,232985,551.2037,169,,,,,,,,
,,,,,233000,,,-261.6797790527344,-2.5015416145324707,19.41078758239746,260.3980712890625,260.014404296875,0.0003,0.0003,0.1
,,,,,233153,555.82166,168,,,,,,,,
,,,,,233376,726.1817,223,,,,,,,,
,,,,,233548,556.8132,172,,,,,,,,
,,,,,233717,542.0848,169,,,,,,,,
,,,,,233887,562.1731,170,,,,,,,,
,,,,,234000,,,-270.69091796875,-2.285799026489258,14.127435684204102,269.668212890625,269.2259826660156,0.0003,0.0003,0.1
,,,,,234066,596.0464,179,,,,,,,,
,,,,,234247,563.1338,181,,,,,,,,
,,,,,234425,599.37195,178,,,,,,,,
,,,,,234590,477.65112,165,,,,,,,,
,,,,,234770,600.53174,180,,,,,,,,
,,,,,234950,602.46606,180,,,,,,,,
623.489,59.20703,774.74603,556.68805,187.2,235000,,,-262.0960998535156,-2.2758779525756836,18.698551177978516,261.0804443359375,260.93353271484375,0.0003,0.0003,0.1
,,,,,235110,520.4454,160,,,,,,,,
,,,,,235286,611.2977,176,,,,,,,,
,,,,,235470,571.63745,184,,,,,,,,
,,,,,235645,579.9465,175,,,,,,,,
,,,,,235807,528.22815,162,,,,,,,,
,,,,,235954,427.45947,147,,,,,,,,
,,,,,236000,,,-247.06964111328125,-2.852786064147949,11.452415466308594,244.22048950195312,244.4723663330078,0.0003,0.0003,0.1
,,,,,236131,575.7955,177,,,,,,,,
,,,,,236332,689.77606,201,,,,,,,,
,,,,,236474,407.49268,142,,,,,,,,
,,,,,236674,635.44867,200,,,,,,,,
,,,,,236838,521.6425,164,,,,,,,,
,,,,,236971,388.44946,133,,,,,,,,
,,,,,237000,,,-258.89080810546875,-2.197366237640381,11.494476318359375,256.5728759765625,256.6793518066406,0.0003,0.0003,0.1
,,,,,237158,625.2705,187,,,,,,,,
,,,,,237348,619.51324,190,,,,,,,,
,,,,,237526,587.12274,178,,,,,,,,
,,,,,237578,93.536026,52,,,,,,,,
,,,,,237775,621.62085,197,,,,,,,,
,,,,,237982,671.0717,207,,,,,,,,
,,,,,238000,,,-262.15484619140625,-2.5177083015441895,18.1605224609375,260.43267822265625,259.9245910644531,0.0003,0.0003,0.1
,,,,,238168,596.61096,186,,,,,,,,
,,,,,238363,664.2803,195,,,,,,,,
,,,,,238554,650.6654,191,,,,,,,,
,,,,,238693,426.8208,139,,,,,,,,
,,,,,238876,633.52625,183,,,,,,,,
,,,,,239000,,,-254.3131866455078,-2.272409439086914,117.89254760742188,252.9608154296875,252.5220489501953,0.0003,0.0003,0.1
,,,,,239071,640.05225,195,,,,,,,,
,,,,,239214,438.00955,143,,,,,,,,
,,,,,239425,724.0948,211,,,,,,,,
,,,,,239598,563.5288,173,,,,,,,,
,,,,,239779,596.0366,181,,,,,,,,
,,,,,239934,496.67935,155,,,,,,,,
655.0643,89.26085,820.77136,518.3076,198.1,240000,,,-270.914306640625,-1.8989124298095703,7.687370300292969,269.6656799316406,269.57684326171875,0.0003,0.0003,0.1
,,,,,240105,550.12726,171,,,,,,,,
,,,,,240287,583.0277,182,,,,,,,,
,,,,,240506,743.45557,219,,,,,,,,
,,,,,240681,571.6696,175,,,,,,,,
,,,,,240851,564.5684,170,,,,,,,,
,,,,,241000,,,-263.3019714355469,-2.1085598468780518,42.88605499267578,261.71844482421875,262.15460205078125,0.0003,0.0003,0.1
,,,,,241034,628.9905,183,,,,,,,,
,,,,,241205,558.6344,171,,,,,,,,
,,,,,241396,640.15845,191,,,,,,,,
,,,,,241501,217.5448,105,,,,,,,,
,,,,,241695,660.63556,194,,,,,,,,
,,,,,241837,402.6979,142,,,,,,,,
,,,,,242000,,,-259.75067138671875,-2.38315749168396,14.976678848266602,257.0302429199219,256.5078430175781,0.0003,0.0003,0.1
,,,,,242034,669.6418,197,,,,,,,,
,,,,,242206,574.7927,172,,,,,,,,
,,,,,242389,642.6005,183,,,,,,,,
,,,,,242595,701.6885,206,,,,,,,,
,,,,,242761,556.15076,166,,,,,,,,
,,,,,242950,628.27325,189,,,,,,,,
,,,,,243000,,,-261.2787170410156,-2.518012523651123,10.951547622680664,258.7952880859375,259.289794921875,0.0003,0.0003,0.1
,,,,,243141,641.38617,191,,,,,,,,
,,,,,243317,578.9085,176,,,,,,,,
,,,,,243455,390.39124,138,,,,,,,,
,,,,,243651,679.6078,196,,,,,,,,
,,,,,243799,402.66736,148,,,,,,,,
,,,,,243996,667.4924,197,,,,,,,,
,,,,,244000,,,-266.6260986328125,-2.390597105026245,286.6907958984375,265.6201171875,264.887451171875,0.0003,0.0003,0.1
,,,,,244177,598.53,181,,,,,,,,
,,,,,244373,658.8162,196,,,,,,,,
,,,,,244559,656.7222,186,,,,,,,,
,,,,,244748,653.2674,189,,,,,,,,
,,,,,244884,368.98846,136,,,,,,,,
668.7628,33.70179,734.0439,626.6217,196.6,245000,,,-260.9791259765625,-2.2459232807159424,14.303295135498047,257.7895202636719,257.9061584472656,0.0003,0.0003,0.1
,,,,,245041,417.84024,157,,,,,,,,
,,,,,245255,709.7952,214,,,,,,,,
,,,,,245443,660.7994,188,,,,,,,,
,,,,,245643,656.1768,200,,,,,,,,
,,,,,245815,546.35864,172,,,,,,,,
,,,,,246000,,,-260.2071228027344,-2.578455924987793,236.27813720703125,257.3666076660156,258.8114318847656,0.0003,0.0003,0.1
,,,,,246013,671.20306,198,,,,,,,,
,,,,,246226,666.4242,213,,,,,,,,
,,,,,246444,730.4302,218,,,,,,,,
,,,,,246623,586.40753,179,,,,,,,,
,,,,,246817,639.5698,194,,,,,,,,
,,,,,247000,,,-259.1199951171875,-2.2979841232299805,8.457648277282715,257.9984130859375,258.6724548339844,0.0003,0.0003,0.1
,,,,,247007,637.5091,190,,,,,,,,
,,,,,247204,688.9851,197,,,,,,,,
,,,,,247371,530.9538,167,,,,,,,,
,,,,,247569,679.95825,198,,,,,,,,
,,,,,247770,679.3555,201,,,,,,,,
,,,,,247950,615.49854,180,,,,,,,,
,,,,,248000,,,-262.4527893066406,-2.5860371589660645,9.894675254821777,260.3366394042969,260.24395751953125,0.0003,0.0003,0.1
,,,,,248123,570.3626,173,,,,,,,,
,,,,,248319,691.4271,196,,,,,,,,
,,,,,248534,741.5547,215,,,,,,,,
,,,,,248727,655.2415,193,,,,,,,,
,,,,,248926,697.0774,199,,,,,,,,
,,,,,249000,,,-262.15679931640625,-2.820377826690674,14.100720405578613,260.3082580566406,260.8177490234375,0.0003,0.0003,0.1
,,,,,249122,676.63916,196,,,,,,,,
,,,,,249333,696.95593,211,,,,,,,,
,,,,,249527,681.18506,194,,,,,,,,
,,,,,249701,591.38806,174,,,,,,,,
,,,,,249866,532.74335,165,,,,,,,,
631.9533,72.91111,742.30554,483.396,191.8,250000,,,-265.79815673828125,-2.262634038925171,26.501617431640625,263.7881774902344,263.7862548828125,0.0003,0.0003,0.1
,,,,,250073,699.8603,207,,,,,,,,
,,,,,250255,605.04205,182,,,,,,,,
,,,,,250400,438.63272,145,,,,,,,,
,,,,,250570,564.5245,170,,,,,,,,
,,,,,250749,570.79456,179,,,,,,,,
,,,,,250927,565.8134,178,,,,,,,,
,,,,,251000,,,-261.0721740722656,-2.710737466812134,306.87445068359375,257.74346923828125,256.12939453125,0.0003,0.0003,0.1
,,,,,251123,686.22125,196,,,,,,,,
,,,,,251296,559.7457,173,,,,,,,,
,,,,,251475,589.8643,179,,,,,,,,
,,,,,251670,666.06323,195,,,,,,,,
,,,,,251821,393.00977,151,,,,,,,,
,,,,,252000,,,-258.47930908203125,-2.042322874069214,9.843310356140137,257.4478759765625,257.99822998046875,0.0003,0.0003,0.1
,,,,,252026,656.27704,205,,,,,,,,
,,,,,252203,624.9754,177,,,,,,,,
,,,,,252417,682.4782,214,,,,,,,,
,,,,,252601,563.7227,184,,,,,,,,
,,,,,252636,46.330807,35,,,,,,,,
,,,,,252858,690.69507,222,,,,,,,,
,,,,,253000,,,-262.8057861328125,-2.3050904273986816,11.749212265014648,261.74755859375,260.9725341796875,0.0003,0.0003,0.1
,,,,,253098,753.87427,240,,,,,,,,
,,,,,253285,667.86816,187,,,,,,,,
,,,,,253496,695.7883,211,,,,,,,,
,,,,,253692,671.075,196,,,,,,,,
,,,,,253865,569.09375,173,,,,,,,,
,,,,,254000,,,-270.3889465332031,-2.2950592041015625,7.154901504516602,269.19146728515625,269.0546875,0.0003,0.0003,0.1
,,,,,254081,722.92126,216,,,,,,,,
,,,,,254273,565.9012,192,,,,,,,,
,,,,,254450,601.15106,177,,,,,,,,
,,,,,254655,693.2146,205,,,,,,,,
,,,,,254854,668.384,199,,,,,,,,
604.6717,99.45838,748.2458,451.30905,191.4,255000,,,-263.68603515625,-2.2295045852661133,13.606731414794922,262.25286865234375,262.1159362792969,0.0003,0.0003,0.1
,,,,,255037,597.0279,183,,,,,,,,
,,,,,255209,523.2866,172,,,,,,,,
,,,,,255453,785.7981,244,,,,,,,,
,,,,,255654,665.8219,201,,,,,,,,
,,,,,255847,591.1994,193,,,,,,,,
,,,,,256000,,,-265.6646423339844,-2.2911908626556396,10.255743026733398,264.1412048339844,264.0504150390625,0.0003,0.0003,0.1
,,,,,256140,989.76117,293,,,,,,,,
,,,,,256364,628.7254,224,,,,,,,,
,,,,,256384,21.947788,20,,,,,,,,
,,,,,256574,650.9702,190,,,,,,,,
,,,,,256789,714.5517,215,,,,,,,,
,,,,,256989,612.71967,200,,,,,,,,
,,,,,257000,,,-251.22171020507812,-2.1960253715515137,10.513113975524902,249.6416015625,249.55783081054688,0.0003,0.0003,0.1
,,,,,257257,850.16364,268,,,,,,,,
,,,,,257608,1121.4424,351,,,,,,,,
,,,,,257804,641.1477,196,,,,,,,,
,,,,,258000,,,-265.7865295410156,-2.241483688354492,8.324503898620605,264.42852783203125,264.561279296875,0.0003,0.0003,0.1
,,,,,258040,718.5287,236,,,,,,,,
,,,,,258262,697.6038,222,,,,,,,,
,,,,,258532,876.0895,270,,,,,,,,
,,,,,258750,722.73694,218,,,,,,,,
,,,,,259000,,,-264.2532043457031,-2.0210161209106445,11.440997123718262,263.05987548828125,263.1300048828125,0.0003,0.0003,0.1
,,,,,259014,804.05347,264,,,,,,,,
,,,,,259230,714.9307,216,,,,,,,,
,,,,,259426,666.5218,196,,,,,,,,
,,,,,259692,826.54364,266,,,,,,,,
,,,,,259900,548.05066,208,,,,,,,,
618.4783,243.32867,788.5931,133.7049,190.6,260000,,,-269.02020263671875,-2.2987523078918457,10.386995315551758,264.6402587890625,264.4130859375,0.0003,0.0003,0.1
,,,,,260154,794.28253,254,,,,,,,,
,,,,,260336,583.7937,182,,,,,,,,
,,,,,260679,1069.0822,343,,,,,,,,
,,,,,260895,568.7175,216,,,,,,,,
,,,,,261000,,,-271.38555908203125,-2.0935821533203125,8.734524726867676,269.30035400390625,269.39141845703125,0.0003,0.0003,0.1
,,,,,261122,592.41156,227,,,,,,,,
,,,,,261307,585.1235,185,,,,,,,,
,,,,,261515,590.32874,208,,,,,,,,
,,,,,261716,675.1514,201,,,,,,,,
,,,,,261936,684.42755,220,,,,,,,,
,,,,,262000,,,-255.70809936523438,-2.1369056701660156,6.8618879318237305,254.81436157226562,254.61082458496094,0.0003,0.0003,0.1
,,,,,262169,787.889,233,,,,,,,,
,,,,,262356,513.7616,187,,,,,,,,
,,,,,262553,622.85406,197,,,,,,,,
,,,,,262750,642.1855,197,,,,,,,,
,,,,,262994,770.3311,244,,,,,,,,
,,,,,263000,,,-261.009765625,-2.4498801231384277,10.513040542602539,258.758544921875,258.7032470703125,0.0003,0.0003,0.1
,,,,,263174,519.8969,180,,,,,,,,
,,,,,263326,419.80325,152,,,,,,,,
,,,,,263512,630.2421,186,,,,,,,,
,,,,,263701,538.82715,189,,,,,,,,
,,,,,263895,675.3864,194,,,,,,,,
,,,,,264000,,,-268.6903381347656,-1.7999298572540283,6.570141315460205,267.81072998046875,268.0489501953125,0.0003,0.0003,0.1
,,,,,264098,631.7297,203,,,,,,,,
,,,,,264242,343.65207,144,,,,,,,,
,,,,,264440,676.53046,198,,,,,,,,
,,,,,264614,463.34363,174,,,,,,,,
,,,,,264818,657.47003,204,,,,,,,,
543.90027,116.09202,688.3794,377.7624,182.7,265000,,,-262.962890625,-2.372994899749756,10.170452117919922,260.572265625,260.147216796875,0.0003,0.0003,0.1
,,,,,265030,685.983,212,,,,,,,,
,,,,,265293,847.54816,263,,,,,,,,
,,,,,265493,633.70044,200,,,,,,,,
,,,,,265728,743.1505,235,,,,,,,,
,,,,,265930,646.58844,202,,,,,,,,
,,,,,266000,,,-257.1522216796875,-2.14117693901062,8.534977912902832,255.50767517089844,255.26522827148438,0.0003,0.0003,0.1
,,,,,266141,682.6132,211,,,,,,,,
,,,,,266382,761.18463,241,,,,,,,,
,,,,,266570,615.6989,188,,,,,,,,
,,,,,266764,667.59406,194,,,,,,,,
,,,,,266972,685.1061,208,,,,,,,,
,,,,,267000,,,-263.0709533691406,-2.072427272796631,6.295537948608398,261.64605712890625,262.03192138671875,0.0003,0.0003,0.1
,,,,,267170,554.4013,198,,,,,,,,
,,,,,267373,605.8961,203,,,,,,,,
,,,,,267578,664.5206,205,,,,,,,,
,,,,,267760,560.895,182,,,,,,,,
,,,,,267944,630.2781,184,,,,,,,,
,,,,,268000,,,-263.79156494140625,-2.3534512519836426,13.16528606414795,262.1038818359375,261.85174560546875,0.0003,0.0003,0.1
,,,,,268131,608.5666,187,,,,,,,,
,,,,,268313,623.79517,182,,,,,,,,
,,,,,268467,457.7762,154,,,,,,,,
,,,,,268666,644.98627,199,,,,,,,,
,,,,,268852,636.7836,186,,,,,,,,
,,,,,269000,,,-262.5072937011719,-2.3868298530578613,7.3479132652282715,260.5579528808594,260.24603271484375,0.0003,0.0003,0.1
,,,,,269046,587.9928,194,,,,,,,,
,,,,,269262,672.9578,216,,,,,,,,
,,,,,269477,684.61,215,,,,,,,,
,,,,,269707,760.0712,230,,,,,,,,
,,,,,269955,821.52484,248,,,,,,,,
377.5368,105.45411,582.2561,187.67519,136.5,270000,,,-265.17266845703125,-2.2223989963531494,30.255159378051758,262.76336669921875,262.879638671875,0.0003,0.0003,0.1
,,,,,270201,766.33777,246,,,,,,,,
,,,,,270352,445.40497,151,,,,,,,,
,,,,,270477,330.92462,125,,,,,,,,
,,,,,270698,666.1947,221,,,,,,,,
,,,,,270870,530.63074,172,,,,,,,,
,,,,,271000,,,-260.7644348144531,-2.2817695140838623,11.550671577453613,259.3933410644531,258.7880859375,0.0003,0.0003,0.1
,,,,,271042,526.74634,172,,,,,,,,
,,,,,271171,348.72568,129,,,,,,,,
,,,,,271364,608.59644,193,,,,,,,,
,,,,,271492,351.91232,128,,,,,,,,
,,,,,271620,355.77054,128,,,,,,,,
,,,,,271829,734.76373,209,,,,,,,,
,,,,,272000,,,-267.2783203125,-2.369276523590088,12.943382263183594,266.0767822265625,266.00408935546875,0.0003,0.0003,0.1
,,,,,272070,823.0478,241,,,,,,,,
,,,,,272259,570.73914,189,,,,,,,,
,,,,,272464,668.03394,205,,,,,,,,
,,,,,272662,629.34534,198,,,,,,,,
,,,,,272846,582.48254,184,,,,,,,,
,,,,,273000,,,-258.92962646484375,-2.0240864753723145,10.167617797851562,256.81988525390625,256.92364501953125,0.0003,0.0003,0.1
,,,,,273033,628.44305,187,,,,,,,,
,,,,,273231,669.36597,198,,,,,,,,
,,,,,273419,548.5822,188,,,,,,,,
,,,,,273600,586.9963,181,,,,,,,,
,,,,,273791,669.15796,191,,,,,,,,
,,,,,273996,629.37585,205,,,,,,,,
,,,,,274000,,,-257.7783508300781,-2.0107340812683105,9.321847915649414,256.4934387207031,255.904052734375,0.0003,0.0003,0.1
,,,,,274188,558.0271,192,,,,,,,,
,,,,,274336,384.10654,148,,,,,,,,
,,,,,274532,661.595,196,,,,,,,,
,,,,,274735,647.0827,203,,,,,,,,
,,,,,274946,707.53723,211,,,,,,,,
576.7282,71.55145,738.44965,479.69827,187.7,275000,,,-260.6656799316406,-2.2027342319488525,8.888785362243652,259.3982849121094,259.6719970703125,0.0003,0.0003,0.1
,,,,,275135,566.57,189,,,,,,,,
,,,,,275343,665.7387,208,,,,,,,,
,,,,,275522,602.5338,179,,,,,,,,
,,,,,275708,633.38184,186,,,,,,,,
,,,,,275906,673.7112,198,,,,,,,,
,,,,,276000,,,-265.2111511230469,-1.9796265363693237,19.38755226135254,261.86492919921875,262.15264892578125,0.0003,0.0003,0.1
,,,,,276126,755.755,220,,,,,,,,
,,,,,276318,602.2454,192,,,,,,,,
,,,,,276543,766.2257,225,,,,,,,,
,,,,,276731,586.9076,188,,,,,,,,
,,,,,276921,628.8456,190,,,,,,,,
,,,,,277000,,,-253.71197509765625,-2.537205219268799,13.436320304870605,251.59024047851562,251.99790954589844,0.0003,0.0003,0.1
,,,,,277166,855.3838,245,,,,,,,,
,,,,,277357,617.7735,191,,,,,,,,
,,,,,277547,629.2317,190,,,,,,,,
,,,,,277748,632.57074,201,,,,,,,,
,,,,,277943,652.7134,195,,,,,,,,
,,,,,278000,,,-268.5258483886719,-1.8162330389022827,13.726092338562012,266.01708984375,265.7115173339844,0.0003,0.0003,0.1
,,,,,278129,568.03046,186,,,,,,,,
,,,,,278325,613.63043,196,,,,,,,,
,,,,,278505,547.0644,180,,,,,,,,
,,,,,278681,542.87897,176,,,,,,,,
,,,,,278903,735.7266,222,,,,,,,,
,,,,,279000,,,-261.4018859863281,-2.4358620643615723,8.922236442565918,257.780029296875,258.0382385253906,0.0003,0.0003,0.1
,,,,,279105,633.50824,202,,,,,,,,
,,,,,279302,634.57324,197,,,,,,,,
,,,,,279493,649.5151,191,,,,,,,,
,,,,,279692,629.38165,199,,,,,,,,
,,,,,279888,659.74994,196,,,,,,,,
604.3238,143.95312,843.28687,348.36157,187.8,280000,,,-260.974853515625,-2.2804083824157715,9.773702621459961,259.14801025390625,259.2069091796875,0.0003,0.0003,0.1
,,,,,280077,565.77765,189,,,,,,,,
,,,,,280271,629.85455,194,,,,,,,,
,,,,,280460,582.10895,189,,,,,,,,
,,,,,280660,637.5709,200,,,,,,,,
,,,,,280893,774.52295,233,,,,,,,,
,,,,,281000,,,-262.8238830566406,-1.8881933689117432,13.041284561157227,262.0533447265625,261.73480224609375,0.0003,0.0003,0.1
,,,,,281089,602.0361,196,,,,,,,,
,,,,,281367,852.1839,278,,,,,,,,
,,,,,281580,725.8134,213,,,,,,,,
,,,,,281607,33.467434,27,,,,,,,,
,,,,,281795,608.3627,188,,,,,,,,
,,,,,282000,,,-270.1202697753906,-1.7809956073760986,14.058857917785645,268.6921691894531,269.0596923828125,0.0003,0.0003,0.1
,,,,,282038,813.7973,243,,,,,,,,
,,,,,282067,36.357094,29,,,,,,,,
,,,,,282311,849.95685,244,,,,,,,,
,,,,,282506,634.2758,195,,,,,,,,
,,,,,282558,77.95559,52,,,,,,,,
,,,,,282762,663.84595,204,,,,,,,,
,,,,,282966,575.8808,204,,,,,,,,
,,,,,283000,,,-255.9676055908203,-2.7006988525390625,8.111696243286133,255.26010131835938,255.12399291992188,0.0003,0.0003,0.1
,,,,,283259,954.4438,293,,,,,,,,
,,,,,283284,30.703957,25,,,,,,,,
,,,,,283312,34.29599,28,,,,,,,,
,,,,,283504,559.442,192,,,,,,,,
,,,,,283723,688.304,219,,,,,,,,
,,,,,283922,670.5995,199,,,,,,,,
,,,,,283954,41.34707,32,,,,,,,,
,,,,,283979,29.177883,25,,,,,,,,
,,,,,284000,,,-263.5270690917969,-1.9973397254943848,11.298770904541016,262.4622802734375,262.2437744140625,0.0003,0.0003,0.1
,,,,,284170,581.5135,191,,,,,,,,
,,,,,284390,728.9636,220,,,,,,,,
,,,,,284571,546.2726,181,,,,,,,,
,,,,,284829,773.4189,258,,,,,,,,
716.4229,90.385765,892.6364,588.0083,238.3,285000,,,-256.60540771484375,-2.3887767791748047,6.937626838684082,253.47756958007812,253.41741943359375,0.0003,0.0003,0.1
,,,,,285003,431.99252,174,,,,,,,,
,,,,,285241,674.2776,238,,,,,,,,
,,,,,285425,600.8904,184,,,,,,,,
,,,,,285639,684.22107,214,,,,,,,,
,,,,,285938,844.7271,299,,,,,,,,
,,,,,286000,,,-255.31407165527344,-2.23104190826416,15.443408966064453,254.000732421875,253.9282989501953,0.0003,0.0003,0.1
,,,,,286194,806.4514,256,,,,,,,,
,,,,,286420,712.25903,226,,,,,,,,
,,,,,286597,535.8381,177,,,,,,,,
,,,,,286789,568.2042,192,,,,,,,,
,,,,,287000,,,-266.5884094238281,-2.1015684604644775,10.854387283325195,264.74212646484375,264.8016357421875,0.0003,0.0003,0.1
,,,,,287001,726.19977,212,,,,,,,,
,,,,,287239,709.68536,238,,,,,,,,
,,,,,287462,709.7462,223,,,,,,,,
,,,,,287694,712.9243,232,,,,,,,,
,,,,,287887,660.9715,193,,,,,,,,
,,,,,288000,,,-263.6206970214844,-2.416053056716919,18.40562629699707,261.78118896484375,262.31622314453125,0.0003,0.0003,0.1
,,,,,288116,750.7553,229,,,,,,,,
,,,,,288332,732.4123,216,,,,,,,,
,,,,,288619,767.0555,287,,,,,,,,
,,,,,288820,621.1745,201,,,,,,,,
,,,,,289000,,,-262.49658203125,-2.3583245277404785,7.996344566345215,261.4999694824219,260.766357421875,0.0003,0.0003,0.1
,,,,,289062,768.7651,242,,,,,,,,
,,,,,289250,540.1562,188,,,,,,,,
,,,,,289489,705.4251,239,,,,,,,,
,,,,,289665,480.72992,176,,,,,,,,
,,,,,289869,644.8456,204,,,,,,,,
613.53796,88.04025,712.67847,460.02817,201.3,290000,,,-257.43402099609375,-2.6518325805664062,15.923056602478027,256.67266845703125,255.59335327148438,0.0003,0.0003,0.1
,,,,,290054,586.91113,185,,,,,,,,
,,,,,290228,510.5522,174,,,,,,,,
,,,,,290435,650.6284,207,,,,,,,,
,,,,,290620,611.5776,185,,,,,,,,
,,,,,290816,630.481,196,,,,,,,,
,,,,,291000,,,-267.4266662597656,-1.911216378211975,12.535691261291504,266.00054931640625,266.16436767578125,0.0003,0.0003,0.1
,,,,,291053,793.3343,237,,,,,,,,
,,,,,291270,672.2086,217,,,,,,,,
,,,,,291459,553.14996,189,,,,,,,,
,,,,,291660,702.7536,201,,,,,,,,
,,,,,291853,592.5908,193,,,,,,,,
,,,,,292000,,,-262.7442321777344,-2.1480278968811035,8.235184669494629,261.39532470703125,261.52020263671875,0.0003,0.0003,0.1
,,,,,292049,647.00934,196,,,,,,,,
,,,,,292264,678.771,215,,,,,,,,
,,,,,292453,605.42505,189,,,,,,,,
,,,,,292683,650.2076,230,,,,,,,,
,,,,,292924,759.9563,241,,,,,,,,
,,,,,293000,,,-263.7279052734375,-1.991670846939087,12.85888671875,260.8840637207031,261.17987060546875,0.0003,0.0003,0.1
,,,,,293137,669.5695,213,,,,,,,,
,,,,,293344,651.4569,207,,,,,,,,
,,,,,293384,68.557686,40,,,,,,,,
,,,,,293587,680.82556,203,,,,,,,,
,,,,,293802,700.78534,215,,,,,,,,
,,,,,294000,,,-262.5585632324219,-1.949281096458435,10.150693893432617,260.8192138671875,260.9161376953125,0.0003,0.0003,0.1
,,,,,294055,795.95325,253,,,,,,,,
,,,,,294206,385.39365,151,,,,,,,,
,,,,,294396,622.1884,190,,,,,,,,
,,,,,294591,644.0727,195,,,,,,,,
,,,,,294784,606.0569,193,,,,,,,,
,,,,,294980,644.67,196,,,,,,,,
669.6615,53.53223,766.3837,569.12225,196.7,295000,,,-256.69207763671875,-2.3394665718078613,19.473438262939453,253.48989868164062,253.86953735351562,0.0003,0.0003,0.1
,,,,,295138,454.27078,158,,,,,,,,
,,,,,295361,717.60333,223,,,,,,,,
,,,,,295505,386.7581,144,,,,,,,,
,,,,,295704,650.81775,199,,,,,,,,
,,,,,295884,592.7628,180,,,,,,,,
,,,,,296000,,,-266.8669128417969,-1.9686980247497559,11.894519805908203,264.50445556640625,264.37628173828125,0.0003,0.0003,0.1
,,,,,296086,632.8295,202,,,,,,,,
,,,,,296295,649.728,209,,,,,,,,
,,,,,296505,704.5501,210,,,,,,,,
,,,,,296685,568.88495,180,,,,,,,,
,,,,,296904,725.2566,219,,,,,,,,
,,,,,297000,,,-264.8438720703125,-2.304046392440796,8.20047664642334,263.66790771484375,263.59600830078125,0.0003,0.0003,0.1
,,,,,297091,607.5861,187,,,,,,,,
,,,,,297299,659.07935,208,,,,,,,,
,,,,,297492,652.52954,193,,,,,,,,
,,,,,297696,649.47876,204,,,,,,,,
,,,,,297912,724.6289,216,,,,,,,,
,,,,,298000,,,-253.3597412109375,-2.03586483001709,10.818134307861328,252.4015655517578,251.52798461914062,0.0003,0.0003,0.1
,,,,,298108,592.86743,196,,,,,,,,
,,,,,298343,798.8513,235,,,,,,,,
,,,,,298581,793.4196,238,,,,,,,,
,,,,,298779,625.31415,198,,,,,,,,
,,,,,298979,633.8719,200,,,,,,,,
,,,,,299000,,,-259.7186279296875,-2.369872808456421,7.869579315185547,256.0732116699219,256.5437316894531,0.0003,0.0003,0.1
,,,,,299205,700.5013,226,,,,,,,,
,,,,,299412,663.91113,207,,,,,,,,
,,,,,299622,720.3986,210,,,,,,,,
,,,,,299815,618.389,193,,,,,,,,
,,,,,299998,550.24225,183,,,,,,,,
637.8924,72.79875,783.08295,520.68756,200.3,300000,,,-260.93829345703125,-2.193002223968506,51.064212799072266,258.1492919921875,258.6410217285156,0.0003,0.0003,0.1
,,,,,300210,727.7221,212,,,,,,,,
,,,,,300410,623.9422,200,,,,,,,,
,,,,,300585,521.591,175,,,,,,,,
,,,,,300775,599.0692,190,,,,,,,,
,,,,,300971,600.74054,196,,,,,,,,
,,,,,301000,,,-256.9556579589844,-2.37703013420105,14.815471649169922,254.32180786132812,254.42691040039062,0.0003,0.0003,0.1
,,,,,301155,621.41614,184,,,,,,,,
,,,,,301354,627.75934,199,,,,,,,,
,,,,,301562,699.45264,208,,,,,,,,
,,,,,301751,587.4161,189,,,,,,,,
,,,,,301963,737.72253,212,,,,,,,,
,,,,,302000,,,-257.73175048828125,-2.3131818771362305,14.287982940673828,256.79754638671875,257.2694091796875,0.0003,0.0003,0.1
,,,,,302141,523.82336,178,,,,,,,,
,,,,,302348,694.69543,207,,,,,,,,
,,,,,302546,636.27466,198,,,,,,,,
,,,,,302752,634.5904,206,,,,,,,,
,,,,,302939,550.5844,187,,,,,,,,
,,,,,303000,,,-269.49029541015625,-2.108058214187622,6.220174789428711,268.5715026855469,268.5028076171875,0.0003,0.0003,0.1
,,,,,303024,177.52092,85,,,,,,,,
,,,,,303232,673.52985,208,,,,,,,,
,,,,,303407,528.7888,175,,,,,,,,
,,,,,303610,680.52094,203,,,,,,,,
,,,,,303818,685.84674,208,,,,,,,,
,,,,,303998,577.8871,180,,,,,,,,
,,,,,304000,,,-269.5539855957031,-1.9851551055908203,9.127408981323242,268.6180114746094,268.75,0.0003,0.0003,0.1
,,,,,304185,580.7208,187,,,,,,,,
,,,,,304379,639.98895,194,,,,,,,,
,,,,,304591,698.245,212,,,,,,,,
,,,,,304841,935.74963,250,,,,,,,,
709.59534,27.463898,768.0105,667.4341,206.9,305000,,,-261.5226135253906,-2.2618203163146973,10.519190788269043,260.0513916015625,260.3808288574219,0.0003,0.0003,0.1
,,,,,305049,702.42285,208,,,,,,,,
,,,,,305271,737.93756,222,,,,,,,,
,,,,,305483,726.63165,212,,,,,,,,
,,,,,305681,608.40814,198,,,,,,,,
,,,,,305866,559.8668,185,,,,,,,,
,,,,,306000,,,-255.55345153808594,-2.039339065551758,11.35525131225586,254.50668334960938,254.14422607421875,0.0003,0.0003,0.1
,,,,,306071,688.10175,205,,,,,,,,
,,,,,306259,637.1021,188,,,,,,,,
,,,,,306465,678.45245,206,,,,,,,,
,,,,,306663,660.1901,198,,,,,,,,
,,,,,306843,528.71454,180,,,,,,,,
,,,,,307000,,,-262.2917785644531,-2.2267301082611084,11.610495567321777,260.8851318359375,260.51776123046875,0.0003,0.0003,0.1
,,,,,307092,851.68134,249,,,,,,,,
,,,,,307276,545.7651,184,,,,,,,,
,,,,,307471,629.7229,195,,,,,,,,
,,,,,307698,769.88824,227,,,,,,,,
,,,,,307903,690.7505,205,,,,,,,,
,,,,,308000,,,-259.4676208496094,-2.4019250869750977,11.958962440490723,257.66448974609375,257.5059509277344,0.0003,0.0003,0.1
,,,,,308104,659.6553,201,,,,,,,,
,,,,,308275,536.9869,171,,,,,,,,
,,,,,308476,660.13354,201,,,,,,,,
,,,,,308713,873.82214,237,,,,,,,,
,,,,,308916,669.7571,203,,,,,,,,
,,,,,309000,,,-266.03424072265625,-2.2002434730529785,193.25692749023438,264.903076171875,264.42791748046875,0.0003,0.0003,0.1
,,,,,309145,769.4679,229,,,,,,,,
,,,,,309400,877.6373,255,,,,,,,,
,,,,,309603,687.7618,203,,,,,,,,
,,,,,309774,509.8358,171,,,,,,,,
,,,,,309974,674.22266,200,,,,,,,,
717.40546,241.27396,908.036,29.231285,210.0,310000,,,-262.3877258300781,-2.018878698348999,16.38905143737793,261.29351806640625,260.6358337402344,0.0003,0.0003,0.1
,,,,,310148,521.5892,174,,,,,,,,
,,,,,310328,552.85046,180,,,,,,,,
,,,,,310576,867.3642,248,,,,,,,,
,,,,,310826,845.57355,250,,,,,,,,
,,,,,311000,,,-265.5195617675781,-2.3334994316101074,22.34864044189453,263.2989196777344,262.32757568359375,0.0003,0.0003,0.1
,,,,,311053,772.19836,227,,,,,,,,
,,,,,311263,730.62604,210,,,,,,,,
,,,,,311447,574.10657,184,,,,,,,,
,,,,,311689,778.6563,242,,,,,,,,
,,,,,311933,817.006,244,,,,,,,,
,,,,,312000,,,-259.4521179199219,-2.390585422515869,12.424932479858398,257.93408203125,258.00732421875,0.0003,0.0003,0.1
,,,,,312114,524.10596,181,,,,,,,,
,,,,,312340,749.3998,226,,,,,,,,
,,,,,312588,814.56805,248,,,,,,,,
,,,,,312776,561.4587,188,,,,,,,,
,,,,,312950,513.9619,174,,,,,,,,
,,,,,313000,,,-266.7102355957031,-1.9585802555084229,7.624635696411133,266.3495788574219,265.4385986328125,0.0003,0.0003,0.1
,,,,,313161,721.65686,211,,,,,,,,
,,,,,313435,972.3139,274,,,,,,,,
,,,,,313673,764.52606,238,,,,,,,,
,,,,,313893,733.4495,220,,,,,,,,
,,,,,314000,,,-268.3326110839844,-1.9009521007537842,7.6077494621276855,267.09906005859375,267.0666198730469,0.0003,0.0003,0.1
,,,,,314077,575.5558,184,,,,,,,,
,,,,,314253,533.89813,176,,,,,,,,
,,,,,314452,591.81146,199,,,,,,,,
,,,,,314703,797.19867,251,,,,,,,,
,,,,,314884,553.0101,181,,,,,,,,
544.3121,162.71823,719.77405,76.39845,178.8,315000,,,-267.85894775390625,-1.8715423345565796,6.6509690284729,266.662841796875,266.97406005859375,0.0003,0.0003,0.1
,,,,,315058,524.8705,174,,,,,,,,
,,,,,315274,710.63776,216,,,,,,,,
,,,,,315445,508.6445,171,,,,,,,,
,,,,,315621,505.87854,176,,,,,,,,
,,,,,315772,403.3464,151,,,,,,,,
,,,,,315976,682.34045,204,,,,,,,,
,,,,,316000,,,-263.1722412109375,-2.4663493633270264,13.637908935546875,261.4748229980469,261.36785888671875,0.0003,0.0003,0.1
,,,,,316156,541.70245,180,,,,,,,,
,,,,,316389,783.56934,233,,,,,,,,
,,,,,316577,587.3263,188,,,,,,,,
,,,,,316764,601.74384,187,,,,,,,,
,,,,,316960,658.1162,196,,,,,,,,
,,,,,317000,,,-256.5450439453125,-2.1901378631591797,10.899046897888184,255.51284790039062,255.6997528076172,0.0003,0.0003,0.1
,,,,,317206,845.8483,246,,,,,,,,
,,,,,317409,635.4673,203,,,,,,,,
,,,,,317595,546.95526,186,,,,,,,,
,,,,,317787,592.98376,192,,,,,,,,
,,,,,317956,509.4947,169,,,,,,,,
,,,,,318000,,,-267.7730712890625,-1.8812546730041504,19.384288787841797,265.6953430175781,265.448974609375,0.0003,0.0003,0.1
,,,,,318167,686.35077,211,,,,,,,,
,,,,,318360,619.55505,193,,,,,,,,
,,,,,318558,676.4143,198,,,,,,,,
,,,,,318743,613.00696,185,,,,,,,,
,,,,,318952,715.42035,209,,,,,,,,
,,,,,319000,,,-266.7214050292969,-2.2495546340942383,19.20661735534668,264.0447692871094,264.52001953125,0.0003,0.0003,0.1
,,,,,319159,675.6219,207,,,,,,,,
,,,,,319371,681.20856,212,,,,,,,,
,,,,,319626,945.0848,255,,,,,,,,
,,,,,319792,500.72977,166,,,,,,,,
,,,,,319959,513.4164,167,,,,,,,,
761.6559,109.461655,952.746,622.743,227.1,320000,,,-262.3641662597656,-2.2271475791931152,25.899765014648438,260.5448303222656,261.1829833984375,0.0003,0.0003,0.1
,,,,,320180,754.2893,221,,,,,,,,
,,,,,320383,650.8275,203,,,,,,,,
,,,,,320583,660.34937,200,,,,,,,,
,,,,,320802,699.8721,219,,,,,,,,
,,,,,321000,,,-256.2205505371094,-2.5400447845458984,11.862311363220215,253.76966857910156,254.45620727539062,0.0003,0.0003,0.1
,,,,,321009,666.32416,207,,,,,,,,
,,,,,321229,712.13586,220,,,,,,,,
,,,,,321441,673.95844,212,,,,,,,,
,,,,,321641,635.37067,200,,,,,,,,
,,,,,321880,806.4943,239,,,,,,,,
,,,,,322000,,,-260.8848571777344,-2.183112144470215,11.681827545166016,260.15606689453125,259.93902587890625,0.0003,0.0003,0.1
,,,,,322110,747.8351,230,,,,,,,,
,,,,,322315,674.18353,205,,,,,,,,
,,,,,322557,833.4754,242,,,,,,,,
,,,,,322813,898.0057,256,,,,,,,,
,,,,,323000,,,-268.3274841308594,-2.212136745452881,5.079071998596191,266.0081787109375,265.80401611328125,0.0003,0.0003,0.1
,,,,,323049,835.4552,236,,,,,,,,
,,,,,323252,709.4701,203,,,,,,,,
,,,,,323458,709.46967,206,,,,,,,,
,,,,,323684,742.11865,226,,,,,,,,
,,,,,323910,728.9466,226,,,,,,,,
,,,,,324000,,,-256.1214904785156,-2.1292457580566406,9.706344604492188,254.74978637695312,255.01377868652344,0.0003,0.0003,0.1
,,,,,324114,632.94257,204,,,,,,,,
,,,,,324286,500.4718,172,,,,,,,,
,,,,,324453,545.8554,167,,,,,,,,
,,,,,324634,588.4195,181,,,,,,,,
,,,,,324836,644.77185,202,,,,,,,,
660.9491,98.31954,836.5653,496.5608,205.0,325000,,,-263.0804748535156,-1.8960720300674438,47.70170211791992,260.6455078125,260.63037109375,0.0003,0.0003,0.1
,,,,,325044,652.4239,208,,,,,,,,
,,,,,325219,511.0876,175,,,,,,,,
,,,,,325425,647.13074,206,,,,,,,,
,,,,,325658,748.2206,233,,,,,,,,
,,,,,325880,742.2723,222,,,,,,,,
,,,,,326000,,,-259.24932861328125,-2.276336908340454,94.13612365722656,257.0167236328125,256.11993408203125,0.0003,0.0003,0.1
,,,,,326085,741.6562,205,,,,,,,,
,,,,,326272,588.597,187,,,,,,,,
,,,,,326491,740.55145,219,,,,,,,,
,,,,,326708,760.14264,217,,,,,,,,
,,,,,326916,715.30194,208,,,,,,,,
,,,,,327000,,,-271.2098083496094,-2.4125523567199707,5.911756992340088,269.28118896484375,269.73370361328125,0.0003,0.0003,0.1
,,,,,327125,644.90576,209,,,,,,,,
,,,,,327187,124.399864,62,,,,,,,,
,,,,,327425,808.98303,238,,,,,,,,
,,,,,327644,723.4379,219,,,,,,,,
,,,,,327811,531.3881,167,,,,,,,,
,,,,,327875,128.10385,64,,,,,,,,
,,,,,328000,,,-264.4331359863281,-1.898323893547058,7.15362024307251,263.6282043457031,263.8446044921875,0.0003,0.0003,0.1
,,,,,328087,717.58325,212,,,,,,,,
,,,,,328292,664.0997,205,,,,,,,,
,,,,,328503,747.4352,211,,,,,,,,
,,,,,328630,360.30493,127,,,,,,,,
,,,,,328816,590.7042,186,,,,,,,,
,,,,,329000,,,-263.08953857421875,-1.9420890808105469,24.401798248291016,261.54022216796875,261.0373840332031,0.0003,0.0003,0.1
,,,,,329017,682.9758,201,,,,,,,,
,,,,,329217,699.62897,200,,,,,,,,
,,,,,329421,647.59357,204,,,,,,,,
,,,,,329617,665.3037,196,,,,,,,,
,,,,,329833,685.6077,216,,,,,,,,
665.66327,191.11913,787.4611,107.92362,201.7,330000,,,-268.36187744140625,-1.9277311563491821,7.370587348937988,267.4745788574219,267.6802673339844,0.0003,0.0003,0.1
,,,,,330033,607.2891,200,,,,,,,,
,,,,,330253,751.9095,220,,,,,,,,
,,,,,330458,683.05194,205,,,,,,,,
,,,,,330600,418.78735,142,,,,,,,,
,,,,,330805,684.34875,205,,,,,,,,
,,,,,331000,,,-262.458984375,-2.0469958782196045,18.039276123046875,260.8807678222656,261.11798095703125,0.0003,0.0003,0.1
,,,,,331014,674.90533,209,,,,,,,,
,,,,,331132,326.22406,118,,,,,,,,
,,,,,331312,546.1094,180,,,,,,,,
,,,,,331519,722.4729,207,,,,,,,,
,,,,,331724,653.17755,205,,,,,,,,
,,,,,331824,255.66527,100,,,,,,,,
,,,,,332000,,,-257.15997314453125,-2.310614824295044,14.397111892700195,253.84268188476562,253.77093505859375,0.0003,0.0003,0.1
,,,,,332077,881.306,253,,,,,,,,
,,,,,332267,599.99274,190,,,,,,,,
,,,,,332508,833.88196,241,,,,,,,,
,,,,,332712,654.5122,204,,,,,,,,
,,,,,332910,648.75854,198,,,,,,,,
,,,,,333000,,,-275.9139709472656,-1.7120388746261597,6.012570858001709,274.9108581542969,275.1944885253906,0.0003,0.0003,0.1
,,,,,333105,597.95557,195,,,,,,,,
,,,,,333229,355.48187,124,,,,,,,,
,,,,,333412,549.7402,183,,,,,,,,
,,,,,333437,29.230045,25,,,,,,,,
,,,,,333624,594.0707,187,,,,,,,,
,,,,,333815,616.76086,191,,,,,,,,
,,,,,334000,,,-263.6686096191406,-2.1469969749450684,9.983850479125977,262.65484619140625,262.7141418457031,0.0003,0.0003,0.1
,,,,,334024,738.0857,209,,,,,,,,
,,,,,334180,491.47183,156,,,,,,,,
,,,,,334367,606.6582,187,,,,,,,,
,,,,,334580,775.3838,213,,,,,,,,
,,,,,334782,662.4231,202,,,,,,,,
,,,,,334923,441.54712,141,,,,,,,,
530.37427,225.36421,822.9327,104.072,166.9,335000,,,-258.5095520019531,-1.841738224029541,9.025806427001953,257.3936462402344,258.12518310546875,0.0003,0.0003,0.1
,,,,,335037,315.28632,114,,,,,,,,
,,,,,335088,96.73163,51,,,,,,,,
,,,,,335142,106.780136,54,,,,,,,,
,,,,,335243,257.10645,101,,,,,,,,
,,,,,335426,567.4542,183,,,,,,,,
,,,,,335619,663.1303,193,,,,,,,,
,,,,,335670,96.43151,51,,,,,,,,
,,,,,335870,614.91205,200,,,,,,,,
,,,,,336000,,,-270.9848937988281,-2.043657064437866,10.743328094482422,268.75201416015625,269.1045227050781,0.0003,0.0003,0.1
,,,,,336108,808.7222,238,,,,,,,,
,,,,,336314,703.41394,206,,,,,,,,
,,,,,336536,754.24194,222,,,,,,,,
,,,,,336611,148.53635,75,,,,,,,,
,,,,,336737,356.88797,126,,,,,,,,
,,,,,336979,888.19916,242,,,,,,,,
,,,,,337000,,,-260.328369140625,-2.072711706161499,12.085744857788086,259.49761962890625,260.17828369140625,0.0003,0.0003,0.1
,,,,,337179,637.20715,200,,,,,,,,
,,,,,337417,887.8547,238,,,,,,,,
,,,,,337658,902.7022,241,,,,,,,,
,,,,,337851,630.12164,193,,,,,,,,
,,,,,338000,,,-261.1774597167969,-2.076101779937744,10.153769493103027,259.52581787109375,259.6587829589844,0.0003,0.0003,0.1
,,,,,338061,730.4265,210,,,,,,,,
,,,,,338275,784.1833,214,,,,,,,,
,,,,,338477,709.6317,202,,,,,,,,
,,,,,338643,534.29205,166,,,,,,,,
,,,,,338890,819.2763,247,,,,,,,,
,,,,,339000,,,-261.87774658203125,-1.7170490026474,5.817739486694336,259.9214782714844,259.93328857421875,0.0003,0.0003,0.1
,,,,,339005,305.3366,115,,,,,,,,
,,,,,339213,741.2291,208,,,,,,,,
,,,,,339406,666.7357,193,,,,,,,,
,,,,,339618,722.6037,212,,,,,,,,
,,,,,339807,597.8694,189,,,,,,,,
,,,,,339938,378.95358,131,,,,,,,,
705.5537,131.25764,911.2582,453.07724,203.2,340000,,,-262.3179016113281,-1.714228630065918,26.96982765197754,261.3440856933594,261.12744140625,0.0003,0.0003,0.1
,,,,,340133,670.82874,195,,,,,,,,
,,,,,340332,733.88727,199,,,,,,,,
,,,,,340501,528.2927,169,,,,,,,,
,,,,,340719,798.73505,218,,,,,,,,
,,,,,340900,604.7985,181,,,,,,,,
,,,,,341000,,,-265.19256591796875,-2.3969669342041016,5.292407035827637,263.76470947265625,263.6845703125,0.0003,0.0003,0.1
,,,,,341126,807.5485,226,,,,,,,,
,,,,,341347,804.473,221,,,,,,,,
,,,,,341550,673.4783,203,,,,,,,,
,,,,,341752,633.4639,202,,,,,,,,
,,,,,341946,685.8602,194,,,,,,,,
,,,,,342000,,,-250.86566162109375,-2.2218432426452637,24.985319137573242,249.77806091308594,248.99118041992188,0.0003,0.0003,0.1
,,,,,342159,751.4206,213,,,,,,,,
,,,,,342366,668.8047,207,,,,,,,,
,,,,,342573,744.6259,207,,,,,,,,
,,,,,342772,657.7527,199,,,,,,,,
,,,,,342980,750.0742,208,,,,,,,,
,,,,,343000,,,-257.8595886230469,-2.0615720748901367,8.738189697265625,256.8414001464844,256.7601623535156,0.0003,0.0003,0.1
,,,,,343168,638.212,188,,,,,,,,
,,,,,343371,704.80975,203,,,,,,,,
,,,,,343558,591.1477,187,,,,,,,,
,,,,,343748,613.38184,190,,,,,,,,
,,,,,343942,661.8285,194,,,,,,,,
,,,,,344000,,,-249.68023681640625,-2.308664560317993,17.346588134765625,247.55894470214844,248.081298828125,0.0003,0.0003,0.1
,,,,,344208,904.2786,266,,,,,,,,
,,,,,344448,840.67487,240,,,,,,,,
,,,,,344578,391.96524,130,,,,,,,,
,,,,,344797,700.81146,219,,,,,,,,
831.4378,39.2198,908.0692,775.9862,234.0,345000,,,-261.7162170410156,-2.0216808319091797,7.531123161315918,260.39923095703125,260.7530517578125,0.0003,0.0003,0.1
,,,,,345009,705.4059,212,,,,,,,,
,,,,,345198,539.73627,189,,,,,,,,
,,,,,345390,626.7239,192,,,,,,,,
,,,,,345634,833.782,244,,,,,,,,
,,,,,345851,798.3264,217,,,,,,,,
,,,,,346000,,,-263.7051086425781,-2.3590145111083984,10.848085403442383,261.400390625,261.1300048828125,0.0003,0.0003,0.1
,,,,,346061,717.51086,210,,,,,,,,
,,,,,346263,686.391,202,,,,,,,,
,,,,,346471,746.1859,208,,,,,,,,
,,,,,346511,61.561356,40,,,,,,,,
,,,,,346723,759.88184,212,,,,,,,,
,,,,,346921,680.6603,198,,,,,,,,
,,,,,347000,,,-264.45086669921875,-1.8031888008117676,6.075442790985107,262.8831787109375,262.62310791015625,0.0003,0.0003,0.1
,,,,,347144,778.74786,223,,,,,,,,
,,,,,347365,820.84186,221,,,,,,,,
,,,,,347571,658.09906,206,,,,,,,,
,,,,,347785,707.5283,214,,,,,,,,
,,,,,347994,688.53735,209,,,,,,,,
,,,,,348000,,,-265.0162658691406,-1.8886487483978271,9.259930610656738,261.02557373046875,260.9211730957031,0.0003,0.0003,0.1
,,,,,348188,604.7476,194,,,,,,,,
,,,,,348413,797.1136,225,,,,,,,,
,,,,,348646,847.6599,233,,,,,,,,
,,,,,348853,721.9582,207,,,,,,,,
,,,,,349000,,,-263.7412109375,-2.005176544189453,11.103521347045898,260.7986145019531,261.1827392578125,0.0003,0.0003,0.1
,,,,,349053,628.3955,200,,,,,,,,
,,,,,349295,894.8257,242,,,,,,,,
,,,,,349511,744.8604,216,,,,,,,,
,,,,,349716,672.05597,205,,,,,,,,
,,,,,349921,733.4439,205,,,,,,,,
758.86676,56.993145,827.5479,654.9729,214.5,350000,,,-250.72567749023438,-2.3029890060424805,9.815986633300781,248.17897033691406,248.9515380859375,0.0003,0.0003,0.1
,,,,,350111,649.14594,190,,,,,,,,
,,,,,350299,579.9569,188,,,,,,,,
,,,,,350531,757.4336,232,,,,,,,,
,,,,,350696,502.9477,165,,,,,,,,
,,,,,350895,663.78455,199,,,,,,,,
,,,,,351000,,,-266.6448974609375,-1.9609185457229614,6.399059772491455,264.579345703125,264.1094970703125,0.0003,0.0003,0.1
,,,,,351089,585.6005,194,,,,,,,,
,,,,,351286,643.1067,197,,,,,,,,
,,,,,351523,833.46826,237,,,,,,,,
,,,,,351684,481.85294,161,,,,,,,,
,,,,,351904,712.10925,220,,,,,,,,
,,,,,352000,,,-261.9205017089844,-1.7299678325653076,6.003063678741455,258.85357666015625,258.6682434082031,0.0003,0.0003,0.1
,,,,,352121,770.7142,217,,,,,,,,
,,,,,352287,499.47543,166,,,,,,,,
,,,,,352501,774.588,214,,,,,,,,
,,,,,352694,673.49634,193,,,,,,,,
,,,,,352923,776.46136,229,,,,,,,,
,,,,,353000,,,-267.3711853027344,-2.2676873207092285,11.394917488098145,266.3392028808594,266.1929931640625,0.0003,0.0003,0.1
,,,,,353149,798.3193,226,,,,,,,,
,,,,,353367,724.08594,218,,,,,,,,
,,,,,353567,663.51636,200,,,,,,,,
,,,,,353786,740.4711,219,,,,,,,,
,,,,,354000,,,-262.3782043457031,-2.0451273918151855,6.4546122550964355,260.6805419921875,261.046630859375,0.0003,0.0003,0.1
,,,,,354003,728.2454,217,,,,,,,,
,,,,,354230,800.64954,227,,,,,,,,
,,,,,354444,723.57965,214,,,,,,,,
,,,,,354671,832.30054,227,,,,,,,,
,,,,,354891,731.58575,220,,,,,,,,
661.3112,58.82508,764.1147,579.9073,202.4,355000,,,-261.63037109375,-2.325976848602295,14.843753814697266,260.1939697265625,260.3801574707031,0.0003,0.0003,0.1
,,,,,355121,792.4028,230,,,,,,,,
,,,,,355324,704.80005,203,,,,,,,,
,,,,,355528,725.8249,204,,,,,,,,
,,,,,355728,712.9059,200,,,,,,,,
,,,,,355955,814.43964,227,,,,,,,,
,,,,,356000,,,-259.2000732421875,-2.3371129035949707,7.445101261138916,258.16864013671875,258.40472412109375,0.0003,0.0003,0.1
,,,,,356183,782.8745,228,,,,,,,,
,,,,,356377,632.30206,194,,,,,,,,
,,,,,356573,609.33887,196,,,,,,,,
,,,,,356788,749.3197,215,,,,,,,,
,,,,,356984,657.6503,196,,,,,,,,
,,,,,357000,,,-260.1975402832031,-1.7392524480819702,4.575488567352295,259.2397155761719,259.1768493652344,0.0003,0.0003,0.1
,,,,,357173,651.9122,189,,,,,,,,
,,,,,357456,898.2118,283,,,,,,,,
,,,,,357673,806.93976,217,,,,,,,,
,,,,,357862,664.3695,189,,,,,,,,
,,,,,358000,,,-265.7339782714844,-2.2826271057128906,44.28987503051758,262.879150390625,262.12957763671875,0.0003,0.0003,0.1
,,,,,358009,400.20142,147,,,,,,,,
,,,,,358217,712.0873,208,,,,,,,,
,,,,,358410,688.8032,193,,,,,,,,
,,,,,358603,675.0167,193,,,,,,,,
,,,,,358827,811.57,224,,,,,,,,
,,,,,359000,,,-258.2816467285156,-2.0579071044921875,5.1356706619262695,256.8448486328125,257.18902587890625,0.0003,0.0003,0.1
,,,,,359032,706.20404,205,,,,,,,,
,,,,,359250,764.93,218,,,,,,,,
,,,,,359505,885.838,255,,,,,,,,
,,,,,359707,709.64954,202,,,,,,,,
,,,,,359928,795.98883,221,,,,,,,,
682.6323,51.7903,788.97943,615.39844,207.0,360000,,,-271.3416748046875,-2.0424458980560303,16.170063018798828,269.52545166015625,269.23828125,0.0003,0.0003,0.1
,,,,,360127,646.8355,199,,,,,,,,
,,,,,360344,690.47675,217,,,,,,,,
,,,,,360580,818.7276,236,,,,,,,,
,,,,,360748,460.2603,168,,,,,,,,
,,,,,360957,704.2475,209,,,,,,,,
,,,,,361000,,,-257.89996337890625,-2.1854100227355957,7.776198863983154,256.9169921875,256.9896240234375,0.0003,0.0003,0.1
,,,,,361155,660.1961,198,,,,,,,,
,,,,,361353,683.52893,198,,,,,,,,
,,,,,361596,827.0632,243,,,,,,,,
,,,,,361800,636.8835,204,,,,,,,,
,,,,,361984,610.4377,184,,,,,,,,
,,,,,362000,,,-266.7692565917969,-2.159233808517456,50.68304443359375,265.0268249511719,264.52752685546875,0.0003,0.0003,0.1
,,,,,362202,780.8921,218,,,,,,,,
,,,,,362388,567.6382,186,,,,,,,,
,,,,,362606,743.0103,218,,,,,,,,
,,,,,362766,454.37537,160,,,,,,,,
,,,,,363000,,,-260.7449035644531,-1.9321231842041016,6.951793193817139,258.39691162109375,258.414306640625,0.0003,0.0003,0.1
,,,,,363015,885.1493,249,,,,,,,,
,,,,,363219,614.79944,204,,,,,,,,
,,,,,363401,534.5529,182,,,,,,,,
,,,,,363599,717.178,198,,,,,,,,
,,,,,363849,861.3442,250,,,,,,,,
,,,,,364000,,,-259.9267883300781,-1.9522182941436768,22.99775505065918,258.7545166015625,258.35711669921875,0.0003,0.0003,0.1
,,,,,364055,731.40485,206,,,,,,,,
,,,,,364313,898.42255,258,,,,,,,,
,,,,,364528,772.56415,215,,,,,,,,
,,,,,364759,780.8354,231,,,,,,,,
,,,,,364964,659.1296,205,,,,,,,,
99.99976,149.95673,549.76135,44.094215,45.0,365000,,,-268.48614501953125,-2.455474853515625,21.7471923828125,266.0831298828125,266.834716796875,0.0003,0.0003,0.1
,,,,,365219,861.59973,255,,,,,,,,
,,,,,365449,773.1147,230,,,,,,,,
,,,,,365714,978.20135,265,,,,,,,,
,,,,,365938,821.90796,224,,,,,,,,
,,,,,365973,58.481503,35,,,,,,,,
,,,,,366000,,,-265.6524353027344,-2.1217973232269287,12.077540397644043,263.29559326171875,263.4984436035156,0.0003,0.0003,0.1
,,,,,366185,717.7021,212,,,,,,,,
,,,,,366380,642.24854,195,,,,,,,,
,,,,,366413,54.497765,33,,,,,,,,
,,,,,366444,51.434284,31,,,,,,,,
,,,,,366669,776.6401,225,,,,,,,,
,,,,,366878,669.8853,209,,,,,,,,
,,,,,367000,,,-261.3470764160156,-2.0681324005126953,8.649805068969727,260.56854248046875,260.14569091796875,0.0003,0.0003,0.1
,,,,,367101,753.5895,223,,,,,,,,
,,,,,367265,464.5316,164,,,,,,,,
,,,,,367453,577.42523,188,,,,,,,,
,,,,,367660,732.8564,207,,,,,,,,
,,,,,367882,753.2999,222,,,,,,,,
,,,,,368000,,,-259.2918701171875,-2.084911584854126,8.773860931396484,257.25921630859375,257.09381103515625,0.0003,0.0003,0.1
,,,,,368100,743.05585,218,,,,,,,,
,,,,,368359,874.1853,259,,,,,,,,
,,,,,368622,907.0032,263,,,,,,,,
,,,,,368877,825.2826,255,,,,,,,,
,,,,,369000,,,-260.1184387207031,-1.9920015335083008,5.547636985778809,259.2622375488281,259.8477478027344,0.0003,0.0003,0.1
,,,,,369086,720.7579,209,,,,,,,,
,,,,,369304,740.50116,218,,,,,,,,
,,,,,369511,712.85016,207,,,,,,,,
,,,,,369758,863.5875,247,,,,,,,,
,,,,,369956,677.3498,198,,,,,,,,
692.2335,103.17881,832.70325,509.71588,205.2,370000,,,-266.5803527832031,-1.9429184198379517,11.501766204833984,265.4815673828125,265.6819763183594,0.0003,0.0003,0.1
,,,,,370170,778.9765,214,,,,,,,,
,,,,,370376,628.8151,206,,,,,,,,
,,,,,370597,751.8183,221,,,,,,,,
,,,,,370796,727.68317,199,,,,,,,,
,,,,,370995,682.9981,199,,,,,,,,
,,,,,371000,,,-252.32232666015625,-2.0568132400512695,10.457962036132812,249.93081665039062,249.12310791015625,0.0003,0.0003,0.1
,,,,,371198,715.45416,203,,,,,,,,
,,,,,371430,831.72015,232,,,,,,,,
,,,,,371656,838.5282,226,,,,,,,,
,,,,,371880,791.6371,224,,,,,,,,
,,,,,372000,,,-266.9784851074219,-2.294492483139038,8.413180351257324,264.64105224609375,264.1610107421875,0.0003,0.0003,0.1
,,,,,372089,704.4531,209,,,,,,,,
,,,,,372305,781.81213,216,,,,,,,,
,,,,,372337,52.508377,32,,,,,,,,
,,,,,372542,680.563,205,,,,,,,,
,,,,,372758,788.257,216,,,,,,,,
,,,,,372791,54.427563,33,,,,,,,,
,,,,,373000,,,-262.4514465332031,-2.055269956588745,10.895566940307617,260.13470458984375,260.59710693359375,0.0003,0.0003,0.1
,,,,,373036,918.1485,245,,,,,,,,
,,,,,373261,754.58826,225,,,,,,,,
,,,,,373476,703.7721,215,,,,,,,,
,,,,,373691,708.7926,215,,,,,,,,
,,,,,373898,658.39294,207,,,,,,,,
,,,,,374000,,,-268.3405456542969,-2.0540552139282227,8.720123291015625,267.2581787109375,267.97052001953125,0.0003,0.0003,0.1
,,,,,374144,860.22687,246,,,,,,,,
,,,,,374370,806.2232,226,,,,,,,,
,,,,,374579,708.6604,209,,,,,,,,
,,,,,374776,676.0314,197,,,,,,,,
,,,,,374999,724.8422,223,,,,,,,,
794.93964,74.05924,887.5886,654.18146,225.9,375000,,,-259.1812744140625,-2.3713326454162598,7.7317633628845215,256.8170471191406,257.16302490234375,0.0003,0.0003,0.1
,,,,,375226,763.10803,227,,,,,,,,
,,,,,375441,761.012,215,,,,,,,,
,,,,,375682,824.3924,241,,,,,,,,
,,,,,375908,795.1931,226,,,,,,,,
,,,,,376000,,,-262.27728271484375,-2.6966028213500977,5.81450891494751,260.48565673828125,260.9064636230469,0.0003,0.0003,0.1
,,,,,376113,707.7368,205,,,,,,,,
,,,,,376305,591.7079,192,,,,,,,,
,,,,,376443,361.55118,138,,,,,,,,
,,,,,376654,763.99664,211,,,,,,,,
,,,,,376887,863.8814,233,,,,,,,,
,,,,,377000,,,-261.89117431640625,-2.064087390899658,10.887526512145996,260.70269775390625,260.50238037109375,0.0003,0.0003,0.1
,,,,,377095,651.7591,208,,,,,,,,
,,,,,377331,812.4506,236,,,,,,,,
,,,,,377572,825.7604,241,,,,,,,,
,,,,,377779,645.7393,207,,,,,,,,
,,,,,378000,,,-264.49346923828125,-2.2192230224609375,310.4375915527344,262.28448486328125,261.7343444824219,0.0003,0.0003,0.1
,,,,,378038,850.238,259,,,,,,,,
,,,,,378253,747.32465,215,,,,,,,,
,,,,,378464,717.9902,211,,,,,,,,
,,,,,378651,589.204,187,,,,,,,,
,,,,,378828,560.3942,177,,,,,,,,
,,,,,379000,,,-257.4958801269531,-1.9370136260986328,6.876729488372803,256.3081359863281,256.33624267578125,0.0003,0.0003,0.1
,,,,,379058,769.97314,230,,,,,,,,
,,,,,379234,528.2361,176,,,,,,,,
,,,,,379492,924.0582,258,,,,,,,,
,,,,,379733,902.11945,241,,,,,,,,
,,,,,379948,757.65076,215,,,,,,,,
760.0681,96.36246,887.1516,540.65906,222.0,380000,,,-262.6821594238281,-1.9821984767913818,9.721162796020508,261.72454833984375,262.2596740722656,0.0003,0.0003,0.1
,,,,,380199,821.511,251,,,,,,,,
,,,,,380396,640.40924,197,,,,,,,,
,,,,,380552,410.3855,156,,,,,,,,
,,,,,380762,745.85266,210,,,,,,,,
,,,,,380994,630.62286,232,,,,,,,,
,,,,,381000,,,-267.0946960449219,-1.860106348991394,7.2984113693237305,265.8262023925781,265.61761474609375,0.0003,0.0003,0.1
,,,,,381166,499.64606,172,,,,,,,,
,,,,,381372,739.6622,206,,,,,,,,
,,,,,381570,667.4976,198,,,,,,,,
,,,,,381769,676.1604,199,,,,,,,,
,,,,,381957,680.31726,188,,,,,,,,
,,,,,382000,,,-259.7333984375,-1.9032230377197266,8.160357475280762,258.5634765625,258.832275390625,0.0003,0.0003,0.1
,,,,,382147,682.8769,190,,,,,,,,
,,,,,382352,741.95557,205,,,,,,,,
,,,,,382569,671.491,217,,,,,,,,
,,,,,382782,750.8189,213,,,,,,,,
,,,,,382969,676.32733,187,,,,,,,,
,,,,,383000,,,-269.7406311035156,-2.0714898109436035,12.138404846191406,268.261962890625,268.1867980957031,0.0003,0.0003,0.1
,,,,,383165,611.12177,196,,,,,,,,
,,,,,383407,831.9688,242,,,,,,,,
,,,,,383544,345.64728,137,,,,,,,,
,,,,,383745,715.24005,201,,,,,,,,
,,,,,383948,631.3272,203,,,,,,,,
,,,,,384000,,,-265.1229248046875,-1.8886020183563232,6.520204067230225,264.197998046875,264.3597412109375,0.0003,0.0003,0.1
,,,,,384156,757.3637,208,,,,,,,,
,,,,,384384,861.393,228,,,,,,,,
,,,,,384450,125.18836,66,,,,,,,,
,,,,,384648,621.95703,198,,,,,,,,
,,,,,384836,654.15784,188,,,,,,,,
809.35974,90.07591,941.17163,651.05853,236.6,385000,,,-269.32470703125,-1.9767929315567017,10.495196342468262,267.595947265625,267.63916015625,0.0003,0.0003,0.1
,,,,,385070,795.4541,234,,,,,,,,
,,,,,385291,729.4895,221,,,,,,,,
,,,,,385495,738.2128,204,,,,,,,,
,,,,,385752,811.9066,257,,,,,,,,
,,,,,385986,815.4637,234,,,,,,,,
,,,,,386000,,,-261.84466552734375,-2.2198214530944824,8.330341339111328,260.9393310546875,260.8267822265625,0.0003,0.0003,0.1
,,,,,386173,585.3306,187,,,,,,,,
,,,,,386373,758.2315,200,,,,,,,,
,,,,,386584,781.322,211,,,,,,,,
,,,,,386598,16.990011,14,,,,,,,,
,,,,,386610,13.689796,12,,,,,,,,
,,,,,386623,15.387078,13,,,,,,,,
,,,,,386637,16.886446,14,,,,,,,,
,,,,,386853,810.9826,216,,,,,,,,
,,,,,387000,,,-266.4147644042969,-1.8780702352523804,5.5486602783203125,265.65191650390625,265.822021484375,0.0003,0.0003,0.1
,,,,,387084,878.1504,231,,,,,,,,
,,,,,387290,677.9149,206,,,,,,,,
,,,,,387492,735.78143,202,,,,,,,,
,,,,,387670,579.21967,178,,,,,,,,
,,,,,387882,692.8191,212,,,,,,,,
,,,,,388000,,,-255.1035919189453,-2.2693543434143066,158.7113494873047,253.9899139404297,253.0714874267578,0.0003,0.0003,0.1
,,,,,388114,844.33704,232,,,,,,,,
,,,,,388347,812.6748,233,,,,,,,,
,,,,,388587,767.59406,240,,,,,,,,
,,,,,388782,685.41437,195,,,,,,,,
,,,,,388993,742.0857,211,,,,,,,,
,,,,,389000,,,-264.8397216796875,-2.202200412750244,6.7613749504089355,263.87249755859375,263.7506103515625,0.0003,0.0003,0.1
,,,,,389221,819.28467,228,,,,,,,,
,,,,,389434,775.8112,213,,,,,,,,
,,,,,389659,848.12506,225,,,,,,,,
,,,,,389884,828.57794,225,,,,,,,,
470.227,372.7081,829.6275,15.316421,133.0,390000,,,-257.5509033203125,-2.0559468269348145,7.479554176330566,256.0735778808594,256.43731689453125,0.0003,0.0003,0.1
,,,,,390077,707.69696,193,,,,,,,,
,,,,,390289,779.5664,212,,,,,,,,
,,,,,390526,893.6946,237,,,,,,,,
,,,,,390725,731.2313,199,,,,,,,,
,,,,,390968,810.15625,243,,,,,,,,
,,,,,391000,,,-262.9638671875,-2.1568679809570312,11.367107391357422,261.58599853515625,261.4193420410156,0.0003,0.0003,0.1
,,,,,391180,792.39545,212,,,,,,,,
,,,,,391392,773.52594,212,,,,,,,,
,,,,,391624,830.5716,232,,,,,,,,
,,,,,391857,761.62146,233,,,,,,,,
,,,,,392000,,,-263.6323547363281,-1.7683417797088623,8.973652839660645,262.32611083984375,262.42120361328125,0.0003,0.0003,0.1
,,,,,392084,796.0478,227,,,,,,,,
,,,,,392279,652.5225,195,,,,,,,,
,,,,,392357,153.4005,78,,,,,,,,
,,,,,392580,813.9532,223,,,,,,,,
,,,,,392831,834.74963,251,,,,,,,,
,,,,,393000,,,-270.5034484863281,-1.9479619264602661,14.21957778930664,268.19329833984375,268.0574951171875,0.0003,0.0003,0.1
,,,,,393075,764.6753,244,,,,,,,,
,,,,,393299,839.1871,224,,,,,,,,
,,,,,393316,15.510093,17,,,,,,,,
,,,,,393534,783.7912,218,,,,,,,,
,,,,,393724,614.15045,190,,,,,,,,
,,,,,393916,634.9521,192,,,,,,,,
,,,,,394000,,,-258.887939453125,-2.0785582065582275,7.603050231933594,257.63897705078125,258.06549072265625,0.0003,0.0003,0.1
,,,,,394107,590.48114,191,,,,,,,,
,,,,,394324,733.75995,217,,,,,,,,
,,,,,394556,794.2436,232,,,,,,,,
,,,,,394790,890.3042,234,,,,,,,,
,,,,,394996,749.2377,206,,,,,,,,
707.3011,58.731483,823.044,640.99084,204.2,395000,,,-265.7449645996094,-2.0812253952026367,14.690536499023438,264.69476318359375,264.30865478515625,0.0003,0.0003,0.1
,,,,,395199,683.1741,203,,,,,,,,
,,,,,395215,15.280216,16,,,,,,,,
,,,,,395437,816.0528,222,,,,,,,,
,,,,,395663,798.80505,226,,,,,,,,
,,,,,395853,598.5507,190,,,,,,,,
,,,,,396000,,,-259.34991455078125,-3.0730719566345215,12.748235702514648,258.3349609375,258.06817626953125,0.0003,0.0003,0.1
,,,,,396023,489.92105,170,,,,,,,,
,,,,,396228,742.6772,205,,,,,,,,
,,,,,396461,821.8776,233,,,,,,,,
,,,,,396684,808.62317,223,,,,,,,,
,,,,,396880,581.27094,196,,,,,,,,
,,,,,397000,,,-259.8102111816406,-2.090691566467285,6.1341094970703125,257.59521484375,257.9655456542969,0.0003,0.0003,0.1
,,,,,397123,826.08044,243,,,,,,,,
,,,,,397367,910.46515,244,,,,,,,,
,,,,,397590,758.58624,223,,,,,,,,
,,,,,397778,665.05695,188,,,,,,,,
,,,,,398000,,,-269.1607360839844,-1.9923598766326904,4.434494972229004,268.0364990234375,267.80352783203125,0.0003,0.0003,0.1
,,,,,398034,851.9878,256,,,,,,,,
,,,,,398259,827.61346,225,,,,,,,,
,,,,,398455,683.3906,196,,,,,,,,
,,,,,398702,892.55005,247,,,,,,,,
,,,,,398939,789.3788,237,,,,,,,,
,,,,,399000,,,-264.5478515625,-2.265063762664795,25.81955337524414,262.9942626953125,262.8055114746094,0.0003,0.0003,0.1
,,,,,399172,809.99023,233,,,,,,,,
,,,,,399390,814.67267,218,,,,,,,,
,,,,,399581,681.16705,191,,,,,,,,
,,,,,399598,15.589756,17,,,,,,,,
,,,,,399793,700.71643,195,,,,,,,,
728.5558,46.293533,814.18414,648.4251,216.4,400000,,,-261.8594055175781,-2.194430112838745,7.825002193450928,261.13299560546875,261.0023193359375,0.0003,0.0003,0.1
,,,,,400036,834.04004,243,,,,,,,,
,,,,,400256,753.99457,220,,,,,,,,
,,,,,400291,57.22661,35,,,,,,,,
,,,,,400531,812.942,240,,,,,,,,
,,,,,400747,768.0568,216,,,,,,,,
,,,,,400968,788.379,221,,,,,,,,
,,,,,400985,16.582659,17,,,,,,,,
,,,,,401000,,,-268.4188232421875,-2.1068265438079834,73.58430480957031,267.5401611328125,267.3102722167969,0.0003,0.0003,0.1
,,,,,401179,696.34,194,,,,,,,,
,,,,,401363,555.1545,184,,,,,,,,
,,,,,401603,809.9441,240,,,,,,,,
,,,,,401801,702.9058,198,,,,,,,,
,,,,,402000,,,-259.685546875,-2.1630005836486816,13.220036506652832,257.20428466796875,257.1537170410156,0.0003,0.0003,0.1
,,,,,402008,755.85333,207,,,,,,,,
,,,,,402219,736.5427,211,,,,,,,,
,,,,,402414,632.4438,195,,,,,,,,
,,,,,402665,852.70105,251,,,,,,,,
,,,,,402913,834.067,248,,,,,,,,
,,,,,403000,,,-258.2895812988281,-2.5463452339172363,9.479133605957031,256.534912109375,257.16949462890625,0.0003,0.0003,0.1
,,,,,403134,795.24426,221,,,,,,,,
,,,,,403344,669.49255,210,,,,,,,,
,,,,,403586,837.865,242,,,,,,,,
,,,,,403791,690.77203,205,,,,,,,,
,,,,,403986,619.5819,195,,,,,,,,
,,,,,404000,,,-262.7073669433594,-1.844293236732483,8.729907035827637,260.4919128417969,260.27447509765625,0.0003,0.0003,0.1
,,,,,404177,681.331,191,,,,,,,,
,,,,,404194,15.641562,17,,,,,,,,
,,,,,404392,702.8948,198,,,,,,,,
,,,,,404584,652.51263,192,,,,,,,,
,,,,,404823,831.91205,239,,,,,,,,
629.48615,217.84888,837.8253,15.659897,190.2,405000,,,-261.2365417480469,-2.2058610916137695,12.453579902648926,259.0297546386719,259.4643859863281,0.0003,0.0003,0.1
,,,,,405015,627.7612,192,,,,,,,,
,,,,,405244,816.2112,229,,,,,,,,
,,,,,405435,609.8947,191,,,,,,,,
,,,,,405653,732.1693,218,,,,,,,,
,,,,,405892,806.3209,239,,,,,,,,
,,,,,406000,,,-264.21429443359375,-1.920032024383545,6.626033306121826,263.1181640625,263.2108459472656,0.0003,0.0003,0.1
,,,,,406094,686.6666,202,,,,,,,,
,,,,,406110,14.1849575,16,,,,,,,,
,,,,,406300,680.81683,190,,,,,,,,
,,,,,406529,822.5376,229,,,,,,,,
,,,,,406751,756.93756,222,,,,,,,,
,,,,,406974,767.1235,223,,,,,,,,
,,,,,407000,,,-261.26800537109375,-2.4805941581726074,11.399807929992676,258.999755859375,259.5018005371094,0.0003,0.0003,0.1
,,,,,407199,820.3932,225,,,,,,,,
,,,,,407389,662.9816,190,,,,,,,,
,,,,,407591,649.71875,202,,,,,,,,
,,,,,407798,737.18604,207,,,,,,,,
,,,,,408000,,,-264.1866455078125,-1.913696050643921,10.685737609863281,263.3631286621094,263.2020263671875,0.0003,0.0003,0.1
,,,,,408035,844.6231,237,,,,,,,,
,,,,,408247,770.37445,212,,,,,,,,
,,,,,408449,722.3338,202,,,,,,,,
,,,,,408680,789.80457,231,,,,,,,,
,,,,,408899,744.29,219,,,,,,,,
,,,,,409000,,,-272.140380859375,-1.9285906553268433,9.301200866699219,271.38787841796875,271.181884765625,0.0003,0.0003,0.1
,,,,,409125,811.34393,226,,,,,,,,
,,,,,409333,717.88556,208,,,,,,,,
,,,,,409540,728.35724,207,,,,,,,,
,,,,,409729,588.5998,189,,,,,,,,
,,,,,409964,811.2653,235,,,,,,,,
649.9934,96.463776,770.33386,473.57712,196.7,410000,,,-259.2481384277344,-2.2482595443725586,23.864700317382812,257.4697265625,257.751708984375,0.0003,0.0003,0.1
,,,,,410187,708.6347,223,,,,,,,,
,,,,,410399,725.8392,212,,,,,,,,
,,,,,410613,736.6859,214,,,,,,,,
,,,,,410835,810.83795,222,,,,,,,,
,,,,,411000,,,-270.3707580566406,-2.00583815574646,7.829006195068359,269.5997009277344,269.371826171875,0.0003,0.0003,0.1
,,,,,411024,583.0785,189,,,,,,,,
,,,,,411184,450.7439,160,,,,,,,,
,,,,,411393,647.62897,209,,,,,,,,
,,,,,411610,731.2736,217,,,,,,,,
,,,,,411802,574.80945,192,,,,,,,,
,,,,,412000,,,-258.15985107421875,-2.030196189880371,7.835536479949951,255.9775390625,256.0066833496094,0.0003,0.0003,0.1
,,,,,412007,698.50006,205,,,,,,,,
,,,,,412198,547.53894,191,,,,,,,,
,,,,,412405,676.04095,207,,,,,,,,
,,,,,412609,648.3122,204,,,,,,,,
,,,,,412811,628.5698,202,,,,,,,,
,,,,,413000,,,-271.4356994628906,-1.9021646976470947,6.865862846374512,270.205078125,270.8448181152344,0.0003,0.0003,0.1
,,,,,413037,802.9706,226,,,,,,,,
,,,,,413289,842.0037,252,,,,,,,,
,,,,,413488,664.3128,199,,,,,,,,
,,,,,413694,735.9841,206,,,,,,,,
,,,,,413912,769.9109,218,,,,,,,,
,,,,,414000,,,-265.2966003417969,-1.745761513710022,7.342536926269531,263.9591979980469,264.30096435546875,0.0003,0.0003,0.1
,,,,,414164,863.981,252,,,,,,,,
,,,,,414400,812.377,236,,,,,,,,
,,,,,414605,752.9437,205,,,,,,,,
,,,,,414795,662.67413,190,,,,,,,,
772.1795,58.17011,853.531,650.6683,218.5,415000,,,-253.16334533691406,-2.109280586242676,10.54068374633789,252.16262817382812,252.0836181640625,0.0003,0.0003,0.1
,,,,,415031,827.6027,236,,,,,,,,
,,,,,415255,709.75586,224,,,,,,,,
,,,,,415487,745.39,232,,,,,,,,
,,,,,415724,838.49634,237,,,,,,,,
,,,,,415928,731.4373,204,,,,,,,,
,,,,,416000,,,-276.294921875,-2.0320277214050293,12.204744338989258,275.1011657714844,274.9892578125,0.0003,0.0003,0.1
,,,,,416121,683.0244,193,,,,,,,,
,,,,,416349,772.7924,228,,,,,,,,
,,,,,416551,727.36993,202,,,,,,,,
,,,,,416773,801.9168,222,,,,,,,,
,,,,,416954,667.06976,181,,,,,,,,
,,,,,417000,,,-266.6769714355469,-2.137571334838867,5.766633033752441,265.84814453125,266.4319763183594,0.0003,0.0003,0.1
,,,,,417156,746.8057,202,,,,,,,,
,,,,,417334,608.2505,178,,,,,,,,
,,,,,417533,708.3469,199,,,,,,,,
,,,,,417751,714.11273,218,,,,,,,,
,,,,,417987,836.06415,236,,,,,,,,
,,,,,418000,,,-267.7936096191406,-1.9696853160858154,8.266965866088867,266.85540771484375,266.15985107421875,0.0003,0.0003,0.1
,,,,,418214,759.34247,227,,,,,,,,
,,,,,418439,747.1856,225,,,,,,,,
,,,,,418659,739.649,220,,,,,,,,
,,,,,418857,636.859,198,,,,,,,,
,,,,,419000,,,-265.1914367675781,-1.7561824321746826,7.038168907165527,263.44610595703125,263.3948669433594,0.0003,0.0003,0.1
,,,,,419075,769.15216,218,,,,,,,,
,,,,,419317,799.07153,242,,,,,,,,
,,,,,419538,807.79047,221,,,,,,,,
,,,,,419774,796.45514,236,,,,,,,,
,,,,,419986,689.4581,212,,,,,,,,
796.723,62.465237,878.9785,690.4055,238.2,420000,,,-271.84246826171875,-1.8988816738128662,14.590726852416992,270.161865234375,270.03875732421875,0.0003,0.0003,0.1
,,,,,420221,800.80164,235,,,,,,,,
,,,,,420473,854.8241,252,,,,,,,,
,,,,,420664,687.8355,191,,,,,,,,
,,,,,420912,848.9845,248,,,,,,,,
,,,,,421000,,,-268.9482421875,-2.363370895385742,11.852561950683594,265.52593994140625,265.76824951171875,0.0003,0.0003,0.1
,,,,,421201,985.30634,289,,,,,,,,
,,,,,421439,826.68805,238,,,,,,,,
,,,,,421693,870.4238,254,,,,,,,,
,,,,,421936,794.2678,243,,,,,,,,
,,,,,422000,,,-263.7535400390625,-2.111133098602295,6.597698211669922,262.361572265625,262.544677734375,0.0003,0.0003,0.1
,,,,,422168,780.4374,232,,,,,,,,
,,,,,422378,642.8895,210,,,,,,,,
,,,,,422606,815.15814,228,,,,,,,,
,,,,,422814,761.31244,208,,,,,,,,
,,,,,423000,,,-266.49853515625,-2.277360200881958,9.474987030029297,264.9480895996094,265.2865905761719,0.0003,0.0003,0.1
,,,,,423059,833.1802,245,,,,,,,,
,,,,,423303,818.7436,244,,,,,,,,
,,,,,423535,782.11206,232,,,,,,,,
,,,,,423761,762.47943,226,,,,,,,,
,,,,,424000,,,-267.37115478515625,-2.211055278778076,125.1960678100586,262.37811279296875,260.92724609375,0.0003,0.0003,0.1
,,,,,424006,853.38043,245,,,,,,,,
,,,,,424208,671.5933,202,,,,,,,,
,,,,,424409,561.3507,201,,,,,,,,
,,,,,424598,505.80502,189,,,,,,,,
,,,,,424809,742.9888,211,,,,,,,,
759.90326,31.448862,810.96075,706.0748,218.5,425000,,,-270.77923583984375,-2.005460739135742,11.14690113067627,269.6250915527344,269.5904541015625,0.0003,0.0003,0.1
,,,,,425052,832.24774,243,,,,,,,,
,,,,,425296,861.6535,244,,,,,,,,
,,,,,425539,794.1521,243,,,,,,,,
,,,,,425729,660.68524,190,,,,,,,,
,,,,,425956,781.9077,227,,,,,,,,
,,,,,426000,,,-270.3511657714844,-2.0839757919311523,30.25176239013672,268.160888671875,267.7919616699219,0.0003,0.0003,0.1
,,,,,426186,792.591,230,,,,,,,,
,,,,,426410,767.73456,224,,,,,,,,
,,,,,426618,738.3207,208,,,,,,,,
,,,,,426867,864.179,249,,,,,,,,
,,,,,427000,,,-274.38134765625,-1.6124597787857056,6.804065704345703,273.458984375,273.9527587890625,0.0003,0.0003,0.1
,,,,,427122,902.5711,255,,,,,,,,
,,,,,427327,749.6762,205,,,,,,,,
,,,,,427559,782.8382,232,,,,,,,,
,,,,,427763,666.3761,204,,,,,,,,
,,,,,428000,,,-264.45208740234375,-2.1049013137817383,7.922786712646484,263.31927490234375,263.7565612792969,0.0003,0.0003,0.1
,,,,,428007,853.0198,244,,,,,,,,
,,,,,428221,732.9124,214,,,,,,,,
,,,,,428470,882.6351,249,,,,,,,,
,,,,,428665,523.9262,195,,,,,,,,
,,,,,428854,686.84015,189,,,,,,,,
,,,,,429000,,,-264.3959655761719,-1.817002296447754,5.805861473083496,263.35955810546875,263.5069885253906,0.0003,0.0003,0.1
,,,,,429099,852.9074,245,,,,,,,,
,,,,,429332,810.3828,233,,,,,,,,
,,,,,429542,726.93823,210,,,,,,,,
,,,,,429776,793.3016,234,,,,,,,,
,,,,,429986,781.51886,210,,,,,,,,
706.8987,101.32272,807.0731,492.19952,214.3,430000,,,-261.9184265136719,-2.0066864490509033,7.487476348876953,261.0138854980469,261.0900573730469,0.0003,0.0003,0.1
,,,,,430222,847.80286,236,,,,,,,,
,,,,,430416,689.2893,194,,,,,,,,
,,,,,430660,841.03595,244,,,,,,,,
,,,,,430911,863.0547,251,,,,,,,,
,,,,,431000,,,-275.1661682128906,-1.855528473854065,7.895020484924316,273.82208251953125,274.2510986328125,0.0003,0.0003,0.1
,,,,,431114,692.6163,203,,,,,,,,
,,,,,431353,841.0285,239,,,,,,,,
,,,,,431560,751.57196,207,,,,,,,,
,,,,,431769,755.1701,209,,,,,,,,
,,,,,432000,,,-275.39898681640625,-1.8846914768218994,10.07404899597168,274.2520446777344,274.561767578125,0.0003,0.0003,0.1
,,,,,432014,844.8846,245,,,,,,,,
,,,,,432222,724.32935,208,,,,,,,,
,,,,,432416,675.9655,194,,,,,,,,
,,,,,432624,765.5865,208,,,,,,,,
,,,,,432852,781.8849,228,,,,,,,,
,,,,,433000,,,-261.74383544921875,-2.1415839195251465,7.347827911376953,261.04443359375,261.19140625,0.0003,0.0003,0.1
,,,,,433095,810.6331,243,,,,,,,,
,,,,,433338,831.8373,243,,,,,,,,
,,,,,433522,632.1898,184,,,,,,,,
,,,,,433733,757.75464,211,,,,,,,,
,,,,,433952,682.7114,219,,,,,,,,
,,,,,434000,,,-261.6789245605469,-2.018218755722046,10.664386749267578,260.6158142089844,260.6724853515625,0.0003,0.0003,0.1
,,,,,434162,757.2359,210,,,,,,,,
,,,,,434459,1038.8639,297,,,,,,,,
,,,,,434658,629.00214,199,,,,,,,,
,,,,,434871,774.8688,213,,,,,,,,
757.68005,37.23483,854.3624,721.3408,213.2,435000,,,-265.5673522949219,-1.9590224027633667,12.087397575378418,263.8764343261719,263.76702880859375,0.0003,0.0003,0.1
,,,,,435113,821.59174,242,,,,,,,,
,,,,,435330,793.7576,217,,,,,,,,
,,,,,435541,760.60614,211,,,,,,,,
,,,,,435742,709.0967,201,,,,,,,,
,,,,,435976,795.4886,234,,,,,,,,
,,,,,436000,,,-259.2379455566406,-2.0308451652526855,6.402199745178223,258.39837646484375,258.6937255859375,0.0003,0.0003,0.1
,,,,,436211,832.41235,235,,,,,,,,
,,,,,436449,804.0563,238,,,,,,,,
,,,,,436698,873.69495,249,,,,,,,,
,,,,,436910,729.63916,212,,,,,,,,
,,,,,437000,,,-270.3295593261719,-1.8246703147888184,7.41066837310791,269.1772155761719,269.55133056640625,0.0003,0.0003,0.1
,,,,,437129,804.5361,219,,,,,,,,
,,,,,437340,733.35486,211,,,,,,,,
,,,,,437569,825.2969,229,,,,,,,,
,,,,,437787,772.7179,218,,,,,,,,
,,,,,438000,,,-272.9096374511719,-1.854577660560608,8.504379272460938,272.1937561035156,271.8125,0.0003,0.0003,0.1
,,,,,438012,750.9078,225,,,,,,,,
,,,,,438187,538.8689,175,,,,,,,,
,,,,,438427,802.30096,240,,,,,,,,
,,,,,438625,682.18585,198,,,,,,,,
,,,,,438822,686.3248,197,,,,,,,,
,,,,,439000,,,-271.35540771484375,-1.9163196086883545,14.403377532958984,270.1051025390625,269.78741455078125,0.0003,0.0003,0.1
,,,,,439061,797.5338,239,,,,,,,,
,,,,,439245,634.16077,184,,,,,,,,
,,,,,439461,715.9599,216,,,,,,,,
,,,,,439669,750.71735,208,,,,,,,,
,,,,,439876,705.34674,207,,,,,,,,
740.0981,83.786736,857.0492,614.2626,217.3,440000,,,-266.5084228515625,-2.071028709411621,7.452406883239746,265.4508056640625,265.45074462890625,0.0003,0.0003,0.1
,,,,,440062,600.59204,186,,,,,,,,
,,,,,440261,655.0607,199,,,,,,,,
,,,,,440488,776.1784,227,,,,,,,,
,,,,,440700,760.5345,212,,,,,,,,
,,,,,440896,644.736,196,,,,,,,,
,,,,,441000,,,-262.50433349609375,-2.4047207832336426,9.373146057128906,261.8644714355469,262.32525634765625,0.0003,0.0003,0.1
,,,,,441095,709.9364,199,,,,,,,,
,,,,,441351,907.4881,256,,,,,,,,
,,,,,441549,681.5748,198,,,,,,,,
,,,,,441775,796.06635,226,,,,,,,,
,,,,,442000,,,-274.7301025390625,-1.630984902381897,6.119842052459717,273.8211669921875,273.8739929199219,0.0003,0.0003,0.1
,,,,,442012,839.6199,237,,,,,,,,
,,,,,442190,628.0294,178,,,,,,,,
,,,,,442416,825.1444,226,,,,,,,,
,,,,,442604,680.0561,188,,,,,,,,
,,,,,442823,821.02344,219,,,,,,,,
,,,,,443000,,,-257.92864990234375,-2.2586894035339355,31.63907241821289,254.8106689453125,254.69281005859375,0.0003,0.0003,0.1
,,,,,443035,737.488,212,,,,,,,,
,,,,,443220,660.6962,185,,,,,,,,
,,,,,443409,692.3873,189,,,,,,,,
,,,,,443429,22.774406,20,,,,,,,,
,,,,,443638,791.47076,209,,,,,,,,
,,,,,443660,25.945045,22,,,,,,,,
,,,,,443680,23.347235,20,,,,,,,,
,,,,,443698,19.94427,18,,,,,,,,
,,,,,443716,19.115038,18,,,,,,,,
,,,,,443735,21.159037,19,,,,,,,,
,,,,,443925,685.546,190,,,,,,,,
,,,,,443944,20.690031,19,,,,,,,,
,,,,,443960,14.641717,16,,,,,,,,
,,,,,444000,,,-267.02423095703125,-1.8100494146347046,6.615187644958496,266.3895263671875,266.29052734375,0.0003,0.0003,0.1
,,,,,444158,702.0653,198,,,,,,,,
,,,,,444353,682.1917,195,,,,,,,,
,,,,,444645,983.0399,292,,,,,,,,
,,,,,444851,721.83673,206,,,,,,,,
570.2648,364.27954,898.17456,15.539719,154.8,445000,,,-269.468505859375,-1.8783237934112549,7.141613006591797,268.36566162109375,268.4969177246094,0.0003,0.0003,0.1
,,,,,445086,807.6335,235,,,,,,,,
,,,,,445270,648.37085,184,,,,,,,,
,,,,,445490,792.877,220,,,,,,,,
,,,,,445688,698.14166,198,,,,,,,,
,,,,,445958,924.4514,270,,,,,,,,
,,,,,446000,,,-261.7466125488281,-2.129983901977539,8.093313217163086,260.4580078125,260.5180358886719,0.0003,0.0003,0.1
,,,,,446146,666.2927,188,,,,,,,,
,,,,,446374,791.92285,228,,,,,,,,
,,,,,446596,801.14514,222,,,,,,,,
,,,,,446881,919.1093,285,,,,,,,,
,,,,,447000,,,-262.7181701660156,-2.4605579376220703,17.062891006469727,261.2333984375,261.1923828125,0.0003,0.0003,0.1
,,,,,447099,774.78394,218,,,,,,,,
,,,,,447296,694.3459,197,,,,,,,,
,,,,,447335,65.60506,39,,,,,,,,
,,,,,447472,417.96378,137,,,,,,,,
,,,,,447675,720.8778,203,,,,,,,,
,,,,,447884,721.7662,209,,,,,,,,
,,,,,448000,,,-273.89898681640625,-1.899322748184204,8.268641471862793,272.42816162109375,273.1540222167969,0.0003,0.0003,0.1
,,,,,448129,836.74884,245,,,,,,,,
,,,,,448351,776.45715,222,,,,,,,,
,,,,,448565,717.05133,214,,,,,,,,
,,,,,448806,843.0526,241,,,,,,,,
,,,,,449000,,,-265.774658203125,-1.923545479774475,15.604608535766602,264.2684631347656,264.06036376953125,0.0003,0.0003,0.1
,,,,,449006,634.5048,200,,,,,,,,
,,,,,449241,804.47064,235,,,,,,,,
,,,,,449490,831.7014,249,,,,,,,,
,,,,,449707,777.1649,217,,,,,,,,
,,,,,449925,702.07587,218,,,,,,,,
731.0851,91.31369,856.1571,602.3849,216.6,450000,,,-265.8782653808594,-2.0375499725341797,26.40682601928711,264.1059875488281,263.3236083984375,0.0003,0.0003,0.1
,,,,,450152,792.4243,227,,,,,,,,
,,,,,450343,674.8126,191,,,,,,,,
,,,,,450567,818.2835,224,,,,,,,,
,,,,,450809,841.479,242,,,,,,,,
,,,,,451000,,,-271.6548156738281,-2.3114752769470215,9.46904182434082,270.41741943359375,270.7132568359375,0.0003,0.0003,0.1
,,,,,451031,742.3904,222,,,,,,,,
,,,,,451232,682.9366,201,,,,,,,,
,,,,,451451,750.5295,219,,,,,,,,
,,,,,451691,849.9718,240,,,,,,,,
,,,,,451935,810.8545,244,,,,,,,,
,,,,,452000,,,-267.8569641113281,-2.1427793502807617,11.154325485229492,265.72491455078125,265.59033203125,0.0003,0.0003,0.1
,,,,,452139,710.138,204,,,,,,,,
,,,,,452375,836.81305,236,,,,,,,,
,,,,,452610,794.70996,235,,,,,,,,
,,,,,452864,862.22473,254,,,,,,,,
,,,,,453000,,,-268.9768981933594,-1.828338623046875,10.051963806152344,267.92730712890625,267.7918701171875,0.0003,0.0003,0.1
,,,,,453038,490.69583,174,,,,,,,,
,,,,,453207,432.77393,169,,,,,,,,
,,,,,453395,630.86176,188,,,,,,,,
,,,,,453615,797.73816,220,,,,,,,,
,,,,,453865,845.9894,250,,,,,,,,
,,,,,454000,,,-267.8075866699219,-1.8117659091949463,7.320890426635742,266.58721923828125,266.98187255859375,0.0003,0.0003,0.1
,,,,,454105,809.0036,240,,,,,,,,
,,,,,454330,791.8541,225,,,,,,,,
,,,,,454539,694.22174,209,,,,,,,,
,,,,,454755,725.92444,216,,,,,,,,
,,,,,454993,797.29474,238,,,,,,,,
810.71954,100.72681,968.65485,585.31195,241.4,455000,,,-271.38555908203125,-1.9345059394836426,4.000823020935059,270.3525390625,270.73828125,0.0003,0.0003,0.1
,,,,,455202,732.8129,209,,,,,,,,
,,,,,455437,797.8782,235,,,,,,,,
,,,,,455620,633.71,183,,,,,,,,
,,,,,455833,787.61,213,,,,,,,,
,,,,,456000,,,-261.0760498046875,-2.0719339847564697,6.646709442138672,260.00067138671875,259.88897705078125,0.0003,0.0003,0.1
,,,,,456111,969.346,278,,,,,,,,
,,,,,456346,800.95715,235,,,,,,,,
,,,,,456586,824.7185,240,,,,,,,,
,,,,,456845,880.878,259,,,,,,,,
,,,,,457000,,,-266.9790344238281,-1.790002703666687,10.814722061157227,265.17645263671875,265.1356201171875,0.0003,0.0003,0.1
,,,,,457048,654.90497,203,,,,,,,,
,,,,,457268,702.09674,220,,,,,,,,
,,,,,457510,788.3056,242,,,,,,,,
,,,,,457745,834.0415,235,,,,,,,,
,,,,,457964,703.1086,219,,,,,,,,
,,,,,458000,,,-258.9593200683594,-1.8737289905548096,6.643469333648682,257.7230529785156,257.87689208984375,0.0003,0.0003,0.1
,,,,,458111,395.6974,147,,,,,,,,
,,,,,458328,704.7405,217,,,,,,,,
,,,,,458580,869.0708,252,,,,,,,,
,,,,,458827,848.8316,247,,,,,,,,
,,,,,459000,,,-263.7032470703125,-2.0470213890075684,8.269004821777344,263.20928955078125,263.40826416015625,0.0003,0.0003,0.1
,,,,,459069,798.7476,242,,,,,,,,
,,,,,459328,813.524,259,,,,,,,,
,,,,,459541,722.37195,213,,,,,,,,
,,,,,459775,826.8761,234,,,,,,,,
,,,,,459971,690.88904,196,,,,,,,,
821.1427,106.6379,1011.45966,677.4575,233.6,460000,,,-270.94317626953125,-2.031879425048828,8.741344451904297,269.4554443359375,269.93756103515625,0.0003,0.0003,0.1
,,,,,460221,836.80786,250,,,,,,,,
,,,,,460440,760.9434,219,,,,,,,,
,,,,,460669,766.97,229,,,,,,,,
,,,,,460685,14.247818,16,,,,,,,,
,,,,,460926,872.9508,241,,,,,,,,
,,,,,461000,,,-266.3700866699219,-2.1333627700805664,4.315635681152344,264.30560302734375,264.2679443359375,0.0003,0.0003,0.1
,,,,,461140,772.721,214,,,,,,,,
,,,,,461362,813.5685,222,,,,,,,,
,,,,,461545,632.9604,183,,,,,,,,
,,,,,461769,767.4575,224,,,,,,,,
,,,,,461797,33.3567,28,,,,,,,,
,,,,,462000,,,-262.3834228515625,-1.5676963329315186,7.315227508544922,261.49700927734375,261.47039794921875,0.0003,0.0003,0.1
,,,,,462031,868.77264,234,,,,,,,,
,,,,,462252,849.72095,221,,,,,,,,
,,,,,462488,800.83765,236,,,,,,,,
,,,,,462668,636.654,180,,,,,,,,
,,,,,462882,772.3798,214,,,,,,,,
,,,,,463000,,,-266.750732421875,-2.3108928203582764,11.704051971435547,265.1291198730469,264.744384765625,0.0003,0.0003,0.1
,,,,,463114,876.3775,232,,,,,,,,
,,,,,463323,750.71344,209,,,,,,,,
,,,,,463577,868.6518,254,,,,,,,,
,,,,,463735,559.3297,158,,,,,,,,
,,,,,463979,804.95953,244,,,,,,,,
,,,,,464000,,,-263.13092041015625,-1.9850084781646729,6.195226192474365,262.07470703125,262.40576171875,0.0003,0.0003,0.1
,,,,,464167,669.87915,188,,,,,,,,
,,,,,464403,880.0204,236,,,,,,,,
,,,,,464645,832.0214,242,,,,,,,,
,,,,,464863,782.83826,218,,,,,,,,
634.72327,295.875,847.1577,45.998425,179.3,465000,,,-265.35516357421875,-1.9195362329483032,8.55755615234375,264.0374755859375,264.1578369140625,0.0003,0.0003,0.1
,,,,,465090,841.6637,227,,,,,,,,
,,,,,465318,808.15424,228,,,,,,,,
,,,,,465565,832.55817,247,,,,,,,,
,,,,,465764,711.2649,199,,,,,,,,
,,,,,465982,800.40857,218,,,,,,,,
,,,,,466000,,,-269.016845703125,-2.1466121673583984,8.75042724609375,267.97967529296875,267.62762451171875,0.0003,0.0003,0.1
,,,,,466191,764.47186,209,,,,,,,,
,,,,,466413,763.32947,222,,,,,,,,
,,,,,466634,806.55084,221,,,,,,,,
,,,,,466836,734.69995,202,,,,,,,,
,,,,,467000,,,-270.02545166015625,-2.0823545455932617,8.301828384399414,268.67230224609375,268.6660461425781,0.0003,0.0003,0.1
,,,,,467042,688.21704,206,,,,,,,,
,,,,,467284,836.822,242,,,,,,,,
,,,,,467492,749.42615,208,,,,,,,,
,,,,,467675,659.17395,183,,,,,,,,
,,,,,467930,877.0737,255,,,,,,,,
,,,,,468000,,,-270.42236328125,-2.1351373195648193,9.58677864074707,269.5387268066406,269.7773132324219,0.0003,0.0003,0.1
,,,,,468172,800.28503,242,,,,,,,,
,,,,,468404,800.5654,232,,,,,,,,
,,,,,468620,735.7597,216,,,,,,,,
,,,,,468838,805.63007,218,,,,,,,,
,,,,,469000,,,-279.5043029785156,-1.9156264066696167,5.593489646911621,278.8677978515625,278.5301818847656,0.0003,0.0003,0.1
,,,,,469007,570.48956,169,,,,,,,,
,,,,,469203,693.5785,196,,,,,,,,
,,,,,469430,800.8507,227,,,,,,,,
,,,,,469621,661.4421,191,,,,,,,,
725.2587,250.35025,945.7076,66.48682,209.8,470000,,,-268.0044250488281,-1.9594570398330688,8.005851745605469,266.189697265625,266.6910705566406,0.0003,0.0003,0.1
,,,,,470040,1472.2208,419,,,,,,,,
,,,,,470263,783.9143,223,,,,,,,,
,,,,,470303,61.25599,40,,,,,,,,
,,,,,470635,906.80945,332,,,,,,,,
,,,,,470835,681.2414,200,,,,,,,,
,,,,,471000,,,-265.0444030761719,-2.068246603012085,6.028344631195068,264.2270812988281,264.6543273925781,0.0003,0.0003,0.1
,,,,,471076,819.40283,241,,,,,,,,
,,,,,471315,791.2102,239,,,,,,,,
,,,,,471549,822.09515,234,,,,,,,,
,,,,,471791,843.0259,242,,,,,,,,
,,,,,472000,,,-274.6404724121094,-1.8702733516693115,12.019685745239258,272.6622314453125,272.62176513671875,0.0003,0.0003,0.1
,,,,,472024,766.40906,233,,,,,,,,
,,,,,472276,872.1336,252,,,,,,,,
,,,,,472488,775.28894,212,,,,,,,,
,,,,,472736,859.4947,248,,,,,,,,
,,,,,472938,702.55615,202,,,,,,,,
,,,,,473000,,,-271.560302734375,-1.6008343696594238,8.670875549316406,270.5937805175781,271.08154296875,0.0003,0.0003,0.1
,,,,,473160,803.9835,222,,,,,,,,
,,,,,473374,777.86804,214,,,,,,,,
,,,,,473594,832.107,220,,,,,,,,
,,,,,473777,647.1586,183,,,,,,,,
,,,,,473993,792.8396,216,,,,,,,,
,,,,,474000,,,-269.7345275878906,-2.2055649757385254,9.582221031188965,268.4654541015625,268.5513610839844,0.0003,0.0003,0.1
,,,,,474233,857.8549,240,,,,,,,,
,,,,,474477,876.43536,244,,,,,,,,
,,,,,474699,802.8894,222,,,,,,,,
,,,,,474895,697.421,196,,,,,,,,
736.34607,58.749207,837.89923,657.38293,206.5,475000,,,-266.33233642578125,-1.793034553527832,6.2308125495910645,264.8052978515625,265.38104248046875,0.0003,0.0003,0.1
,,,,,475148,867.4349,253,,,,,,,,
,,,,,475351,759.51874,203,,,,,,,,
,,,,,475604,872.1929,253,,,,,,,,
,,,,,475817,801.6933,213,,,,,,,,
,,,,,476000,,,-267.3653564453125,-2.116548776626587,12.071842193603516,266.257080078125,266.455078125,0.0003,0.0003,0.1
,,,,,476025,735.77545,208,,,,,,,,
,,,,,476325,1024.5056,300,,,,,,,,
,,,,,476524,679.9613,199,,,,,,,,
,,,,,476763,837.542,239,,,,,,,,
,,,,,477000,,,-262.57275390625,-1.5836421251296997,11.800731658935547,261.4414367675781,261.3075866699219,0.0003,0.0003,0.1
,,,,,477007,853.6227,244,,,,,,,,
,,,,,477258,903.4555,251,,,,,,,,
,,,,,477490,833.3936,232,,,,,,,,
,,,,,477743,876.2874,253,,,,,,,,
,,,,,477984,840.0804,241,,,,,,,,
,,,,,478000,,,-268.0389099121094,-1.936333417892456,6.627681732177734,267.04669189453125,266.8582763671875,0.0003,0.0003,0.1
,,,,,478203,779.163,219,,,,,,,,
,,,,,478436,891.98456,233,,,,,,,,
,,,,,478643,649.05634,207,,,,,,,,
,,,,,478877,863.6734,234,,,,,,,,
,,,,,479000,,,-269.4196472167969,-1.9266386032104492,4.067503452301025,268.548583984375,268.26544189453125,0.0003,0.0003,0.1
,,,,,479116,818.20276,239,,,,,,,,
,,,,,479318,683.46643,202,,,,,,,,
,,,,,479529,781.68713,211,,,,,,,,
,,,,,479774,862.9142,245,,,,,,,,
756.5304,120.63351,899.23895,451.8864,212.8,480000,,,-258.6368408203125,-2.3095521926879883,10.282835006713867,256.15283203125,255.66090393066406,0.0003,0.0003,0.1
,,,,,480022,868.5159,248,,,,,,,,
,,,,,480236,737.5068,214,,,,,,,,
,,,,,480453,746.365,217,,,,,,,,
,,,,,480669,759.65186,216,,,,,,,,
,,,,,480896,775.3945,227,,,,,,,,
,,,,,481000,,,-266.9983215332031,-1.8485863208770752,6.325130462646484,265.9924011230469,266.24456787109375,0.0003,0.0003,0.1
,,,,,481094,729.48303,198,,,,,,,,
,,,,,481340,952.01404,246,,,,,,,,
,,,,,481596,888.46405,256,,,,,,,,
,,,,,481845,855.51794,249,,,,,,,,
,,,,,482000,,,-263.5497741699219,-1.9732928276062012,9.457880020141602,262.14056396484375,262.84539794921875,0.0003,0.0003,0.1
,,,,,482101,922.2558,256,,,,,,,,
,,,,,482365,936.7629,264,,,,,,,,
,,,,,482584,802.8001,219,,,,,,,,
,,,,,482897,1127.5421,313,,,,,,,,
,,,,,483000,,,-269.1460266113281,-1.7220807075500488,6.96557092666626,268.234619140625,268.0248107910156,0.0003,0.0003,0.1
,,,,,483116,785.6558,219,,,,,,,,
,,,,,483362,845.65936,246,,,,,,,,
,,,,,483619,894.39984,257,,,,,,,,
,,,,,483840,785.2825,221,,,,,,,,
,,,,,484000,,,-267.4090576171875,-1.98809814453125,11.595142364501953,266.3057556152344,265.73712158203125,0.0003,0.0003,0.1
,,,,,484077,867.7131,237,,,,,,,,
,,,,,484292,759.7097,215,,,,,,,,
,,,,,484499,757.6151,207,,,,,,,,
,,,,,484784,1037.5565,285,,,,,,,,
,,,,,484985,718.67316,201,,,,,,,,
830.7777,110.54015,1050.5615,656.5887,229.5,485000,,,-273.4759521484375,-2.1501426696777344,7.4227190017700195,271.68878173828125,272.1685791015625,0.0003,0.0003,0.1
,,,,,485254,968.07745,269,,,,,,,,
,,,,,485505,910.1894,251,,,,,,,,
,,,,,485767,926.5372,262,,,,,,,,
,,,,,485980,783.20386,213,,,,,,,,
,,,,,486000,,,-271.3489685058594,-1.9779740571975708,8.834251403808594,270.1148681640625,270.02606201171875,0.0003,0.0003,0.1
,,,,,486208,812.60443,228,,,,,,,,
,,,,,486516,1097.0068,308,,,,,,,,
,,,,,486762,873.6407,246,,,,,,,,
,,,,,487000,,,-272.0547790527344,-1.9637408256530762,6.770432949066162,271.136474609375,271.3671875,0.0003,0.0003,0.1
,,,,,487006,940.628,244,,,,,,,,
,,,,,487316,1146.529,310,,,,,,,,
,,,,,487563,887.4248,247,,,,,,,,
,,,,,487825,939.33124,262,,,,,,,,
,,,,,488000,,,-262.8836975097656,-1.8856035470962524,7.1268768310546875,261.6651611328125,261.65301513671875,0.0003,0.0003,0.1
,,,,,488053,847.5668,228,,,,,,,,
,,,,,488256,722.5801,203,,,,,,,,
,,,,,488446,680.72534,190,,,,,,,,
,,,,,488751,1155.0604,305,,,,,,,,
,,,,,488970,788.58344,219,,,,,,,,
,,,,,489000,,,-258.1288757324219,-1.9660205841064453,13.25784683227539,256.85986328125,256.9490661621094,0.0003,0.0003,0.1
,,,,,489219,856.60114,249,,,,,,,,
,,,,,489426,769.5174,207,,,,,,,,
,,,,,489644,730.5781,218,,,,,,,,
,,,,,489840,677.10376,196,,,,,,,,
833.39777,147.45694,1065.5719,649.54297,235.7,490000,,,-276.9339904785156,-1.8350934982299805,11.05448055267334,275.9746398925781,276.0980224609375,0.0003,0.0003,0.1
,,,,,490035,656.4297,195,,,,,,,,
,,,,,490252,727.7174,217,,,,,,,,
,,,,,490546,1086.5154,294,,,,,,,,
,,,,,490787,859.27747,241,,,,,,,,
,,,,,491000,,,-265.8657531738281,-2.3861727714538574,33.56513595581055,264.04168701171875,264.5164794921875,0.0003,0.0003,0.1
,,,,,491061,1010.40875,274,,,,,,,,
,,,,,491332,995.7246,271,,,,,,,,
,,,,,491570,823.2407,238,,,,,,,,
,,,,,491807,843.40295,237,,,,,,,,
,,,,,492000,,,-268.0989990234375,-1.8731036186218262,5.434962272644043,267.25604248046875,267.1463928222656,0.0003,0.0003,0.1
,,,,,492004,686.7577,197,,,,,,,,
,,,,,492217,755.5251,213,,,,,,,,
,,,,,492442,776.76166,225,,,,,,,,
,,,,,492651,724.0543,209,,,,,,,,
,,,,,492893,830.3691,242,,,,,,,,
,,,,,493000,,,-279.66485595703125,-2.31862211227417,4.583398342132568,278.900634765625,278.923828125,0.0003,0.0003,0.1
,,,,,493138,865.4764,245,,,,,,,,
,,,,,493365,753.6689,227,,,,,,,,
,,,,,493653,1065.0242,288,,,,,,,,
,,,,,493904,905.4605,251,,,,,,,,
,,,,,494000,,,-269.4432678222656,-1.991072416305542,9.96525764465332,268.5191955566406,268.69989013671875,0.0003,0.0003,0.1
,,,,,494122,788.60046,218,,,,,,,,
,,,,,494385,907.4581,263,,,,,,,,
,,,,,494623,894.2606,238,,,,,,,,
,,,,,494851,793.9493,228,,,,,,,,
822.8921,77.914,1028.695,712.52783,230.4,495000,,,-274.8380126953125,-2.1250112056732178,15.6129150390625,272.5790710449219,272.94818115234375,0.0003,0.0003,0.1
,,,,,495060,730.5814,209,,,,,,,,
,,,,,495305,878.6586,245,,,,,,,,
,,,,,495555,896.33704,250,,,,,,,,
,,,,,495838,1024.8556,283,,,,,,,,
,,,,,496000,,,-269.2875061035156,-1.9095652103424072,8.746194839477539,268.512939453125,268.32049560546875,0.0003,0.0003,0.1
,,,,,496096,902.9092,258,,,,,,,,
,,,,,496423,1153.793,327,,,,,,,,
,,,,,496647,770.251,224,,,,,,,,
,,,,,496867,828.0924,220,,,,,,,,
,,,,,497000,,,-265.8002014160156,-2.4104843139648438,10.385960578918457,261.53350830078125,261.91400146484375,0.0003,0.0003,0.1
,,,,,497091,816.5556,224,,,,,,,,
,,,,,497298,618.1733,207,,,,,,,,
,,,,,497521,786.39404,223,,,,,,,,
,,,,,497656,367.57553,135,,,,,,,,
,,,,,497877,752.5569,221,,,,,,,,
,,,,,498000,,,-270.9737548828125,-2.44820237159729,4.590090751647949,269.8563232421875,269.9017333984375,0.0003,0.0003,0.1
,,,,,498108,843.48474,231,,,,,,,,
,,,,,498304,609.89874,196,,,,,,,,
,,,,,498525,789.9459,221,,,,,,,,
,,,,,498747,758.2555,222,,,,,,,,
,,,,,499000,,,-266.4768981933594,-2.0369608402252197,9.79493236541748,265.6086730957031,265.6785888671875,0.0003,0.0003,0.1
,,,,,499005,877.87787,258,,,,,,,,
,,,,,499271,870.05334,266,,,,,,,,
,,,,,499501,796.0456,230,,,,,,,,
,,,,,499750,868.92236,249,,,,,,,,
,,,,,499972,820.1324,222,,,,,,,,
