Eval_AverageReturn,Eval_StdReturn,Eval_MaxReturn,Eval_MinReturn,Eval_AverageEpLen,step,Train_EpisodeReturn,Train_EpisodeLen,critic_loss,q_values,target_values,grad_norm,epsilon,lr
-776.8147,335.05722,-411.4124,-1389.3186,105.1,0,,,,,,,,
,,,,,85,-265.403,86,,,,,,
,,,,,163,-96.005905,78,,,,,,
,,,,,249,-173.87299,86,,,,,,
,,,,,357,-132.54588,108,,,,,,
,,,,,425,-183.87152,68,,,,,,
,,,,,542,-188.71893,117,,,,,,
,,,,,639,-575.31647,97,,,,,,
,,,,,775,-227.52573,136,,,,,,
,,,,,836,-191.69188,61,,,,,,
,,,,,909,-172.64304,73,,,,,,
,,,,,985,-5.085739,76,,,,,,
,,,,,1060,-114.7688,75,,,,,,
,,,,,1171,-34.902107,111,,,,,,
,,,,,1286,-159.73282,115,,,,,,
,,,,,1365,-73.20398,79,,,,,,
,,,,,1445,-276.92093,80,,,,,,
,,,,,1539,-122.87643,94,,,,,,
,,,,,1606,-114.0125,67,,,,,,
,,,,,1736,-359.33847,130,,,,,,
,,,,,1835,-102.80348,99,,,,,,
,,,,,1922,-138.54903,87,,,,,,
,,,,,2016,-99.41863,94,,,,,,
,,,,,2120,-309.11865,104,,,,,,
,,,,,2183,-126.62689,63,,,,,,
,,,,,2273,-130.88489,90,,,,,,
,,,,,2341,-194.65195,68,,,,,,
,,,,,2436,-276.2296,95,,,,,,
,,,,,2514,-104.43141,78,,,,,,
,,,,,2609,-267.07297,95,,,,,,
,,,,,2719,-178.79251,110,,,,,,
,,,,,2792,-195.87192,73,,,,,,
,,,,,2867,-94.48166,75,,,,,,
,,,,,2997,-35.063522,130,,,,,,
,,,,,3107,-198.66037,110,,,,,,
,,,,,3221,-216.69017,114,,,,,,
,,,,,3303,-198.37953,82,,,,,,
,,,,,3419,-201.59874,116,,,,,,
,,,,,3501,-58.820103,82,,,,,,
,,,,,3606,-344.75842,105,,,,,,
,,,,,3736,-324.3934,130,,,,,,
,,,,,3798,-80.28567,62,,,,,,
,,,,,3892,-212.2857,94,,,,,,
,,,,,4005,-510.36115,113,,,,,,
,,,,,4091,-205.09619,86,,,,,,
,,,,,4201,-382.69434,110,,,,,,
,,,,,4283,-81.03074,82,,,,,,
,,,,,4351,-104.249695,68,,,,,,
,,,,,4459,-178.3829,108,,,,,,
,,,,,4565,-197.36246,106,,,,,,
,,,,,4645,-169.1953,80,,,,,,
,,,,,4708,1.768959,63,,,,,,
,,,,,4786,-163.88055,78,,,,,,
,,,,,4867,-73.624466,81,,,,,,
,,,,,4961,-307.15222,94,,,,,,
,,,,,5074,-215.55893,113,,,,,,
,,,,,5188,-366.88586,114,,,,,,
,,,,,5254,-234.104,66,,,,,,
,,,,,5376,-314.43887,122,,,,,,
,,,,,5476,-192.23636,100,,,,,,
,,,,,5583,-107.09996,107,,,,,,
,,,,,5677,-272.93842,94,,,,,,
,,,,,5785,-128.94571,108,,,,,,
,,,,,5874,-34.13408,89,,,,,,
,,,,,5956,-124.18701,82,,,,,,
,,,,,6047,-148.19049,91,,,,,,
,,,,,6165,-224.39708,118,,,,,,
,,,,,6290,-440.69794,125,,,,,,
,,,,,6392,-77.96756,102,,,,,,
,,,,,6489,-156.36781,97,,,,,,
,,,,,6582,-130.50758,93,,,,,,
,,,,,6689,-336.16327,107,,,,,,
,,,,,6810,-208.84293,121,,,,,,
,,,,,6876,-90.759415,66,,,,,,
,,,,,6959,-259.6148,83,,,,,,
,,,,,7050,-113.152695,91,,,,,,
,,,,,7142,-167.1526,92,,,,,,
,,,,,7223,-125.045265,81,,,,,,
,,,,,7352,-110.05446,129,,,,,,
,,,,,7445,-87.539566,93,,,,,,
,,,,,7527,-74.16516,82,,,,,,
,,,,,7644,-106.54648,117,,,,,,
,,,,,7727,-125.34993,83,,,,,,
,,,,,7824,-262.70923,97,,,,,,
,,,,,7914,-314.4709,90,,,,,,
,,,,,8016,-346.3413,102,,,,,,
,,,,,8100,-208.28821,84,,,,,,
,,,,,8184,-413.25232,84,,,,,,
,,,,,8246,-142.15399,62,,,,,,
,,,,,8345,-89.13755,99,,,,,,
,,,,,8468,-165.67023,123,,,,,,
,,,,,8546,-162.04382,78,,,,,,
,,,,,8662,-179.53389,116,,,,,,
,,,,,8731,-70.50056,69,,,,,,
,,,,,8811,-118.63441,80,,,,,,
,,,,,8901,-347.67206,90,,,,,,
,,,,,8984,-149.67706,83,,,,,,
,,,,,9085,-311.85583,101,,,,,,
,,,,,9154,-109.829025,69,,,,,,
,,,,,9257,-193.89667,103,,,,,,
,,,,,9354,-227.34953,97,,,,,,
,,,,,9498,-120.49441,144,,,,,,
,,,,,9576,-77.188446,78,,,,,,
,,,,,9704,-342.2308,128,,,,,,
,,,,,9814,-51.24857,110,,,,,,
,,,,,9881,-66.25841,67,,,,,,
-1067.3275,425.04584,-489.02954,-1945.0428,133.3,10000,,,,,,,,
,,,,,10001,-140.65909,120,,,,,,
,,,,,10113,-66.15253,112,,,,,,
,,,,,10199,-369.08563,86,,,,,,
,,,,,10310,-115.49808,111,,,,,,
,,,,,10462,-287.52435,152,,,,,,
,,,,,10534,-62.230934,72,,,,,,
,,,,,10618,-111.90621,84,,,,,,
,,,,,10691,-297.17203,73,,,,,,
,,,,,10754,-147.45096,63,,,,,,
,,,,,10849,-5.5935974,95,,,,,,
,,,,,10942,-424.81778,93,,,,,,
,,,,,11014,-100.37336,72,,,,,,
,,,,,11132,-380.49417,118,,,,,,
,,,,,11220,-284.14722,88,,,,,,
,,,,,11314,-220.92224,94,,,,,,
,,,,,11389,-115.62494,75,,,,,,
,,,,,11486,-129.77356,97,,,,,,
,,,,,11596,-500.97925,110,,,,,,
,,,,,11688,-423.88107,92,,,,,,
,,,,,11785,-259.9307,97,,,,,,
,,,,,11879,-111.03592,94,,,,,,
,,,,,11968,-172.88483,89,,,,,,
,,,,,12068,-410.64175,100,,,,,,
,,,,,12144,-85.48074,76,,,,,,
,,,,,12276,-230.79677,132,,,,,,
,,,,,12338,-86.00573,62,,,,,,
,,,,,12414,-103.683044,76,,,,,,
,,,,,12516,-152.14594,102,,,,,,
,,,,,12607,-138.82745,91,,,,,,
,,,,,12703,-22.683334,96,,,,,,
,,,,,12804,-154.3378,101,,,,,,
,,,,,12920,-482.67877,116,,,,,,
,,,,,13058,-47.352688,138,,,,,,
,,,,,13200,-205.86128,142,,,,,,
,,,,,13279,-49.013634,79,,,,,,
,,,,,13354,-100.8744,75,,,,,,
,,,,,13483,-252.92467,129,,,,,,
,,,,,13604,-317.62286,121,,,,,,
,,,,,13676,-51.492477,72,,,,,,
,,,,,13765,-226.23328,89,,,,,,
,,,,,13889,-373.5058,124,,,,,,
,,,,,13964,-248.35318,75,,,,,,
,,,,,14046,-418.87378,82,,,,,,
,,,,,14119,-114.53341,73,,,,,,
,,,,,14204,-315.57892,85,,,,,,
,,,,,14289,-450.91022,85,,,,,,
,,,,,14402,-198.95035,113,,,,,,
,,,,,14482,-72.977936,80,,,,,,
,,,,,14569,-150.86452,87,,,,,,
,,,,,14663,-360.33743,94,,,,,,
,,,,,14751,-94.04151,88,,,,,,
,,,,,14867,-298.49835,116,,,,,,
,,,,,14947,-160.57352,80,,,,,,
,,,,,15020,-130.21474,73,,,,,,
,,,,,15107,-246.3021,87,,,,,,
,,,,,15245,-124.89052,138,,,,,,
,,,,,15382,-262.7315,137,,,,,,
,,,,,15464,-309.99652,82,,,,,,
,,,,,15571,-371.38965,107,,,,,,
,,,,,15645,-98.17826,74,,,,,,
,,,,,15735,-350.19623,90,,,,,,
,,,,,15807,-218.33842,72,,,,,,
,,,,,15943,-113.0785,136,,,,,,
,,,,,16027,-263.05237,84,,,,,,
,,,,,16101,-101.79633,74,,,,,,
,,,,,16175,-89.24051,74,,,,,,
,,,,,16279,-373.89346,104,,,,,,
,,,,,16341,-102.29912,62,,,,,,
,,,,,16442,-97.482254,101,,,,,,
,,,,,16521,-252.77356,79,,,,,,
,,,,,16591,-216.56473,70,,,,,,
,,,,,16663,-147.40196,72,,,,,,
,,,,,16789,-252.53986,126,,,,,,
,,,,,16908,-468.8828,119,,,,,,
,,,,,16992,-57.07001,84,,,,,,
,,,,,17071,-90.759155,79,,,,,,
,,,,,17156,-230.55727,85,,,,,,
,,,,,17309,-143.36249,153,,,,,,
,,,,,17386,-101.637146,77,,,,,,
,,,,,17467,-99.67321,81,,,,,,
,,,,,17548,-178.86429,81,,,,,,
,,,,,17612,-100.95953,64,,,,,,
,,,,,17708,-435.0647,96,,,,,,
,,,,,17790,-165.15909,82,,,,,,
,,,,,17859,-165.73148,69,,,,,,
,,,,,17958,-101.77374,99,,,,,,
,,,,,18096,-221.95096,138,,,,,,
,,,,,18211,-103.10721,115,,,,,,
,,,,,18278,-378.6493,67,,,,,,
,,,,,18406,-143.5918,128,,,,,,
,,,,,18492,-72.32361,86,,,,,,
,,,,,18565,-71.80137,73,,,,,,
,,,,,18635,-72.18992,70,,,,,,
,,,,,18744,-296.77765,109,,,,,,
,,,,,18866,-280.35135,122,,,,,,
,,,,,19030,-272.5094,164,,,,,,
,,,,,19116,-218.02737,86,,,,,,
,,,,,19236,-116.638626,120,,,,,,
,,,,,19327,-249.99504,91,,,,,,
,,,,,19421,-89.101456,94,,,,,,
,,,,,19535,-155.73866,114,,,,,,
,,,,,19643,-341.6106,108,,,,,,
,,,,,19746,-485.28214,103,,,,,,
,,,,,19876,-241.7213,130,,,,,,
,,,,,19985,-376.06296,109,,,,,,
-1054.0948,610.58356,-506.0597,-2202.189,138.0,20000,,,5.721775054931641,-0.051341574639081955,-0.7829251289367676,4.122769355773926,0.88,0.0003
,,,,,20071,-135.42775,86,,,,,,
,,,,,20210,-228.17845,139,,,,,,
,,,,,20301,-144.30902,91,,,,,,
,,,,,20387,-32.930527,86,,,,,,
,,,,,20502,-203.29832,115,,,,,,
,,,,,20604,-98.858505,102,,,,,,
,,,,,20734,-70.964264,130,,,,,,
,,,,,20798,-81.513596,64,,,,,,
,,,,,20865,-265.61456,67,,,,,,
,,,,,20979,-384.62024,114,,,,,,
,,,,,21000,,,427.3145751953125,-2.3035600185394287,-4.879631519317627,107.91997528076172,0.874,0.0003
,,,,,21111,-202.41469,132,,,,,,
,,,,,21191,-190.03484,80,,,,,,
,,,,,21290,-59.04207,99,,,,,,
,,,,,21412,-62.26596,122,,,,,,
,,,,,21525,-143.08177,113,,,,,,
,,,,,21651,-320.8556,126,,,,,,
,,,,,21761,-104.92911,110,,,,,,
,,,,,21862,-80.52528,101,,,,,,
,,,,,21989,-131.60338,127,,,,,,
,,,,,22000,,,143.77890014648438,-3.1853761672973633,-4.756005764007568,51.62344741821289,0.868,0.0003
,,,,,22163,-33.811447,174,,,,,,
,,,,,22264,-130.2184,101,,,,,,
,,,,,22369,-148.49696,105,,,,,,
,,,,,22470,-60.669865,101,,,,,,
,,,,,22544,-74.11425,74,,,,,,
,,,,,22628,-150.37234,84,,,,,,
,,,,,22713,-116.67718,85,,,,,,
,,,,,22801,-106.90471,88,,,,,,
,,,,,22875,-116.864685,74,,,,,,
,,,,,22997,-119.675896,122,,,,,,
,,,,,23000,,,8.055132865905762,-1.39314866065979,-1.472222089767456,18.031301498413086,0.862,0.0003
,,,,,23088,-84.072845,91,,,,,,
,,,,,23182,-87.53277,94,,,,,,
,,,,,23288,-144.87071,106,,,,,,
,,,,,23391,-315.49457,103,,,,,,
,,,,,23534,-9.122086,143,,,,,,
,,,,,23633,-112.07321,99,,,,,,
,,,,,23733,-169.19876,100,,,,,,
,,,,,23825,-128.7406,92,,,,,,
,,,,,23891,-68.055214,66,,,,,,
,,,,,23973,-52.886875,82,,,,,,
,,,,,24000,,,1.2918062210083008,-2.1326956748962402,-1.915529489517212,18.191606521606445,0.856,0.0003
,,,,,24091,-155.57147,118,,,,,,
,,,,,24215,-210.92592,124,,,,,,
,,,,,24336,-143.99664,121,,,,,,
,,,,,24426,-3.2972183,90,,,,,,
,,,,,24523,-130.13205,97,,,,,,
,,,,,24610,-68.289444,87,,,,,,
,,,,,24710,-82.83836,100,,,,,,
,,,,,24832,-239.05179,122,,,,,,
,,,,,24984,-2.3538284,152,,,,,,
,,,,,25000,,,13.915775299072266,-1.6719650030136108,-1.8014578819274902,43.630821228027344,0.85,0.0003
,,,,,25102,-84.9095,118,,,,,,
,,,,,25187,-72.300186,85,,,,,,
,,,,,25296,-102.86781,109,,,,,,
,,,,,25400,-119.11168,104,,,,,,
,,,,,25499,-291.93982,99,,,,,,
,,,,,25573,-134.80032,74,,,,,,
,,,,,25676,-104.090416,103,,,,,,
,,,,,25776,-82.79254,100,,,,,,
,,,,,25861,-111.102394,85,,,,,,
,,,,,25958,-195.72237,97,,,,,,
,,,,,26000,,,57.254737854003906,-4.214886665344238,-5.293140888214111,126.88531494140625,0.844,0.0003
,,,,,26069,-136.24817,111,,,,,,
,,,,,26143,-85.49481,74,,,,,,
,,,,,26227,-76.28002,84,,,,,,
,,,,,26336,-93.574585,109,,,,,,
,,,,,26412,-72.1913,76,,,,,,
,,,,,26520,-65.59935,108,,,,,,
,,,,,26610,-50.807365,90,,,,,,
,,,,,26719,-189.01021,109,,,,,,
,,,,,26847,-129.1587,128,,,,,,
,,,,,26966,-99.62571,119,,,,,,
,,,,,27000,,,5.98521614074707,-3.429702043533325,-2.673313856124878,63.262027740478516,0.838,0.0003
,,,,,27063,-311.47534,97,,,,,,
,,,,,27209,-44.6384,146,,,,,,
,,,,,27341,-126.42116,132,,,,,,
,,,,,27422,-116.668045,81,,,,,,
,,,,,27530,-144.81128,108,,,,,,
,,,,,27671,-236.67802,141,,,,,,
,,,,,27786,-189.47421,115,,,,,,
,,,,,27881,-107.17055,95,,,,,,
,,,,,27994,-137.9009,113,,,,,,
,,,,,28000,,,14.587493896484375,-4.019628524780273,-3.6529946327209473,72.79147338867188,0.832,0.0003
,,,,,28098,-241.27188,104,,,,,,
,,,,,28175,-156.5514,77,,,,,,
,,,,,28249,-86.522766,74,,,,,,
,,,,,28345,-90.69446,96,,,,,,
,,,,,28420,-119.25159,75,,,,,,
,,,,,28491,-60.472843,71,,,,,,
,,,,,28618,16.696075,127,,,,,,
,,,,,28754,-133.75665,136,,,,,,
,,,,,28843,-109.48558,89,,,,,,
,,,,,28990,-201.66205,147,,,,,,
,,,,,29000,,,1.6683950424194336,0.015543490648269653,0.7275772094726562,71.70521545410156,0.8260000000000001,0.0003
,,,,,29064,-120.522736,74,,,,,,
,,,,,29188,-89.18414,124,,,,,,
,,,,,29295,-103.020065,107,,,,,,
,,,,,29374,-112.73536,79,,,,,,
,,,,,29507,-24.823082,133,,,,,,
,,,,,29580,-104.620026,73,,,,,,
,,,,,29705,-288.5691,125,,,,,,
,,,,,29819,-246.64987,114,,,,,,
,,,,,29901,-84.461136,82,,,,,,
,,,,,29986,-63.584938,85,,,,,,
-172.55699,136.20541,46.107773,-395.7738,683.1,30000,,,16.616342544555664,-3.5576558113098145,-2.9906415939331055,44.513572692871094,0.82,0.0003
,,,,,30096,-110.68121,110,,,,,,
,,,,,30166,-114.21615,70,,,,,,
,,,,,30277,-234.9468,111,,,,,,
,,,,,30419,-290.87152,142,,,,,,
,,,,,30508,-178.64966,89,,,,,,
,,,,,30588,-129.24461,80,,,,,,
,,,,,30701,-107.50951,113,,,,,,
,,,,,30825,-209.30406,124,,,,,,
,,,,,30957,-205.43604,132,,,,,,
,,,,,31000,,,2.603759765625,-2.6616392135620117,-2.275050640106201,53.912078857421875,0.8140000000000001,0.0003
,,,,,31054,-127.263016,97,,,,,,
,,,,,31127,-35.597458,73,,,,,,
,,,,,31202,-198.14513,75,,,,,,
,,,,,31292,-135.24931,90,,,,,,
,,,,,31399,-121.98937,107,,,,,,
,,,,,31537,-61.240265,138,,,,,,
,,,,,31628,-129.10068,91,,,,,,
,,,,,31725,-88.90489,97,,,,,,
,,,,,31813,-79.80841,88,,,,,,
,,,,,31899,-97.34275,86,,,,,,
,,,,,31984,-157.97939,85,,,,,,
,,,,,32000,,,8.274230003356934,-4.361745357513428,-4.515105247497559,43.11772155761719,0.808,0.0003
,,,,,32058,-149.53494,74,,,,,,
,,,,,32155,-106.22097,97,,,,,,
,,,,,32292,-214.7184,137,,,,,,
,,,,,32386,-115.66759,94,,,,,,
,,,,,32483,-156.29929,97,,,,,,
,,,,,32574,-101.94759,91,,,,,,
,,,,,32662,-73.84541,88,,,,,,
,,,,,32768,-149.87564,106,,,,,,
,,,,,32886,-88.585045,118,,,,,,
,,,,,32988,-135.25883,102,,,,,,
,,,,,33000,,,18.91664695739746,-7.478468894958496,-6.389039516448975,88.4808120727539,0.802,0.0003
,,,,,33126,-105.09992,138,,,,,,
,,,,,33270,-304.5592,144,,,,,,
,,,,,33351,-48.332863,81,,,,,,
,,,,,33439,-57.14532,88,,,,,,
,,,,,33594,22.048782,155,,,,,,
,,,,,33690,-81.61783,96,,,,,,
,,,,,33795,-55.145836,105,,,,,,
,,,,,33856,-60.042477,61,,,,,,
,,,,,33931,-68.994965,75,,,,,,
,,,,,34000,,,23.90231704711914,-0.4372367858886719,-1.2961831092834473,110.71985626220703,0.796,0.0003
,,,,,34048,-143.40521,117,,,,,,
,,,,,34175,-95.48907,127,,,,,,
,,,,,34321,-128.15666,146,,,,,,
,,,,,34429,-88.5357,108,,,,,,
,,,,,34517,-262.43887,88,,,,,,
,,,,,34622,-131.4709,105,,,,,,
,,,,,34727,-253.97899,105,,,,,,
,,,,,34787,-63.159355,60,,,,,,
,,,,,34855,-95.96219,68,,,,,,
,,,,,34974,-96.73297,119,,,,,,
,,,,,35000,,,0.8014917373657227,5.50713586807251,5.455718517303467,16.6793270111084,0.79,0.0003
,,,,,35068,-88.05497,94,,,,,,
,,,,,35131,-116.27306,63,,,,,,
,,,,,35205,-106.06337,74,,,,,,
,,,,,35304,-114.09936,99,,,,,,
,,,,,35411,-140.08897,107,,,,,,
,,,,,35477,32.53505,66,,,,,,
,,,,,35585,-79.40103,108,,,,,,
,,,,,35703,-83.441154,118,,,,,,
,,,,,35778,-28.098816,75,,,,,,
,,,,,35871,-123.82496,93,,,,,,
,,,,,36000,,,1.1924939155578613,-3.3372085094451904,-3.0884437561035156,27.57697296142578,0.784,0.0003
,,,,,36013,-55.378952,142,,,,,,
,,,,,36094,-63.195477,81,,,,,,
,,,,,36193,-115.844124,99,,,,,,
,,,,,36368,-92.9274,175,,,,,,
,,,,,36497,-82.73471,129,,,,,,
,,,,,36580,-66.18048,83,,,,,,
,,,,,36646,-55.361847,66,,,,,,
,,,,,36714,-49.513813,68,,,,,,
,,,,,36832,-115.429886,118,,,,,,
,,,,,36909,-96.52075,77,,,,,,
,,,,,36982,-55.607346,73,,,,,,
,,,,,37000,,,3.276458740234375,-2.27807354927063,-2.5796267986297607,65.15509033203125,0.778,0.0003
,,,,,37101,-187.14822,119,,,,,,
,,,,,37214,-51.83713,113,,,,,,
,,,,,37320,-119.65803,106,,,,,,
,,,,,37419,24.714005,99,,,,,,
,,,,,37521,8.348953,102,,,,,,
,,,,,37678,-51.057697,157,,,,,,
,,,,,37773,-74.9407,95,,,,,,
,,,,,37896,-116.23775,123,,,,,,
,,,,,37995,-66.80621,99,,,,,,
,,,,,38000,,,7.496056079864502,-1.1841113567352295,-1.3369919061660767,42.24113082885742,0.772,0.0003
,,,,,38086,-106.837944,91,,,,,,
,,,,,38215,-61.795933,129,,,,,,
,,,,,38410,-69.60474,195,,,,,,
,,,,,38502,-32.502586,92,,,,,,
,,,,,38576,-86.72071,74,,,,,,
,,,,,38654,-64.09904,78,,,,,,
,,,,,38775,-47.639862,121,,,,,,
,,,,,38879,-35.03353,104,,,,,,
,,,,,39000,,,2.9584412574768066,4.585783004760742,4.133283615112305,53.12336730957031,0.766,0.0003
,,,,,39027,-85.92615,148,,,,,,
,,,,,39124,-59.378933,97,,,,,,
,,,,,39183,-68.868835,59,,,,,,
,,,,,39266,-61.945396,83,,,,,,
,,,,,39406,-104.71197,140,,,,,,
,,,,,39480,-82.541534,74,,,,,,
,,,,,39596,-77.38982,116,,,,,,
,,,,,39698,-106.313736,102,,,,,,
,,,,,39834,-75.15641,136,,,,,,
,,,,,39941,-121.34233,107,,,,,,
-262.25903,22.74095,-220.9228,-303.19745,784.9,40000,,,1.906536340713501,-8.703775405883789,-8.767938613891602,26.695327758789062,0.76,0.0003
,,,,,40042,-212.61804,101,,,,,,
,,,,,40152,-106.64778,110,,,,,,
,,,,,40321,-53.275135,169,,,,,,
,,,,,40428,28.269028,107,,,,,,
,,,,,40512,-94.04799,84,,,,,,
,,,,,40577,-73.02602,65,,,,,,
,,,,,40675,-110.71665,98,,,,,,
,,,,,40792,-58.92424,117,,,,,,
,,,,,40955,-34.04963,163,,,,,,
,,,,,41000,,,75.8393325805664,-8.750860214233398,-7.764962673187256,225.2882843017578,0.754,0.0003
,,,,,41066,-308.5783,111,,,,,,
,,,,,41143,-24.502747,77,,,,,,
,,,,,41270,-131.1323,127,,,,,,
,,,,,41368,-150.40337,98,,,,,,
,,,,,41524,-67.78848,156,,,,,,
,,,,,41627,-55.840115,103,,,,,,
,,,,,41745,-200.5146,118,,,,,,
,,,,,41822,-54.9477,77,,,,,,
,,,,,41894,-149.4386,72,,,,,,
,,,,,41970,-42.022026,76,,,,,,
,,,,,42000,,,1.6288350820541382,-4.547999382019043,-4.860755920410156,44.40583419799805,0.748,0.0003
,,,,,42044,-74.53044,74,,,,,,
,,,,,42184,-97.72937,140,,,,,,
,,,,,42296,-75.06377,112,,,,,,
,,,,,42372,-83.15155,76,,,,,,
,,,,,42462,-116.567444,90,,,,,,
,,,,,42645,-97.69697,183,,,,,,
,,,,,42738,-97.75396,93,,,,,,
,,,,,42862,-29.845345,124,,,,,,
,,,,,42948,-69.02425,86,,,,,,
,,,,,43000,,,25.992664337158203,-2.381621837615967,-2.9755287170410156,72.9662857055664,0.742,0.0003
,,,,,43029,-105.27997,81,,,,,,
,,,,,43138,-97.39288,109,,,,,,
,,,,,43227,-88.912445,89,,,,,,
,,,,,43311,-9.5638275,84,,,,,,
,,,,,43404,-31.199448,93,,,,,,
,,,,,43499,-67.72087,95,,,,,,
,,,,,43619,-66.45825,120,,,,,,
,,,,,43694,-63.737278,75,,,,,,
,,,,,43812,33.755493,118,,,,,,
,,,,,43952,-51.77899,140,,,,,,
,,,,,44000,,,1.4665755033493042,1.6891334056854248,1.8447691202163696,44.046661376953125,0.736,0.0003
,,,,,44098,-41.977596,146,,,,,,
,,,,,44175,-50.409153,77,,,,,,
,,,,,44286,-78.89596,111,,,,,,
,,,,,44358,-64.9835,72,,,,,,
,,,,,44470,-118.88016,112,,,,,,
,,,,,44574,-68.3503,104,,,,,,
,,,,,44684,-71.13582,110,,,,,,
,,,,,44747,-47.677116,63,,,,,,
,,,,,44892,-38.247536,145,,,,,,
,,,,,44964,-78.663864,72,,,,,,
,,,,,45000,,,0.7586134076118469,5.070614814758301,5.200371742248535,26.67367935180664,0.73,0.0003
,,,,,45047,-67.32318,83,,,,,,
,,,,,45118,-61.236095,71,,,,,,
,,,,,45194,-75.397644,76,,,,,,
,,,,,45340,-67.458755,146,,,,,,
,,,,,45470,-80.7278,130,,,,,,
,,,,,45531,-60.478764,61,,,,,,
,,,,,45602,-89.78358,71,,,,,,
,,,,,45725,-76.97062,123,,,,,,
,,,,,45800,-61.517067,75,,,,,,
,,,,,45887,-69.10253,87,,,,,,
,,,,,45972,-49.943188,85,,,,,,
,,,,,46000,,,3.377981185913086,5.322700500488281,5.486471176147461,37.509490966796875,0.724,0.0003
,,,,,46108,-44.90185,136,,,,,,
,,,,,46177,-50.581627,69,,,,,,
,,,,,46323,-166.92407,146,,,,,,
,,,,,46451,-90.70914,128,,,,,,
,,,,,46549,-82.18458,98,,,,,,
,,,,,46619,-66.60401,70,,,,,,
,,,,,46773,-81.83482,154,,,,,,
,,,,,46857,-102.75539,84,,,,,,
,,,,,46943,-90.835075,86,,,,,,
,,,,,47000,,,5.721743106842041,7.983158111572266,8.021629333496094,26.775808334350586,0.718,0.0003
,,,,,47085,-67.92015,142,,,,,,
,,,,,47214,-44.159813,129,,,,,,
,,,,,47349,-25.149475,135,,,,,,
,,,,,47495,-50.162205,146,,,,,,
,,,,,47594,-70.76739,99,,,,,,
,,,,,47707,-93.8183,113,,,,,,
,,,,,47824,-61.08991,117,,,,,,
,,,,,47984,-26.681244,160,,,,,,
,,,,,48000,,,1.617511510848999,3.888608455657959,4.026206016540527,37.83262634277344,0.712,0.0003
,,,,,48074,-25.120476,90,,,,,,
,,,,,48174,-44.77435,100,,,,,,
,,,,,48269,-197.48509,95,,,,,,
,,,,,48401,-92.16011,132,,,,,,
,,,,,48491,-199.33324,90,,,,,,
,,,,,48614,-85.0704,123,,,,,,
,,,,,48685,-87.81952,71,,,,,,
,,,,,48783,-103.50809,98,,,,,,
,,,,,48904,20.37864,121,,,,,,
,,,,,49000,,,9.375743865966797,3.6751632690429688,3.514928102493286,55.374515533447266,0.706,0.0003
,,,,,49046,-72.00046,142,,,,,,
,,,,,49123,-95.35246,77,,,,,,
,,,,,49334,-44.931915,211,,,,,,
,,,,,49481,-45.047573,147,,,,,,
,,,,,49596,-110.53028,115,,,,,,
,,,,,49728,-73.21674,132,,,,,,
,,,,,49795,-77.74633,67,,,,,,
,,,,,49905,-129.89189,110,,,,,,
,,,,,50000,-131.89748,95,,,,,,
-125.17727,21.201601,-91.65868,-165.69708,1000.0,50000,,,30.60673713684082,-4.473257541656494,-3.9377264976501465,45.656951904296875,0.7,0.0003
,,,,,50160,-232.66571,160,,,,,,
,,,,,50247,-95.886,87,,,,,,
,,,,,50333,-95.690895,86,,,,,,
,,,,,50442,-18.3404,109,,,,,,
,,,,,50563,-51.96529,121,,,,,,
,,,,,50638,-77.59029,75,,,,,,
,,,,,50736,-90.780304,98,,,,,,
,,,,,50820,-92.7716,84,,,,,,
,,,,,50936,-8.352127,116,,,,,,
,,,,,51000,,,31.297155380249023,2.5605881214141846,1.247183084487915,144.58267211914062,0.694,0.0003
,,,,,51002,-40.32844,66,,,,,,
,,,,,51161,-69.95032,159,,,,,,
,,,,,51916,-267.82843,755,,,,,,
,,,,,52000,,,3.3149309158325195,0.9643285274505615,1.6468899250030518,97.04353332519531,0.688,0.0003
,,,,,52026,-83.30713,110,,,,,,
,,,,,52144,-78.26738,118,,,,,,
,,,,,52237,-57.008797,93,,,,,,
,,,,,52355,-34.149994,118,,,,,,
,,,,,52445,-48.067406,90,,,,,,
,,,,,52510,-63.862617,65,,,,,,
,,,,,52618,-34.959557,108,,,,,,
,,,,,52752,-49.8931,134,,,,,,
,,,,,52841,-18.928673,89,,,,,,
,,,,,52940,-38.947266,99,,,,,,
,,,,,53000,,,110.13550567626953,-0.2702089548110962,0.7805153131484985,188.8217010498047,0.6819999999999999,0.0003
,,,,,53041,-51.798454,101,,,,,,
,,,,,53140,-100.08589,99,,,,,,
,,,,,53271,-96.609505,131,,,,,,
,,,,,53344,-88.12667,73,,,,,,
,,,,,53452,-76.50719,108,,,,,,
,,,,,53538,-52.883656,86,,,,,,
,,,,,53686,-54.526485,148,,,,,,
,,,,,53819,-53.439453,133,,,,,,
,,,,,53939,-75.33034,120,,,,,,
,,,,,54000,,,7.363214015960693,9.352042198181152,9.81651496887207,45.16456604003906,0.6759999999999999,0.0003
,,,,,54076,-63.961117,137,,,,,,
,,,,,54175,-26.390274,99,,,,,,
,,,,,54319,-57.134502,144,,,,,,
,,,,,54407,-68.6414,88,,,,,,
,,,,,54490,-33.359024,83,,,,,,
,,,,,54587,-72.529816,97,,,,,,
,,,,,54694,-38.763897,107,,,,,,
,,,,,54799,-98.5545,105,,,,,,
,,,,,54905,-117.65111,106,,,,,,
,,,,,55000,,,21.465923309326172,5.03444242477417,4.389657020568848,91.89960479736328,0.67,0.0003
,,,,,55019,-53.737965,114,,,,,,
,,,,,55140,-8.092163,121,,,,,,
,,,,,55213,-61.888786,73,,,,,,
,,,,,55350,-29.160652,137,,,,,,
,,,,,55438,16.804504,88,,,,,,
,,,,,55534,-79.22908,96,,,,,,
,,,,,55668,-119.901505,134,,,,,,
,,,,,55744,-57.148254,76,,,,,,
,,,,,55864,-90.86312,120,,,,,,
,,,,,55964,-35.224174,100,,,,,,
,,,,,56000,,,18.23409080505371,-5.241140365600586,-4.807868957519531,79.31071472167969,0.6639999999999999,0.0003
,,,,,56044,-50.49509,80,,,,,,
,,,,,56175,-180.30457,131,,,,,,
,,,,,56301,6.684326,126,,,,,,
,,,,,56436,-255.64632,135,,,,,,
,,,,,56615,-50.84275,179,,,,,,
,,,,,56691,-84.60487,76,,,,,,
,,,,,56786,23.505455,95,,,,,,
,,,,,56897,-80.15366,111,,,,,,
,,,,,56983,-40.924408,86,,,,,,
,,,,,57000,,,2.8192033767700195,8.87590217590332,8.773542404174805,24.436250686645508,0.6579999999999999,0.0003
,,,,,57073,-61.276833,90,,,,,,
,,,,,57179,-105.425354,106,,,,,,
,,,,,57274,-11.690704,95,,,,,,
,,,,,57377,-34.577736,103,,,,,,
,,,,,57481,-106.24608,104,,,,,,
,,,,,57611,-76.65901,130,,,,,,
,,,,,58000,,,10.078980445861816,7.411397457122803,6.406664848327637,82.5323715209961,0.652,0.0003
,,,,,58083,-131.90158,472,,,,,,
,,,,,58174,-66.43801,91,,,,,,
,,,,,58293,-30.116066,119,,,,,,
,,,,,58383,-49.704834,90,,,,,,
,,,,,58483,-46.77084,100,,,,,,
,,,,,58615,-72.87782,132,,,,,,
,,,,,58700,-41.963318,85,,,,,,
,,,,,58832,-49.369415,132,,,,,,
,,,,,58908,-100.00578,76,,,,,,
,,,,,59000,,,1.7343705892562866,18.20911407470703,18.26172637939453,40.97969436645508,0.646,0.0003
,,,,,59018,-65.65411,110,,,,,,
,,,,,59133,-44.37059,115,,,,,,
,,,,,59229,-27.241257,96,,,,,,
,,,,,59293,-74.99196,64,,,,,,
,,,,,59398,-37.788654,105,,,,,,
,,,,,59489,-69.47748,91,,,,,,
,,,,,59600,-29.355743,111,,,,,,
,,,,,59681,-70.75978,81,,,,,,
,,,,,59803,-27.101646,122,,,,,,
,,,,,59916,-94.97812,113,,,,,,
,,,,,59993,-77.05021,77,,,,,,
-118.394615,80.87408,-43.708637,-261.8581,918.7,60000,,,1.0510590076446533,16.797985076904297,16.72327423095703,30.518653869628906,0.6399999999999999,0.0003
,,,,,60078,5.2369537,85,,,,,,
,,,,,60181,-37.877953,103,,,,,,
,,,,,60265,-72.39897,84,,,,,,
,,,,,60370,-54.53122,105,,,,,,
,,,,,60448,-58.978394,78,,,,,,
,,,,,60544,-94.12975,96,,,,,,
,,,,,60674,-131.81525,130,,,,,,
,,,,,60792,-58.89125,118,,,,,,
,,,,,60915,-69.76875,123,,,,,,
,,,,,61000,,,19.83378028869629,22.23638153076172,22.80840492248535,66.23282623291016,0.634,0.0003
,,,,,61010,-73.19195,95,,,,,,
,,,,,61128,18.704025,118,,,,,,
,,,,,61209,-89.67715,81,,,,,,
,,,,,61297,-34.14444,88,,,,,,
,,,,,61403,-62.232178,106,,,,,,
,,,,,61475,-55.63584,72,,,,,,
,,,,,61581,-100.6762,106,,,,,,
,,,,,61670,-81.77149,89,,,,,,
,,,,,61781,-44.811264,111,,,,,,
,,,,,61866,-25.069717,85,,,,,,
,,,,,61964,-47.467712,98,,,,,,
,,,,,62000,,,1.8554604053497314,21.47255516052246,22.06926155090332,95.9183120727539,0.628,0.0003
,,,,,62050,-49.840397,86,,,,,,
,,,,,62153,-18.297928,103,,,,,,
,,,,,62245,-137.90994,92,,,,,,
,,,,,62355,-94.73158,110,,,,,,
,,,,,62473,-66.96228,118,,,,,,
,,,,,62629,-72.15116,156,,,,,,
,,,,,62742,-47.959373,113,,,,,,
,,,,,62869,-39.171543,127,,,,,,
,,,,,63000,,,36.81515884399414,6.333889484405518,6.646386623382568,122.4454574584961,0.622,0.0003
,,,,,63097,-55.422646,228,,,,,,
,,,,,63172,-113.23995,75,,,,,,
,,,,,63512,-280.2411,340,,,,,,
,,,,,63726,-243.55147,214,,,,,,
,,,,,63844,-84.935776,118,,,,,,
,,,,,63971,-63.69141,127,,,,,,
,,,,,64000,,,9.96710205078125,19.19369888305664,20.063119888305664,112.25670623779297,0.616,0.0003
,,,,,64093,-57.63554,122,,,,,,
,,,,,64180,-42.129574,87,,,,,,
,,,,,64279,-49.746483,99,,,,,,
,,,,,64384,-21.290909,105,,,,,,
,,,,,64507,-72.00817,123,,,,,,
,,,,,64987,-56.111713,480,,,,,,
,,,,,65000,,,8.6472749710083,10.636451721191406,11.333349227905273,115.2894058227539,0.61,0.0003
,,,,,65122,-61.429848,135,,,,,,
,,,,,65216,-52.156918,94,,,,,,
,,,,,65344,-66.278465,128,,,,,,
,,,,,65465,-100.774994,121,,,,,,
,,,,,65589,-24.801826,124,,,,,,
,,,,,65690,-19.612076,101,,,,,,
,,,,,65779,-41.599068,89,,,,,,
,,,,,65888,-90.53648,109,,,,,,
,,,,,65982,-74.58077,94,,,,,,
,,,,,66000,,,2.334092617034912,-4.608583450317383,-4.3099846839904785,56.417388916015625,0.604,0.0003
,,,,,66137,-88.90998,155,,,,,,
,,,,,66232,-71.93986,95,,,,,,
,,,,,66377,-10.593704,145,,,,,,
,,,,,66512,-77.126015,135,,,,,,
,,,,,66620,-62.11212,108,,,,,,
,,,,,66725,-36.25127,105,,,,,,
,,,,,66815,-92.68306,90,,,,,,
,,,,,66927,-115.0588,112,,,,,,
,,,,,67000,,,178.78927612304688,10.002370834350586,11.757575035095215,295.1272277832031,0.598,0.0003
,,,,,67036,-26.318298,109,,,,,,
,,,,,67140,23.366913,104,,,,,,
,,,,,67239,-78.79869,99,,,,,,
,,,,,67396,-29.884796,157,,,,,,
,,,,,67502,-5.0873413,106,,,,,,
,,,,,67590,-82.097664,88,,,,,,
,,,,,67697,-65.03053,107,,,,,,
,,,,,67784,-51.332542,87,,,,,,
,,,,,67909,-92.14577,125,,,,,,
,,,,,68000,,,3.257606029510498,10.885946273803711,11.050220489501953,39.87075424194336,0.5920000000000001,0.0003
,,,,,68004,-105.528244,95,,,,,,
,,,,,68129,-136.82071,125,,,,,,
,,,,,68208,-8.177338,79,,,,,,
,,,,,68296,-80.024445,88,,,,,,
,,,,,68474,2.2881546,178,,,,,,
,,,,,68601,-36.05835,127,,,,,,
,,,,,68722,-10.443611,121,,,,,,
,,,,,68847,-30.61795,125,,,,,,
,,,,,68940,-52.61415,93,,,,,,
,,,,,69000,,,55.47718811035156,11.90039348602295,11.080245018005371,183.64768981933594,0.586,0.0003
,,,,,69086,-33.79238,146,,,,,,
,,,,,69186,-43.890907,100,,,,,,
,,,,,69308,-111.38733,122,,,,,,
,,,,,69437,-37.01585,129,,,,,,
,,,,,69568,-31.229141,131,,,,,,
,,,,,69788,-93.852554,220,,,,,,
,,,,,69882,17.211365,94,,,,,,
,,,,,69996,-49.951294,114,,,,,,
-188.36983,48.506714,-92.01305,-251.04195,651.0,70000,,,19.386749267578125,6.626382350921631,6.771615028381348,84.77996063232422,0.58,0.0003
,,,,,70105,-65.69554,109,,,,,,
,,,,,70238,-135.72679,133,,,,,,
,,,,,70333,-20.7956,95,,,,,,
,,,,,70417,-71.85932,84,,,,,,
,,,,,70530,-82.245636,113,,,,,,
,,,,,70690,-186.36621,160,,,,,,
,,,,,70778,-65.478905,88,,,,,,
,,,,,70867,-89.601685,89,,,,,,
,,,,,70978,-91.38341,111,,,,,,
,,,,,71000,,,32.62067413330078,4.202700138092041,5.802580833435059,164.19378662109375,0.5740000000000001,0.0003
,,,,,71107,-111.788895,129,,,,,,
,,,,,71196,-92.23529,89,,,,,,
,,,,,71292,-40.11613,96,,,,,,
,,,,,71415,-0.97602844,123,,,,,,
,,,,,71535,-53.223907,120,,,,,,
,,,,,71651,-48.146637,116,,,,,,
,,,,,71780,-108.8043,129,,,,,,
,,,,,71899,-73.54462,119,,,,,,
,,,,,71974,-4.072502,75,,,,,,
,,,,,72000,,,7.688939094543457,4.994869232177734,4.806916236877441,71.35897064208984,0.5680000000000001,0.0003
,,,,,72041,-51.876106,67,,,,,,
,,,,,72194,-75.6709,153,,,,,,
,,,,,72312,-41.95708,118,,,,,,
,,,,,72421,-65.20343,109,,,,,,
,,,,,72536,2.6881332,115,,,,,,
,,,,,72641,-71.00409,105,,,,,,
,,,,,72746,-37.23205,105,,,,,,
,,,,,72863,-26.425728,117,,,,,,
,,,,,72985,-95.878876,122,,,,,,
,,,,,73000,,,3.3903536796569824,10.786005020141602,11.38060474395752,70.37865447998047,0.5619999999999999,0.0003
,,,,,73116,-75.44857,131,,,,,,
,,,,,73231,2.3686447,115,,,,,,
,,,,,73345,-123.40475,114,,,,,,
,,,,,73422,-60.3124,77,,,,,,
,,,,,73541,-66.281265,119,,,,,,
,,,,,73627,-79.08855,86,,,,,,
,,,,,73759,-1.7487335,132,,,,,,
,,,,,73859,-82.78851,100,,,,,,
,,,,,73929,-69.14876,70,,,,,,
,,,,,74000,,,6.2036004066467285,4.523522853851318,5.310306549072266,102.62081909179688,0.556,0.0003
,,,,,74024,-50.84116,95,,,,,,
,,,,,74132,-82.72384,108,,,,,,
,,,,,74250,-31.640327,118,,,,,,
,,,,,74389,10.881027,139,,,,,,
,,,,,74500,-72.95547,111,,,,,,
,,,,,74608,-9.135895,108,,,,,,
,,,,,74724,-48.703495,116,,,,,,
,,,,,74811,-78.3179,87,,,,,,
,,,,,74898,-16.641922,87,,,,,,
,,,,,75000,,,3.542485237121582,11.837807655334473,11.51681137084961,73.19087219238281,0.55,0.0003
,,,,,75898,-39.37023,1000,,,,,,
,,,,,76000,,,57.908321380615234,22.10474395751953,22.954898834228516,162.32240295410156,0.5439999999999999,0.0003
,,,,,76005,6.2122345,107,,,,,,
,,,,,76150,9.459373,145,,,,,,
,,,,,76264,-81.03357,114,,,,,,
,,,,,76384,20.189613,120,,,,,,
,,,,,76522,-61.894203,138,,,,,,
,,,,,76635,-7.853752,113,,,,,,
,,,,,76739,33.28569,104,,,,,,
,,,,,77000,,,24.746868133544922,8.2699556350708,7.306341171264648,116.28765106201172,0.538,0.0003
,,,,,77443,-222.45184,704,,,,,,
,,,,,77523,-94.18893,80,,,,,,
,,,,,77631,-75.14381,108,,,,,,
,,,,,77724,-70.45372,93,,,,,,
,,,,,77857,-37.503014,133,,,,,,
,,,,,77955,-27.561646,98,,,,,,
,,,,,78000,,,1.6224758625030518,26.68602752685547,26.90280532836914,53.6231575012207,0.532,0.0003
,,,,,78053,-74.568825,98,,,,,,
,,,,,78150,-18.927597,97,,,,,,
,,,,,78254,-38.604263,104,,,,,,
,,,,,78346,4.0830765,92,,,,,,
,,,,,78448,-51.04902,102,,,,,,
,,,,,78589,-3.2897034,141,,,,,,
,,,,,78675,-16.283775,86,,,,,,
,,,,,78785,7.2598114,110,,,,,,
,,,,,78917,-105.47457,132,,,,,,
,,,,,79000,,,7.3324809074401855,-3.171597957611084,-3.1680545806884766,63.58433532714844,0.526,0.0003
,,,,,79017,-77.71802,100,,,,,,
,,,,,79122,-76.40679,105,,,,,,
,,,,,79232,-30.62928,110,,,,,,
,,,,,79347,-55.216156,115,,,,,,
,,,,,79452,-13.128822,105,,,,,,
,,,,,79788,-38.580627,336,,,,,,
,,,,,79917,-76.45143,129,,,,,,
-192.84439,55.528435,-94.703415,-284.27747,642.7,80000,,,4.033216953277588,32.51486587524414,33.112327575683594,68.23751068115234,0.52,0.0003
,,,,,80033,-2.8182602,116,,,,,,
,,,,,80173,-35.700554,140,,,,,,
,,,,,80283,-1.4947891,110,,,,,,
,,,,,80932,-68.08853,649,,,,,,
,,,,,81000,,,2.9217162132263184,19.844314575195312,19.335533142089844,63.51350784301758,0.514,0.0003
,,,,,81067,6.1700897,135,,,,,,
,,,,,81184,-21.92553,117,,,,,,
,,,,,81319,-69.272415,135,,,,,,
,,,,,81434,-66.757065,115,,,,,,
,,,,,81543,-23.036972,109,,,,,,
,,,,,81664,-67.8905,121,,,,,,
,,,,,81784,22.480148,120,,,,,,
,,,,,81867,-37.836533,83,,,,,,
,,,,,81982,-59.30356,115,,,,,,
,,,,,82000,,,10.626519203186035,11.155044555664062,10.761524200439453,77.5007553100586,0.508,0.0003
,,,,,82080,-59.18063,98,,,,,,
,,,,,82191,-97.56628,111,,,,,,
,,,,,82316,-75.13342,125,,,,,,
,,,,,82449,-252.16202,133,,,,,,
,,,,,82564,-35.10672,115,,,,,,
,,,,,82664,-75.17087,100,,,,,,
,,,,,82756,3.867157,92,,,,,,
,,,,,82861,-22.656364,105,,,,,,
,,,,,82952,-68.91424,91,,,,,,
,,,,,83000,,,5.174185276031494,9.072722434997559,9.345056533813477,44.122901916503906,0.502,0.0003
,,,,,83251,-174.01324,299,,,,,,
,,,,,83428,-46.35982,177,,,,,,
,,,,,84000,,,5.458488941192627,22.55312156677246,22.556522369384766,59.086395263671875,0.4959999999999999,0.0003
,,,,,84078,-61.431454,650,,,,,,
,,,,,84192,-13.62011,114,,,,,,
,,,,,85000,,,2.904291868209839,24.5806884765625,25.091903686523438,68.3346176147461,0.49,0.0003
,,,,,85192,-1.3127894,1000,,,,,,
,,,,,85302,-60.724888,110,,,,,,
,,,,,86000,,,4.901546478271484,23.176170349121094,23.0667724609375,27.211978912353516,0.484,0.0003
,,,,,86302,-18.211733,1000,,,,,,
,,,,,87000,,,28.537281036376953,19.326114654541016,19.553020477294922,75.51270294189453,0.478,0.0003
,,,,,87226,-257.43427,924,,,,,,
,,,,,87361,17.438538,135,,,,,,
,,,,,88000,,,4.64192008972168,15.064470291137695,14.821395874023438,54.17165756225586,0.472,0.0003
,,,,,88361,-17.45799,1000,,,,,,
,,,,,88464,4.563835,103,,,,,,
,,,,,88582,0.38254547,118,,,,,,
,,,,,88772,-182.60043,190,,,,,,
,,,,,88857,-121.86477,85,,,,,,
,,,,,88945,27.209213,88,,,,,,
,,,,,89000,,,52.372230529785156,21.57315444946289,22.740238189697266,113.23006439208984,0.46599999999999997,0.0003
,,,,,89071,5.482826,126,,,,,,
,,,,,89188,1.2244797,117,,,,,,
,,,,,89317,-19.09507,129,,,,,,
,,,,,89442,-28.094383,125,,,,,,
-77.45426,41.186928,-18.236073,-165.70302,1000.0,90000,,,14.798168182373047,15.871222496032715,15.974008560180664,74.8480224609375,0.45999999999999996,0.0003
,,,,,90442,28.754263,1000,,,,,,
,,,,,90569,-43.958054,127,,,,,,
,,,,,91000,,,3.559335708618164,27.13768768310547,26.288175582885742,123.58057403564453,0.45399999999999996,0.0003
,,,,,91569,-40.70105,1000,,,,,,
,,,,,91718,-228.11394,149,,,,,,
,,,,,91901,54.267197,183,,,,,,
,,,,,91989,-28.556595,88,,,,,,
,,,,,92000,,,18.847999572753906,23.37729263305664,22.920629501342773,155.28469848632812,0.44800000000000006,0.0003
,,,,,92124,17.36576,135,,,,,,
,,,,,92220,-53.927734,96,,,,,,
,,,,,92318,-54.11393,98,,,,,,
,,,,,93000,,,14.941967964172363,30.74127960205078,30.521474838256836,72.59044647216797,0.44199999999999995,0.0003
,,,,,93057,-333.79828,739,,,,,,
,,,,,94000,,,9.37258529663086,19.413185119628906,18.810035705566406,107.18535614013672,0.43599999999999994,0.0003
,,,,,94057,32.345352,1000,,,,,,
,,,,,94140,-49.713455,83,,,,,,
,,,,,94305,-197.77844,165,,,,,,
,,,,,94469,-26.387062,164,,,,,,
,,,,,94645,-46.845486,176,,,,,,
,,,,,95000,,,5.920288562774658,25.61297607421875,25.658920288085938,54.58739471435547,0.43000000000000005,0.0003
,,,,,95645,-55.843575,1000,,,,,,
,,,,,96000,,,5.208237648010254,27.51354217529297,27.849613189697266,49.77438735961914,0.42399999999999993,0.0003
,,,,,96645,-55.055416,1000,,,,,,
,,,,,96863,77.30528,218,,,,,,
,,,,,97000,,,10.71658706665039,20.057552337646484,19.14244842529297,167.26698303222656,0.41800000000000004,0.0003
,,,,,97863,16.971573,1000,,,,,,
,,,,,98000,,,3.7058324813842773,28.577428817749023,28.924278259277344,68.46121978759766,0.41200000000000003,0.0003
,,,,,98060,-116.728195,197,,,,,,
,,,,,98183,-13.06205,123,,,,,,
,,,,,99000,,,44.77471923828125,16.289405822753906,17.33803939819336,210.9856719970703,0.4059999999999999,0.0003
,,,,,99183,-51.619038,1000,,,,,,
-71.69756,28.37888,-30.491026,-130.35231,1000.0,100000,,,7.360825061798096,19.509647369384766,19.58014488220215,64.67076873779297,0.4,0.0003
,,,,,100183,-51.84386,1000,,,,,,
,,,,,100315,56.00287,132,,,,,,
,,,,,100460,-7.4101334,145,,,,,,
,,,,,101000,,,2.382424831390381,25.277624130249023,25.825267791748047,86.1717529296875,0.394,0.0003
,,,,,101460,-20.9074,1000,,,,,,
,,,,,101593,-18.427246,133,,,,,,
,,,,,101731,-179.09259,138,,,,,,
,,,,,101866,12.041939,135,,,,,,
,,,,,102000,,,15.259527206420898,32.07265090942383,31.952316284179688,98.35298156738281,0.3879999999999999,0.0003
,,,,,102004,17.25,138,,,,,,
,,,,,102127,-173.13866,123,,,,,,
,,,,,102286,-183.27359,159,,,,,,
,,,,,102388,0.33911133,102,,,,,,
,,,,,103000,,,6.567889213562012,25.012102127075195,24.877368927001953,66.16741943359375,0.382,0.0003
,,,,,103388,0.039855957,1000,,,,,,
,,,,,104000,,,26.444984436035156,27.030860900878906,27.376693725585938,105.95060729980469,0.376,0.0003
,,,,,104388,30.122837,1000,,,,,,
,,,,,105000,,,9.917234420776367,24.985973358154297,24.899948120117188,71.56199645996094,0.37,0.0003
,,,,,105388,49.032738,1000,,,,,,
,,,,,105500,-16.273094,112,,,,,,
,,,,,105626,16.730507,126,,,,,,
,,,,,106000,,,5.728919506072998,26.89996337890625,26.643890380859375,58.49970626831055,0.364,0.0003
,,,,,106626,-17.995098,1000,,,,,,
,,,,,106757,3.875023,131,,,,,,
,,,,,107000,,,35.99717712402344,27.738801956176758,28.173812866210938,256.94622802734375,0.358,0.0003
,,,,,107757,11.51874,1000,,,,,,
,,,,,108000,,,9.743412971496582,26.787105560302734,26.35645294189453,63.8386116027832,0.352,0.0003
,,,,,108757,-2.3423674,1000,,,,,,
,,,,,109000,,,18.78820037841797,23.732250213623047,23.075773239135742,117.84113311767578,0.346,0.0003
,,,,,109757,-43.42497,1000,,,,,,
,,,,,109853,-5.186714,96,,,,,,
-53.680267,28.621326,-8.560201,-107.504814,1000.0,110000,,,79.40237426757812,26.670673370361328,25.733867645263672,207.41799926757812,0.3400000000000001,0.0003
,,,,,110853,0.24504685,1000,,,,,,
,,,,,111000,,,4.41231107711792,29.396575927734375,29.54681396484375,47.659549713134766,0.33399999999999996,0.0003
,,,,,111853,52.915108,1000,,,,,,
,,,,,112000,,,9.17373275756836,25.45294952392578,25.22344207763672,64.5978012084961,0.32799999999999996,0.0003
,,,,,112853,72.44361,1000,,,,,,
,,,,,113000,,,83.21546173095703,24.62274742126465,22.85116958618164,178.27130126953125,0.32200000000000006,0.0003
,,,,,113853,96.48957,1000,,,,,,
,,,,,114000,,,47.786624908447266,38.4483757019043,37.628700256347656,228.48263549804688,0.31599999999999995,0.0003
,,,,,114853,102.987885,1000,,,,,,
,,,,,115000,,,2.5446736812591553,29.655969619750977,29.536293029785156,31.810646057128906,0.30999999999999994,0.0003
,,,,,115853,6.4180408,1000,,,,,,
,,,,,115964,17.158318,111,,,,,,
,,,,,116000,,,11.153778076171875,20.2503662109375,20.663898468017578,111.98986053466797,0.30400000000000005,0.0003
,,,,,116964,51.102676,1000,,,,,,
,,,,,117000,,,6.429339408874512,25.507728576660156,25.650527954101562,54.306915283203125,0.29799999999999993,0.0003
,,,,,117506,-279.06427,542,,,,,,
,,,,,118000,,,6.165748596191406,30.954435348510742,30.997596740722656,65.41484832763672,0.29200000000000004,0.0003
,,,,,118506,9.48979,1000,,,,,,
,,,,,118616,25.426598,110,,,,,,
,,,,,119000,,,3.619969367980957,35.43641662597656,34.80423355102539,80.43061828613281,0.28600000000000003,0.0003
,,,,,119616,-70.96319,1000,,,,,,
-53.073444,25.355017,1.2266058,-96.845436,1000.0,120000,,,12.037036895751953,28.593233108520508,28.983776092529297,60.950679779052734,0.2799999999999999,0.0003
,,,,,120616,-50.656776,1000,,,,,,
,,,,,121000,,,77.91897583007812,30.632648468017578,31.989887237548828,238.62213134765625,0.274,0.0003
,,,,,121616,83.72217,1000,,,,,,
,,,,,122000,,,11.790106773376465,31.209388732910156,30.968807220458984,131.30320739746094,0.268,0.0003
,,,,,122616,-81.991684,1000,,,,,,
,,,,,123000,,,8.420092582702637,49.81741714477539,50.44469451904297,95.01238250732422,0.262,0.0003
,,,,,123616,-32.10926,1000,,,,,,
,,,,,124000,,,27.628131866455078,27.800962448120117,27.858905792236328,105.48271942138672,0.256,0.0003
,,,,,124616,80.42503,1000,,,,,,
,,,,,125000,,,11.957121849060059,26.783424377441406,27.204669952392578,116.56879425048828,0.25,0.0003
,,,,,125616,-65.31624,1000,,,,,,
,,,,,125849,-34.52825,233,,,,,,
,,,,,126000,,,97.40565490722656,33.149627685546875,32.53949737548828,461.0874328613281,0.244,0.0003
,,,,,126849,-6.8737073,1000,,,,,,
,,,,,126993,5.3682556,144,,,,,,
,,,,,127000,,,3.16304349899292,36.91899108886719,37.00762176513672,30.298503875732422,0.238,0.0003
,,,,,127993,-57.95804,1000,,,,,,
,,,,,128000,,,7.169156074523926,36.81035232543945,36.63848114013672,52.24091339111328,0.23199999999999998,0.0003
,,,,,128993,-27.145546,1000,,,,,,
,,,,,129000,,,5.7748870849609375,31.82375717163086,31.617538452148438,61.075809478759766,0.22599999999999998,0.0003
,,,,,129993,-26.999985,1000,,,,,,
-62.82252,30.414747,11.0974,-97.66566,1000.0,130000,,,3.8859024047851562,34.87213897705078,35.84743881225586,117.15228271484375,0.21999999999999997,0.0003
,,,,,130993,-124.48603,1000,,,,,,
,,,,,131000,,,3.4845399856567383,34.2014274597168,33.738250732421875,48.39822006225586,0.21399999999999997,0.0003
,,,,,131993,-91.21899,1000,,,,,,
,,,,,132000,,,5.689877510070801,35.62083435058594,35.84180450439453,34.15774154663086,0.20799999999999996,0.0003
,,,,,132993,-92.111694,1000,,,,,,
,,,,,133000,,,3.772834062576294,32.408973693847656,32.410865783691406,43.04057693481445,0.20199999999999996,0.0003
,,,,,133993,-9.901882,1000,,,,,,
,,,,,134000,,,176.13534545898438,26.48729133605957,28.881175994873047,388.9966735839844,0.19599999999999995,0.0003
,,,,,134993,-93.963974,1000,,,,,,
,,,,,135000,,,5.056170463562012,42.72969055175781,42.82933807373047,60.86876678466797,0.18999999999999995,0.0003
,,,,,135993,-55.67752,1000,,,,,,
,,,,,136000,,,5.83828067779541,38.91218566894531,37.893798828125,115.2293472290039,0.18400000000000005,0.0003
,,,,,136993,-49.04672,1000,,,,,,
,,,,,137000,,,1.9914664030075073,51.751258850097656,51.73117446899414,40.03596496582031,0.17799999999999994,0.0003
,,,,,137993,-49.61821,1000,,,,,,
,,,,,138000,,,10.40076732635498,37.8448486328125,38.557640075683594,90.5789794921875,0.17199999999999993,0.0003
,,,,,138993,-69.21065,1000,,,,,,
,,,,,139000,,,9.280884742736816,27.338611602783203,27.672359466552734,85.13129425048828,0.16600000000000004,0.0003
,,,,,139993,-34.33965,1000,,,,,,
-63.661224,22.437138,-33.94412,-105.53962,1000.0,140000,,,5.022937297821045,36.381317138671875,36.59625244140625,59.77300262451172,0.15999999999999992,0.0003
,,,,,140993,-23.955215,1000,,,,,,
,,,,,141000,,,8.98728084564209,39.8058967590332,39.62982177734375,58.6379280090332,0.15400000000000003,0.0003
,,,,,141993,-40.44319,1000,,,,,,
,,,,,142000,,,5.537245750427246,36.702178955078125,37.22224426269531,86.84030151367188,0.14800000000000002,0.0003
,,,,,142993,5.823887,1000,,,,,,
,,,,,143000,,,12.51773738861084,37.022987365722656,37.11468505859375,65.63479614257812,0.1419999999999999,0.0003
,,,,,143993,-29.627396,1000,,,,,,
,,,,,144000,,,6.309622764587402,40.44029998779297,40.22021484375,76.64640808105469,0.136,0.0003
,,,,,144993,7.840776,1000,,,,,,
,,,,,145000,,,7.152729034423828,38.46284103393555,38.343910217285156,51.808074951171875,0.13,0.0003
,,,,,145993,9.055649,1000,,,,,,
,,,,,146000,,,28.137859344482422,41.103580474853516,41.981475830078125,155.7606201171875,0.12399999999999989,0.0003
,,,,,146993,-86.81093,1000,,,,,,
,,,,,147000,,,6.803004264831543,29.80781364440918,29.45150375366211,61.152774810791016,0.118,0.0003
,,,,,147993,-26.603453,1000,,,,,,
,,,,,148000,,,7.59058952331543,47.33769607543945,47.46073532104492,52.824893951416016,0.11199999999999999,0.0003
,,,,,148993,-80.89045,1000,,,,,,
,,,,,149000,,,89.03007507324219,27.907238006591797,28.516572952270508,253.3154296875,0.10599999999999998,0.0003
,,,,,149993,-27.553944,1000,,,,,,
-34.10801,28.534489,26.645435,-67.092064,1000.0,150000,,,48.471435546875,37.77186965942383,37.94797897338867,223.51986694335938,0.1,0.0003
,,,,,150993,-44.403355,1000,,,,,,
,,,,,151000,,,13.134706497192383,31.1777400970459,30.81223487854004,82.09943389892578,0.09946666666666668,0.0003
,,,,,151849,203.6438,856,,,,,,
,,,,,152000,,,2.48463773727417,38.551490783691406,38.585182189941406,39.857887268066406,0.09893333333333335,0.0003
,,,,,152849,53.6727,1000,,,,,,
,,,,,153000,,,9.505473136901855,42.47852325439453,42.956565856933594,86.31609344482422,0.0984,0.0003
,,,,,153849,24.87775,1000,,,,,,
,,,,,154000,,,6.287326812744141,44.534637451171875,44.24073028564453,80.87385559082031,0.09786666666666667,0.0003
,,,,,154849,-30.797216,1000,,,,,,
,,,,,155000,,,6.239592552185059,39.226287841796875,38.57758331298828,58.313289642333984,0.09733333333333334,0.0003
,,,,,155659,194.75256,810,,,,,,
,,,,,156000,,,3.457422971725464,36.91448974609375,36.6734619140625,34.81925964355469,0.09680000000000001,0.0003
,,,,,156659,-14.021972,1000,,,,,,
,,,,,157000,,,2.8823318481445312,36.389007568359375,36.64468765258789,37.913169860839844,0.09626666666666667,0.0003
,,,,,157659,62.70921,1000,,,,,,
,,,,,158000,,,6.130251884460449,30.72165298461914,30.569015502929688,37.9711799621582,0.09573333333333334,0.0003
,,,,,158424,203.96814,765,,,,,,
,,,,,159000,,,35.900089263916016,41.13981628417969,41.31950759887695,101.99201965332031,0.0952,0.0003
,,,,,159424,-53.046455,1000,,,,,,
-86.69815,17.774628,-66.05058,-118.16617,959.0,160000,,,9.944150924682617,39.309391021728516,39.79718780517578,83.2246322631836,0.09466666666666668,0.0003
,,,,,160424,-86.8647,1000,,,,,,
,,,,,161000,,,6.000580310821533,31.539987564086914,31.132553100585938,84.26736450195312,0.09413333333333333,0.0003
,,,,,161424,19.736712,1000,,,,,,
,,,,,161983,255.7699,559,,,,,,
,,,,,162000,,,5.69952392578125,51.10653305053711,50.791011810302734,60.14567947387695,0.0936,0.0003
,,,,,162983,-57.090424,1000,,,,,,
,,,,,163000,,,9.69442081451416,48.837867736816406,48.40235137939453,98.67973327636719,0.09306666666666667,0.0003
,,,,,163499,238.00328,516,,,,,,
,,,,,164000,,,5.226545810699463,40.83448028564453,41.73442840576172,148.88876342773438,0.09253333333333334,0.0003
,,,,,164499,24.701195,1000,,,,,,
,,,,,164992,198.79604,493,,,,,,
,,,,,165000,,,24.546613693237305,39.62621307373047,40.27873992919922,147.93637084960938,0.092,0.0003
,,,,,165992,18.174881,1000,,,,,,
,,,,,166000,,,10.11486530303955,47.351829528808594,46.98403549194336,81.78604125976562,0.09146666666666667,0.0003
,,,,,166713,221.9354,721,,,,,,
,,,,,167000,,,5.525791168212891,38.46867370605469,38.66556930541992,61.52268600463867,0.09093333333333334,0.0003
,,,,,167274,167.18417,561,,,,,,
,,,,,167612,249.64917,338,,,,,,
,,,,,168000,,,13.402551651000977,40.57865524291992,40.37405776977539,71.71719360351562,0.09040000000000001,0.0003
,,,,,168221,240.30478,609,,,,,,
,,,,,168475,255.2312,254,,,,,,
,,,,,168769,260.50818,294,,,,,,
,,,,,169000,,,4.462718486785889,53.58295822143555,54.07236099243164,83.96568298339844,0.08986666666666668,0.0003
,,,,,169152,237.68613,383,,,,,,
,,,,,169813,246.27554,661,,,,,,
181.19882,79.314156,254.59808,-32.403687,542.9,170000,,,1.9255938529968262,58.73365783691406,58.93460464477539,29.464046478271484,0.08933333333333333,0.0003
,,,,,170507,230.89995,694,,,,,,
,,,,,170996,217.06693,489,,,,,,
,,,,,171000,,,2.260998010635376,39.57460021972656,39.73970031738281,36.3286247253418,0.0888,0.0003
,,,,,171386,250.75008,390,,,,,,
,,,,,171918,195.09074,532,,,,,,
,,,,,172000,,,12.088871002197266,45.26866149902344,44.63933563232422,110.96609497070312,0.08826666666666667,0.0003
,,,,,172918,117.50987,1000,,,,,,
,,,,,173000,,,5.03946590423584,40.79866409301758,40.90263366699219,58.410980224609375,0.08773333333333334,0.0003
,,,,,173301,238.03198,383,,,,,,
,,,,,173638,236.03667,337,,,,,,
,,,,,174000,,,9.149200439453125,33.090576171875,32.99113845825195,73.00406646728516,0.0872,0.0003
,,,,,174216,218.37453,578,,,,,,
,,,,,174822,252.2428,606,,,,,,
,,,,,175000,,,2.5854623317718506,33.998573303222656,33.79751205444336,54.201873779296875,0.08666666666666667,0.0003
,,,,,175206,262.27658,384,,,,,,
,,,,,175666,224.46158,460,,,,,,
,,,,,176000,,,7.088075160980225,52.71827697753906,53.321388244628906,89.73693084716797,0.08613333333333334,0.0003
,,,,,176054,241.89633,388,,,,,,
,,,,,176421,224.84665,367,,,,,,
,,,,,176721,253.71979,300,,,,,,
,,,,,177000,,,5.126855850219727,41.30229949951172,41.30363464355469,41.087520599365234,0.08560000000000001,0.0003
,,,,,177158,227.23135,437,,,,,,
,,,,,177537,226.74413,379,,,,,,
,,,,,177920,261.00323,383,,,,,,
,,,,,178000,,,95.57686614990234,44.74083709716797,43.217674255371094,312.5194091796875,0.08506666666666667,0.0003
,,,,,178524,139.58583,604,,,,,,
,,,,,178933,225.15369,409,,,,,,
,,,,,179000,,,12.419041633605957,51.66229248046875,51.956207275390625,106.06674194335938,0.08453333333333334,0.0003
,,,,,179933,45.16417,1000,,,,,,
178.3943,89.05392,283.82544,-24.287622,652.0,180000,,,2.2092084884643555,45.859886169433594,45.697593688964844,49.05653762817383,0.084,0.0003
,,,,,180305,200.35504,372,,,,,,
,,,,,180563,245.8754,258,,,,,,
,,,,,181000,,,3.554377555847168,47.552642822265625,47.805267333984375,83.05005645751953,0.08346666666666668,0.0003
,,,,,181059,220.07846,496,,,,,,
,,,,,181310,215.53679,251,,,,,,
,,,,,181638,267.7615,328,,,,,,
,,,,,182000,,,3.2346019744873047,46.59428405761719,46.26519012451172,29.05913734436035,0.08293333333333333,0.0003
,,,,,182107,234.66718,469,,,,,,
,,,,,182374,276.68964,267,,,,,,
,,,,,182636,289.7202,262,,,,,,
,,,,,183000,,,2.979325771331787,49.52014923095703,49.228450775146484,58.94374084472656,0.0824,0.0003
,,,,,183299,249.14272,663,,,,,,
,,,,,183530,256.47845,231,,,,,,
,,,,,183861,266.44202,331,,,,,,
,,,,,184000,,,3.5395448207855225,53.820091247558594,54.60779571533203,79.67124938964844,0.08186666666666667,0.0003
,,,,,184279,195.60313,418,,,,,,
,,,,,184644,209.37344,365,,,,,,
,,,,,185000,,,54.58323287963867,42.473304748535156,41.01255416870117,294.3616638183594,0.08133333333333334,0.0003
,,,,,185116,242.52058,472,,,,,,
,,,,,185323,226.50568,207,,,,,,
,,,,,186000,,,4.434983253479004,47.20098114013672,47.410728454589844,49.13642501831055,0.08080000000000001,0.0003
,,,,,186082,212.37881,759,,,,,,
,,,,,186497,255.81178,415,,,,,,
,,,,,186905,212.85104,408,,,,,,
,,,,,187000,,,26.52337074279785,37.0037841796875,36.8100471496582,149.02166748046875,0.08026666666666667,0.0003
,,,,,187281,211.40962,376,,,,,,
,,,,,187555,267.021,274,,,,,,
,,,,,188000,,,5.183409214019775,39.54777908325195,39.442073822021484,66.02662658691406,0.07973333333333334,0.0003
,,,,,188071,249.2043,516,,,,,,
,,,,,188558,273.14987,487,,,,,,
,,,,,188934,248.50604,376,,,,,,
,,,,,189000,,,2.864675998687744,45.933006286621094,45.44921875,50.02934646606445,0.0792,0.0003
,,,,,189293,221.9672,359,,,,,,
,,,,,189846,242.52722,553,,,,,,
220.37094,21.625347,250.24329,179.79816,485.2,190000,,,120.02997589111328,45.125038146972656,44.290771484375,421.22772216796875,0.07866666666666668,0.0003
,,,,,190268,230.11314,422,,,,,,
,,,,,190633,197.2547,365,,,,,,
,,,,,190902,296.79492,269,,,,,,
,,,,,191000,,,1.806872844696045,50.57215118408203,50.446556091308594,28.324657440185547,0.07813333333333333,0.0003
,,,,,191098,-41.924046,196,,,,,,
,,,,,191506,220.10419,408,,,,,,
,,,,,192000,,,7.586426734924316,37.694862365722656,38.070011138916016,58.53990173339844,0.0776,0.0003
,,,,,192042,262.50568,536,,,,,,
,,,,,192327,279.66077,285,,,,,,
,,,,,192835,205.69263,508,,,,,,
,,,,,193000,,,111.27149200439453,38.66466522216797,36.66474914550781,371.2836608886719,0.07706666666666667,0.0003
,,,,,193371,236.21518,536,,,,,,
,,,,,194000,,,2.572096824645996,51.336036682128906,51.60416793823242,32.88969802856445,0.07653333333333334,0.0003
,,,,,194262,182.6637,891,,,,,,
,,,,,194871,289.57513,609,,,,,,
,,,,,195000,,,12.15172004699707,45.60694122314453,46.75611877441406,167.6242218017578,0.07600000000000001,0.0003
,,,,,195249,216.37991,378,,,,,,
,,,,,196000,,,11.490997314453125,45.012245178222656,45.562923431396484,91.37609100341797,0.07546666666666668,0.0003
,,,,,196049,103.44787,800,,,,,,
,,,,,196747,141.88359,698,,,,,,
,,,,,197000,,,4.669834136962891,38.989295959472656,39.43145751953125,68.25987243652344,0.07493333333333334,0.0003
,,,,,197174,287.76855,427,,,,,,
,,,,,198000,,,5.712536811828613,39.687767028808594,39.834896087646484,55.99604034423828,0.07440000000000001,0.0003
,,,,,198174,-48.227276,1000,,,,,,
,,,,,199000,,,2.2723770141601562,41.842166900634766,41.89668655395508,20.727529525756836,0.07386666666666666,0.0003
,,,,,199174,-44.730972,1000,,,,,,
,,,,,199746,224.61642,572,,,,,,
142.32512,100.06645,251.56125,-23.864529,700.2,200000,,,14.533576011657715,28.094675064086914,27.306983947753906,115.5731201171875,0.07333333333333333,0.0003
,,,,,200158,262.2979,412,,,,,,
,,,,,201000,,,4.495144367218018,40.83549499511719,40.49630355834961,68.2358169555664,0.0728,0.0003
,,,,,201158,-28.06951,1000,,,,,,
,,,,,201748,195.15303,590,,,,,,
,,,,,202000,,,12.11101245880127,36.447967529296875,36.69668197631836,85.9330825805664,0.07226666666666667,0.0003
,,,,,202323,257.70868,575,,,,,,
,,,,,202678,239.68988,355,,,,,,
,,,,,202930,299.42877,252,,,,,,
,,,,,203000,,,109.79827880859375,38.8155517578125,39.41754150390625,154.78341674804688,0.07173333333333334,0.0003
,,,,,203538,185.04736,608,,,,,,
,,,,,204000,,,3.3436317443847656,46.085044860839844,46.099586486816406,65.42131805419922,0.07120000000000001,0.0003
,,,,,204538,28.785126,1000,,,,,,
,,,,,204913,258.96353,375,,,,,,
,,,,,205000,,,1.9968196153640747,44.206443786621094,44.0340461730957,27.81539535522461,0.07066666666666667,0.0003
,,,,,205913,-74.05307,1000,,,,,,
,,,,,206000,,,6.5970458984375,35.67339324951172,35.39326858520508,67.73651123046875,0.07013333333333334,0.0003
,,,,,206305,210.15819,392,,,,,,
,,,,,207000,,,4.552997589111328,46.47880172729492,46.33476638793945,32.621768951416016,0.06960000000000001,0.0003
,,,,,207008,173.63333,703,,,,,,
,,,,,207364,260.8695,356,,,,,,
,,,,,207720,252.66054,356,,,,,,
,,,,,208000,,,4.501961708068848,49.54672622680664,49.967689514160156,52.9578971862793,0.06906666666666667,0.0003
,,,,,208480,157.32216,760,,,,,,
,,,,,208832,257.7423,352,,,,,,
,,,,,209000,,,26.5543212890625,40.655555725097656,40.531494140625,136.96925354003906,0.06853333333333333,0.0003
,,,,,209337,181.26248,505,,,,,,
,,,,,209944,229.1867,607,,,,,,
240.83574,24.889542,288.29642,193.93704,363.3,210000,,,147.67568969726562,46.78852081298828,48.7748908996582,413.3216552734375,0.068,0.0003
,,,,,210295,267.80035,351,,,,,,
,,,,,210892,222.0051,597,,,,,,
,,,,,211000,,,4.606501579284668,45.217384338378906,44.85622787475586,55.707828521728516,0.06746666666666667,0.0003
,,,,,211199,285.8789,307,,,,,,
,,,,,212000,,,29.97321319580078,36.684974670410156,36.92829895019531,80.76860809326172,0.06693333333333334,0.0003
,,,,,212087,185.83276,888,,,,,,
,,,,,212656,212.72574,569,,,,,,
,,,,,213000,,,3.1215600967407227,40.45731735229492,40.30907440185547,43.08341979980469,0.06640000000000001,0.0003
,,,,,213302,216.15204,646,,,,,,
,,,,,213648,277.34222,346,,,,,,
,,,,,214000,,,2.4348366260528564,52.80633544921875,52.70233917236328,46.13473129272461,0.06586666666666667,0.0003
,,,,,214498,95.13946,850,,,,,,
,,,,,214952,227.35411,454,,,,,,
,,,,,215000,,,2.5561978816986084,46.837486267089844,47.03921127319336,29.5773983001709,0.06533333333333333,0.0003
,,,,,215559,228.50806,607,,,,,,
,,,,,216000,,,3.098114013671875,52.01244354248047,51.803062438964844,46.94143295288086,0.0648,0.0003
,,,,,216032,218.90347,473,,,,,,
,,,,,216617,212.2265,585,,,,,,
,,,,,217000,,,3.7845375537872314,38.71832275390625,38.871055603027344,55.65583801269531,0.06426666666666667,0.0003
,,,,,217202,248.58,585,,,,,,
,,,,,217796,146.18129,594,,,,,,
,,,,,218000,,,2.962006092071533,46.48419952392578,46.87158203125,40.36355209350586,0.06373333333333334,0.0003
,,,,,218212,245.79794,416,,,,,,
,,,,,218820,198.68472,608,,,,,,
,,,,,219000,,,4.988344192504883,41.857261657714844,41.27729034423828,61.59256362915039,0.0632,0.0003
,,,,,219497,202.8081,677,,,,,,
,,,,,219773,244.68904,276,,,,,,
156.49199,96.54481,266.7401,-33.03215,397.8,220000,,,120.02771759033203,42.85767364501953,41.7772331237793,187.25888061523438,0.06266666666666668,0.0003
,,,,,220146,225.02307,373,,,,,,
,,,,,220478,199.12798,332,,,,,,
,,,,,221000,,,338.7454833984375,41.623741149902344,43.80952072143555,920.396484375,0.06213333333333334,0.0003
,,,,,221140,188.33275,662,,,,,,
,,,,,221610,247.05005,470,,,,,,
,,,,,221899,260.47235,289,,,,,,
,,,,,222000,,,8.514982223510742,48.68553161621094,48.59622573852539,40.960933685302734,0.06160000000000001,0.0003
,,,,,222278,255.59032,379,,,,,,
,,,,,222867,205.12164,589,,,,,,
,,,,,223000,,,6.389060974121094,41.276405334472656,40.82962417602539,76.5233154296875,0.06106666666666667,0.0003
,,,,,223155,284.0403,288,,,,,,
,,,,,223565,207.26831,410,,,,,,
,,,,,223919,269.3905,354,,,,,,
,,,,,224000,,,3.698056221008301,41.78500747680664,41.975608825683594,32.643028259277344,0.060533333333333335,0.0003
,,,,,224234,237.82399,315,,,,,,
,,,,,224567,243.83482,333,,,,,,
,,,,,225000,,,3.391883611679077,53.52690124511719,53.23155975341797,45.352561950683594,0.060000000000000005,0.0003
,,,,,225134,187.09297,567,,,,,,
,,,,,225489,252.33247,355,,,,,,
,,,,,225717,258.8044,228,,,,,,
,,,,,226000,,,6.529636859893799,48.38124465942383,48.195926666259766,53.50323486328125,0.05946666666666667,0.0003
,,,,,226333,168.13786,616,,,,,,
,,,,,226715,261.22015,382,,,,,,
,,,,,227000,,,2.556004047393799,45.46617126464844,45.44052505493164,27.47519874572754,0.05893333333333334,0.0003
,,,,,227302,171.30714,587,,,,,,
,,,,,227487,248.64183,185,,,,,,
,,,,,227829,252.7767,342,,,,,,
,,,,,228000,,,2.9232378005981445,46.08244705200195,46.09644317626953,40.50564193725586,0.0584,0.0003
,,,,,228225,234.98912,396,,,,,,
,,,,,228580,261.89392,355,,,,,,
,,,,,228878,254.29073,298,,,,,,
,,,,,229000,,,25.14327621459961,49.188819885253906,48.52203369140625,160.92800903320312,0.05786666666666668,0.0003
,,,,,229265,260.11584,387,,,,,,
,,,,,229683,238.48329,418,,,,,,
231.2435,44.865906,276.94592,127.673935,434.2,230000,,,1.4429810047149658,47.81597137451172,47.77497482299805,26.57655906677246,0.05733333333333334,0.0003
,,,,,230370,216.34148,687,,,,,,
,,,,,230669,247.77666,299,,,,,,
,,,,,231000,,,16.73833465576172,35.547115325927734,35.39442443847656,84.70053100585938,0.0568,0.0003
,,,,,231109,220.1795,440,,,,,,
,,,,,231543,273.618,434,,,,,,
,,,,,231914,233.72586,371,,,,,,
,,,,,232000,,,13.073784828186035,43.29988098144531,44.033897399902344,144.593994140625,0.05626666666666667,0.0003
,,,,,232237,249.53099,323,,,,,,
,,,,,232865,189.53986,628,,,,,,
,,,,,233000,,,4.98536491394043,56.621673583984375,56.83249282836914,50.9063606262207,0.055733333333333336,0.0003
,,,,,233135,252.75749,270,,,,,,
,,,,,233531,279.60397,396,,,,,,
,,,,,233958,210.97855,427,,,,,,
,,,,,234000,,,76.9935073852539,44.59829330444336,45.17362594604492,79.90567779541016,0.0552,0.0003
,,,,,234261,212.93729,303,,,,,,
,,,,,234647,217.28178,386,,,,,,
,,,,,234869,269.36432,222,,,,,,
,,,,,235000,,,2.777984380722046,46.19871520996094,46.19770431518555,26.65389060974121,0.054666666666666676,0.0003
,,,,,235123,224.70422,254,,,,,,
,,,,,235810,204.43494,687,,,,,,
,,,,,236000,,,12.341402053833008,36.003692626953125,36.63485336303711,142.3623046875,0.05413333333333334,0.0003
,,,,,236275,212.93369,465,,,,,,
,,,,,236598,262.18433,323,,,,,,
,,,,,236886,220.16806,288,,,,,,
,,,,,237000,,,6.216248512268066,41.65154266357422,41.47724151611328,55.9327392578125,0.05360000000000001,0.0003
,,,,,237372,278.27585,486,,,,,,
,,,,,237713,235.69273,341,,,,,,
,,,,,238000,,,17.161231994628906,43.396488189697266,43.14366912841797,45.79389572143555,0.05306666666666667,0.0003
,,,,,238247,176.28464,534,,,,,,
,,,,,238686,196.94855,439,,,,,,
,,,,,239000,,,10.73031997680664,34.331111907958984,33.91149139404297,95.9950942993164,0.052533333333333335,0.0003
,,,,,239170,217.12793,484,,,,,,
,,,,,239459,226.8383,289,,,,,,
,,,,,239796,221.33511,337,,,,,,
192.89357,118.89919,290.0782,-151.33015,344.6,240000,,,4.8588714599609375,53.385047912597656,53.993873596191406,52.69635009765625,0.052000000000000005,0.0003
,,,,,240107,281.43982,311,,,,,,
,,,,,240645,208.12805,538,,,,,,
,,,,,241000,,,8.793621063232422,35.50733184814453,35.09294128417969,83.20040893554688,0.05146666666666667,0.0003
,,,,,241009,231.70149,364,,,,,,
,,,,,241318,232.25497,309,,,,,,
,,,,,242000,,,5.2276201248168945,47.436119079589844,47.47095489501953,43.04767990112305,0.050933333333333344,0.0003
,,,,,242318,-6.503025,1000,,,,,,
,,,,,242588,248.38681,270,,,,,,
,,,,,242927,270.37738,339,,,,,,
,,,,,243000,,,12.889629364013672,43.61674499511719,43.79254150390625,74.11796569824219,0.05040000000000001,0.0003
,,,,,243189,252.61694,262,,,,,,
,,,,,243660,272.9843,471,,,,,,
,,,,,244000,,,4.730943202972412,47.025169372558594,47.292022705078125,64.02559661865234,0.04986666666666667,0.0003
,,,,,244342,220.97421,682,,,,,,
,,,,,244754,244.88634,412,,,,,,
,,,,,245000,,,164.62930297851562,46.179351806640625,44.75947570800781,204.38453674316406,0.04933333333333334,0.0003
,,,,,245079,247.07414,325,,,,,,
,,,,,245364,286.95065,285,,,,,,
,,,,,245696,241.9545,332,,,,,,
,,,,,246000,,,5.440430641174316,51.70908737182617,51.82196044921875,96.17546081542969,0.0488,0.0003
,,,,,246092,234.25526,396,,,,,,
,,,,,246664,196.40106,572,,,,,,
,,,,,247000,,,13.381994247436523,46.06330871582031,46.054412841796875,62.67695617675781,0.04826666666666667,0.0003
,,,,,247087,187.87878,423,,,,,,
,,,,,247385,254.98227,298,,,,,,
,,,,,248000,,,6.11646842956543,49.424068450927734,49.864097595214844,80.15685272216797,0.047733333333333336,0.0003
,,,,,248047,172.63298,662,,,,,,
,,,,,248342,208.13028,295,,,,,,
,,,,,248668,239.65219,326,,,,,,
,,,,,248919,266.11652,251,,,,,,
,,,,,249000,,,4.9194416999816895,47.536781311035156,47.80317306518555,61.01959228515625,0.0472,0.0003
,,,,,249205,257.4548,286,,,,,,
,,,,,249473,269.3202,268,,,,,,
206.01212,50.572666,271.25708,100.722946,504.0,250000,,,4.639834403991699,44.17864990234375,44.39134979248047,51.60832214355469,0.046666666666666676,0.0003
,,,,,250053,179.18289,580,,,,,,
,,,,,250346,291.50793,293,,,,,,
,,,,,250613,270.92017,267,,,,,,
,,,,,250941,275.21185,328,,,,,,
,,,,,251000,,,15.076539039611816,47.067508697509766,46.99165344238281,165.85169982910156,0.04613333333333334,0.0003
,,,,,251331,252.27164,390,,,,,,
,,,,,251939,219.38498,608,,,,,,
,,,,,252000,,,11.953729629516602,45.72426986694336,45.61471939086914,83.81298828125,0.0456,0.0003
,,,,,252226,260.74878,287,,,,,,
,,,,,252747,267.18317,521,,,,,,
,,,,,253000,,,5.74583625793457,50.26797866821289,49.60508728027344,107.29627990722656,0.04506666666666667,0.0003
,,,,,253431,190.55923,684,,,,,,
,,,,,254000,,,2.9994096755981445,47.18184280395508,47.529388427734375,54.34282302856445,0.044533333333333334,0.0003
,,,,,254063,183.33936,632,,,,,,
,,,,,254327,255.38623,264,,,,,,
,,,,,254678,240.84944,351,,,,,,
,,,,,255000,,,12.846651077270508,42.71965789794922,42.67393112182617,68.74605560302734,0.04400000000000001,0.0003
,,,,,255116,290.26242,438,,,,,,
,,,,,255416,266.8203,300,,,,,,
,,,,,255733,275.24637,317,,,,,,
,,,,,256000,,,152.94100952148438,35.56377410888672,34.11616516113281,891.0506591796875,0.043466666666666674,0.0003
,,,,,256030,220.02824,297,,,,,,
,,,,,256334,271.0251,304,,,,,,
,,,,,256636,254.438,302,,,,,,
,,,,,257000,,,4.371454238891602,55.5269889831543,54.93142318725586,118.94901275634766,0.04293333333333334,0.0003
,,,,,257499,216.89214,863,,,,,,
,,,,,257912,246.15717,413,,,,,,
,,,,,258000,,,9.177192687988281,51.15662384033203,50.50249481201172,74.65938568115234,0.04240000000000001,0.0003
,,,,,258168,272.32724,256,,,,,,
,,,,,258462,201.43233,294,,,,,,
,,,,,259000,,,7.66572380065918,37.99715805053711,38.37406539916992,72.27404022216797,0.04186666666666667,0.0003
,,,,,259069,198.1173,607,,,,,,
,,,,,259350,270.19794,281,,,,,,
,,,,,259742,245.64449,392,,,,,,
253.83267,24.570795,289.3074,211.12529,324.3,260000,,,9.808148384094238,50.167442321777344,50.319236755371094,68.86447143554688,0.04133333333333334,0.0003
,,,,,260038,263.85364,296,,,,,,
,,,,,260334,299.8482,296,,,,,,
,,,,,260681,242.06859,347,,,,,,
,,,,,261000,,,14.338629722595215,49.01597595214844,48.30170440673828,87.04884338378906,0.0408,0.0003
,,,,,261319,237.67076,638,,,,,,
,,,,,261737,217.93219,418,,,,,,
,,,,,261974,249.92104,237,,,,,,
,,,,,262000,,,9.389293670654297,49.98322677612305,49.766151428222656,68.91302490234375,0.040266666666666666,0.0003
,,,,,262292,253.52605,318,,,,,,
,,,,,262496,246.77448,204,,,,,,
,,,,,262756,289.44366,260,,,,,,
,,,,,263000,,,11.303983688354492,39.560211181640625,40.247596740722656,126.41557312011719,0.03973333333333334,0.0003
,,,,,263095,256.92322,339,,,,,,
,,,,,263686,-189.139,591,,,,,,
,,,,,263991,257.57495,305,,,,,,
,,,,,264000,,,3.3953676223754883,48.92177963256836,49.14085388183594,33.1291389465332,0.039200000000000006,0.0003
,,,,,264237,251.3306,246,,,,,,
,,,,,265000,,,3.04451847076416,50.145633697509766,50.15599822998047,28.736976623535156,0.03866666666666667,0.0003
,,,,,265237,136.2012,1000,,,,,,
,,,,,265544,259.07263,307,,,,,,
,,,,,265780,278.12582,236,,,,,,
,,,,,266000,,,3.2072370052337646,44.01741027832031,44.12577819824219,47.25886535644531,0.03813333333333334,0.0003
,,,,,266120,263.09723,340,,,,,,
,,,,,266624,144.65878,504,,,,,,
,,,,,266973,228.05585,349,,,,,,
,,,,,267000,,,6.442018508911133,40.32257080078125,40.51273727416992,52.59660339355469,0.0376,0.0003
,,,,,267178,273.195,205,,,,,,
,,,,,267526,270.576,348,,,,,,
,,,,,267790,272.234,264,,,,,,
,,,,,268000,,,2.478414535522461,46.86612319946289,46.24874496459961,76.19981384277344,0.03706666666666668,0.0003
,,,,,268260,304.52682,470,,,,,,
,,,,,268473,265.70605,213,,,,,,
,,,,,268775,289.10614,302,,,,,,
,,,,,269000,,,2.6192991733551025,47.33794021606445,46.990970611572266,41.645442962646484,0.036533333333333334,0.0003
,,,,,269082,269.84253,307,,,,,,
,,,,,269276,251.04443,194,,,,,,
,,,,,269626,227.59888,350,,,,,,
,,,,,269959,224.2937,333,,,,,,
224.88638,76.24047,278.2071,9.023277,275.1,270000,,,3.7446422576904297,46.55329132080078,46.53209686279297,32.427310943603516,0.036000000000000004,0.0003
,,,,,270190,264.91376,231,,,,,,
,,,,,270436,217.34164,246,,,,,,
,,,,,270684,286.3982,248,,,,,,
,,,,,270857,281.8368,173,,,,,,
,,,,,271000,,,1.6632404327392578,51.74504852294922,51.67863845825195,21.048974990844727,0.035466666666666674,0.0003
,,,,,271040,4.972786,183,,,,,,
,,,,,271562,240.21428,522,,,,,,
,,,,,271942,167.9975,380,,,,,,
,,,,,272000,,,2.1225249767303467,51.732398986816406,51.937034606933594,29.88413429260254,0.03493333333333333,0.0003
,,,,,272473,205.6879,531,,,,,,
,,,,,272670,21.27111,197,,,,,,
,,,,,272967,227.53328,297,,,,,,
,,,,,273000,,,0.9197730422019958,58.944305419921875,58.74163818359375,21.194107055664062,0.034400000000000014,0.0003
,,,,,273382,246.1244,415,,,,,,
,,,,,273618,282.10376,236,,,,,,
,,,,,274000,,,7.616152286529541,53.671302795410156,54.24455642700195,103.28009033203125,0.03386666666666667,0.0003
,,,,,274047,281.78198,429,,,,,,
,,,,,274628,252.06926,581,,,,,,
,,,,,274999,257.71625,371,,,,,,
,,,,,275000,,,2.2130086421966553,52.452125549316406,52.43696594238281,29.186674118041992,0.03333333333333334,0.0003
,,,,,275185,181.43353,186,,,,,,
,,,,,275491,274.32947,306,,,,,,
,,,,,275728,267.0581,237,,,,,,
,,,,,276000,,,53.67942428588867,51.60866928100586,52.36370086669922,75.3219223022461,0.03280000000000001,0.0003
,,,,,276319,221.14743,591,,,,,,
,,,,,276607,231.72824,288,,,,,,
,,,,,277000,,,67.8912353515625,51.18681335449219,49.783443450927734,405.37725830078125,0.032266666666666666,0.0003
,,,,,277136,288.667,529,,,,,,
,,,,,277396,226.15047,260,,,,,,
,,,,,277654,256.89114,258,,,,,,
,,,,,277895,247.30962,241,,,,,,
,,,,,278000,,,6.908120632171631,52.456058502197266,52.04729461669922,80.99834442138672,0.031733333333333336,0.0003
,,,,,278222,271.28625,327,,,,,,
,,,,,278453,254.98454,231,,,,,,
,,,,,278712,258.66968,259,,,,,,
,,,,,279000,,,3.894075870513916,49.42769241333008,49.71049880981445,36.82707214355469,0.031200000000000006,0.0003
,,,,,279081,225.66858,369,,,,,,
,,,,,279364,284.78333,283,,,,,,
,,,,,279615,282.99,251,,,,,,
,,,,,279918,202.39804,303,,,,,,
203.72197,46.917633,270.99335,107.22293,463.1,280000,,,3.0598301887512207,42.57973861694336,42.55363082885742,43.26558303833008,0.03066666666666666,0.0003
,,,,,280227,278.23828,309,,,,,,
,,,,,281000,,,6.326686859130859,38.78987503051758,39.29786682128906,76.87932586669922,0.030133333333333345,0.0003
,,,,,281227,156.8964,1000,,,,,,
,,,,,281512,243.22633,285,,,,,,
,,,,,281727,238.34613,215,,,,,,
,,,,,282000,,,4.944802284240723,50.987083435058594,50.58881759643555,59.109352111816406,0.0296,0.0003
,,,,,282236,215.30522,509,,,,,,
,,,,,282440,245.78131,204,,,,,,
,,,,,282637,251.01591,197,,,,,,
,,,,,282912,254.3461,275,,,,,,
,,,,,283000,,,49.68190002441406,56.24042510986328,57.21797561645508,76.82865905761719,0.02906666666666667,0.0003
,,,,,283150,272.26675,238,,,,,,
,,,,,284000,,,5.201415061950684,57.65947341918945,57.845333099365234,50.93620681762695,0.02853333333333334,0.0003
,,,,,284150,145.55585,1000,,,,,,
,,,,,284750,266.3974,600,,,,,,
,,,,,285000,,,25.212955474853516,56.04043197631836,55.88714599609375,246.1270294189453,0.027999999999999997,0.0003
,,,,,285038,244.24496,288,,,,,,
,,,,,285397,300.92218,359,,,,,,
,,,,,285666,253.19875,269,,,,,,
,,,,,285834,262.86725,168,,,,,,
,,,,,286000,,,8.421111106872559,52.153717041015625,52.34077072143555,67.13499450683594,0.02746666666666668,0.0003
,,,,,286316,216.60812,482,,,,,,
,,,,,286572,274.2942,256,,,,,,
,,,,,286739,-2.594017,167,,,,,,
,,,,,287000,,,3.059870719909668,49.97755432128906,50.100547790527344,35.66954803466797,0.026933333333333337,0.0003
,,,,,287091,268.0914,352,,,,,,
,,,,,287316,240.40752,225,,,,,,
,,,,,287549,251.56543,233,,,,,,
,,,,,287738,257.95917,189,,,,,,
,,,,,288000,,,12.997053146362305,48.44438171386719,48.54636764526367,97.37841033935547,0.026400000000000007,0.0003
,,,,,288088,219.96599,350,,,,,,
,,,,,288571,189.22943,483,,,,,,
,,,,,288960,202.52133,389,,,,,,
,,,,,289000,,,5.015692710876465,51.66377258300781,51.16994094848633,111.32612609863281,0.025866666666666677,0.0003
,,,,,289347,199.41835,387,,,,,,
,,,,,289716,243.11853,369,,,,,,
,,,,,289972,253.73547,256,,,,,,
220.56943,53.09821,283.49454,129.41974,434.2,290000,,,58.52888107299805,57.86920928955078,58.07533264160156,76.52607727050781,0.025333333333333333,0.0003
,,,,,290186,242.34514,214,,,,,,
,,,,,290440,271.30698,254,,,,,,
,,,,,290788,248.61119,348,,,,,,
,,,,,290996,281.09412,208,,,,,,
,,,,,291000,,,10.849294662475586,56.11775207519531,55.928462982177734,44.43976974487305,0.024800000000000003,0.0003
,,,,,291244,311.09488,248,,,,,,
,,,,,291526,258.68454,282,,,,,,
,,,,,291807,255.97987,281,,,,,,
,,,,,292000,,,2.278346538543701,59.58222579956055,59.27142333984375,36.54167556762695,0.024266666666666672,0.0003
,,,,,292030,245.29996,223,,,,,,
,,,,,292189,285.383,159,,,,,,
,,,,,292456,277.2063,267,,,,,,
,,,,,292792,247.23586,336,,,,,,
,,,,,293000,,,2.527299165725708,50.339439392089844,50.05646514892578,37.528438568115234,0.02373333333333333,0.0003
,,,,,293237,197.73584,445,,,,,,
,,,,,293437,260.65622,200,,,,,,
,,,,,294000,,,10.556012153625488,52.522735595703125,53.18806838989258,102.0199203491211,0.023200000000000012,0.0003
,,,,,294035,214.82463,598,,,,,,
,,,,,294274,236.40451,239,,,,,,
,,,,,294479,284.81772,205,,,,,,
,,,,,294682,271.77966,203,,,,,,
,,,,,295000,,,3.4393210411071777,58.70744323730469,58.76713562011719,34.41670227050781,0.02266666666666667,0.0003
,,,,,295032,290.9706,350,,,,,,
,,,,,295282,291.10974,250,,,,,,
,,,,,295690,272.53735,408,,,,,,
,,,,,296000,,,66.74501037597656,51.5524787902832,50.38128662109375,208.82859802246094,0.022133333333333338,0.0003
,,,,,296042,221.48438,352,,,,,,
,,,,,296204,277.42297,162,,,,,,
,,,,,296374,269.91742,170,,,,,,
,,,,,296613,238.79883,239,,,,,,
,,,,,297000,252.5178,387,,,,,,
,,,,,297000,,,16.292804718017578,49.22199249267578,49.42213439941406,189.12518310546875,0.021600000000000008,0.0003
,,,,,297217,270.04858,217,,,,,,
,,,,,297480,238.2034,263,,,,,,
,,,,,297668,252.9389,188,,,,,,
,,,,,297849,268.7223,181,,,,,,
,,,,,298000,,,5.092414379119873,59.905517578125,60.32797622680664,100.85093688964844,0.021066666666666664,0.0003
,,,,,298134,248.62573,285,,,,,,
,,,,,298588,230.41081,454,,,,,,
,,,,,299000,,,12.228103637695312,55.13104248046875,55.77729034423828,138.46241760253906,0.020533333333333334,0.0003
,,,,,299290,169.13834,702,,,,,,
,,,,,299547,278.92993,257,,,,,,
,,,,,299715,274.26965,168,,,,,,
233.00693,44.61299,288.57153,124.46472,292.5,300000,,,2.457648754119873,55.066551208496094,54.65125274658203,42.72614288330078,0.02,0.0003
,,,,,300091,240.8941,376,,,,,,
,,,,,300366,271.7068,275,,,,,,
,,,,,300663,216.19388,297,,,,,,
,,,,,300850,273.2589,187,,,,,,
,,,,,301000,,,6.037933349609375,62.04936218261719,62.40843963623047,59.60494613647461,0.02,0.0003
,,,,,301131,277.48935,281,,,,,,
,,,,,301381,288.53638,250,,,,,,
,,,,,301571,262.57217,190,,,,,,
,,,,,301875,294.51178,304,,,,,,
,,,,,302000,,,2.5945146083831787,57.651283264160156,57.54034423828125,33.43812942504883,0.02,0.0003
,,,,,302824,214.50449,949,,,,,,
,,,,,303000,,,8.352628707885742,55.30125427246094,55.96092224121094,94.35340118408203,0.02,0.0003
,,,,,303094,275.52448,270,,,,,,
,,,,,303288,273.35068,194,,,,,,
,,,,,303520,258.9092,232,,,,,,
,,,,,303796,275.96265,276,,,,,,
,,,,,304000,,,1.9193055629730225,59.82732391357422,59.99916076660156,36.34639358520508,0.02,0.0003
,,,,,304001,244.03557,205,,,,,,
,,,,,304363,286.33118,362,,,,,,
,,,,,304543,278.27744,180,,,,,,
,,,,,304847,274.11563,304,,,,,,
,,,,,305000,,,3.650773525238037,53.94115447998047,53.83489990234375,59.487937927246094,0.02,0.0003
,,,,,305293,261.29675,446,,,,,,
,,,,,305495,288.72113,202,,,,,,
,,,,,305828,214.7619,333,,,,,,
,,,,,306000,,,1.527198076248169,54.3237419128418,54.424034118652344,28.90691566467285,0.02,0.0003
,,,,,306053,243.49161,225,,,,,,
,,,,,306209,232.59485,156,,,,,,
,,,,,307000,,,2.7927589416503906,57.08769607543945,56.99657440185547,39.49984359741211,0.02,0.0003
,,,,,307209,135.88326,1000,,,,,,
,,,,,307402,244.85022,193,,,,,,
,,,,,307619,291.60785,217,,,,,,
,,,,,307852,249.18263,233,,,,,,
,,,,,308000,,,16.36434555053711,60.14065933227539,60.22347640991211,131.98947143554688,0.02,0.0003
,,,,,308069,235.45316,217,,,,,,
,,,,,308320,290.84058,251,,,,,,
,,,,,308786,228.412,466,,,,,,
,,,,,309000,,,1.8689944744110107,58.30401611328125,58.78742980957031,62.54093551635742,0.02,0.0003
,,,,,309007,256.10077,221,,,,,,
,,,,,309256,243.59384,249,,,,,,
,,,,,309481,233.59253,225,,,,,,
,,,,,309692,228.05325,211,,,,,,
245.71098,41.922256,301.61603,140.45229,378.4,310000,,,1.3758405447006226,51.49359893798828,51.273841857910156,31.581941604614258,0.02,0.0003
,,,,,310190,183.22574,498,,,,,,
,,,,,310621,234.27995,431,,,,,,
,,,,,310974,286.71283,353,,,,,,
,,,,,311000,,,5.679633140563965,61.905479431152344,62.07481384277344,65.35948181152344,0.02,0.0003
,,,,,311216,249.06519,242,,,,,,
,,,,,311483,284.46802,267,,,,,,
,,,,,311968,250.31314,485,,,,,,
,,,,,312000,,,2.4590227603912354,52.835975646972656,52.074920654296875,80.56646728515625,0.02,0.0003
,,,,,312252,254.79587,284,,,,,,
,,,,,312609,254.0302,357,,,,,,
,,,,,312856,262.7156,247,,,,,,
,,,,,313000,,,79.82154846191406,59.180450439453125,57.838661193847656,355.70281982421875,0.02,0.0003
,,,,,313160,252.65323,304,,,,,,
,,,,,313506,-101.219864,346,,,,,,
,,,,,313859,204.0376,353,,,,,,
,,,,,314000,,,2.688361644744873,49.30073547363281,49.46869659423828,33.67467498779297,0.02,0.0003
,,,,,314508,182.51627,649,,,,,,
,,,,,314824,262.28586,316,,,,,,
,,,,,315000,,,3.2728829383850098,55.86695861816406,55.49163055419922,43.98112106323242,0.02,0.0003
,,,,,315066,209.82716,242,,,,,,
,,,,,315329,275.6571,263,,,,,,
,,,,,315715,293.95752,386,,,,,,
,,,,,316000,,,6.089476585388184,53.522544860839844,53.222801208496094,36.04280471801758,0.02,0.0003
,,,,,316075,188.0151,360,,,,,,
,,,,,316297,247.21556,222,,,,,,
,,,,,316912,184.87506,615,,,,,,
,,,,,317000,,,2.89638614654541,57.794403076171875,57.86669158935547,69.31475067138672,0.02,0.0003
,,,,,317774,219.46188,862,,,,,,
,,,,,318000,,,1.2527661323547363,59.24455261230469,59.45606231689453,21.809011459350586,0.02,0.0003
,,,,,318182,183.00569,408,,,,,,
,,,,,318782,224.05305,600,,,,,,
,,,,,319000,,,2.7193944454193115,56.05788803100586,55.80767059326172,34.67061996459961,0.02,0.0003
,,,,,319010,254.23975,228,,,,,,
,,,,,319426,199.03525,416,,,,,,
,,,,,319823,271.06058,397,,,,,,
165.32324,80.7823,259.82916,-13.693008,537.1,320000,,,11.53760051727295,57.03211212158203,57.07768630981445,64.88722229003906,0.02,0.0003
,,,,,320172,267.1148,349,,,,,,
,,,,,320472,269.99173,300,,,,,,
,,,,,320693,262.66443,221,,,,,,
,,,,,320900,281.14838,207,,,,,,
,,,,,321000,,,3.8088674545288086,52.625640869140625,52.446109771728516,53.8031005859375,0.02,0.0003
,,,,,321084,220.33667,184,,,,,,
,,,,,321458,231.34291,374,,,,,,
,,,,,321697,265.97577,239,,,,,,
,,,,,321968,291.0121,271,,,,,,
,,,,,322000,,,4.106204509735107,51.4273681640625,51.18701171875,43.787837982177734,0.02,0.0003
,,,,,322421,136.79224,453,,,,,,
,,,,,322615,248.63089,194,,,,,,
,,,,,323000,,,1.2938387393951416,68.1358642578125,67.78443145751953,33.22936248779297,0.02,0.0003
,,,,,323145,207.89832,530,,,,,,
,,,,,323373,254.28104,228,,,,,,
,,,,,323748,245.40707,375,,,,,,
,,,,,324000,,,4.77866268157959,56.383888244628906,56.6665153503418,49.84107971191406,0.02,0.0003
,,,,,324402,262.94208,654,,,,,,
,,,,,324865,182.64835,463,,,,,,
,,,,,324980,-1.2742386,115,,,,,,
,,,,,325000,,,2.643721580505371,57.87412643432617,57.995872497558594,34.104427337646484,0.02,0.0003
,,,,,325257,225.89546,277,,,,,,
,,,,,325580,284.26712,323,,,,,,
,,,,,325795,266.6485,215,,,,,,
,,,,,326000,,,89.67672729492188,56.507843017578125,58.09819793701172,323.1311950683594,0.02,0.0003
,,,,,326030,287.20572,235,,,,,,
,,,,,326270,187.58774,240,,,,,,
,,,,,326543,272.19083,273,,,,,,
,,,,,326725,284.68903,182,,,,,,
,,,,,326970,288.4004,245,,,,,,
,,,,,327000,,,6.768946647644043,58.08709716796875,58.15306091308594,118.00679779052734,0.02,0.0003
,,,,,327177,200.92987,207,,,,,,
,,,,,327465,250.06093,288,,,,,,
,,,,,327768,173.99109,303,,,,,,
,,,,,328000,,,2.6638712882995605,59.52924346923828,59.721282958984375,43.6270637512207,0.02,0.0003
,,,,,328337,268.43713,569,,,,,,
,,,,,328552,241.8611,215,,,,,,
,,,,,328814,246.71375,262,,,,,,
,,,,,329000,,,4.430048942565918,62.02091979980469,61.643157958984375,52.720916748046875,0.02,0.0003
,,,,,329032,247.96066,218,,,,,,
,,,,,329491,259.48376,459,,,,,,
,,,,,329818,298.9634,327,,,,,,
228.06328,30.938728,274.12457,174.49826,417.3,330000,,,7.164061546325684,65.4683837890625,65.93974304199219,95.68118286132812,0.02,0.0003
,,,,,330400,220.142,582,,,,,,
,,,,,330611,242.49442,211,,,,,,
,,,,,330885,236.31831,274,,,,,,
,,,,,331000,,,337.6955871582031,63.365867614746094,60.917335510253906,241.19354248046875,0.02,0.0003
,,,,,331167,245.47614,282,,,,,,
,,,,,331409,264.53516,242,,,,,,
,,,,,331652,245.54556,243,,,,,,
,,,,,331882,245.07909,230,,,,,,
,,,,,332000,,,6.691632270812988,63.4847297668457,63.76153564453125,86.9188232421875,0.02,0.0003
,,,,,332114,209.55214,232,,,,,,
,,,,,332445,285.6234,331,,,,,,
,,,,,332893,172.41673,448,,,,,,
,,,,,333000,,,9.004446983337402,50.89566421508789,51.62152862548828,111.4659194946289,0.02,0.0003
,,,,,333419,255.08276,526,,,,,,
,,,,,333641,271.5428,222,,,,,,
,,,,,333870,194.7898,229,,,,,,
,,,,,334000,,,13.850438117980957,61.9334716796875,61.1004638671875,204.49786376953125,0.02,0.0003
,,,,,334178,221.14291,308,,,,,,
,,,,,334448,261.16638,270,,,,,,
,,,,,334678,286.75226,230,,,,,,
,,,,,334942,288.67865,264,,,,,,
,,,,,335000,,,60.664039611816406,57.486167907714844,56.248863220214844,432.2226257324219,0.02,0.0003
,,,,,335410,189.98553,468,,,,,,
,,,,,335827,195.10631,417,,,,,,
,,,,,336000,,,39.39132308959961,57.555702209472656,57.86344909667969,71.51493072509766,0.02,0.0003
,,,,,336115,299.8391,288,,,,,,
,,,,,336652,249.99976,537,,,,,,
,,,,,336968,269.53125,316,,,,,,
,,,,,337000,,,1.7061004638671875,58.49444580078125,58.39702606201172,26.95897102355957,0.02,0.0003
,,,,,337219,285.247,251,,,,,,
,,,,,337466,305.9901,247,,,,,,
,,,,,337665,250.11652,199,,,,,,
,,,,,337979,285.2068,314,,,,,,
,,,,,338000,,,1.6436573266983032,62.99369812011719,62.77269744873047,29.715408325195312,0.02,0.0003
,,,,,338240,268.5888,261,,,,,,
,,,,,338614,173.11273,374,,,,,,
,,,,,338914,238.14978,300,,,,,,
,,,,,339000,,,1.832535743713379,60.21271896362305,60.016380310058594,26.609619140625,0.02,0.0003
,,,,,339430,247.65262,516,,,,,,
,,,,,339711,232.75958,281,,,,,,
,,,,,339985,264.6233,274,,,,,,
205.76286,56.79503,291.1706,105.43909,375.1,340000,,,15.22431468963623,61.8807373046875,61.64128875732422,101.49934387207031,0.02,0.0003
,,,,,340213,251.14288,228,,,,,,
,,,,,340453,271.59964,240,,,,,,
,,,,,340623,267.11148,170,,,,,,
,,,,,340826,270.3833,203,,,,,,
,,,,,341000,,,1.9184443950653076,62.22402572631836,61.8019905090332,45.505859375,0.02,0.0003
,,,,,341155,238.69174,329,,,,,,
,,,,,341344,280.1386,189,,,,,,
,,,,,341547,246.08131,203,,,,,,
,,,,,341761,248.52354,214,,,,,,
,,,,,342000,,,5.907629013061523,62.398231506347656,61.24350357055664,121.253173828125,0.02,0.0003
,,,,,342020,286.74933,259,,,,,,
,,,,,342382,256.15454,362,,,,,,
,,,,,342732,275.53558,350,,,,,,
,,,,,343000,,,45.06568908691406,57.80245590209961,58.72810363769531,114.7490234375,0.02,0.0003
,,,,,343121,192.57727,389,,,,,,
,,,,,343645,200.17804,524,,,,,,
,,,,,344000,,,1.978667140007019,62.07574462890625,61.98845672607422,23.340234756469727,0.02,0.0003
,,,,,344176,-91.099594,531,,,,,,
,,,,,344445,249.03622,269,,,,,,
,,,,,344654,255.45352,209,,,,,,
,,,,,344952,252.73967,298,,,,,,
,,,,,345000,,,5.092627048492432,56.65332794189453,56.14494323730469,79.54400634765625,0.02,0.0003
,,,,,345155,250.55745,203,,,,,,
,,,,,345347,281.99335,192,,,,,,
,,,,,345554,259.4972,207,,,,,,
,,,,,345761,256.5653,207,,,,,,
,,,,,346000,,,6.1966962814331055,61.786827087402344,62.14604187011719,100.60932159423828,0.02,0.0003
,,,,,346111,227.7442,350,,,,,,
,,,,,346342,237.35043,231,,,,,,
,,,,,346729,226.38887,387,,,,,,
,,,,,346998,256.59344,269,,,,,,
,,,,,347000,,,4.293593406677246,61.18964385986328,61.32774353027344,37.58092498779297,0.02,0.0003
,,,,,347213,266.46942,215,,,,,,
,,,,,347622,239.69926,409,,,,,,
,,,,,347945,-170.90697,323,,,,,,
,,,,,348000,,,3.1159675121307373,64.05303955078125,64.10763549804688,43.102622985839844,0.02,0.0003
,,,,,348213,256.59067,268,,,,,,
,,,,,348585,259.78012,372,,,,,,
,,,,,348798,239.0652,213,,,,,,
,,,,,349000,,,3.047558546066284,55.56114959716797,55.75030517578125,41.61552047729492,0.02,0.0003
,,,,,349798,-3.8269298,1000,,,,,,
254.36655,24.646091,281.4041,200.59789,258.0,350000,,,4.7364501953125,58.09764862060547,58.50221252441406,56.99296951293945,0.02,0.0003
,,,,,350068,279.25146,270,,,,,,
,,,,,350368,275.9556,300,,,,,,
,,,,,350822,216.69244,454,,,,,,
,,,,,351000,,,3.5039684772491455,64.90243530273438,64.94082641601562,30.83837127685547,0.02,0.0003
,,,,,351011,271.0745,189,,,,,,
,,,,,351408,181.10815,397,,,,,,
,,,,,351848,258.0215,440,,,,,,
,,,,,352000,,,9.120769500732422,60.00798416137695,60.088348388671875,77.35260772705078,0.02,0.0003
,,,,,352137,287.89484,289,,,,,,
,,,,,352343,269.44244,206,,,,,,
,,,,,352596,-161.88521,253,,,,,,
,,,,,352948,250.7876,352,,,,,,
,,,,,353000,,,6.618463516235352,64.03282165527344,63.783851623535156,72.82099914550781,0.02,0.0003
,,,,,353164,255.47594,216,,,,,,
,,,,,354000,,,3.826737880706787,65.70250701904297,65.29387664794922,50.79668045043945,0.02,0.0003
,,,,,354164,-19.934732,1000,,,,,,
,,,,,354441,269.6305,277,,,,,,
,,,,,354710,292.71814,269,,,,,,
,,,,,354913,262.6477,203,,,,,,
,,,,,355000,,,3.049006462097168,53.46140670776367,53.57811737060547,33.90697479248047,0.02,0.0003
,,,,,355169,232.27632,256,,,,,,
,,,,,355355,275.06528,186,,,,,,
,,,,,356000,,,3.573232412338257,57.15703201293945,57.63445281982422,58.13422393798828,0.02,0.0003
,,,,,356124,191.13385,769,,,,,,
,,,,,356315,280.02203,191,,,,,,
,,,,,356562,217.11887,247,,,,,,
,,,,,357000,,,9.810405731201172,57.077919006347656,57.378746032714844,77.8993148803711,0.02,0.0003
,,,,,357562,-49.895462,1000,,,,,,
,,,,,358000,,,3.461202621459961,61.81361389160156,61.673316955566406,44.0568733215332,0.02,0.0003
,,,,,358210,227.36713,648,,,,,,
,,,,,358419,266.5791,209,,,,,,
,,,,,358657,239.60414,238,,,,,,
,,,,,359000,,,6.7253923416137695,59.1224250793457,59.22917556762695,63.743709564208984,0.02,0.0003
,,,,,359064,-44.57323,407,,,,,,
,,,,,359452,275.55774,388,,,,,,
173.18806,170.74475,279.04712,-308.0996,475.3,360000,,,14.997406959533691,63.340248107910156,62.637298583984375,202.3719940185547,0.02,0.0003
,,,,,360016,229.01057,564,,,,,,
,,,,,360334,264.4622,318,,,,,,
,,,,,360554,235.06711,220,,,,,,
,,,,,360742,237.305,188,,,,,,
,,,,,361000,,,2.3643665313720703,62.296268463134766,62.37184524536133,35.9118537902832,0.02,0.0003
,,,,,361140,292.6068,398,,,,,,
,,,,,361350,243.39885,210,,,,,,
,,,,,361911,129.89502,561,,,,,,
,,,,,362000,,,23.622722625732422,68.99978637695312,69.06494140625,86.29309844970703,0.02,0.0003
,,,,,362454,202.43665,543,,,,,,
,,,,,362690,268.7408,236,,,,,,
,,,,,362972,243.18872,282,,,,,,
,,,,,363000,,,1.761672019958496,67.70742797851562,67.67504119873047,28.206071853637695,0.02,0.0003
,,,,,363364,210.85745,392,,,,,,
,,,,,363737,298.71246,373,,,,,,
,,,,,363917,260.03012,180,,,,,,
,,,,,364000,,,37.883663177490234,58.915771484375,59.394325256347656,47.80110549926758,0.02,0.0003
,,,,,364163,295.02588,246,,,,,,
,,,,,364394,278.113,231,,,,,,
,,,,,364589,274.55728,195,,,,,,
,,,,,365000,,,2.6466689109802246,58.078094482421875,57.79994201660156,39.15285873413086,0.02,0.0003
,,,,,365017,207.06699,428,,,,,,
,,,,,365303,218.76385,286,,,,,,
,,,,,365514,242.40364,211,,,,,,
,,,,,366000,,,4.916278839111328,68.88914489746094,69.01084899902344,40.40593719482422,0.02,0.0003
,,,,,366013,254.7104,499,,,,,,
,,,,,367000,,,2.44946551322937,58.32433319091797,58.74934005737305,51.320770263671875,0.02,0.0003
,,,,,367013,-0.40234,1000,,,,,,
,,,,,367220,265.74634,207,,,,,,
,,,,,367619,273.62683,399,,,,,,
,,,,,367809,302.60483,190,,,,,,
,,,,,368000,,,3.195970296859741,63.520416259765625,63.276458740234375,59.21092224121094,0.02,0.0003
,,,,,368011,248.16985,202,,,,,,
,,,,,368496,279.37213,485,,,,,,
,,,,,368776,210.94812,280,,,,,,
,,,,,369000,,,7.105014324188232,61.30196762084961,61.5590934753418,96.7837142944336,0.02,0.0003
,,,,,369182,293.31955,406,,,,,,
,,,,,369526,222.65393,344,,,,,,
,,,,,369715,268.79346,189,,,,,,
,,,,,369959,291.39032,244,,,,,,
228.25777,46.529514,281.18597,127.23364,350.2,370000,,,5.476901054382324,60.994171142578125,61.37773132324219,48.70756530761719,0.02,0.0003
,,,,,370536,228.32646,577,,,,,,
,,,,,370892,257.10617,356,,,,,,
,,,,,371000,,,4.044544219970703,61.338905334472656,60.997276306152344,57.31929016113281,0.02,0.0003
,,,,,371114,258.91974,222,,,,,,
,,,,,371332,248.9106,218,,,,,,
,,,,,371633,250.05916,301,,,,,,
,,,,,371857,286.53137,224,,,,,,
,,,,,372000,,,7.804506778717041,62.13388442993164,61.263938903808594,120.94355010986328,0.02,0.0003
,,,,,372132,227.73074,275,,,,,,
,,,,,372325,3.1309128,193,,,,,,
,,,,,372727,192.51474,402,,,,,,
,,,,,372904,242.2673,177,,,,,,
,,,,,373000,,,2.2697548866271973,66.37750244140625,65.81402587890625,67.24360656738281,0.02,0.0003
,,,,,373129,274.93927,225,,,,,,
,,,,,373555,178.29599,426,,,,,,
,,,,,373814,297.74432,259,,,,,,
,,,,,373972,283.04517,158,,,,,,
,,,,,374000,,,2.2538230419158936,64.48006439208984,64.55980682373047,28.036911010742188,0.02,0.0003
,,,,,374127,-32.000496,155,,,,,,
,,,,,374415,250.57947,288,,,,,,
,,,,,374606,221.60509,191,,,,,,
,,,,,374815,282.2401,209,,,,,,
,,,,,374996,254.9476,181,,,,,,
,,,,,375000,,,6.501250267028809,68.3160629272461,67.83177185058594,90.37696838378906,0.02,0.0003
,,,,,375501,280.38232,505,,,,,,
,,,,,375697,-61.419262,196,,,,,,
,,,,,375907,279.65897,210,,,,,,
,,,,,376000,,,96.71141052246094,56.04655456542969,57.553550720214844,333.1114196777344,0.02,0.0003
,,,,,376159,261.27985,252,,,,,,
,,,,,376478,204.52219,319,,,,,,
,,,,,376673,290.1334,195,,,,,,
,,,,,376910,232.25081,237,,,,,,
,,,,,377000,,,7.095429420471191,57.793514251708984,56.989253997802734,107.11602020263672,0.02,0.0003
,,,,,377192,237.47163,282,,,,,,
,,,,,377423,276.58875,231,,,,,,
,,,,,377687,262.3062,264,,,,,,
,,,,,377947,281.49176,260,,,,,,
,,,,,378000,,,6.015230655670166,68.5221176147461,69.07484436035156,77.64615631103516,0.02,0.0003
,,,,,378173,270.75003,226,,,,,,
,,,,,378470,240.54454,297,,,,,,
,,,,,378714,205.45792,244,,,,,,
,,,,,378837,15.757629,123,,,,,,
,,,,,379000,,,54.93376159667969,62.434295654296875,63.464073181152344,184.49356079101562,0.02,0.0003
,,,,,379170,208.27057,333,,,,,,
,,,,,379425,301.3708,255,,,,,,
,,,,,379873,170.35437,448,,,,,,
254.74722,15.211577,275.88635,221.36752,284.4,380000,,,3.1879563331604004,64.19068145751953,64.3463134765625,35.203372955322266,0.02,0.0003
,,,,,380174,238.06497,301,,,,,,
,,,,,380382,251.7838,208,,,,,,
,,,,,380849,219.79291,467,,,,,,
,,,,,380979,-139.1504,130,,,,,,
,,,,,381000,,,3.0858311653137207,61.171932220458984,60.87257766723633,47.39048767089844,0.02,0.0003
,,,,,381261,226.17117,282,,,,,,
,,,,,381590,278.35913,329,,,,,,
,,,,,382000,295.88937,410,,,,,,
,,,,,382000,,,2.7571301460266113,62.582252502441406,62.17036437988281,55.60137939453125,0.02,0.0003
,,,,,382391,217.39645,391,,,,,,
,,,,,382592,241.28131,201,,,,,,
,,,,,382931,222.28006,339,,,,,,
,,,,,383000,,,1.7000093460083008,69.75379943847656,69.39811706542969,40.97514724731445,0.02,0.0003
,,,,,383143,213.37491,212,,,,,,
,,,,,383423,277.8961,280,,,,,,
,,,,,383650,275.76886,227,,,,,,
,,,,,383904,254.13156,254,,,,,,
,,,,,384000,,,4.7969536781311035,67.11343383789062,66.887451171875,46.529273986816406,0.02,0.0003
,,,,,384904,122.03006,1000,,,,,,
,,,,,385000,,,5.08030891418457,64.52554321289062,64.77397155761719,56.558067321777344,0.02,0.0003
,,,,,385217,280.69373,313,,,,,,
,,,,,385497,245.15125,280,,,,,,
,,,,,385750,261.69714,253,,,,,,
,,,,,386000,,,5.852635383605957,70.33876037597656,70.72515869140625,56.75514602661133,0.02,0.0003
,,,,,386011,303.3968,261,,,,,,
,,,,,386219,276.93405,208,,,,,,
,,,,,386492,265.6639,273,,,,,,
,,,,,386699,266.71777,207,,,,,,
,,,,,387000,,,1.704019546508789,72.75767517089844,72.03814697265625,66.69754791259766,0.02,0.0003
,,,,,387584,204.7025,885,,,,,,
,,,,,387907,311.38068,323,,,,,,
,,,,,388000,,,16.553600311279297,67.49935150146484,67.794677734375,90.88143920898438,0.02,0.0003
,,,,,388160,240.22325,253,,,,,,
,,,,,388433,294.07153,273,,,,,,
,,,,,388764,253.20865,331,,,,,,
,,,,,389000,,,4.205087184906006,68.05498504638672,67.5276870727539,80.3342056274414,0.02,0.0003
,,,,,389044,226.98209,280,,,,,,
,,,,,389310,278.9715,266,,,,,,
,,,,,389588,254.35164,278,,,,,,
,,,,,389807,293.5391,219,,,,,,
248.12727,33.309017,285.17792,167.86334,299.0,390000,,,5.408067226409912,67.59209442138672,67.43527221679688,52.05142593383789,0.02,0.0003
,,,,,390031,277.9255,224,,,,,,
,,,,,390238,242.62767,207,,,,,,
,,,,,390461,252.83424,223,,,,,,
,,,,,390717,259.7066,256,,,,,,
,,,,,391000,,,4.4009246826171875,66.12230682373047,65.93053436279297,63.24699783325195,0.02,0.0003
,,,,,391011,274.2643,294,,,,,,
,,,,,391214,283.75946,203,,,,,,
,,,,,391554,236.63545,340,,,,,,
,,,,,391737,275.8001,183,,,,,,
,,,,,391922,245.82678,185,,,,,,
,,,,,392000,,,1.7631323337554932,66.3619613647461,66.71903991699219,55.56303405761719,0.02,0.0003
,,,,,392333,222.3825,411,,,,,,
,,,,,392954,273.7066,621,,,,,,
,,,,,393000,,,4.264491081237793,64.21338653564453,64.41339111328125,50.53264617919922,0.02,0.0003
,,,,,393210,210.2474,256,,,,,,
,,,,,393384,276.07074,174,,,,,,
,,,,,393640,279.19543,256,,,,,,
,,,,,393952,272.05356,312,,,,,,
,,,,,394000,,,3.4228577613830566,67.74510192871094,67.93464660644531,43.8023796081543,0.02,0.0003
,,,,,394063,-22.029533,111,,,,,,
,,,,,394634,206.07251,571,,,,,,
,,,,,394881,259.14874,247,,,,,,
,,,,,395000,,,29.58426856994629,68.92770385742188,69.72660827636719,74.93952941894531,0.02,0.0003
,,,,,395240,272.8305,359,,,,,,
,,,,,395596,277.792,356,,,,,,
,,,,,396000,,,2.410065174102783,66.38837432861328,66.24579620361328,33.05537414550781,0.02,0.0003
,,,,,396001,263.84146,405,,,,,,
,,,,,396316,223.43335,315,,,,,,
,,,,,396550,240.43304,234,,,,,,
,,,,,396751,256.45966,201,,,,,,
,,,,,397000,,,7.864751815795898,60.64472198486328,60.296363830566406,45.73699951171875,0.02,0.0003
,,,,,397004,229.86772,253,,,,,,
,,,,,397233,279.28928,229,,,,,,
,,,,,397412,253.33266,179,,,,,,
,,,,,397758,229.98248,346,,,,,,
,,,,,398000,,,4.865418434143066,59.87213897705078,59.688446044921875,45.09866714477539,0.02,0.0003
,,,,,398028,264.97052,270,,,,,,
,,,,,398229,229.74158,201,,,,,,
,,,,,398456,242.82207,227,,,,,,
,,,,,398692,229.19693,236,,,,,,
,,,,,399000,,,18.269306182861328,64.55445861816406,64.84327697753906,117.70519256591797,0.02,0.0003
,,,,,399464,228.86969,772,,,,,,
,,,,,399640,251.8729,176,,,,,,
,,,,,399786,268.75415,146,,,,,,
242.09248,29.92632,281.7829,188.5534,257.9,400000,,,3.9683284759521484,73.19686126708984,72.7903823852539,63.05986404418945,0.02,0.0003
,,,,,400065,-8.514557,279,,,,,,
,,,,,400227,261.8323,162,,,,,,
,,,,,400436,238.22772,209,,,,,,
,,,,,400697,222.9358,261,,,,,,
,,,,,400927,277.58875,230,,,,,,
,,,,,401000,,,5.303582668304443,59.19910430908203,58.873802185058594,64.27491760253906,0.02,0.0003
,,,,,401240,216.741,313,,,,,,
,,,,,401684,193.28424,444,,,,,,
,,,,,401918,172.54533,234,,,,,,
,,,,,402000,,,7.560647487640381,67.35118103027344,67.61489868164062,75.31049346923828,0.02,0.0003
,,,,,402197,235.15501,279,,,,,,
,,,,,402366,274.99463,169,,,,,,
,,,,,402605,271.3971,239,,,,,,
,,,,,402780,254.78955,175,,,,,,
,,,,,403000,,,83.61555480957031,66.35552978515625,65.74079895019531,408.7877197265625,0.02,0.0003
,,,,,403046,252.43199,266,,,,,,
,,,,,403228,267.41986,182,,,,,,
,,,,,403352,25.461166,124,,,,,,
,,,,,403579,287.8282,227,,,,,,
,,,,,403810,274.7705,231,,,,,,
,,,,,404000,,,18.72323989868164,74.01792907714844,74.66709899902344,80.5798110961914,0.02,0.0003
,,,,,404011,214.1782,201,,,,,,
,,,,,404409,280.65924,398,,,,,,
,,,,,404636,241.64217,227,,,,,,
,,,,,404849,277.76733,213,,,,,,
,,,,,405000,,,4.688470363616943,70.70708465576172,70.82801818847656,50.173667907714844,0.02,0.0003
,,,,,405082,240.83261,233,,,,,,
,,,,,405211,23.54731,129,,,,,,
,,,,,405399,215.57803,188,,,,,,
,,,,,405599,239.31157,200,,,,,,
,,,,,405823,253.97911,224,,,,,,
,,,,,406000,,,4.547266960144043,65.90524291992188,65.32188415527344,72.5642318725586,0.02,0.0003
,,,,,406008,239.19785,185,,,,,,
,,,,,406246,272.08536,238,,,,,,
,,,,,406798,251.10481,552,,,,,,
,,,,,407000,,,2.5210704803466797,68.98042297363281,69.3189926147461,59.1038703918457,0.02,0.0003
,,,,,407577,222.76596,779,,,,,,
,,,,,407802,265.3871,225,,,,,,
,,,,,408000,,,19.926799774169922,64.82826232910156,65.31716918945312,144.71621704101562,0.02,0.0003
,,,,,408025,304.98886,223,,,,,,
,,,,,408244,260.23334,219,,,,,,
,,,,,408481,286.04242,237,,,,,,
,,,,,408611,18.612625,130,,,,,,
,,,,,408771,274.08472,160,,,,,,
,,,,,408954,247.16183,183,,,,,,
,,,,,409000,,,18.704179763793945,68.85536193847656,68.3798828125,110.36448669433594,0.02,0.0003
,,,,,409317,238.06389,363,,,,,,
,,,,,409489,270.50055,172,,,,,,
,,,,,409864,170.73502,375,,,,,,
,,,,,409952,13.615707,88,,,,,,
182.64578,143.56688,288.9723,-196.27515,329.7,410000,,,25.766998291015625,65.55132293701172,65.75920104980469,74.9237060546875,0.02,0.0003
,,,,,410119,255.3897,167,,,,,,
,,,,,410430,221.42766,311,,,,,,
,,,,,410669,229.14598,239,,,,,,
,,,,,410947,250.05432,278,,,,,,
,,,,,411000,,,9.804224014282227,65.87873077392578,65.9007797241211,86.84326171875,0.02,0.0003
,,,,,411127,234.07956,180,,,,,,
,,,,,411403,275.77414,276,,,,,,
,,,,,411697,203.40228,294,,,,,,
,,,,,411893,-153.32324,196,,,,,,
,,,,,412000,,,24.917972564697266,71.00148010253906,70.51911163330078,81.55815124511719,0.02,0.0003
,,,,,412199,228.21957,306,,,,,,
,,,,,412397,228.88554,198,,,,,,
,,,,,412642,237.44247,245,,,,,,
,,,,,412867,279.62048,225,,,,,,
,,,,,413000,,,4.085192680358887,70.10485076904297,69.49368286132812,71.60933685302734,0.02,0.0003
,,,,,413086,271.25064,219,,,,,,
,,,,,413215,21.843391,129,,,,,,
,,,,,413422,278.44717,207,,,,,,
,,,,,413597,242.64113,175,,,,,,
,,,,,413806,268.0952,209,,,,,,
,,,,,414000,,,11.039388656616211,64.59208679199219,63.80306625366211,74.0072021484375,0.02,0.0003
,,,,,414030,273.71582,224,,,,,,
,,,,,414187,251.49664,157,,,,,,
,,,,,415000,,,2.9749131202697754,67.57656860351562,67.87185668945312,51.64434051513672,0.02,0.0003
,,,,,415187,140.47978,1000,,,,,,
,,,,,415397,281.85974,210,,,,,,
,,,,,415598,269.59387,201,,,,,,
,,,,,415818,261.7797,220,,,,,,
,,,,,416000,,,4.251023292541504,71.12788391113281,70.64743041992188,45.01900863647461,0.02,0.0003
,,,,,416026,262.38498,208,,,,,,
,,,,,416198,241.52464,172,,,,,,
,,,,,416543,264.6396,345,,,,,,
,,,,,416728,255.05096,185,,,,,,
,,,,,416987,308.59772,259,,,,,,
,,,,,417000,,,4.318971633911133,76.0252685546875,76.26571655273438,52.80820846557617,0.02,0.0003
,,,,,417684,239.9796,697,,,,,,
,,,,,417927,295.18964,243,,,,,,
,,,,,418000,,,20.58978271484375,68.46351623535156,68.0560302734375,115.41895294189453,0.02,0.0003
,,,,,418169,282.89227,242,,,,,,
,,,,,418414,269.11395,245,,,,,,
,,,,,418666,293.7281,252,,,,,,
,,,,,418874,285.63123,208,,,,,,
,,,,,419000,,,3.0526912212371826,68.47709655761719,68.8145751953125,67.25379180908203,0.02,0.0003
,,,,,419052,237.99739,178,,,,,,
,,,,,419311,243.08377,259,,,,,,
,,,,,419587,196.55438,276,,,,,,
,,,,,419907,295.24094,320,,,,,,
249.26675,32.523495,281.69006,178.44937,208.2,420000,,,8.102680206298828,60.64826202392578,60.71980285644531,61.58085632324219,0.02,0.0003
,,,,,420285,294.86768,378,,,,,,
,,,,,420509,228.66298,224,,,,,,
,,,,,420660,245.40137,151,,,,,,
,,,,,421000,,,3.6615841388702393,67.12167358398438,67.08599853515625,20.369226455688477,0.02,0.0003
,,,,,421510,252.85478,850,,,,,,
,,,,,421650,259.44885,140,,,,,,
,,,,,421884,256.63235,234,,,,,,
,,,,,422000,,,5.831930160522461,65.6856689453125,65.32904815673828,74.1408920288086,0.02,0.0003
,,,,,422293,241.82887,409,,,,,,
,,,,,422493,199.91647,200,,,,,,
,,,,,422827,243.32054,334,,,,,,
,,,,,423000,,,3.7925963401794434,66.66313171386719,66.65606689453125,31.31147575378418,0.02,0.0003
,,,,,423007,251.38058,180,,,,,,
,,,,,423205,243.2242,198,,,,,,
,,,,,423438,287.5948,233,,,,,,
,,,,,423585,248.98897,147,,,,,,
,,,,,423802,265.0307,217,,,,,,
,,,,,424000,,,2.958193063735962,68.3935546875,68.77330017089844,75.14059448242188,0.02,0.0003
,,,,,424236,259.94513,434,,,,,,
,,,,,424608,272.63123,372,,,,,,
,,,,,424950,271.31342,342,,,,,,
,,,,,425000,,,2.32059383392334,66.76498413085938,66.39216613769531,52.92289352416992,0.02,0.0003
,,,,,425114,264.32993,164,,,,,,
,,,,,425317,241.12622,203,,,,,,
,,,,,425544,199.35681,227,,,,,,
,,,,,425753,248.159,209,,,,,,
,,,,,426000,,,3.2246501445770264,71.55144500732422,71.4883804321289,41.31953048706055,0.02,0.0003
,,,,,426014,287.25366,261,,,,,,
,,,,,426278,234.60263,264,,,,,,
,,,,,426711,292.2797,433,,,,,,
,,,,,426890,239.1867,179,,,,,,
,,,,,427000,,,22.59100341796875,72.95492553710938,73.37060546875,50.597110748291016,0.02,0.0003
,,,,,427151,249.20702,261,,,,,,
,,,,,427305,-179.88861,154,,,,,,
,,,,,427855,230.27676,550,,,,,,
,,,,,428000,,,2.8557350635528564,69.77238464355469,69.72740173339844,41.9932975769043,0.02,0.0003
,,,,,428070,220.43639,215,,,,,,
,,,,,428292,275.40332,222,,,,,,
,,,,,428513,280.58936,221,,,,,,
,,,,,428734,275.94098,221,,,,,,
,,,,,428976,258.0451,242,,,,,,
,,,,,429000,,,6.155484199523926,66.33486938476562,66.95639038085938,64.95256805419922,0.02,0.0003
,,,,,429206,284.80563,230,,,,,,
,,,,,429387,269.4626,181,,,,,,
,,,,,429556,260.80444,169,,,,,,
,,,,,429739,244.93604,183,,,,,,
,,,,,429905,220.43184,166,,,,,,
257.923,25.174326,301.27032,214.48596,216.4,430000,,,1.4572381973266602,71.76641845703125,71.84516143798828,23.23822784423828,0.02,0.0003
,,,,,430905,120.92988,1000,,,,,,
,,,,,431000,,,1.9991834163665771,70.31826782226562,70.43304443359375,40.102516174316406,0.02,0.0003
,,,,,431175,234.159,270,,,,,,
,,,,,431550,290.56866,375,,,,,,
,,,,,431790,293.4695,240,,,,,,
,,,,,432000,,,4.499752998352051,69.06773376464844,68.5503921508789,60.594085693359375,0.02,0.0003
,,,,,432269,219.12518,479,,,,,,
,,,,,432426,237.65677,157,,,,,,
,,,,,432624,251.41432,198,,,,,,
,,,,,432890,217.50446,266,,,,,,
,,,,,433000,,,6.162237167358398,67.785888671875,67.22438049316406,52.80230712890625,0.02,0.0003
,,,,,433088,240.63339,198,,,,,,
,,,,,433380,249.65479,292,,,,,,
,,,,,433541,206.68835,161,,,,,,
,,,,,433798,266.13245,257,,,,,,
,,,,,433957,269.00964,159,,,,,,
,,,,,434000,,,1.7786791324615479,69.51471710205078,69.18763732910156,37.21479415893555,0.02,0.0003
,,,,,434317,235.48453,360,,,,,,
,,,,,434511,220.54993,194,,,,,,
,,,,,434656,234.38261,145,,,,,,
,,,,,434837,273.2464,181,,,,,,
,,,,,434998,257.25354,161,,,,,,
,,,,,435000,,,4.321255683898926,72.78239440917969,72.83888244628906,55.3085823059082,0.02,0.0003
,,,,,435107,-23.18554,109,,,,,,
,,,,,435218,-6.0514526,111,,,,,,
,,,,,435432,259.1865,214,,,,,,
,,,,,435708,233.6785,276,,,,,,
,,,,,435905,275.94904,197,,,,,,
,,,,,436000,,,46.207035064697266,76.17644500732422,77.42776489257812,150.45355224609375,0.02,0.0003
,,,,,436084,252.36249,179,,,,,,
,,,,,436338,272.33423,254,,,,,,
,,,,,436524,187.7511,186,,,,,,
,,,,,436706,241.6109,182,,,,,,
,,,,,436874,237.77303,168,,,,,,
,,,,,437000,,,2.9838407039642334,74.91268920898438,74.6856460571289,40.38787841796875,0.02,0.0003
,,,,,437071,231.61469,197,,,,,,
,,,,,437246,252.6374,175,,,,,,
,,,,,437455,263.9662,209,,,,,,
,,,,,437671,279.6029,216,,,,,,
,,,,,437780,-27.07515,109,,,,,,
,,,,,437937,246.77623,157,,,,,,
,,,,,438000,,,3.385836362838745,64.45927429199219,64.52082824707031,34.19016647338867,0.02,0.0003
,,,,,438184,276.19147,247,,,,,,
,,,,,438364,236.1104,180,,,,,,
,,,,,438587,260.30035,223,,,,,,
,,,,,438824,308.3363,237,,,,,,
,,,,,439000,,,4.736944198608398,76.23926544189453,75.69554138183594,61.84621810913086,0.02,0.0003
,,,,,439021,225.03888,197,,,,,,
,,,,,439354,213.3371,333,,,,,,
,,,,,439603,253.99156,249,,,,,,
,,,,,439936,245.48613,333,,,,,,
248.69312,22.718193,292.2754,217.90326,251.5,440000,,,2.5340795516967773,70.52371215820312,70.56864166259766,41.77285385131836,0.02,0.0003
,,,,,440233,265.91855,297,,,,,,
,,,,,440475,273.2865,242,,,,,,
,,,,,440764,220.3692,289,,,,,,
,,,,,440973,254.73218,209,,,,,,
,,,,,441000,,,12.558910369873047,68.67608642578125,68.20271301269531,172.8719482421875,0.02,0.0003
,,,,,441190,278.94415,217,,,,,,
,,,,,441651,157.37651,461,,,,,,
,,,,,441816,259.96747,165,,,,,,
,,,,,442000,,,3.7692832946777344,69.58940124511719,69.58441162109375,31.767465591430664,0.02,0.0003
,,,,,442084,243.66254,268,,,,,,
,,,,,443000,,,1.7489264011383057,75.00190734863281,75.01216125488281,31.291418075561523,0.02,0.0003
,,,,,443084,-137.91481,1000,,,,,,
,,,,,443452,191.6212,368,,,,,,
,,,,,443726,282.156,274,,,,,,
,,,,,443983,281.3271,257,,,,,,
,,,,,444000,,,3.748471260070801,77.96489715576172,77.62649536132812,35.881858825683594,0.02,0.0003
,,,,,444096,8.193001,113,,,,,,
,,,,,444285,262.10968,189,,,,,,
,,,,,444548,256.28088,263,,,,,,
,,,,,445000,,,6.4662933349609375,70.31135559082031,69.92253875732422,114.46278381347656,0.02,0.0003
,,,,,445001,233.95155,453,,,,,,
,,,,,445309,224.71808,308,,,,,,
,,,,,445508,249.56668,199,,,,,,
,,,,,445742,215.71613,234,,,,,,
,,,,,446000,,,6.915006160736084,73.84368896484375,74.04058837890625,39.614505767822266,0.02,0.0003
,,,,,446005,271.93323,263,,,,,,
,,,,,446223,226.0659,218,,,,,,
,,,,,446376,225.62154,153,,,,,,
,,,,,446608,294.7256,232,,,,,,
,,,,,446811,259.86395,203,,,,,,
,,,,,447000,,,2.0001702308654785,77.65433502197266,77.11077117919922,46.825904846191406,0.02,0.0003
,,,,,447040,238.1721,229,,,,,,
,,,,,447242,264.6789,202,,,,,,
,,,,,447469,225.24995,227,,,,,,
,,,,,447692,305.89447,223,,,,,,
,,,,,447886,-7.400543,194,,,,,,
,,,,,448000,,,1.8096503019332886,68.36709594726562,68.5784683227539,35.310054779052734,0.02,0.0003
,,,,,448052,34.119873,166,,,,,,
,,,,,448351,294.47382,299,,,,,,
,,,,,448553,240.00575,202,,,,,,
,,,,,449000,,,2.7571914196014404,65.46885681152344,65.65234375,25.0577449798584,0.02,0.0003
,,,,,449086,151.35872,533,,,,,,
,,,,,449370,239.59796,284,,,,,,
,,,,,449567,271.05984,197,,,,,,
,,,,,449838,222.42792,271,,,,,,
247.04362,36.601624,294.82446,156.68907,340.4,450000,,,1.6852155923843384,78.88981628417969,78.57791137695312,38.036293029785156,0.02,0.0003
,,,,,450044,281.88165,206,,,,,,
,,,,,450306,279.74408,262,,,,,,
,,,,,450569,243.67491,263,,,,,,
,,,,,451000,,,4.592574596405029,61.75791549682617,61.75212097167969,48.298667907714844,0.02,0.0003
,,,,,451206,182.77347,637,,,,,,
,,,,,451502,205.92827,296,,,,,,
,,,,,451702,236.15656,200,,,,,,
,,,,,451866,26.316895,164,,,,,,
,,,,,452000,,,3.865170955657959,69.55821228027344,69.53837585449219,49.154117584228516,0.02,0.0003
,,,,,452077,274.7485,211,,,,,,
,,,,,452334,236.31334,257,,,,,,
,,,,,452579,252.17862,245,,,,,,
,,,,,452824,287.63367,245,,,,,,
,,,,,453000,,,6.93325662612915,79.14897155761719,79.43731689453125,58.713294982910156,0.02,0.0003
,,,,,453085,283.61633,261,,,,,,
,,,,,453356,275.55164,271,,,,,,
,,,,,453600,290.3592,244,,,,,,
,,,,,453832,222.84,232,,,,,,
,,,,,453980,250.95464,148,,,,,,
,,,,,454000,,,2.84706974029541,72.87750244140625,73.45161437988281,54.36374282836914,0.02,0.0003
,,,,,454198,256.39746,218,,,,,,
,,,,,454444,255.77438,246,,,,,,
,,,,,454672,284.70215,228,,,,,,
,,,,,454961,308.14813,289,,,,,,
,,,,,455000,,,2.404684066772461,76.93672180175781,76.55255126953125,65.61569213867188,0.02,0.0003
,,,,,455250,297.3402,289,,,,,,
,,,,,455708,304.9264,458,,,,,,
,,,,,456000,,,7.879329204559326,67.98040771484375,67.85902404785156,49.074462890625,0.02,0.0003
,,,,,456011,242.64581,303,,,,,,
,,,,,456323,259.3329,312,,,,,,
,,,,,456494,282.76263,171,,,,,,
,,,,,456598,-2.0311813,104,,,,,,
,,,,,456754,265.72662,156,,,,,,
,,,,,457000,,,33.13783264160156,57.213844299316406,58.16753387451172,392.40460205078125,0.02,0.0003
,,,,,457278,286.23163,524,,,,,,
,,,,,457470,249.80772,192,,,,,,
,,,,,457768,275.61136,298,,,,,,
,,,,,458000,,,5.389044761657715,68.34255981445312,68.4041748046875,79.06581115722656,0.02,0.0003
,,,,,458108,288.90753,340,,,,,,
,,,,,458307,282.08057,199,,,,,,
,,,,,458640,268.74628,333,,,,,,
,,,,,458821,238.09357,181,,,,,,
,,,,,459000,,,7.329561710357666,78.09635925292969,79.00715637207031,122.0970687866211,0.02,0.0003
,,,,,459105,309.1843,284,,,,,,
,,,,,459318,252.58987,213,,,,,,
,,,,,459602,-55.74351,284,,,,,,
,,,,,459812,42.328003,210,,,,,,
,,,,,459997,243.1509,185,,,,,,
209.78435,79.70671,279.44452,20.567543,410.2,460000,,,21.739728927612305,71.4533462524414,71.85212707519531,68.36341094970703,0.02,0.0003
,,,,,460203,280.78818,206,,,,,,
,,,,,460310,1.1137161,107,,,,,,
,,,,,460693,303.7083,383,,,,,,
,,,,,460957,294.9098,264,,,,,,
,,,,,461000,,,14.041701316833496,66.20957946777344,66.2068099975586,90.41594696044922,0.02,0.0003
,,,,,461379,173.76965,422,,,,,,
,,,,,461795,25.814728,416,,,,,,
,,,,,462000,,,1.303636074066162,77.43498229980469,77.61088562011719,18.475404739379883,0.02,0.0003
,,,,,462382,165.2993,587,,,,,,
,,,,,462561,218.6522,179,,,,,,
,,,,,462778,269.5994,217,,,,,,
,,,,,463000,,,1.7915444374084473,70.4342041015625,70.19444274902344,43.952945709228516,0.02,0.0003
,,,,,463313,264.82898,535,,,,,,
,,,,,463489,261.59503,176,,,,,,
,,,,,463703,260.00647,214,,,,,,
,,,,,463954,247.42168,251,,,,,,
,,,,,464000,,,4.899625778198242,72.74076843261719,72.46170043945312,60.27292251586914,0.02,0.0003
,,,,,464207,266.0691,253,,,,,,
,,,,,464833,253.68587,626,,,,,,
,,,,,465000,,,2.442920684814453,76.79937744140625,76.46903228759766,41.94180679321289,0.02,0.0003
,,,,,465092,251.69055,259,,,,,,
,,,,,465327,277.60486,235,,,,,,
,,,,,465548,246.02504,221,,,,,,
,,,,,465888,275.41214,340,,,,,,
,,,,,466000,,,1.5439099073410034,73.31571197509766,73.33367156982422,20.190410614013672,0.02,0.0003
,,,,,466080,260.8579,192,,,,,,
,,,,,466278,249.08319,198,,,,,,
,,,,,466491,241.88542,213,,,,,,
,,,,,466768,194.39157,277,,,,,,
,,,,,466942,248.65471,174,,,,,,
,,,,,467000,,,5.610808372497559,80.34561157226562,80.73506164550781,52.60570526123047,0.02,0.0003
,,,,,467126,249.70699,184,,,,,,
,,,,,467358,218.45755,232,,,,,,
,,,,,467537,21.67849,179,,,,,,
,,,,,467822,256.08276,285,,,,,,
,,,,,467971,278.46002,149,,,,,,
,,,,,468000,,,16.38421630859375,72.59686279296875,71.80638122558594,112.30240631103516,0.02,0.0003
,,,,,468147,241.80754,176,,,,,,
,,,,,468744,178.00177,597,,,,,,
,,,,,468980,231.735,236,,,,,,
,,,,,469000,,,1.344049096107483,74.86902618408203,74.72657012939453,38.1637077331543,0.02,0.0003
,,,,,469133,276.93506,153,,,,,,
,,,,,469508,205.12996,375,,,,,,
,,,,,469674,226.98087,166,,,,,,
,,,,,469887,265.48456,213,,,,,,
243.76355,47.690758,290.4388,153.44618,402.3,470000,,,3.303311586380005,72.6274642944336,72.33677673339844,42.17042541503906,0.02,0.0003
,,,,,470075,269.32794,188,,,,,,
,,,,,470717,279.9991,642,,,,,,
,,,,,470991,236.2684,274,,,,,,
,,,,,471000,,,2.1802313327789307,76.24220275878906,76.26031494140625,30.23968505859375,0.02,0.0003
,,,,,471381,257.34854,390,,,,,,
,,,,,471640,216.0072,259,,,,,,
,,,,,471818,249.77307,178,,,,,,
,,,,,472000,,,1.7751684188842773,76.3769760131836,76.89842224121094,43.92184066772461,0.02,0.0003
,,,,,472004,240.97232,186,,,,,,
,,,,,472176,272.2121,172,,,,,,
,,,,,472336,249.6082,160,,,,,,
,,,,,472563,238.65411,227,,,,,,
,,,,,472732,30.331696,169,,,,,,
,,,,,472953,270.53992,221,,,,,,
,,,,,473000,,,9.122312545776367,69.38059997558594,69.28350830078125,121.69683074951172,0.02,0.0003
,,,,,473216,216.73866,263,,,,,,
,,,,,473480,201.66763,264,,,,,,
,,,,,473700,222.45428,220,,,,,,
,,,,,474000,,,3.0110538005828857,75.19841766357422,75.45181274414062,59.06483840942383,0.02,0.0003
,,,,,474049,240.97472,349,,,,,,
,,,,,474330,233.83986,281,,,,,,
,,,,,474608,217.49876,278,,,,,,
,,,,,475000,,,5.573354721069336,74.49896240234375,74.80032348632812,51.19585037231445,0.02,0.0003
,,,,,475118,285.48376,510,,,,,,
,,,,,475313,252.82294,195,,,,,,
,,,,,475482,268.9568,169,,,,,,
,,,,,475731,248.16048,249,,,,,,
,,,,,476000,,,1.9708584547042847,76.43338012695312,76.15766906738281,32.959468841552734,0.02,0.0003
,,,,,476060,256.3501,329,,,,,,
,,,,,476260,236.30455,200,,,,,,
,,,,,476862,263.70505,602,,,,,,
,,,,,477000,,,2.6706924438476562,75.19172668457031,74.65119934082031,78.81693267822266,0.02,0.0003
,,,,,477222,274.516,360,,,,,,
,,,,,477397,242.80342,175,,,,,,
,,,,,477595,251.48643,198,,,,,,
,,,,,477802,231.9849,207,,,,,,
,,,,,478000,,,1.469775676727295,75.516845703125,75.65428924560547,28.854679107666016,0.02,0.0003
,,,,,478037,246.65524,235,,,,,,
,,,,,478211,256.96268,174,,,,,,
,,,,,478454,254.02621,243,,,,,,
,,,,,478640,281.64114,186,,,,,,
,,,,,478895,276.74896,255,,,,,,
,,,,,479000,,,22.206418991088867,74.0255355834961,73.0963134765625,202.834716796875,0.02,0.0003
,,,,,479077,270.8844,182,,,,,,
,,,,,479260,258.9116,183,,,,,,
,,,,,479442,242.9398,182,,,,,,
,,,,,479642,255.29205,200,,,,,,
,,,,,479845,285.43576,203,,,,,,
223.78764,43.273895,273.15063,115.47102,340.3,480000,,,10.012081146240234,73.2259521484375,72.748291015625,63.471805572509766,0.02,0.0003
,,,,,480079,287.23886,234,,,,,,
,,,,,480344,212.10825,265,,,,,,
,,,,,480580,253.2803,236,,,,,,
,,,,,480746,202.89224,166,,,,,,
,,,,,480997,226.52878,251,,,,,,
,,,,,481000,,,3.0219240188598633,72.59766387939453,72.05787658691406,56.6906623840332,0.02,0.0003
,,,,,481234,244.06323,237,,,,,,
,,,,,481343,3.9450989,109,,,,,,
,,,,,481435,20.624107,92,,,,,,
,,,,,481723,201.98932,288,,,,,,
,,,,,482000,,,4.675110816955566,73.44003295898438,72.97755432128906,67.875,0.02,0.0003
,,,,,482189,197.68973,466,,,,,,
,,,,,482503,226.7493,314,,,,,,
,,,,,483000,,,2.3263494968414307,68.19535064697266,68.07009887695312,36.57578659057617,0.02,0.0003
,,,,,483105,237.48383,602,,,,,,
,,,,,483469,247.6548,364,,,,,,
,,,,,483652,210.2626,183,,,,,,
,,,,,483868,246.26933,216,,,,,,
,,,,,484000,,,27.055816650390625,76.57109069824219,77.44540405273438,91.81494903564453,0.02,0.0003
,,,,,484442,176.60797,574,,,,,,
,,,,,484650,262.99768,208,,,,,,
,,,,,484975,286.51532,325,,,,,,
,,,,,485000,,,3.879021167755127,80.1361312866211,79.90099334716797,36.544471740722656,0.02,0.0003
,,,,,485270,225.35243,295,,,,,,
,,,,,485546,284.2343,276,,,,,,
,,,,,485849,264.75357,303,,,,,,
,,,,,486000,,,6.801671504974365,71.3553237915039,71.39865112304688,98.56257629394531,0.02,0.0003
,,,,,486004,251.13942,155,,,,,,
,,,,,486291,259.04883,287,,,,,,
,,,,,486491,271.919,200,,,,,,
,,,,,486705,255.53484,214,,,,,,
,,,,,486994,297.14917,289,,,,,,
,,,,,487000,,,2.002140998840332,80.26129913330078,80.3228759765625,26.665733337402344,0.02,0.0003
,,,,,487464,270.20694,470,,,,,,
,,,,,487635,218.7657,171,,,,,,
,,,,,487864,231.0522,229,,,,,,
,,,,,488000,,,52.00774383544922,80.94064331054688,79.7509994506836,329.4036865234375,0.02,0.0003
,,,,,488099,259.7265,235,,,,,,
,,,,,488360,243.64816,261,,,,,,
,,,,,488669,260.94043,309,,,,,,
,,,,,489000,,,16.295421600341797,73.15687561035156,72.91056823730469,83.92076873779297,0.02,0.0003
,,,,,489005,204.25378,336,,,,,,
,,,,,489824,-107.96526,819,,,,,,
238.01965,44.103764,289.74634,145.72406,388.4,490000,,,4.815187931060791,74.40343475341797,74.51887512207031,46.78804016113281,0.02,0.0003
,,,,,490082,265.81873,258,,,,,,
,,,,,490294,268.55188,212,,,,,,
,,,,,490497,234.31644,203,,,,,,
,,,,,490773,259.65973,276,,,,,,
,,,,,490956,258.19263,183,,,,,,
,,,,,491000,,,1.5565547943115234,75.60335540771484,75.50450134277344,23.18720817565918,0.02,0.0003
,,,,,491136,222.10657,180,,,,,,
,,,,,491485,296.4876,349,,,,,,
,,,,,491745,257.76648,260,,,,,,
,,,,,492000,,,3.2416813373565674,80.52593994140625,80.52143859863281,35.6225471496582,0.02,0.0003
,,,,,492012,284.12744,267,,,,,,
,,,,,492254,236.51898,242,,,,,,
,,,,,493000,,,4.925658226013184,70.43731689453125,70.16378021240234,60.371463775634766,0.02,0.0003
,,,,,493006,168.68771,752,,,,,,
,,,,,493206,239.57568,200,,,,,,
,,,,,493463,213.13516,257,,,,,,
,,,,,493769,198.84126,306,,,,,,
,,,,,493985,235.90681,216,,,,,,
,,,,,494000,,,4.740211486816406,79.50445556640625,79.78450775146484,34.42186737060547,0.02,0.0003
,,,,,494228,256.8375,243,,,,,,
,,,,,494378,19.973915,150,,,,,,
,,,,,494638,273.34094,260,,,,,,
,,,,,495000,,,7.819498538970947,74.12664794921875,74.50194549560547,77.97260284423828,0.02,0.0003
,,,,,495328,145.13031,690,,,,,,
,,,,,495637,246.50563,309,,,,,,
,,,,,495956,237.1968,319,,,,,,
,,,,,496000,,,39.12886047363281,70.87251281738281,69.85767364501953,195.78102111816406,0.02,0.0003
,,,,,496164,222.29605,208,,,,,,
,,,,,496566,213.14319,402,,,,,,
,,,,,496815,265.2893,249,,,,,,
,,,,,497000,,,7.341601848602295,72.39820861816406,72.2946548461914,77.27079010009766,0.02,0.0003
,,,,,497032,244.88217,217,,,,,,
,,,,,497254,238.31873,222,,,,,,
,,,,,497487,224.15395,233,,,,,,
,,,,,497683,278.07138,196,,,,,,
,,,,,497976,248.50752,293,,,,,,
,,,,,498000,,,4.6742024421691895,70.47695922851562,70.77369689941406,66.00312805175781,0.02,0.0003
,,,,,498236,236.16895,260,,,,,,
,,,,,498879,245.4146,643,,,,,,
,,,,,499000,,,37.31475830078125,78.07463073730469,78.3669204711914,89.24515533447266,0.02,0.0003
,,,,,499226,220.13641,347,,,,,,
,,,,,499498,254.87354,272,,,,,,
,,,,,499855,264.0046,357,,,,,,
