Eval_AverageReturn,Eval_StdReturn,Eval_MaxReturn,Eval_MinReturn,Eval_AverageEpLen,step,Train_EpisodeReturn,Train_EpisodeLen,critic_loss,q_values,target_values,grad_norm,epsilon,lr
-930.4886,580.10693,-397.67996,-2310.0813,117.1,0,,,,,,,,
,,,,,123,-487.94064,124,,,,,,
,,,,,237,-297.66397,114,,,,,,
,,,,,306,-141.0562,69,,,,,,
,,,,,394,40.35652,88,,,,,,
,,,,,490,-356.80014,96,,,,,,
,,,,,586,-367.02792,96,,,,,,
,,,,,648,-137.47244,62,,,,,,
,,,,,757,-206.79907,109,,,,,,
,,,,,824,-167.6496,67,,,,,,
,,,,,922,-236.64047,98,,,,,,
,,,,,985,-94.62423,63,,,,,,
,,,,,1059,-121.94189,74,,,,,,
,,,,,1156,-142.91013,97,,,,,,
,,,,,1235,-95.01129,79,,,,,,
,,,,,1296,-132.47116,61,,,,,,
,,,,,1428,-348.31403,132,,,,,,
,,,,,1509,-99.72159,81,,,,,,
,,,,,1574,-58.898357,65,,,,,,
,,,,,1669,-213.15646,95,,,,,,
,,,,,1769,-246.06859,100,,,,,,
,,,,,1855,-289.48026,86,,,,,,
,,,,,1939,-285.7356,84,,,,,,
,,,,,2032,-128.59499,93,,,,,,
,,,,,2126,-0.5475006,94,,,,,,
,,,,,2197,-189.42593,71,,,,,,
,,,,,2305,-137.742,108,,,,,,
,,,,,2398,-98.40118,93,,,,,,
,,,,,2473,-354.27243,75,,,,,,
,,,,,2549,-113.019226,76,,,,,,
,,,,,2628,-224.7268,79,,,,,,
,,,,,2696,-107.49503,68,,,,,,
,,,,,2803,-310.75452,107,,,,,,
,,,,,2925,-222.39212,122,,,,,,
,,,,,2993,-102.39708,68,,,,,,
,,,,,3100,-232.6791,107,,,,,,
,,,,,3161,-90.82286,61,,,,,,
,,,,,3297,-122.80943,136,,,,,,
,,,,,3364,-70.67868,67,,,,,,
,,,,,3471,-372.27048,107,,,,,,
,,,,,3578,-238.25388,107,,,,,,
,,,,,3649,-71.60022,71,,,,,,
,,,,,3750,-194.7937,101,,,,,,
,,,,,3849,-129.8378,99,,,,,,
,,,,,3921,-80.59895,72,,,,,,
,,,,,4037,-123.771866,116,,,,,,
,,,,,4146,-126.98796,109,,,,,,
,,,,,4234,-305.50354,88,,,,,,
,,,,,4320,-202.88821,86,,,,,,
,,,,,4423,-264.21204,103,,,,,,
,,,,,4501,-149.26466,78,,,,,,
,,,,,4579,-123.91388,78,,,,,,
,,,,,4678,-200.89926,99,,,,,,
,,,,,4774,-161.10727,96,,,,,,
,,,,,4894,-309.43304,120,,,,,,
,,,,,4996,-86.30631,102,,,,,,
,,,,,5113,-200.48251,117,,,,,,
,,,,,5233,-212.95026,120,,,,,,
,,,,,5369,-108.882286,136,,,,,,
,,,,,5462,-381.32953,93,,,,,,
,,,,,5570,-294.6648,108,,,,,,
,,,,,5661,-79.073975,91,,,,,,
,,,,,5779,-137.57361,118,,,,,,
,,,,,5888,-226.3396,109,,,,,,
,,,,,5963,-135.77963,75,,,,,,
,,,,,6054,-119.37169,91,,,,,,
,,,,,6181,-257.4715,127,,,,,,
,,,,,6277,-117.98609,96,,,,,,
,,,,,6392,-130.86742,115,,,,,,
,,,,,6459,-48.690018,67,,,,,,
,,,,,6519,-64.569336,60,,,,,,
,,,,,6624,-289.68793,105,,,,,,
,,,,,6690,-77.088066,66,,,,,,
,,,,,6781,-370.52966,91,,,,,,
,,,,,6883,-354.78308,102,,,,,,
,,,,,6953,-72.68714,70,,,,,,
,,,,,7010,-107.90872,57,,,,,,
,,,,,7110,-359.73853,100,,,,,,
,,,,,7199,-289.78726,89,,,,,,
,,,,,7320,-149.52475,121,,,,,,
,,,,,7459,-381.3742,139,,,,,,
,,,,,7597,-204.01776,138,,,,,,
,,,,,7705,-308.0396,108,,,,,,
,,,,,7810,-306.3291,105,,,,,,
,,,,,7897,-137.96776,87,,,,,,
,,,,,8013,-452.31494,116,,,,,,
,,,,,8149,-152.68222,136,,,,,,
,,,,,8256,-366.06396,107,,,,,,
,,,,,8372,-203.19252,116,,,,,,
,,,,,8478,-360.0766,106,,,,,,
,,,,,8565,-256.56595,87,,,,,,
,,,,,8641,-77.67787,76,,,,,,
,,,,,8747,-401.90894,106,,,,,,
,,,,,8844,-116.60777,97,,,,,,
,,,,,8943,-485.47083,99,,,,,,
,,,,,9013,-170.04819,70,,,,,,
,,,,,9104,-417.22546,91,,,,,,
,,,,,9261,-435.17642,157,,,,,,
,,,,,9335,-71.36607,74,,,,,,
,,,,,9430,-263.5094,95,,,,,,
,,,,,9499,-74.75087,69,,,,,,
,,,,,9575,-91.647675,76,,,,,,
,,,,,9704,-252.0498,129,,,,,,
,,,,,9799,-329.01636,95,,,,,,
,,,,,9931,-130.15364,132,,,,,,
-943.0619,402.6571,-467.31024,-1798.9331,118.6,10000,,,,,,,,
,,,,,10037,-400.5489,106,,,,,,
,,,,,10139,-226.62665,102,,,,,,
,,,,,10217,-413.2191,78,,,,,,
,,,,,10328,-289.2654,111,,,,,,
,,,,,10456,-162.09082,128,,,,,,
,,,,,10517,-179.53923,61,,,,,,
,,,,,10631,-92.54838,114,,,,,,
,,,,,10722,-116.33806,91,,,,,,
,,,,,10806,-36.849304,84,,,,,,
,,,,,10885,-240.96967,79,,,,,,
,,,,,11007,-305.27057,122,,,,,,
,,,,,11092,-178.50084,85,,,,,,
,,,,,11193,-489.73328,101,,,,,,
,,,,,11322,-226.98303,129,,,,,,
,,,,,11411,-71.500595,89,,,,,,
,,,,,11543,-63.279533,132,,,,,,
,,,,,11628,-254.03432,85,,,,,,
,,,,,11691,-154.10782,63,,,,,,
,,,,,11768,-84.89822,77,,,,,,
,,,,,11830,-172.31102,62,,,,,,
,,,,,11906,-103.064354,76,,,,,,
,,,,,11994,-143.9614,88,,,,,,
,,,,,12059,-117.33643,65,,,,,,
,,,,,12137,-107.120636,78,,,,,,
,,,,,12234,-180.68835,97,,,,,,
,,,,,12341,-432.31415,107,,,,,,
,,,,,12445,-145.81363,104,,,,,,
,,,,,12540,-444.47894,95,,,,,,
,,,,,12656,-289.15588,116,,,,,,
,,,,,12737,-96.80647,81,,,,,,
,,,,,12854,-256.2302,117,,,,,,
,,,,,12955,-286.8902,101,,,,,,
,,,,,13059,-319.9198,104,,,,,,
,,,,,13173,-149.44183,114,,,,,,
,,,,,13317,-127.083405,144,,,,,,
,,,,,13430,-181.24652,113,,,,,,
,,,,,13600,4.110199,170,,,,,,
,,,,,13692,-279.89554,92,,,,,,
,,,,,13782,-168.42938,90,,,,,,
,,,,,13857,-161.98813,75,,,,,,
,,,,,13947,-108.00149,90,,,,,,
,,,,,14083,-267.89972,136,,,,,,
,,,,,14187,-178.83267,104,,,,,,
,,,,,14270,-439.05923,83,,,,,,
,,,,,14490,-25.954353,220,,,,,,
,,,,,14586,-277.39,96,,,,,,
,,,,,14698,-250.21857,112,,,,,,
,,,,,14797,-387.4794,99,,,,,,
,,,,,14888,-96.30136,91,,,,,,
,,,,,14958,-124.57953,70,,,,,,
,,,,,15052,-283.01605,94,,,,,,
,,,,,15138,-272.8277,86,,,,,,
,,,,,15239,-116.019554,101,,,,,,
,,,,,15329,-145.30125,90,,,,,,
,,,,,15408,-113.6698,79,,,,,,
,,,,,15480,5.664261,72,,,,,,
,,,,,15558,-209.29529,78,,,,,,
,,,,,15623,-106.99361,65,,,,,,
,,,,,15725,-405.7595,102,,,,,,
,,,,,15862,-531.13855,137,,,,,,
,,,,,15937,-75.823166,75,,,,,,
,,,,,16037,-95.8826,100,,,,,,
,,,,,16115,-89.129196,78,,,,,,
,,,,,16207,-256.61304,92,,,,,,
,,,,,16287,-249.34523,80,,,,,,
,,,,,16385,-70.86049,98,,,,,,
,,,,,16508,-289.30243,123,,,,,,
,,,,,16586,-90.58274,78,,,,,,
,,,,,16687,-413.034,101,,,,,,
,,,,,16793,-345.19556,106,,,,,,
,,,,,16866,-205.66313,73,,,,,,
,,,,,16968,-461.9621,102,,,,,,
,,,,,17034,-86.99534,66,,,,,,
,,,,,17144,-93.35546,110,,,,,,
,,,,,17223,-132.58705,79,,,,,,
,,,,,17319,-28.958336,96,,,,,,
,,,,,17420,-268.74606,101,,,,,,
,,,,,17536,-11.626663,116,,,,,,
,,,,,17638,-426.51007,102,,,,,,
,,,,,17715,-136.18071,77,,,,,,
,,,,,17823,-384.5622,108,,,,,,
,,,,,17998,-266.6341,175,,,,,,
,,,,,18113,-225.06758,115,,,,,,
,,,,,18192,-398.78647,79,,,,,,
,,,,,18308,-376.78882,116,,,,,,
,,,,,18378,-167.98358,70,,,,,,
,,,,,18478,-292.00818,100,,,,,,
,,,,,18578,-349.44336,100,,,,,,
,,,,,18669,-368.53964,91,,,,,,
,,,,,18760,-153.88498,91,,,,,,
,,,,,18832,-303.233,72,,,,,,
,,,,,18909,-458.31967,77,,,,,,
,,,,,19017,-367.54004,108,,,,,,
,,,,,19106,-105.408936,89,,,,,,
,,,,,19177,-178.40451,71,,,,,,
,,,,,19315,-260.18756,138,,,,,,
,,,,,19395,-259.91644,80,,,,,,
,,,,,19513,-129.12585,118,,,,,,
,,,,,19604,-309.17053,91,,,,,,
,,,,,19741,-318.15454,137,,,,,,
,,,,,19841,-540.4053,100,,,,,,
,,,,,19907,-95.27437,66,,,,,,
-744.6874,264.8954,-467.66547,-1286.9862,123.2,20000,,,171.52838134765625,-0.0513920821249485,-2.1755707263946533,15.252754211425781,0.88,0.001
,,,,,20033,-98.852554,126,,,,,,
,,,,,20115,-44.88844,82,,,,,,
,,,,,20222,-360.45636,107,,,,,,
,,,,,20375,-412.14337,153,,,,,,
,,,,,20443,-29.047882,68,,,,,,
,,,,,20572,-83.76036,129,,,,,,
,,,,,20662,-78.658134,90,,,,,,
,,,,,20776,-457.46417,114,,,,,,
,,,,,20857,-216.9874,81,,,,,,
,,,,,20925,-40.96285,68,,,,,,
,,,,,21000,,,103.17162322998047,-2.730003833770752,-3.662883996963501,48.2688102722168,0.874,0.001
,,,,,21003,-226.71828,78,,,,,,
,,,,,21132,-342.95135,129,,,,,,
,,,,,21215,-120.06186,83,,,,,,
,,,,,21340,-153.5115,125,,,,,,
,,,,,21404,-87.93944,64,,,,,,
,,,,,21469,-128.02092,65,,,,,,
,,,,,21606,-47.044476,137,,,,,,
,,,,,21752,-177.3139,146,,,,,,
,,,,,21853,-129.2478,101,,,,,,
,,,,,21946,-225.77449,93,,,,,,
,,,,,22000,,,174.91184997558594,-2.545562982559204,-4.704634666442871,111.88843536376953,0.868,0.001
,,,,,22019,-130.32318,73,,,,,,
,,,,,22086,-82.37891,67,,,,,,
,,,,,22164,-96.77533,78,,,,,,
,,,,,22300,-154.9168,136,,,,,,
,,,,,22417,-266.42935,117,,,,,,
,,,,,22518,-126.98274,101,,,,,,
,,,,,22592,-102.21764,74,,,,,,
,,,,,22675,-155.17923,83,,,,,,
,,,,,22782,-108.33111,107,,,,,,
,,,,,22857,-54.13861,75,,,,,,
,,,,,22982,-206.54982,125,,,,,,
,,,,,23000,,,27.254793167114258,-2.99290132522583,-1.0768712759017944,68.01564025878906,0.862,0.001
,,,,,23063,-159.1329,81,,,,,,
,,,,,23163,-87.32319,100,,,,,,
,,,,,23245,21.883087,82,,,,,,
,,,,,23346,-114.19996,101,,,,,,
,,,,,23413,-70.097244,67,,,,,,
,,,,,23501,49.555466,88,,,,,,
,,,,,23583,-135.36963,82,,,,,,
,,,,,23709,-256.3067,126,,,,,,
,,,,,23832,-207.56421,123,,,,,,
,,,,,23922,-90.94645,90,,,,,,
,,,,,24000,,,3.3633878231048584,-4.703860759735107,-4.667505741119385,18.762697219848633,0.856,0.001
,,,,,24008,-121.98074,86,,,,,,
,,,,,24093,-105.24524,85,,,,,,
,,,,,24189,-159.91692,96,,,,,,
,,,,,24302,-50.35621,113,,,,,,
,,,,,24387,-164.24887,85,,,,,,
,,,,,24464,-177.70886,77,,,,,,
,,,,,24529,-114.545746,65,,,,,,
,,,,,24630,2.0674667,101,,,,,,
,,,,,24736,-190.92456,106,,,,,,
,,,,,24860,-135.59885,124,,,,,,
,,,,,24958,-169.18567,98,,,,,,
,,,,,25000,,,29.903701782226562,-4.078313827514648,-5.002780914306641,112.595947265625,0.85,0.001
,,,,,25069,-173.6275,111,,,,,,
,,,,,25163,-208.96524,94,,,,,,
,,,,,25250,-99.716774,87,,,,,,
,,,,,25343,-187.80594,93,,,,,,
,,,,,25470,-98.098785,127,,,,,,
,,,,,25589,-114.2637,119,,,,,,
,,,,,25668,-87.37153,79,,,,,,
,,,,,25761,-103.38842,93,,,,,,
,,,,,25894,-328.3071,133,,,,,,
,,,,,25981,-116.910675,87,,,,,,
,,,,,26000,,,17.113780975341797,-2.765429973602295,-3.309751510620117,77.5553207397461,0.844,0.001
,,,,,26077,-139.43141,96,,,,,,
,,,,,26149,-72.20619,72,,,,,,
,,,,,26327,-50.755295,178,,,,,,
,,,,,26417,-110.280304,90,,,,,,
,,,,,26529,-84.49751,112,,,,,,
,,,,,26597,-80.784134,68,,,,,,
,,,,,26700,-323.89148,103,,,,,,
,,,,,26795,-65.993,95,,,,,,
,,,,,27000,,,9.824785232543945,-9.23720645904541,-9.409607887268066,47.072017669677734,0.838,0.001
,,,,,27795,24.632105,1000,,,,,,
,,,,,27937,-242.68793,142,,,,,,
,,,,,28000,,,6.168407917022705,-3.201702356338501,-2.8104379177093506,47.46923828125,0.832,0.001
,,,,,28023,-105.99308,86,,,,,,
,,,,,28120,-36.74816,97,,,,,,
,,,,,28204,-58.636383,84,,,,,,
,,,,,28276,-84.4861,72,,,,,,
,,,,,28354,-122.01715,78,,,,,,
,,,,,28459,-96.80465,105,,,,,,
,,,,,28596,-211.15424,137,,,,,,
,,,,,28752,-139.24573,156,,,,,,
,,,,,28845,-83.39471,93,,,,,,
,,,,,28906,-75.79642,61,,,,,,
,,,,,29000,,,16.525747299194336,-1.22159743309021,-0.08175420761108398,98.25132751464844,0.8260000000000001,0.001
,,,,,29041,-44.020638,135,,,,,,
,,,,,29158,-144.75082,117,,,,,,
,,,,,29246,-72.9591,88,,,,,,
,,,,,29341,-133.94026,95,,,,,,
,,,,,29482,-51.35912,141,,,,,,
,,,,,29599,-98.42231,117,,,,,,
,,,,,29717,-44.665592,118,,,,,,
,,,,,29844,-165.76872,127,,,,,,
,,,,,29911,-39.838985,67,,,,,,
-142.90152,92.72872,-28.559738,-333.98383,606.5,30000,,,16.148557662963867,-1.4571396112442017,-1.6385910511016846,32.92374038696289,0.82,0.001
,,,,,30013,-131.50703,102,,,,,,
,,,,,30139,-107.056366,126,,,,,,
,,,,,30216,-83.55676,77,,,,,,
,,,,,30306,-56.3418,90,,,,,,
,,,,,30380,-195.79901,74,,,,,,
,,,,,30458,-46.398445,78,,,,,,
,,,,,30544,-65.55681,86,,,,,,
,,,,,30687,-55.545254,143,,,,,,
,,,,,30784,-91.582016,97,,,,,,
,,,,,30852,-104.46606,68,,,,,,
,,,,,30933,-71.5322,81,,,,,,
,,,,,31000,,,26.077634811401367,-13.143454551696777,-13.017316818237305,82.09341430664062,0.8140000000000001,0.001
,,,,,31036,-89.09296,103,,,,,,
,,,,,31144,-116.71561,108,,,,,,
,,,,,31215,-85.430954,71,,,,,,
,,,,,31277,-71.575455,62,,,,,,
,,,,,31350,-95.18732,73,,,,,,
,,,,,31412,-95.36368,62,,,,,,
,,,,,31486,-77.31355,74,,,,,,
,,,,,31596,-361.98105,110,,,,,,
,,,,,31698,-124.84361,102,,,,,,
,,,,,31815,-41.306,117,,,,,,
,,,,,31933,-240.96884,118,,,,,,
,,,,,32000,,,15.662135124206543,-6.358192443847656,-6.738568305969238,68.71957397460938,0.808,0.001
,,,,,32056,-168.22537,123,,,,,,
,,,,,32202,-70.50101,146,,,,,,
,,,,,32286,-98.20455,84,,,,,,
,,,,,32407,-78.083466,121,,,,,,
,,,,,32498,-82.709656,91,,,,,,
,,,,,32640,-107.57304,142,,,,,,
,,,,,32742,-97.02111,102,,,,,,
,,,,,32828,-80.35769,86,,,,,,
,,,,,32935,-84.67266,107,,,,,,
,,,,,33000,,,7.741950511932373,-0.030191898345947266,-0.675399899482727,51.52954864501953,0.802,0.001
,,,,,33041,-112.12056,106,,,,,,
,,,,,33139,-145.85362,98,,,,,,
,,,,,33262,-214.97073,123,,,,,,
,,,,,33359,-68.83992,97,,,,,,
,,,,,33491,-78.04981,132,,,,,,
,,,,,33587,-135.93542,96,,,,,,
,,,,,33702,-111.20918,115,,,,,,
,,,,,33787,-91.28825,85,,,,,,
,,,,,33905,-117.66657,118,,,,,,
,,,,,34000,,,16.582151412963867,-0.5551535487174988,-1.6358033418655396,117.44830322265625,0.796,0.001
,,,,,34011,-196.45479,106,,,,,,
,,,,,34124,-257.32513,113,,,,,,
,,,,,34263,-82.316925,139,,,,,,
,,,,,34389,-51.660095,126,,,,,,
,,,,,34476,-161.43495,87,,,,,,
,,,,,34552,-70.097244,76,,,,,,
,,,,,34621,-66.578705,69,,,,,,
,,,,,34712,-64.63291,91,,,,,,
,,,,,34787,-116.00781,75,,,,,,
,,,,,34875,-74.998024,88,,,,,,
,,,,,34935,-111.23077,60,,,,,,
,,,,,35000,,,11.428108215332031,1.0646603107452393,-0.032782793045043945,118.0145492553711,0.79,0.001
,,,,,35037,20.412567,102,,,,,,
,,,,,35118,-85.04809,81,,,,,,
,,,,,35236,-90.203896,118,,,,,,
,,,,,35323,-86.61369,87,,,,,,
,,,,,35480,-107.32072,157,,,,,,
,,,,,35546,-69.12895,66,,,,,,
,,,,,35691,-66.19701,145,,,,,,
,,,,,35811,29.526611,120,,,,,,
,,,,,35932,-197.60153,121,,,,,,
,,,,,36000,,,6.067695140838623,-3.2361040115356445,-3.7571024894714355,53.7878532409668,0.784,0.001
,,,,,36033,-125.18895,101,,,,,,
,,,,,36138,-70.23027,105,,,,,,
,,,,,36253,-116.93021,115,,,,,,
,,,,,36339,-78.48975,86,,,,,,
,,,,,36461,-70.851845,122,,,,,,
,,,,,36573,-97.658966,112,,,,,,
,,,,,36721,-41.20312,148,,,,,,
,,,,,36812,-112.43968,91,,,,,,
,,,,,36930,-34.439423,118,,,,,,
,,,,,37000,,,4.542262077331543,0.8487456440925598,1.0991425514221191,48.30906295776367,0.778,0.001
,,,,,37072,-63.189877,142,,,,,,
,,,,,37176,-69.52265,104,,,,,,
,,,,,37290,-57.92867,114,,,,,,
,,,,,37370,-114.883545,80,,,,,,
,,,,,37495,-155.04071,125,,,,,,
,,,,,37635,-74.72455,140,,,,,,
,,,,,37719,-42.409283,84,,,,,,
,,,,,37802,-62.120693,83,,,,,,
,,,,,37914,-136.8355,112,,,,,,
,,,,,37996,-79.52257,82,,,,,,
,,,,,38000,,,2.1998605728149414,3.4776229858398438,3.993184804916382,47.62774658203125,0.772,0.001
,,,,,38073,-106.2061,77,,,,,,
,,,,,38188,-88.74045,115,,,,,,
,,,,,38282,-69.11405,94,,,,,,
,,,,,38385,-97.279854,103,,,,,,
,,,,,38496,-191.03954,111,,,,,,
,,,,,38616,-106.19756,120,,,,,,
,,,,,38693,-47.986656,77,,,,,,
,,,,,38810,-46.154427,117,,,,,,
,,,,,38908,-61.409462,98,,,,,,
,,,,,39000,,,78.12297058105469,4.961583137512207,3.4161324501037598,138.4964141845703,0.766,0.001
,,,,,39024,-77.92702,116,,,,,,
,,,,,39128,-71.947624,104,,,,,,
,,,,,39195,-22.469002,67,,,,,,
,,,,,39271,-73.42527,76,,,,,,
,,,,,39406,-70.58393,135,,,,,,
,,,,,39469,-21.392471,63,,,,,,
,,,,,39538,-90.220245,69,,,,,,
,,,,,39621,-80.924545,83,,,,,,
,,,,,39715,-123.4243,94,,,,,,
,,,,,39887,-59.811287,172,,,,,,
,,,,,39978,-167.98433,91,,,,,,
-137.69955,113.644135,161.69301,-311.91837,623.2,40000,,,7.817056179046631,5.951403617858887,5.700374603271484,62.48076248168945,0.76,0.001
,,,,,40083,-84.322365,105,,,,,,
,,,,,40155,-97.26898,72,,,,,,
,,,,,40239,-85.34012,84,,,,,,
,,,,,40369,-84.9914,130,,,,,,
,,,,,40450,-59.938225,81,,,,,,
,,,,,40534,-83.10007,84,,,,,,
,,,,,40606,-84.83659,72,,,,,,
,,,,,40691,-86.358536,85,,,,,,
,,,,,40758,-95.25223,67,,,,,,
,,,,,40935,-81.298386,177,,,,,,
,,,,,41000,,,60.837196350097656,0.7669854164123535,1.653552770614624,109.75674438476562,0.754,0.001
,,,,,41084,-98.91022,149,,,,,,
,,,,,41167,-67.6425,83,,,,,,
,,,,,41252,-19.55983,85,,,,,,
,,,,,41355,-110.736755,103,,,,,,
,,,,,41431,-56.029324,76,,,,,,
,,,,,41508,-44.603844,77,,,,,,
,,,,,41627,-73.245155,119,,,,,,
,,,,,41713,-95.419205,86,,,,,,
,,,,,41807,-88.77978,94,,,,,,
,,,,,41916,-113.36477,109,,,,,,
,,,,,42000,,,10.343732833862305,4.666319847106934,4.959017753601074,60.52799987792969,0.748,0.001
,,,,,42057,-24.179436,141,,,,,,
,,,,,42143,-56.37273,86,,,,,,
,,,,,42268,-109.13897,125,,,,,,
,,,,,42357,-41.93356,89,,,,,,
,,,,,42440,-104.70881,83,,,,,,
,,,,,42599,-10.4728775,159,,,,,,
,,,,,42711,-78.66154,112,,,,,,
,,,,,42801,-121.094894,90,,,,,,
,,,,,42913,-95.900475,112,,,,,,
,,,,,43000,,,29.02320098876953,6.496724605560303,6.60217809677124,88.28048706054688,0.742,0.001
,,,,,43006,-70.868416,93,,,,,,
,,,,,43085,-89.37366,79,,,,,,
,,,,,43197,-24.819214,112,,,,,,
,,,,,43313,-24.258644,116,,,,,,
,,,,,43393,-43.53025,80,,,,,,
,,,,,43482,-102.12125,89,,,,,,
,,,,,43548,-56.87918,66,,,,,,
,,,,,43662,-75.06471,114,,,,,,
,,,,,43742,-111.79918,80,,,,,,
,,,,,43821,-82.816475,79,,,,,,
,,,,,43929,-61.25363,108,,,,,,
,,,,,43999,-55.988792,70,,,,,,
,,,,,44000,,,13.738016128540039,3.530203342437744,3.2290029525756836,65.30908966064453,0.736,0.001
,,,,,44129,-91.996574,130,,,,,,
,,,,,44203,-81.28111,74,,,,,,
,,,,,44294,-65.0699,91,,,,,,
,,,,,44372,-71.78426,78,,,,,,
,,,,,44501,-81.75407,129,,,,,,
,,,,,44625,-135.97603,124,,,,,,
,,,,,44710,-75.30354,85,,,,,,
,,,,,44782,-54.258163,72,,,,,,
,,,,,44905,-36.52013,123,,,,,,
,,,,,45000,,,4.1929731369018555,4.398612976074219,3.7763748168945312,48.99424743652344,0.73,0.001
,,,,,45033,-71.72696,128,,,,,,
,,,,,45118,-93.470276,85,,,,,,
,,,,,45186,-44.348988,68,,,,,,
,,,,,45353,-27.470665,167,,,,,,
,,,,,45437,-30.754189,84,,,,,,
,,,,,45536,-60.21764,99,,,,,,
,,,,,45669,-62.31401,133,,,,,,
,,,,,45734,-74.16842,65,,,,,,
,,,,,45856,-68.05235,122,,,,,,
,,,,,46000,,,37.63142395019531,10.938065528869629,11.886003494262695,226.60572814941406,0.724,0.001
,,,,,46004,-81.28041,148,,,,,,
,,,,,46081,-56.40256,77,,,,,,
,,,,,46152,-71.39151,71,,,,,,
,,,,,46241,-100.69336,89,,,,,,
,,,,,46412,-54.678288,171,,,,,,
,,,,,46517,-69.67913,105,,,,,,
,,,,,46610,-91.378296,93,,,,,,
,,,,,46692,-86.366516,82,,,,,,
,,,,,46795,-63.59316,103,,,,,,
,,,,,46924,-29.43602,129,,,,,,
,,,,,47000,,,8.67756175994873,7.522706985473633,8.379643440246582,59.88787078857422,0.718,0.001
,,,,,47043,-82.11832,119,,,,,,
,,,,,47146,-17.591888,103,,,,,,
,,,,,47264,-105.092896,118,,,,,,
,,,,,47353,-79.96226,89,,,,,,
,,,,,47433,-85.70778,80,,,,,,
,,,,,47541,-65.56101,108,,,,,,
,,,,,47643,-50.44996,102,,,,,,
,,,,,47724,-91.59743,81,,,,,,
,,,,,47817,-78.804535,93,,,,,,
,,,,,47912,-44.801926,95,,,,,,
,,,,,48000,,,3.2489309310913086,9.593218803405762,9.602316856384277,33.67839813232422,0.712,0.001
,,,,,48003,-53.740597,91,,,,,,
,,,,,48114,-84.37436,111,,,,,,
,,,,,48213,-53.658203,99,,,,,,
,,,,,48284,-59.030594,71,,,,,,
,,,,,48377,-19.311302,93,,,,,,
,,,,,48463,-101.975395,86,,,,,,
,,,,,48540,-72.56637,77,,,,,,
,,,,,48622,-52.796967,82,,,,,,
,,,,,48741,-59.40191,119,,,,,,
,,,,,48813,-98.633156,72,,,,,,
,,,,,48910,-52.02205,97,,,,,,
,,,,,49000,,,9.261961936950684,14.330353736877441,13.535598754882812,97.9665756225586,0.706,0.001
,,,,,49029,-70.86145,119,,,,,,
,,,,,49194,-82.22786,165,,,,,,
,,,,,49304,-81.73111,110,,,,,,
,,,,,49408,-22.676308,104,,,,,,
,,,,,49531,-49.560112,123,,,,,,
,,,,,49704,-88.305725,173,,,,,,
,,,,,49828,-80.16136,124,,,,,,
,,,,,49934,-62.36923,106,,,,,,
,,,,,49993,-114.441605,59,,,,,,
-95.48506,98.60309,186.66556,-170.4417,313.6,50000,,,9.274871826171875,4.966934680938721,4.67518949508667,59.07928466796875,0.7,0.001
,,,,,50121,-84.00038,128,,,,,,
,,,,,50206,-49.32447,85,,,,,,
,,,,,50343,-95.0838,137,,,,,,
,,,,,50491,-131.12303,148,,,,,,
,,,,,50560,-70.83509,69,,,,,,
,,,,,50650,-81.18951,90,,,,,,
,,,,,50728,-148.1098,78,,,,,,
,,,,,50827,-80.17096,99,,,,,,
,,,,,51000,,,17.114709854125977,5.353144645690918,5.285037040710449,82.2647933959961,0.694,0.001
,,,,,51013,-69.5282,186,,,,,,
,,,,,51094,-9.325195,81,,,,,,
,,,,,52000,,,4.896618843078613,20.657352447509766,20.715309143066406,42.697174072265625,0.688,0.001
,,,,,52094,35.458244,1000,,,,,,
,,,,,52185,-62.01008,91,,,,,,
,,,,,52293,-105.867966,108,,,,,,
,,,,,52383,-87.22539,90,,,,,,
,,,,,52479,-110.29142,96,,,,,,
,,,,,52605,-56.853176,126,,,,,,
,,,,,52722,-19.23024,117,,,,,,
,,,,,52796,-72.478355,74,,,,,,
,,,,,52884,-70.926544,88,,,,,,
,,,,,52982,-64.40582,98,,,,,,
,,,,,53000,,,7.466176986694336,17.212482452392578,16.699581146240234,63.028804779052734,0.6819999999999999,0.001
,,,,,53075,-67.40483,93,,,,,,
,,,,,53219,-26.232094,144,,,,,,
,,,,,53287,12.936508,68,,,,,,
,,,,,53376,-66.94725,89,,,,,,
,,,,,53452,-25.751999,76,,,,,,
,,,,,53560,-88.32513,108,,,,,,
,,,,,53651,-72.949554,91,,,,,,
,,,,,53778,-67.00626,127,,,,,,
,,,,,53899,-150.47371,121,,,,,,
,,,,,54000,,,30.0462589263916,9.760274887084961,8.844915390014648,92.1189193725586,0.6759999999999999,0.001
,,,,,54023,-74.54703,124,,,,,,
,,,,,54088,-62.113266,65,,,,,,
,,,,,54184,-47.80837,96,,,,,,
,,,,,54262,-17.723259,78,,,,,,
,,,,,54379,-53.17108,117,,,,,,
,,,,,54465,-16.566223,86,,,,,,
,,,,,54552,-49.10711,87,,,,,,
,,,,,54668,-73.52478,116,,,,,,
,,,,,54763,-37.77992,95,,,,,,
,,,,,54857,-22.97335,94,,,,,,
,,,,,54978,-85.0096,121,,,,,,
,,,,,55000,,,4.236977577209473,14.447626113891602,14.31631088256836,36.730125427246094,0.67,0.001
,,,,,55081,-59.746773,103,,,,,,
,,,,,55180,-78.224594,99,,,,,,
,,,,,55291,-62.017036,111,,,,,,
,,,,,55405,4.3348465,114,,,,,,
,,,,,55506,-26.753967,101,,,,,,
,,,,,55639,-81.10785,133,,,,,,
,,,,,55717,-44.877293,78,,,,,,
,,,,,55825,-61.458065,108,,,,,,
,,,,,55902,-36.385338,77,,,,,,
,,,,,56000,,,4.573526382446289,22.13601303100586,22.342540740966797,31.071870803833008,0.6639999999999999,0.001
,,,,,56051,-51.250084,149,,,,,,
,,,,,56151,-33.046776,100,,,,,,
,,,,,56260,-69.93638,109,,,,,,
,,,,,56364,-71.22615,104,,,,,,
,,,,,56464,-93.47196,100,,,,,,
,,,,,56589,-67.87459,125,,,,,,
,,,,,56678,-70.82768,89,,,,,,
,,,,,57000,,,31.24677276611328,9.355660438537598,8.521974563598633,174.62303161621094,0.6579999999999999,0.001
,,,,,57392,-225.37317,714,,,,,,
,,,,,57467,-95.01921,75,,,,,,
,,,,,57548,-141.82901,81,,,,,,
,,,,,57622,-38.973923,74,,,,,,
,,,,,57700,-59.63743,78,,,,,,
,,,,,57791,-7.0535355,91,,,,,,
,,,,,57877,-31.08844,86,,,,,,
,,,,,57955,-25.117828,78,,,,,,
,,,,,58000,,,11.31826400756836,14.843393325805664,14.848939895629883,77.84888458251953,0.652,0.001
,,,,,58108,-59.14098,153,,,,,,
,,,,,58183,-76.266304,75,,,,,,
,,,,,58308,-82.036964,125,,,,,,
,,,,,58384,-44.87503,76,,,,,,
,,,,,58476,-80.19303,92,,,,,,
,,,,,58574,-250.52193,98,,,,,,
,,,,,58680,-42.583557,106,,,,,,
,,,,,58781,-109.67671,101,,,,,,
,,,,,58863,-49.251984,82,,,,,,
,,,,,58962,6.0191727,99,,,,,,
,,,,,59000,,,6.810573101043701,21.538272857666016,21.50324058532715,45.88715744018555,0.646,0.001
,,,,,59085,-21.16397,123,,,,,,
,,,,,59206,-70.73227,121,,,,,,
,,,,,59299,-91.24231,93,,,,,,
,,,,,59391,-36.546707,92,,,,,,
,,,,,59506,-103.81385,115,,,,,,
,,,,,59599,-88.33235,93,,,,,,
,,,,,59689,-8.84462,90,,,,,,
,,,,,59867,46.503113,178,,,,,,
,,,,,59972,-76.84018,105,,,,,,
-145.22795,49.997528,-72.21086,-210.43149,484.8,60000,,,3.0789499282836914,23.2430419921875,23.085691452026367,29.51953887939453,0.6399999999999999,0.001
,,,,,60063,-52.905033,91,,,,,,
,,,,,60139,0.16342926,76,,,,,,
,,,,,60218,-69.02699,79,,,,,,
,,,,,60312,-71.26288,94,,,,,,
,,,,,60453,-56.807083,141,,,,,,
,,,,,60561,-87.65803,108,,,,,,
,,,,,60656,-49.31566,95,,,,,,
,,,,,60744,-63.347755,88,,,,,,
,,,,,60862,-109.3509,118,,,,,,
,,,,,60937,-29.5551,75,,,,,,
,,,,,61000,,,2.4340786933898926,22.585277557373047,23.01622200012207,56.435768127441406,0.634,0.001
,,,,,61012,-101.33706,75,,,,,,
,,,,,61094,-59.71631,82,,,,,,
,,,,,61163,-47.436077,69,,,,,,
,,,,,61233,-101.32598,70,,,,,,
,,,,,61330,-62.176006,97,,,,,,
,,,,,61406,-29.906288,76,,,,,,
,,,,,61476,-54.297947,70,,,,,,
,,,,,61608,15.27932,132,,,,,,
,,,,,61696,-92.28316,88,,,,,,
,,,,,61794,-98.40602,98,,,,,,
,,,,,61886,-52.74408,92,,,,,,
,,,,,61984,-46.009933,98,,,,,,
,,,,,62000,,,160.48704528808594,30.231765747070312,32.880611419677734,259.43304443359375,0.628,0.001
,,,,,62075,-1.1170197,91,,,,,,
,,,,,62155,-99.86698,80,,,,,,
,,,,,62240,-52.967,85,,,,,,
,,,,,62352,-110.84005,112,,,,,,
,,,,,62484,-33.49446,132,,,,,,
,,,,,62609,-58.647144,125,,,,,,
,,,,,62730,-65.552704,121,,,,,,
,,,,,62858,-9.522797,128,,,,,,
,,,,,62984,-43.16539,126,,,,,,
,,,,,63000,,,6.980988025665283,18.211345672607422,19.676118850708008,146.79356384277344,0.622,0.001
,,,,,63079,-55.950752,95,,,,,,
,,,,,63179,-124.897964,100,,,,,,
,,,,,63273,-54.61202,94,,,,,,
,,,,,63359,-71.29988,86,,,,,,
,,,,,63475,-64.81407,116,,,,,,
,,,,,63621,-205.07918,146,,,,,,
,,,,,63754,11.890213,133,,,,,,
,,,,,63849,-8.7919235,95,,,,,,
,,,,,63927,-20.146164,78,,,,,,
,,,,,64000,,,9.240772247314453,11.788894653320312,11.673147201538086,61.127193450927734,0.616,0.001
,,,,,64011,-17.110786,84,,,,,,
,,,,,64139,-114.18118,128,,,,,,
,,,,,64228,-36.848137,89,,,,,,
,,,,,64327,-73.24083,99,,,,,,
,,,,,64409,-62.881218,82,,,,,,
,,,,,64489,-86.7945,80,,,,,,
,,,,,64564,-2.1979294,75,,,,,,
,,,,,64636,-101.516495,72,,,,,,
,,,,,64715,-52.97419,79,,,,,,
,,,,,64791,-27.737152,76,,,,,,
,,,,,64877,-5.2495804,86,,,,,,
,,,,,64981,-48.436497,104,,,,,,
,,,,,65000,,,13.763269424438477,20.872838973999023,19.9150390625,99.35790252685547,0.61,0.001
,,,,,65072,-100.840034,91,,,,,,
,,,,,65141,-74.136765,69,,,,,,
,,,,,65260,-56.86189,119,,,,,,
,,,,,65396,-15.905075,136,,,,,,
,,,,,65470,-55.043537,74,,,,,,
,,,,,65592,-32.34388,122,,,,,,
,,,,,65666,-47.060436,74,,,,,,
,,,,,65765,-53.277992,99,,,,,,
,,,,,65876,-69.702805,111,,,,,,
,,,,,66000,,,6.876025199890137,20.800081253051758,20.893630981445312,42.264827728271484,0.604,0.001
,,,,,66018,-186.99786,142,,,,,,
,,,,,66124,-65.71875,106,,,,,,
,,,,,66208,-37.172485,84,,,,,,
,,,,,66313,-35.08155,105,,,,,,
,,,,,66393,-45.17972,80,,,,,,
,,,,,66492,-35.646347,99,,,,,,
,,,,,66581,-25.98919,89,,,,,,
,,,,,66673,-28.472466,92,,,,,,
,,,,,66763,-44.922176,90,,,,,,
,,,,,66840,-48.040188,77,,,,,,
,,,,,66947,-77.655495,107,,,,,,
,,,,,67000,,,219.22129821777344,18.604129791259766,20.190216064453125,355.20294189453125,0.598,0.001
,,,,,67042,-8.419434,95,,,,,,
,,,,,67192,-58.293373,150,,,,,,
,,,,,67292,-38.068207,100,,,,,,
,,,,,67363,-77.1608,71,,,,,,
,,,,,67437,-59.350574,74,,,,,,
,,,,,67530,-91.17827,93,,,,,,
,,,,,67619,-84.36924,89,,,,,,
,,,,,67714,-60.577415,95,,,,,,
,,,,,67837,-25.627289,123,,,,,,
,,,,,67955,-51.506718,118,,,,,,
,,,,,68000,,,6.095578193664551,8.330801010131836,8.491005897521973,58.616458892822266,0.5920000000000001,0.001
,,,,,68032,-88.683624,77,,,,,,
,,,,,68132,-67.257996,100,,,,,,
,,,,,68260,-82.89993,128,,,,,,
,,,,,68334,-19.856812,74,,,,,,
,,,,,68412,-107.862465,78,,,,,,
,,,,,68526,-123.09575,114,,,,,,
,,,,,68632,-48.570503,106,,,,,,
,,,,,68730,-71.36931,98,,,,,,
,,,,,68803,-33.958183,73,,,,,,
,,,,,68908,-29.962097,105,,,,,,
,,,,,69000,,,22.217540740966797,25.468250274658203,25.341259002685547,116.26351928710938,0.586,0.001
,,,,,69004,-57.759247,96,,,,,,
,,,,,69114,-61.431633,110,,,,,,
,,,,,69223,-24.666534,109,,,,,,
,,,,,69339,-76.93998,116,,,,,,
,,,,,69422,-56.408947,83,,,,,,
,,,,,69525,-83.75112,103,,,,,,
,,,,,69622,-40.450466,97,,,,,,
,,,,,69690,-90.209595,68,,,,,,
,,,,,69786,-53.683598,96,,,,,,
,,,,,69881,-0.4635315,95,,,,,,
-137.68254,29.357672,-87.96405,-169.10562,332.7,70000,,,1.745360016822815,24.603641510009766,24.52054786682129,28.26713752746582,0.58,0.001
,,,,,70009,-96.40322,128,,,,,,
,,,,,70100,-59.89961,91,,,,,,
,,,,,70166,-51.15467,66,,,,,,
,,,,,70243,-71.13358,77,,,,,,
,,,,,70348,-4.6156387,105,,,,,,
,,,,,70447,-51.861233,99,,,,,,
,,,,,70560,-35.864616,113,,,,,,
,,,,,70640,-48.472115,80,,,,,,
,,,,,70753,-39.15345,113,,,,,,
,,,,,70886,-60.75911,133,,,,,,
,,,,,70962,-82.42551,76,,,,,,
,,,,,71000,,,9.91169548034668,29.441553115844727,28.97466278076172,80.01749420166016,0.5740000000000001,0.001
,,,,,71048,-72.465515,86,,,,,,
,,,,,71162,-21.807526,114,,,,,,
,,,,,71261,-65.086,99,,,,,,
,,,,,71376,-77.1186,115,,,,,,
,,,,,71491,-79.08357,115,,,,,,
,,,,,71602,-88.44652,111,,,,,,
,,,,,71710,-34.53749,108,,,,,,
,,,,,71836,-2.2283707,126,,,,,,
,,,,,71944,-17.226692,108,,,,,,
,,,,,72000,,,18.87131118774414,16.3170108795166,16.626983642578125,89.17312622070312,0.5680000000000001,0.001
,,,,,72031,-35.221863,87,,,,,,
,,,,,72135,-23.897713,104,,,,,,
,,,,,72248,-125.00782,113,,,,,,
,,,,,72361,-29.584846,113,,,,,,
,,,,,72431,-55.02905,70,,,,,,
,,,,,72561,0.51433563,130,,,,,,
,,,,,72664,-32.204506,103,,,,,,
,,,,,72756,11.10041,92,,,,,,
,,,,,72857,-52.520966,101,,,,,,
,,,,,72935,-60.546597,78,,,,,,
,,,,,73000,,,33.36623764038086,13.553707122802734,14.330002784729004,141.9067840576172,0.5619999999999999,0.001
,,,,,73035,-52.721645,100,,,,,,
,,,,,73176,-43.871975,141,,,,,,
,,,,,73279,-101.7822,103,,,,,,
,,,,,73363,-34.835625,84,,,,,,
,,,,,73476,-38.704918,113,,,,,,
,,,,,73570,-37.344418,94,,,,,,
,,,,,73643,-77.27753,73,,,,,,
,,,,,73779,-6.2306824,136,,,,,,
,,,,,73888,-44.88695,109,,,,,,
,,,,,73970,5.0424194,82,,,,,,
,,,,,74000,,,159.18524169921875,21.607023239135742,23.979089736938477,334.5169677734375,0.556,0.001
,,,,,74072,-68.57796,102,,,,,,
,,,,,74177,-102.293755,105,,,,,,
,,,,,74251,-9.3155365,74,,,,,,
,,,,,74336,-13.086449,85,,,,,,
,,,,,74406,-40.576263,70,,,,,,
,,,,,74480,-70.380325,74,,,,,,
,,,,,74571,-114.706635,91,,,,,,
,,,,,74678,-97.33368,107,,,,,,
,,,,,74780,20.593132,102,,,,,,
,,,,,74903,1.5976715,123,,,,,,
,,,,,74994,-78.95303,91,,,,,,
,,,,,75000,,,5.606802940368652,21.359024047851562,21.623764038085938,54.4383659362793,0.55,0.001
,,,,,75994,32.580723,1000,,,,,,
,,,,,76000,,,4.539124488830566,22.41231918334961,21.925312042236328,60.09173583984375,0.5439999999999999,0.001
,,,,,76083,-118.06006,89,,,,,,
,,,,,76186,-23.739273,103,,,,,,
,,,,,76270,-95.1598,84,,,,,,
,,,,,76347,-67.29306,77,,,,,,
,,,,,76435,-57.37459,88,,,,,,
,,,,,76519,4.4992065,84,,,,,,
,,,,,76628,-102.8006,109,,,,,,
,,,,,76743,-8.261787,115,,,,,,
,,,,,76872,0.19126892,129,,,,,,
,,,,,76958,-52.985874,86,,,,,,
,,,,,77000,,,20.439353942871094,32.74644470214844,33.14703369140625,130.4045867919922,0.538,0.001
,,,,,77042,-15.403587,84,,,,,,
,,,,,77158,-121.49194,116,,,,,,
,,,,,77241,10.176117,83,,,,,,
,,,,,77353,-33.160873,112,,,,,,
,,,,,77437,-29.199646,84,,,,,,
,,,,,77534,12.408211,97,,,,,,
,,,,,77623,-50.064896,89,,,,,,
,,,,,77719,-76.87822,96,,,,,,
,,,,,77822,-60.19621,103,,,,,,
,,,,,77929,-36.793083,107,,,,,,
,,,,,78000,,,10.501330375671387,21.631362915039062,21.560993194580078,79.51326751708984,0.532,0.001
,,,,,78017,-35.316887,88,,,,,,
,,,,,78120,-39.23208,103,,,,,,
,,,,,78255,-102.59239,135,,,,,,
,,,,,78355,-39.568333,100,,,,,,
,,,,,78467,-77.815216,112,,,,,,
,,,,,78576,-96.45935,109,,,,,,
,,,,,78697,-161.2204,121,,,,,,
,,,,,78809,-69.8757,112,,,,,,
,,,,,78943,-123.07073,134,,,,,,
,,,,,79000,,,6.476093769073486,31.8743896484375,32.15510559082031,77.56246185302734,0.526,0.001
,,,,,79035,-72.16522,92,,,,,,
,,,,,79175,-20.43843,140,,,,,,
,,,,,79308,-1.8360901,133,,,,,,
,,,,,79418,-71.31734,110,,,,,,
,,,,,79509,-51.715492,91,,,,,,
,,,,,79600,-32.432007,91,,,,,,
,,,,,79735,-34.23961,135,,,,,,
,,,,,79816,-44.77922,81,,,,,,
,,,,,79927,17.300621,111,,,,,,
-92.46226,65.47364,-26.16198,-258.0886,815.7,80000,,,8.969535827636719,41.23414993286133,41.0873908996582,61.72844696044922,0.52,0.001
,,,,,80011,-12.120155,84,,,,,,
,,,,,80123,-32.21943,112,,,,,,
,,,,,80221,-50.645363,98,,,,,,
,,,,,80307,-81.365814,86,,,,,,
,,,,,80428,-73.69699,121,,,,,,
,,,,,80526,-37.529007,98,,,,,,
,,,,,80622,-12.474525,96,,,,,,
,,,,,80723,-154.63148,101,,,,,,
,,,,,80860,-18.482712,137,,,,,,
,,,,,80941,35.24193,81,,,,,,
,,,,,81000,,,10.689367294311523,35.72547912597656,34.898338317871094,115.38260650634766,0.514,0.001
,,,,,81091,40.047806,150,,,,,,
,,,,,81189,-70.040985,98,,,,,,
,,,,,81316,-57.379875,127,,,,,,
,,,,,81474,-45.254784,158,,,,,,
,,,,,81606,-24.764969,132,,,,,,
,,,,,82000,,,34.40237045288086,38.06621170043945,38.839073181152344,163.93475341796875,0.508,0.001
,,,,,82606,-53.73794,1000,,,,,,
,,,,,82709,-47.405617,103,,,,,,
,,,,,82780,-49.25982,71,,,,,,
,,,,,82895,-26.155144,115,,,,,,
,,,,,83000,,,5.673139572143555,31.193613052368164,32.64737319946289,137.16949462890625,0.502,0.001
,,,,,83023,-50.33011,128,,,,,,
,,,,,83119,-15.651184,96,,,,,,
,,,,,83210,-108.29866,91,,,,,,
,,,,,84000,,,6.080292701721191,30.10724639892578,29.81490707397461,77.34671020507812,0.4959999999999999,0.001
,,,,,84017,-203.01411,807,,,,,,
,,,,,84133,0.40357208,116,,,,,,
,,,,,84245,-55.42942,112,,,,,,
,,,,,84352,-0.6753311,107,,,,,,
,,,,,84469,-74.14314,117,,,,,,
,,,,,84546,10.6469345,77,,,,,,
,,,,,84694,21.352173,148,,,,,,
,,,,,85000,,,93.70307159423828,35.591609954833984,35.51488494873047,158.9794921875,0.49,0.001
,,,,,85224,-49.950302,530,,,,,,
,,,,,85299,-71.805435,75,,,,,,
,,,,,85371,-37.40582,72,,,,,,
,,,,,85498,-13.628853,127,,,,,,
,,,,,85578,-16.479027,80,,,,,,
,,,,,85661,-7.520981,83,,,,,,
,,,,,85757,-1.7129898,96,,,,,,
,,,,,85842,-38.455463,85,,,,,,
,,,,,85942,-69.01172,100,,,,,,
,,,,,86000,,,24.097166061401367,37.28640365600586,36.811790466308594,109.69110107421875,0.484,0.001
,,,,,86015,-89.74846,73,,,,,,
,,,,,86106,-55.209072,91,,,,,,
,,,,,86221,-31.857964,115,,,,,,
,,,,,86302,-50.322525,81,,,,,,
,,,,,86393,2.9946442,91,,,,,,
,,,,,86512,7.4116974,119,,,,,,
,,,,,87000,,,11.66419792175293,30.70000457763672,30.280656814575195,67.33088684082031,0.478,0.001
,,,,,87512,-49.25537,1000,,,,,,
,,,,,87725,-87.68454,213,,,,,,
,,,,,87893,10.117928,168,,,,,,
,,,,,87975,-25.130142,82,,,,,,
,,,,,88000,,,5.437824249267578,36.16913604736328,35.58369445800781,69.4177017211914,0.472,0.001
,,,,,88975,6.0758166,1000,,,,,,
,,,,,89000,,,11.1036376953125,34.47063446044922,35.135345458984375,91.10514068603516,0.46599999999999997,0.001
,,,,,89067,-31.025513,92,,,,,,
,,,,,89176,-84.760124,109,,,,,,
,,,,,89272,-62.780838,96,,,,,,
,,,,,89364,-16.422333,92,,,,,,
,,,,,89447,-55.890553,83,,,,,,
,,,,,89590,-7.234375,143,,,,,,
,,,,,89714,-7.6522827,124,,,,,,
,,,,,89816,-78.89626,102,,,,,,
,,,,,89926,-44.578545,110,,,,,,
-36.998295,22.71811,2.5241323,-62.84889,1000.0,90000,,,15.674028396606445,32.410945892333984,32.42647933959961,86.47248077392578,0.45999999999999996,0.001
,,,,,90926,-3.731311,1000,,,,,,
,,,,,91000,,,29.487627029418945,45.61725997924805,45.21318817138672,105.17357635498047,0.45399999999999996,0.001
,,,,,91616,-135.92334,690,,,,,,
,,,,,91751,-1.4860687,135,,,,,,
,,,,,91846,-7.02549,95,,,,,,
,,,,,91974,11.889893,128,,,,,,
,,,,,92000,,,17.592561721801758,35.309932708740234,35.48940658569336,58.7431640625,0.44800000000000006,0.001
,,,,,92119,0.46918488,145,,,,,,
,,,,,92255,6.6561966,136,,,,,,
,,,,,92387,-189.22318,132,,,,,,
,,,,,92555,-264.85437,168,,,,,,
,,,,,93000,,,12.622355461120605,25.487884521484375,25.843738555908203,81.52557373046875,0.44199999999999995,0.001
,,,,,93555,30.03989,1000,,,,,,
,,,,,93661,3.985321,106,,,,,,
,,,,,93781,15.317177,120,,,,,,
,,,,,94000,,,128.08856201171875,48.238624572753906,46.972679138183594,234.83511352539062,0.43599999999999994,0.001
,,,,,94202,-216.36156,421,,,,,,
,,,,,94345,-37.633278,143,,,,,,
,,,,,94449,0.72509766,104,,,,,,
,,,,,94545,47.10089,96,,,,,,
,,,,,95000,,,11.907676696777344,39.8436279296875,40.225547790527344,87.81310272216797,0.43000000000000005,0.001
,,,,,95545,-24.964539,1000,,,,,,
,,,,,95665,-59.820454,120,,,,,,
,,,,,96000,,,18.439889907836914,37.54676055908203,37.75604248046875,89.69718933105469,0.42399999999999993,0.001
,,,,,96514,-293.7326,849,,,,,,
,,,,,96801,-148.6853,287,,,,,,
,,,,,97000,,,9.540828704833984,39.843814849853516,39.19367980957031,90.1435317993164,0.41800000000000004,0.001
,,,,,97801,-13.82025,1000,,,,,,
,,,,,97911,-44.62722,110,,,,,,
,,,,,98000,,,18.060937881469727,23.978893280029297,24.231998443603516,72.70259094238281,0.41200000000000003,0.001
,,,,,98006,-66.62936,95,,,,,,
,,,,,98112,23.103622,106,,,,,,
,,,,,98210,31.365646,98,,,,,,
,,,,,98348,-23.30214,138,,,,,,
,,,,,98472,-27.42173,124,,,,,,
,,,,,99000,,,16.507930755615234,29.999906539916992,30.3586483001709,103.79449462890625,0.4059999999999999,0.001
,,,,,99072,-171.7421,600,,,,,,
,,,,,99179,40.442627,107,,,,,,
,,,,,99294,-195.90976,115,,,,,,
,,,,,99423,-3.5876465,129,,,,,,
,,,,,99707,-111.86652,284,,,,,,
,,,,,99843,-16.719955,136,,,,,,
-44.658016,25.425577,-9.004605,-89.98347,1000.0,100000,,,20.92456817626953,42.89080810546875,41.884666442871094,124.12283325195312,0.4,0.001
,,,,,100843,0.12841411,1000,,,,,,
,,,,,100970,-2.7281036,127,,,,,,
,,,,,101000,,,15.915302276611328,37.2818603515625,36.66340637207031,122.84977722167969,0.394,0.001
,,,,,101199,-13.165207,229,,,,,,
,,,,,101323,-40.68046,124,,,,,,
,,,,,101432,40.676834,109,,,,,,
,,,,,101566,3.6498413,134,,,,,,
,,,,,101673,-39.6385,107,,,,,,
,,,,,101919,-184.63123,246,,,,,,
,,,,,102000,,,14.407464981079102,32.98903274536133,33.69166564941406,88.3352279663086,0.3879999999999999,0.001
,,,,,102041,39.62639,122,,,,,,
,,,,,103000,,,20.51996612548828,35.65656280517578,36.36052703857422,131.3042755126953,0.382,0.001
,,,,,103041,19.561493,1000,,,,,,
,,,,,103126,-35.204865,85,,,,,,
,,,,,103224,-66.226036,98,,,,,,
,,,,,103355,-184.09634,131,,,,,,
,,,,,103456,29.606644,101,,,,,,
,,,,,103812,-156.18408,356,,,,,,
,,,,,103917,-3.2408905,105,,,,,,
,,,,,104000,,,6.2871575355529785,52.16096115112305,52.67616653442383,65.2645034790039,0.376,0.001
,,,,,104917,11.895664,1000,,,,,,
,,,,,105000,,,6.887921333312988,42.64965057373047,42.84968566894531,77.71778106689453,0.37,0.001
,,,,,105917,-15.079557,1000,,,,,,
,,,,,106000,,,16.98416519165039,32.35255432128906,32.09728240966797,115.80038452148438,0.364,0.001
,,,,,106030,-10.949501,113,,,,,,
,,,,,106583,-235.93376,553,,,,,,
,,,,,106696,-31.209908,113,,,,,,
,,,,,106804,-0.56324005,108,,,,,,
,,,,,106929,-41.486656,125,,,,,,
,,,,,107000,,,14.17795181274414,49.366458892822266,48.853206634521484,73.61080932617188,0.358,0.001
,,,,,107929,-8.230604,1000,,,,,,
,,,,,108000,,,39.4621467590332,36.68553161621094,36.686283111572266,181.52655029296875,0.352,0.001
,,,,,108929,9.704291,1000,,,,,,
,,,,,109000,,,12.38136100769043,50.940513610839844,51.09389114379883,86.6697998046875,0.346,0.001
,,,,,109839,-160.89917,910,,,,,,
,,,,,109952,3.211853,113,,,,,,
9.546109,79.7228,186.60953,-85.00454,899.6,110000,,,19.510711669921875,39.916358947753906,39.42418670654297,99.49147033691406,0.3400000000000001,0.001
,,,,,110061,10.667465,109,,,,,,
,,,,,111000,,,21.01641273498535,45.520347595214844,46.06517028808594,102.44115447998047,0.33399999999999996,0.001
,,,,,111061,25.473415,1000,,,,,,
,,,,,112000,,,10.56826400756836,40.9068603515625,40.28205108642578,58.942344665527344,0.32799999999999996,0.001
,,,,,112061,9.201263,1000,,,,,,
,,,,,113000,,,6.917616844177246,42.129371643066406,41.778465270996094,72.76868438720703,0.32200000000000006,0.001
,,,,,113061,19.561773,1000,,,,,,
,,,,,114000,,,14.272453308105469,37.381309509277344,38.42569351196289,112.07257080078125,0.31599999999999995,0.001
,,,,,114061,-47.205864,1000,,,,,,
,,,,,115000,,,10.869345664978027,51.869998931884766,52.51966094970703,96.89208221435547,0.30999999999999994,0.001
,,,,,115061,-13.244864,1000,,,,,,
,,,,,116000,,,6.36555814743042,45.940155029296875,46.28020477294922,50.387508392333984,0.30400000000000005,0.001
,,,,,116061,-32.865444,1000,,,,,,
,,,,,117000,,,15.13278865814209,49.17082595825195,49.818336486816406,111.52619171142578,0.29799999999999993,0.001
,,,,,117061,13.948385,1000,,,,,,
,,,,,118000,,,10.847860336303711,47.791465759277344,48.74824523925781,100.70465850830078,0.29200000000000004,0.001
,,,,,118061,-9.048819,1000,,,,,,
,,,,,119000,,,11.436781883239746,48.97919464111328,49.24958419799805,68.92193603515625,0.28600000000000003,0.001
,,,,,119061,-31.04945,1000,,,,,,
,,,,,119683,-173.88684,622,,,,,,
-42.096165,13.9316845,-18.899807,-59.83624,1000.0,120000,,,7.355469703674316,51.16454315185547,50.21504211425781,90.98778533935547,0.2799999999999999,0.001
,,,,,120683,-46.789043,1000,,,,,,
,,,,,120794,-3.8758698,111,,,,,,
,,,,,121000,,,11.584362983703613,38.17630386352539,38.228370666503906,68.4864730834961,0.274,0.001
,,,,,121794,-111.668106,1000,,,,,,
,,,,,122000,,,14.996075630187988,49.99148178100586,49.10972595214844,102.84974670410156,0.268,0.001
,,,,,122794,-21.158865,1000,,,,,,
,,,,,123000,,,32.30885314941406,50.75465393066406,51.262298583984375,157.62020874023438,0.262,0.001
,,,,,123794,13.493699,1000,,,,,,
,,,,,124000,,,25.65024185180664,51.5910530090332,51.88868713378906,127.39081573486328,0.256,0.001
,,,,,124794,-7.006961,1000,,,,,,
,,,,,125000,,,9.822993278503418,47.81285095214844,48.617393493652344,108.22293090820312,0.25,0.001
,,,,,125242,-141.66187,448,,,,,,
,,,,,125337,-19.297638,95,,,,,,
,,,,,126000,,,27.68381118774414,52.966190338134766,52.502986907958984,187.04144287109375,0.244,0.001
,,,,,126337,-24.568684,1000,,,,,,
,,,,,127000,,,12.120820999145508,49.99320983886719,49.76966094970703,94.65509033203125,0.238,0.001
,,,,,127337,-4.931575,1000,,,,,,
,,,,,128000,,,24.049301147460938,48.12525177001953,48.316131591796875,96.00923156738281,0.23199999999999998,0.001
,,,,,128337,12.727423,1000,,,,,,
,,,,,129000,,,7.154788970947266,40.418800354003906,40.20280456542969,52.24006652832031,0.22599999999999998,0.001
,,,,,129337,8.115852,1000,,,,,,
-50.86566,46.403088,1.4221861,-146.35324,961.8,130000,,,76.46696472167969,44.85869216918945,44.83185577392578,467.7898254394531,0.21999999999999997,0.001
,,,,,130337,-35.22922,1000,,,,,,
,,,,,130716,-310.77142,379,,,,,,
,,,,,131000,,,17.81948471069336,38.39009094238281,38.71106719970703,80.98645782470703,0.21399999999999997,0.001
,,,,,131716,11.362452,1000,,,,,,
,,,,,132000,,,10.068641662597656,58.29437255859375,58.83053207397461,52.53853988647461,0.20799999999999996,0.001
,,,,,132716,64.06027,1000,,,,,,
,,,,,133000,,,13.301264762878418,52.83526611328125,52.082672119140625,65.54878997802734,0.20199999999999996,0.001
,,,,,133615,-258.63702,899,,,,,,
,,,,,134000,,,73.84014892578125,37.25935363769531,38.15062713623047,251.3192901611328,0.19599999999999995,0.001
,,,,,134615,-7.874485,1000,,,,,,
,,,,,135000,,,23.183549880981445,47.139671325683594,48.08494567871094,156.56185913085938,0.18999999999999995,0.001
,,,,,135125,-230.22566,510,,,,,,
,,,,,136000,,,12.286176681518555,48.08386993408203,48.350563049316406,96.00780487060547,0.18400000000000005,0.001
,,,,,136125,86.19377,1000,,,,,,
,,,,,137000,,,31.526453018188477,48.51145935058594,48.13749694824219,103.94430541992188,0.17799999999999994,0.001
,,,,,137125,93.75772,1000,,,,,,
,,,,,137774,-194.30858,649,,,,,,
,,,,,138000,,,12.039363861083984,50.822269439697266,50.823486328125,73.08931732177734,0.17199999999999993,0.001
,,,,,138774,-80.722015,1000,,,,,,
,,,,,139000,,,9.221529960632324,52.15797805786133,52.08155059814453,68.94911193847656,0.16600000000000004,0.001
,,,,,139774,-23.112053,1000,,,,,,
23.001255,92.65218,240.91684,-62.096542,949.9,140000,,,7.992636680603027,44.2483024597168,45.39167404174805,106.00627899169922,0.15999999999999992,0.001
,,,,,140120,255.8258,346,,,,,,
,,,,,141000,,,5.430943965911865,44.266998291015625,43.743934631347656,64.8138198852539,0.15400000000000003,0.001
,,,,,141120,2.2497199,1000,,,,,,
,,,,,142000,,,13.436222076416016,53.42518615722656,52.94537353515625,100.33556365966797,0.14800000000000002,0.001
,,,,,142120,47.784904,1000,,,,,,
,,,,,143000,,,17.68439483642578,48.79332733154297,48.73833465576172,77.3358154296875,0.1419999999999999,0.001
,,,,,143120,2.85462,1000,,,,,,
,,,,,144000,,,9.106901168823242,54.21112060546875,53.48796844482422,87.62653350830078,0.136,0.001
,,,,,144120,-51.95657,1000,,,,,,
,,,,,145000,,,6.580401420593262,45.309471130371094,45.36035919189453,72.43260955810547,0.13,0.001
,,,,,145120,42.96546,1000,,,,,,
,,,,,146000,,,250.0140380859375,56.25675964355469,58.29068374633789,552.9891357421875,0.12399999999999989,0.001
,,,,,146120,8.2007265,1000,,,,,,
,,,,,147000,,,11.57933235168457,33.69770431518555,33.58784103393555,75.52082061767578,0.118,0.001
,,,,,147120,-69.50957,1000,,,,,,
,,,,,148000,,,32.71308135986328,43.74048614501953,44.19768142700195,155.7248077392578,0.11199999999999999,0.001
,,,,,148120,51.28756,1000,,,,,,
,,,,,148741,-231.53351,621,,,,,,
,,,,,149000,,,9.032059669494629,41.0264892578125,41.45319366455078,85.96832275390625,0.10599999999999998,0.001
,,,,,149741,13.84505,1000,,,,,,
-13.479154,140.21559,174.49878,-245.19414,815.9,150000,,,22.906696319580078,41.73314666748047,41.45996856689453,93.52085876464844,0.1,0.001
,,,,,150741,-30.694206,1000,,,,,,
,,,,,151000,,,5.25944709777832,47.47832489013672,47.33608627319336,42.387939453125,0.09946666666666668,0.001
,,,,,151686,150.1394,945,,,,,,
,,,,,151940,233.32317,254,,,,,,
,,,,,152000,,,18.305908203125,56.51013946533203,57.07759094238281,95.75483703613281,0.09893333333333335,0.001
,,,,,152372,279.0157,432,,,,,,
,,,,,152990,125.5002,618,,,,,,
,,,,,153000,,,12.576993942260742,47.08118438720703,46.9052848815918,97.94322204589844,0.0984,0.001
,,,,,153408,214.56169,418,,,,,,
,,,,,154000,,,12.591110229492188,49.27886962890625,49.03158950805664,66.29824829101562,0.09786666666666667,0.001
,,,,,154260,217.23087,852,,,,,,
,,,,,154832,257.94647,572,,,,,,
,,,,,155000,,,12.135823249816895,43.70869445800781,44.484920501708984,80.32685852050781,0.09733333333333334,0.001
,,,,,155572,105.041534,740,,,,,,
,,,,,156000,,,6.047576427459717,52.828155517578125,52.280609130859375,61.06730270385742,0.09680000000000001,0.001
,,,,,156086,163.04094,514,,,,,,
,,,,,156583,194.62589,497,,,,,,
,,,,,157000,,,5.886667251586914,46.412147521972656,46.969932556152344,58.15629959106445,0.09626666666666667,0.001
,,,,,157276,126.68479,693,,,,,,
,,,,,157720,-226.74115,444,,,,,,
,,,,,158000,,,188.83078002929688,47.55345916748047,47.986419677734375,241.39947509765625,0.09573333333333334,0.001
,,,,,158091,232.8654,371,,,,,,
,,,,,158751,274.9437,660,,,,,,
,,,,,159000,,,9.341984748840332,42.010986328125,41.942466735839844,60.125457763671875,0.0952,0.001
,,,,,159090,-16.392738,339,,,,,,
,,,,,159651,245.76938,561,,,,,,
15.276761,189.10042,216.002,-342.11145,633.5,160000,,,34.54372787475586,49.80967330932617,50.70711898803711,227.607666015625,0.09466666666666668,0.001
,,,,,160253,250.10776,602,,,,,,
,,,,,161000,,,56.74897766113281,55.73960494995117,56.31964111328125,149.45152282714844,0.09413333333333333,0.001
,,,,,161102,67.35004,849,,,,,,
,,,,,161457,209.20888,355,,,,,,
,,,,,161791,242.49355,334,,,,,,
,,,,,162000,,,38.45840072631836,48.57499694824219,48.95383834838867,152.71017456054688,0.0936,0.001
,,,,,162293,231.74373,502,,,,,,
,,,,,162765,285.76904,472,,,,,,
,,,,,163000,,,19.685754776000977,52.32740783691406,51.43518829345703,139.53543090820312,0.09306666666666667,0.001
,,,,,163694,175.22571,929,,,,,,
,,,,,164000,,,30.971294403076172,47.87895202636719,47.745521545410156,121.66470336914062,0.09253333333333334,0.001
,,,,,164407,212.82405,713,,,,,,
,,,,,164740,248.13791,333,,,,,,
,,,,,165000,,,10.796524047851562,55.78986358642578,56.64411163330078,95.2524642944336,0.092,0.001
,,,,,165740,70.90117,1000,,,,,,
,,,,,166000,,,21.911174774169922,53.77513885498047,54.11762237548828,95.01859283447266,0.09146666666666667,0.001
,,,,,166117,-202.5874,377,,,,,,
,,,,,166467,292.55225,350,,,,,,
,,,,,167000,,,8.376762390136719,49.19474792480469,49.927249908447266,94.4041519165039,0.09093333333333334,0.001
,,,,,167091,121.75858,624,,,,,,
,,,,,167538,238.33458,447,,,,,,
,,,,,168000,,,29.424997329711914,47.686161041259766,47.7381591796875,119.92039489746094,0.09040000000000001,0.001
,,,,,168338,256.35742,800,,,,,,
,,,,,168689,234.35751,351,,,,,,
,,,,,169000,,,6.525949478149414,48.713233947753906,48.7349967956543,56.810699462890625,0.08986666666666668,0.001
,,,,,169523,233.02652,834,,,,,,
,,,,,169967,277.76175,444,,,,,,
221.2553,48.806293,270.99423,128.7131,404.2,170000,,,4.15321159362793,67.87379455566406,68.00418853759766,36.890045166015625,0.08933333333333333,0.001
,,,,,170780,192.16052,813,,,,,,
,,,,,171000,,,22.087501525878906,44.89446258544922,44.07786178588867,83.7173843383789,0.0888,0.001
,,,,,171780,14.205446,1000,,,,,,
,,,,,172000,,,45.92210388183594,53.44895935058594,52.90089416503906,211.73965454101562,0.08826666666666667,0.001
,,,,,172148,226.0536,368,,,,,,
,,,,,172711,253.66525,563,,,,,,
,,,,,173000,,,21.051395416259766,61.01152038574219,59.84584045410156,132.14077758789062,0.08773333333333334,0.001
,,,,,173069,244.78857,358,,,,,,
,,,,,173506,283.95312,437,,,,,,
,,,,,173909,247.04147,403,,,,,,
,,,,,174000,,,11.854711532592773,56.23691177368164,55.631927490234375,99.8778076171875,0.0872,0.001
,,,,,174177,288.91547,268,,,,,,
,,,,,174740,286.62546,563,,,,,,
,,,,,175000,,,6.34149694442749,53.238616943359375,52.449737548828125,92.00540161132812,0.08666666666666667,0.001
,,,,,175178,225.57684,438,,,,,,
,,,,,175581,252.96457,403,,,,,,
,,,,,176000,,,15.021805763244629,52.56797409057617,52.18259811401367,78.40007019042969,0.08613333333333334,0.001
,,,,,176062,249.38835,481,,,,,,
,,,,,176165,8.417526,103,,,,,,
,,,,,176451,247.57614,286,,,,,,
,,,,,176832,192.96103,381,,,,,,
,,,,,177000,,,9.826639175415039,58.85435485839844,58.90110397338867,64.1620101928711,0.08560000000000001,0.001
,,,,,177145,15.891624,313,,,,,,
,,,,,178000,,,24.441923141479492,48.91045379638672,49.74301528930664,175.45187377929688,0.08506666666666667,0.001
,,,,,178145,75.889366,1000,,,,,,
,,,,,178717,183.14578,572,,,,,,
,,,,,179000,,,15.170858383178711,65.85371398925781,65.69749450683594,76.91867065429688,0.08453333333333334,0.001
,,,,,179066,266.15204,349,,,,,,
,,,,,179668,169.00421,602,,,,,,
,,,,,179982,285.5852,314,,,,,,
232.91829,45.055275,289.30527,146.04752,334.7,180000,,,7.823641777038574,48.33547592163086,48.731117248535156,68.8363265991211,0.084,0.001
,,,,,180525,190.25244,543,,,,,,
,,,,,180967,199.4853,442,,,,,,
,,,,,181000,,,5.351052284240723,62.76434326171875,62.58304214477539,47.64704132080078,0.08346666666666668,0.001
,,,,,181242,220.69232,275,,,,,,
,,,,,181669,228.42401,427,,,,,,
,,,,,182000,,,8.882301330566406,57.828468322753906,57.0432014465332,103.63792419433594,0.08293333333333333,0.001
,,,,,182487,186.28336,818,,,,,,
,,,,,182948,286.7041,461,,,,,,
,,,,,183000,,,52.11241149902344,56.679893493652344,55.8988037109375,194.60177612304688,0.0824,0.001
,,,,,183154,257.18695,206,,,,,,
,,,,,183320,24.492523,166,,,,,,
,,,,,183682,261.3318,362,,,,,,
,,,,,183979,248.91919,297,,,,,,
,,,,,184000,,,20.573440551757812,51.57413101196289,52.534339904785156,121.76972961425781,0.08186666666666667,0.001
,,,,,184562,253.25816,583,,,,,,
,,,,,185000,,,7.481285572052002,67.4503402709961,67.21062469482422,52.31587600708008,0.08133333333333334,0.001
,,,,,185553,161.48491,991,,,,,,
,,,,,185909,255.44444,356,,,,,,
,,,,,186000,,,7.777345180511475,62.38249969482422,62.4166145324707,56.887237548828125,0.08080000000000001,0.001
,,,,,186369,217.73773,460,,,,,,
,,,,,186772,244.3254,403,,,,,,
,,,,,187000,,,11.74452018737793,52.084190368652344,52.067237854003906,71.32135772705078,0.08026666666666667,0.001
,,,,,187031,271.24365,259,,,,,,
,,,,,187225,-63.34725,194,,,,,,
,,,,,187545,-92.310394,320,,,,,,
,,,,,187803,264.05896,258,,,,,,
,,,,,188000,,,13.739007949829102,63.021751403808594,64.30144500732422,122.87710571289062,0.07973333333333334,0.001
,,,,,188037,249.68033,234,,,,,,
,,,,,188577,246.14618,540,,,,,,
,,,,,189000,,,12.978737831115723,62.84638595581055,62.51548385620117,103.0900650024414,0.0792,0.001
,,,,,189271,283.1568,694,,,,,,
,,,,,189721,196.2089,450,,,,,,
214.3603,41.529373,262.13763,148.0555,298.0,190000,,,6.5181121826171875,58.881649017333984,58.10991668701172,82.55036163330078,0.07866666666666668,0.001
,,,,,190047,246.30545,326,,,,,,
,,,,,191000,,,4.358002662658691,77.5848388671875,77.65113830566406,43.822044372558594,0.07813333333333333,0.001
,,,,,191047,48.488983,1000,,,,,,
,,,,,191203,273.09766,156,,,,,,
,,,,,191506,268.99426,303,,,,,,
,,,,,192000,,,7.192582130432129,59.25682830810547,59.28519058227539,65.73240661621094,0.0776,0.001
,,,,,192061,193.62184,555,,,,,,
,,,,,192297,239.43434,236,,,,,,
,,,,,192606,263.67352,309,,,,,,
,,,,,193000,,,57.528846740722656,66.69876098632812,64.98776245117188,173.3855743408203,0.07706666666666667,0.001
,,,,,193013,285.0714,407,,,,,,
,,,,,193207,268.04346,194,,,,,,
,,,,,193392,258.97803,185,,,,,,
,,,,,193924,294.0302,532,,,,,,
,,,,,194000,,,12.85900592803955,55.859031677246094,56.094635009765625,79.31666564941406,0.07653333333333334,0.001
,,,,,194924,85.1348,1000,,,,,,
,,,,,195000,,,10.936927795410156,48.5552978515625,48.25599670410156,84.70899200439453,0.07600000000000001,0.001
,,,,,195558,253.1818,634,,,,,,
,,,,,195718,241.56258,160,,,,,,
,,,,,196000,,,7.406950950622559,59.82218933105469,59.24412155151367,65.82715606689453,0.07546666666666668,0.001
,,,,,196207,286.82788,489,,,,,,
,,,,,196688,214.41045,481,,,,,,
,,,,,197000,,,4.2419962882995605,66.58859252929688,66.8250732421875,33.74602127075195,0.07493333333333334,0.001
,,,,,197087,284.11917,399,,,,,,
,,,,,197325,264.96762,238,,,,,,
,,,,,197765,229.82123,440,,,,,,
,,,,,198000,,,9.175518989562988,56.80651092529297,57.53444290161133,73.8995590209961,0.07440000000000001,0.001
,,,,,198134,231.92255,369,,,,,,
,,,,,198519,249.65294,385,,,,,,
,,,,,198886,246.24234,367,,,,,,
,,,,,199000,,,11.18902587890625,66.19404602050781,65.71797180175781,93.22582244873047,0.07386666666666666,0.001
,,,,,199275,297.03552,389,,,,,,
,,,,,199512,273.46265,237,,,,,,
,,,,,199629,45.729004,117,,,,,,
180.08458,64.367645,282.238,81.560265,485.4,200000,,,7.357184410095215,53.404842376708984,53.48695755004883,59.18894958496094,0.07333333333333333,0.001
,,,,,200035,268.53247,406,,,,,,
,,,,,200314,239.80959,279,,,,,,
,,,,,200937,269.79962,623,,,,,,
,,,,,201000,,,5.2494025230407715,50.31563949584961,50.177677154541016,52.05242919921875,0.0728,0.001
,,,,,201257,197.8157,320,,,,,,
,,,,,201718,245.14992,461,,,,,,
,,,,,202000,,,4.710772514343262,67.28451538085938,66.8115234375,56.575286865234375,0.07226666666666667,0.001
,,,,,202128,259.23615,410,,,,,,
,,,,,202821,236.13234,693,,,,,,
,,,,,203000,,,8.60360050201416,56.67136764526367,56.4015998840332,80.41410827636719,0.07173333333333334,0.001
,,,,,203184,275.40375,363,,,,,,
,,,,,203734,277.3141,550,,,,,,
,,,,,203952,274.31195,218,,,,,,
,,,,,204000,,,5.145408630371094,69.1158218383789,68.8648452758789,56.7001953125,0.07120000000000001,0.001
,,,,,204158,285.5136,206,,,,,,
,,,,,204674,214.33624,516,,,,,,
,,,,,204989,306.4178,315,,,,,,
,,,,,205000,,,14.384805679321289,56.173011779785156,56.1589469909668,106.69046783447266,0.07066666666666667,0.001
,,,,,205440,270.33447,451,,,,,,
,,,,,205708,280.18097,268,,,,,,
,,,,,206000,,,5.637154579162598,65.91729736328125,66.01899719238281,60.17538833618164,0.07013333333333334,0.001
,,,,,206039,235.96495,331,,,,,,
,,,,,206365,225.1304,326,,,,,,
,,,,,206794,267.08597,429,,,,,,
,,,,,207000,,,15.788996696472168,67.21847534179688,67.56410217285156,89.80595397949219,0.06960000000000001,0.001
,,,,,207120,-279.90875,326,,,,,,
,,,,,207355,277.94113,235,,,,,,
,,,,,207821,-151.01521,466,,,,,,
,,,,,208000,,,16.191207885742188,55.80943298339844,56.049705505371094,141.35997009277344,0.06906666666666667,0.001
,,,,,208314,278.98468,493,,,,,,
,,,,,208485,-151.83664,171,,,,,,
,,,,,208649,219.76587,164,,,,,,
,,,,,208950,259.1997,301,,,,,,
,,,,,209000,,,5.237370491027832,71.89661407470703,71.48915100097656,50.143898010253906,0.06853333333333333,0.001
,,,,,209321,274.94666,371,,,,,,
,,,,,209642,-201.45499,321,,,,,,
,,,,,209858,226.60345,216,,,,,,
152.73637,144.65881,288.59625,-172.84857,439.1,210000,,,12.188507080078125,66.56121826171875,65.50401306152344,110.60008239746094,0.068,0.001
,,,,,210075,-177.50264,217,,,,,,
,,,,,210422,281.04788,347,,,,,,
,,,,,210836,206.15778,414,,,,,,
,,,,,211000,,,9.955759048461914,69.6459732055664,69.89021301269531,66.46495056152344,0.06746666666666667,0.001
,,,,,211070,255.84244,234,,,,,,
,,,,,211410,210.0716,340,,,,,,
,,,,,212000,,,15.38614273071289,62.855377197265625,62.77362060546875,99.46050262451172,0.06693333333333334,0.001
,,,,,212245,111.09088,835,,,,,,
,,,,,212589,228.11241,344,,,,,,
,,,,,212760,205.78543,171,,,,,,
,,,,,213000,,,3.9775655269622803,65.89353942871094,65.16610717773438,53.17817687988281,0.06640000000000001,0.001
,,,,,213186,279.582,426,,,,,,
,,,,,213656,-199.22917,470,,,,,,
,,,,,214000,,,4.21685791015625,69.85076904296875,69.64665985107422,38.14821243286133,0.06586666666666667,0.001
,,,,,214055,178.70786,399,,,,,,
,,,,,214324,284.76166,269,,,,,,
,,,,,214909,256.1043,585,,,,,,
,,,,,215000,,,7.813482284545898,58.990482330322266,58.67161560058594,60.30154800415039,0.06533333333333333,0.001
,,,,,215292,272.9151,383,,,,,,
,,,,,215659,223.41501,367,,,,,,
,,,,,215754,-12.788017,95,,,,,,
,,,,,216000,,,15.757258415222168,72.80364227294922,72.75279235839844,138.82400512695312,0.0648,0.001
,,,,,216294,283.47052,540,,,,,,
,,,,,217000,,,6.666263580322266,58.271881103515625,58.593387603759766,64.60121154785156,0.06426666666666667,0.001
,,,,,217294,97.91673,1000,,,,,,
,,,,,217655,228.58548,361,,,,,,
,,,,,217887,241.44319,232,,,,,,
,,,,,218000,,,31.846683502197266,58.13943099975586,57.83414840698242,136.51666259765625,0.06373333333333334,0.001
,,,,,218159,-170.73195,272,,,,,,
,,,,,218621,271.70038,462,,,,,,
,,,,,218836,302.99286,215,,,,,,
,,,,,219000,,,25.183334350585938,59.52524948120117,59.271724700927734,115.5446548461914,0.0632,0.001
,,,,,219240,305.71216,404,,,,,,
,,,,,219527,215.40173,287,,,,,,
,,,,,219760,285.40094,233,,,,,,
219.2114,52.163647,271.56625,73.323006,369.7,220000,,,15.37091064453125,64.89413452148438,64.26228332519531,120.00358581542969,0.06266666666666668,0.001
,,,,,220044,267.31592,284,,,,,,
,,,,,220459,251.31947,415,,,,,,
,,,,,220874,284.9795,415,,,,,,
,,,,,221000,,,9.75590705871582,70.81747436523438,69.87425231933594,85.31708526611328,0.06213333333333334,0.001
,,,,,221745,251.23662,871,,,,,,
,,,,,222000,,,10.103222846984863,70.24676513671875,69.7734375,69.4637222290039,0.06160000000000001,0.001
,,,,,222079,258.31165,334,,,,,,
,,,,,222343,244.93115,264,,,,,,
,,,,,222635,276.26556,292,,,,,,
,,,,,223000,,,7.698237895965576,71.42231750488281,70.71876525878906,69.72132873535156,0.06106666666666667,0.001
,,,,,223046,223.72362,411,,,,,,
,,,,,223706,188.22202,660,,,,,,
,,,,,224000,,,6.515838623046875,62.79484176635742,63.241539001464844,64.45742797851562,0.060533333333333335,0.001
,,,,,224280,198.7926,574,,,,,,
,,,,,224602,282.4196,322,,,,,,
,,,,,224889,243.36049,287,,,,,,
,,,,,225000,,,7.070971488952637,62.13132858276367,62.60437774658203,59.92433547973633,0.060000000000000005,0.001
,,,,,225298,250.14282,409,,,,,,
,,,,,225794,235.38208,496,,,,,,
,,,,,226000,,,6.723485946655273,42.00754928588867,42.0533447265625,47.11399841308594,0.05946666666666667,0.001
,,,,,226088,286.80914,294,,,,,,
,,,,,226234,18.732262,146,,,,,,
,,,,,226494,279.49634,260,,,,,,
,,,,,226849,204.7572,355,,,,,,
,,,,,227000,,,8.738901138305664,67.10408020019531,67.58004760742188,89.4051742553711,0.05893333333333334,0.001
,,,,,227243,259.0312,394,,,,,,
,,,,,227464,266.2897,221,,,,,,
,,,,,227780,301.3055,316,,,,,,
,,,,,228000,,,16.920089721679688,60.46851348876953,60.04969787597656,120.6947021484375,0.0584,0.001
,,,,,228044,275.38123,264,,,,,,
,,,,,228371,280.65424,327,,,,,,
,,,,,228782,256.08752,411,,,,,,
,,,,,229000,,,7.75419807434082,65.36955261230469,65.05462646484375,57.16023254394531,0.05786666666666668,0.001
,,,,,229023,272.52386,241,,,,,,
,,,,,229366,219.09631,343,,,,,,
,,,,,229598,251.32623,232,,,,,,
257.4636,25.187748,302.68628,212.17862,304.9,230000,,,28.042247772216797,69.07093048095703,68.74842834472656,108.8753433227539,0.05733333333333334,0.001
,,,,,230598,-75.21947,1000,,,,,,
,,,,,230802,257.5,204,,,,,,
,,,,,231000,,,13.763081550598145,62.09296417236328,61.26570129394531,121.62356567382812,0.0568,0.001
,,,,,231081,269.28082,279,,,,,,
,,,,,231379,254.10172,298,,,,,,
,,,,,232000,,,7.5880866050720215,75.45823669433594,75.34506225585938,72.01314544677734,0.05626666666666667,0.001
,,,,,232008,208.81512,629,,,,,,
,,,,,232567,-275.28268,559,,,,,,
,,,,,232868,252.78351,301,,,,,,
,,,,,233000,,,12.65807819366455,66.18232727050781,67.69754028320312,174.90377807617188,0.055733333333333336,0.001
,,,,,233246,241.71353,378,,,,,,
,,,,,233614,218.74196,368,,,,,,
,,,,,233982,212.76215,368,,,,,,
,,,,,234000,,,7.165802001953125,66.49031066894531,66.6807861328125,46.297428131103516,0.0552,0.001
,,,,,234355,296.86023,373,,,,,,
,,,,,234674,302.9816,319,,,,,,
,,,,,234911,-123.48925,237,,,,,,
,,,,,235000,,,47.91238021850586,55.80956268310547,56.45423889160156,138.96429443359375,0.054666666666666676,0.001
,,,,,235359,287.73364,448,,,,,,
,,,,,235657,265.39023,298,,,,,,
,,,,,235877,250.46371,220,,,,,,
,,,,,236000,,,72.81922912597656,56.387107849121094,58.19843292236328,86.96810150146484,0.05413333333333334,0.001
,,,,,236385,247.34784,508,,,,,,
,,,,,236571,-183.44408,186,,,,,,
,,,,,236840,226.56389,269,,,,,,
,,,,,237000,,,10.393117904663086,60.382110595703125,60.346954345703125,64.0596694946289,0.05360000000000001,0.001
,,,,,237209,316.95413,369,,,,,,
,,,,,237574,240.77303,365,,,,,,
,,,,,238000,,,8.707918167114258,54.63454818725586,55.491355895996094,115.82815551757812,0.05306666666666667,0.001
,,,,,238308,291.22122,734,,,,,,
,,,,,238753,252.11963,445,,,,,,
,,,,,239000,,,10.002922058105469,73.39230346679688,73.21672058105469,43.18135452270508,0.052533333333333335,0.001
,,,,,239018,255.53995,265,,,,,,
,,,,,239404,272.91553,386,,,,,,
,,,,,239675,265.4415,271,,,,,,
86.30199,214.26791,285.76508,-326.69046,428.0,240000,,,11.271800994873047,62.41587829589844,62.77936553955078,61.61005401611328,0.052000000000000005,0.001
,,,,,240465,167.08374,790,,,,,,
,,,,,240927,230.95909,462,,,,,,
,,,,,241000,,,8.414077758789062,60.04106140136719,59.24200439453125,96.50421142578125,0.05146666666666667,0.001
,,,,,241197,297.17502,270,,,,,,
,,,,,241471,289.28076,274,,,,,,
,,,,,241739,232.2891,268,,,,,,
,,,,,242000,,,27.945104598999023,74.85326385498047,74.64778900146484,126.05904388427734,0.050933333333333344,0.001
,,,,,242448,195.64253,709,,,,,,
,,,,,242705,282.4848,257,,,,,,
,,,,,243000,,,8.895124435424805,60.36221694946289,60.489891052246094,55.79470443725586,0.05040000000000001,0.001
,,,,,243058,236.159,353,,,,,,
,,,,,243529,195.3858,471,,,,,,
,,,,,243825,275.42706,296,,,,,,
,,,,,244000,,,6.2150726318359375,67.06819152832031,66.75424194335938,71.12828063964844,0.04986666666666667,0.001
,,,,,244105,265.51508,280,,,,,,
,,,,,244484,271.706,379,,,,,,
,,,,,244888,302.86487,404,,,,,,
,,,,,245000,,,11.270927429199219,63.096778869628906,63.80167007446289,88.88069915771484,0.04933333333333334,0.001
,,,,,245136,248.43932,248,,,,,,
,,,,,245521,259.21082,385,,,,,,
,,,,,245766,261.63937,245,,,,,,
,,,,,246000,,,16.918304443359375,55.17115783691406,55.01734924316406,97.82749938964844,0.0488,0.001
,,,,,246711,182.54587,945,,,,,,
,,,,,247000,,,13.181365966796875,61.720947265625,62.505615234375,71.86422729492188,0.04826666666666667,0.001
,,,,,247555,263.541,844,,,,,,
,,,,,247869,276.00037,314,,,,,,
,,,,,248000,,,9.64852523803711,63.89051055908203,63.77643585205078,62.82945251464844,0.047733333333333336,0.001
,,,,,248099,288.16565,230,,,,,,
,,,,,248415,244.25244,316,,,,,,
,,,,,249000,,,18.014625549316406,65.0780029296875,64.4087142944336,112.55521392822266,0.0472,0.001
,,,,,249415,40.546223,1000,,,,,,
,,,,,249840,255.78429,425,,,,,,
163.19734,78.584946,266.92377,-23.090141,750.6,250000,,,4.065378665924072,63.901451110839844,63.567848205566406,49.83583450317383,0.046666666666666676,0.001
,,,,,250256,221.20802,416,,,,,,
,,,,,250453,280.16278,197,,,,,,
,,,,,250902,251.31944,449,,,,,,
,,,,,251000,,,55.4843635559082,59.871368408203125,61.082401275634766,267.616943359375,0.04613333333333334,0.001
,,,,,251096,222.6543,194,,,,,,
,,,,,251402,239.5783,306,,,,,,
,,,,,251655,252.74983,253,,,,,,
,,,,,251893,271.75,238,,,,,,
,,,,,252000,,,10.097282409667969,74.27839660644531,74.64533996582031,63.485321044921875,0.0456,0.001
,,,,,252190,283.86523,297,,,,,,
,,,,,252670,-179.38966,480,,,,,,
,,,,,252865,264.2999,195,,,,,,
,,,,,253000,,,22.983293533325195,57.57551574707031,57.21794128417969,103.85726928710938,0.04506666666666667,0.001
,,,,,253257,267.6458,392,,,,,,
,,,,,253649,218.51184,392,,,,,,
,,,,,254000,,,27.99445152282715,64.43838500976562,63.159610748291016,126.22171020507812,0.044533333333333334,0.001
,,,,,254131,222.72444,482,,,,,,
,,,,,254455,-236.67369,324,,,,,,
,,,,,254986,168.4915,531,,,,,,
,,,,,255000,,,12.964396476745605,74.50074768066406,74.65586853027344,66.86793518066406,0.04400000000000001,0.001
,,,,,255550,243.8457,564,,,,,,
,,,,,255718,274.6723,168,,,,,,
,,,,,256000,,,8.348896026611328,68.66554260253906,68.9349365234375,57.308326721191406,0.043466666666666674,0.001
,,,,,256070,239.38089,352,,,,,,
,,,,,256398,282.1985,328,,,,,,
,,,,,256701,301.65118,303,,,,,,
,,,,,256873,-115.72169,172,,,,,,
,,,,,257000,,,15.951289176940918,66.780029296875,66.54890441894531,156.51568603515625,0.04293333333333334,0.001
,,,,,257097,278.5645,224,,,,,,
,,,,,257256,6.882553,159,,,,,,
,,,,,257496,284.36902,240,,,,,,
,,,,,257639,-0.7302475,143,,,,,,
,,,,,258000,,,6.757494926452637,62.000797271728516,62.180641174316406,59.26292419433594,0.04240000000000001,0.001
,,,,,258184,221.11786,545,,,,,,
,,,,,258428,258.59158,244,,,,,,
,,,,,258798,228.22047,370,,,,,,
,,,,,259000,,,18.30585479736328,68.08827209472656,68.57174682617188,127.34513854980469,0.04186666666666667,0.001
,,,,,259032,243.67021,234,,,,,,
,,,,,259607,166.63571,575,,,,,,
,,,,,259941,276.013,334,,,,,,
219.19804,39.043873,292.9241,156.66849,479.1,260000,,,79.3786849975586,65.16411590576172,66.0738525390625,95.07955169677734,0.04133333333333334,0.001
,,,,,260181,263.89532,240,,,,,,
,,,,,260421,254.27399,240,,,,,,
,,,,,260843,214.4354,422,,,,,,
,,,,,261000,,,12.816364288330078,63.719078063964844,64.00041198730469,90.00537109375,0.0408,0.001
,,,,,261155,223.84555,312,,,,,,
,,,,,261459,313.39218,304,,,,,,
,,,,,261907,307.32007,448,,,,,,
,,,,,262000,,,7.210510730743408,62.139869689941406,62.27726364135742,62.01765823364258,0.040266666666666666,0.001
,,,,,262358,256.4187,451,,,,,,
,,,,,262630,231.38531,272,,,,,,
,,,,,263000,,,5.089415550231934,60.50939178466797,60.56256103515625,44.56143569946289,0.03973333333333334,0.001
,,,,,263045,254.4817,415,,,,,,
,,,,,263248,240.76753,203,,,,,,
,,,,,263487,-141.3424,239,,,,,,
,,,,,263732,265.8349,245,,,,,,
,,,,,264000,,,8.99649429321289,66.92686462402344,67.55994415283203,115.73804473876953,0.039200000000000006,0.001
,,,,,264016,254.4804,284,,,,,,
,,,,,264379,279.40778,363,,,,,,
,,,,,264656,293.06622,277,,,,,,
,,,,,265000,,,7.765196800231934,67.71221160888672,68.32811737060547,74.98509979248047,0.03866666666666667,0.001
,,,,,265524,99.0106,868,,,,,,
,,,,,265851,272.7216,327,,,,,,
,,,,,265940,52.22879,89,,,,,,
,,,,,266000,,,18.75461196899414,66.91374206542969,67.6885986328125,94.80831909179688,0.03813333333333334,0.001
,,,,,266772,228.92978,832,,,,,,
,,,,,267000,,,21.42510986328125,59.35514831542969,58.907737731933594,111.0569839477539,0.0376,0.001
,,,,,267107,274.49878,335,,,,,,
,,,,,267345,287.4765,238,,,,,,
,,,,,267564,-134.32812,219,,,,,,
,,,,,267759,-216.24767,195,,,,,,
,,,,,268000,,,6.524607181549072,62.531982421875,62.22785186767578,55.839744567871094,0.03706666666666668,0.001
,,,,,268025,241.135,266,,,,,,
,,,,,268298,262.22388,273,,,,,,
,,,,,268624,216.42036,326,,,,,,
,,,,,269000,,,11.633159637451172,70.6680908203125,69.91344451904297,107.99250030517578,0.036533333333333334,0.001
,,,,,269093,203.96645,469,,,,,,
,,,,,269430,232.50961,337,,,,,,
,,,,,269715,271.3449,285,,,,,,
268.89606,23.064312,292.69125,225.05162,334.3,270000,,,11.264070510864258,56.409236907958984,57.08354949951172,80.7614517211914,0.036000000000000004,0.001
,,,,,270095,247.49123,380,,,,,,
,,,,,270330,263.3417,235,,,,,,
,,,,,270696,252.27718,366,,,,,,
,,,,,270986,266.69586,290,,,,,,
,,,,,271000,,,4.842918872833252,63.25369644165039,63.717124938964844,48.562828063964844,0.035466666666666674,0.001
,,,,,271178,-27.889687,192,,,,,,
,,,,,271524,251.15381,346,,,,,,
,,,,,271809,297.5453,285,,,,,,
,,,,,272000,,,3.5958564281463623,70.59536743164062,70.18401336669922,47.75222396850586,0.03493333333333333,0.001
,,,,,272212,247.4593,403,,,,,,
,,,,,272543,252.54929,331,,,,,,
,,,,,273000,,,7.250729560852051,58.692771911621094,58.6975212097168,59.64704513549805,0.034400000000000014,0.001
,,,,,273006,263.95294,463,,,,,,
,,,,,273301,312.96536,295,,,,,,
,,,,,273705,267.4335,404,,,,,,
,,,,,273954,247.86423,249,,,,,,
,,,,,274000,,,18.411041259765625,58.24955749511719,57.74332046508789,125.63098907470703,0.03386666666666667,0.001
,,,,,274200,269.12408,246,,,,,,
,,,,,274452,262.28232,252,,,,,,
,,,,,274804,212.21936,352,,,,,,
,,,,,275000,,,164.25843811035156,62.954734802246094,61.15737533569336,333.806640625,0.03333333333333334,0.001
,,,,,275362,248.81352,558,,,,,,
,,,,,275674,207.73584,312,,,,,,
,,,,,275995,250.84386,321,,,,,,
,,,,,276000,,,17.13278579711914,71.27096557617188,70.89007568359375,112.03760528564453,0.03280000000000001,0.001
,,,,,276272,245.45801,277,,,,,,
,,,,,276542,264.49475,270,,,,,,
,,,,,276738,317.10257,196,,,,,,
,,,,,277000,,,10.023575782775879,67.14535522460938,67.20551300048828,111.02455139160156,0.032266666666666666,0.001
,,,,,277110,266.53677,372,,,,,,
,,,,,277331,272.34906,221,,,,,,
,,,,,277545,298.5044,214,,,,,,
,,,,,277828,236.38135,283,,,,,,
,,,,,278000,,,5.037909984588623,77.17990112304688,77.77310180664062,68.751953125,0.031733333333333336,0.001
,,,,,278042,277.7262,214,,,,,,
,,,,,278385,230.16685,343,,,,,,
,,,,,278689,250.38783,304,,,,,,
,,,,,278960,232.59723,271,,,,,,
,,,,,279000,,,11.12682056427002,63.07864761352539,62.683128356933594,68.31184387207031,0.031200000000000006,0.001
,,,,,279218,-203.64398,258,,,,,,
,,,,,279412,278.63904,194,,,,,,
,,,,,279607,271.68866,195,,,,,,
,,,,,279873,305.3703,266,,,,,,
229.21675,87.65542,308.27148,22.886932,291.3,280000,,,10.26401138305664,60.36145782470703,60.66361618041992,74.045166015625,0.03066666666666666,0.001
,,,,,280225,241.77293,352,,,,,,
,,,,,280450,302.8998,225,,,,,,
,,,,,280736,259.96246,286,,,,,,
,,,,,281000,,,5.148360729217529,62.16872024536133,62.03374481201172,45.49549102783203,0.030133333333333345,0.001
,,,,,281469,163.77481,733,,,,,,
,,,,,281695,268.14645,226,,,,,,
,,,,,282000,,,3.6897103786468506,77.95706176757812,78.11088562011719,46.42961120605469,0.0296,0.001
,,,,,282019,233.73503,324,,,,,,
,,,,,282331,280.3201,312,,,,,,
,,,,,282553,272.93347,222,,,,,,
,,,,,282816,269.10138,263,,,,,,
,,,,,283000,,,10.192337036132812,56.925132751464844,56.36761474609375,77.90255737304688,0.02906666666666667,0.001
,,,,,283060,285.1505,244,,,,,,
,,,,,283495,271.65613,435,,,,,,
,,,,,283884,271.65546,389,,,,,,
,,,,,284000,,,15.956822395324707,69.33003234863281,69.18644714355469,104.64425659179688,0.02853333333333334,0.001
,,,,,284113,263.74408,229,,,,,,
,,,,,284392,264.9505,279,,,,,,
,,,,,284721,211.72803,329,,,,,,
,,,,,285000,,,6.119431972503662,62.126564025878906,62.2513427734375,34.90470504760742,0.027999999999999997,0.001
,,,,,285082,-164.35849,361,,,,,,
,,,,,285276,273.84152,194,,,,,,
,,,,,285555,277.06616,279,,,,,,
,,,,,285905,275.15686,350,,,,,,
,,,,,286000,,,12.68901252746582,67.27885437011719,67.84584045410156,88.32614135742188,0.02746666666666668,0.001
,,,,,286175,277.43628,270,,,,,,
,,,,,286462,281.43036,287,,,,,,
,,,,,286740,222.54533,278,,,,,,
,,,,,287000,,,6.397171497344971,58.020137786865234,57.661094665527344,48.26081848144531,0.026933333333333337,0.001
,,,,,287195,245.76955,455,,,,,,
,,,,,287400,253.03189,205,,,,,,
,,,,,287654,312.53882,254,,,,,,
,,,,,288000,,,44.83762741088867,64.73829650878906,63.92512893676758,181.1873016357422,0.026400000000000007,0.001
,,,,,288079,236.16173,425,,,,,,
,,,,,288315,303.20377,236,,,,,,
,,,,,289000,,,7.071938514709473,69.53308868408203,69.21790313720703,59.88151931762695,0.025866666666666677,0.001
,,,,,289179,193.9374,864,,,,,,
,,,,,289494,253.7315,315,,,,,,
,,,,,289772,222.57416,278,,,,,,
235.49966,69.33291,292.06354,101.39974,416.2,290000,,,16.792537689208984,65.23387908935547,65.23457336425781,88.73035430908203,0.025333333333333333,0.001
,,,,,290015,306.1573,243,,,,,,
,,,,,290342,200.67923,327,,,,,,
,,,,,290587,280.42188,245,,,,,,
,,,,,290862,238.60683,275,,,,,,
,,,,,291000,,,7.647780418395996,70.16328430175781,70.08016967773438,97.78824615478516,0.024800000000000003,0.001
,,,,,291124,300.6347,262,,,,,,
,,,,,291545,278.62756,421,,,,,,
,,,,,291809,238.75365,264,,,,,,
,,,,,292000,,,10.496259689331055,69.08981323242188,69.16639709472656,75.9264144897461,0.024266666666666672,0.001
,,,,,292010,248.79967,201,,,,,,
,,,,,292175,-2.6411285,165,,,,,,
,,,,,292372,277.63373,197,,,,,,
,,,,,292759,204.9472,387,,,,,,
,,,,,292946,252.543,187,,,,,,
,,,,,293000,,,12.40167236328125,62.15934753417969,62.84652328491211,81.46903228759766,0.02373333333333333,0.001
,,,,,293309,238.3483,363,,,,,,
,,,,,293548,294.19257,239,,,,,,
,,,,,293814,223.22314,266,,,,,,
,,,,,294000,,,5.67625617980957,70.27484893798828,70.05723571777344,62.52473831176758,0.023200000000000012,0.001
,,,,,294071,274.71927,257,,,,,,
,,,,,294462,248.46635,391,,,,,,
,,,,,294800,289.1322,338,,,,,,
,,,,,295000,,,4.802661895751953,70.69437408447266,69.63632202148438,83.38951110839844,0.02266666666666667,0.001
,,,,,295146,267.8712,346,,,,,,
,,,,,295676,237.21158,530,,,,,,
,,,,,295980,252.27065,304,,,,,,
,,,,,296000,,,9.466967582702637,57.11457443237305,57.38812255859375,72.3978271484375,0.022133333333333338,0.001
,,,,,296206,192.17134,226,,,,,,
,,,,,296585,239.59148,379,,,,,,
,,,,,296972,239.78166,387,,,,,,
,,,,,297000,,,7.033027648925781,61.68378448486328,61.021995544433594,54.15615463256836,0.021600000000000008,0.001
,,,,,297648,263.98138,676,,,,,,
,,,,,297896,273.5927,248,,,,,,
,,,,,298000,,,11.400158882141113,63.763221740722656,63.50506591796875,77.47335815429688,0.021066666666666664,0.001
,,,,,298106,253.5169,210,,,,,,
,,,,,298316,290.7598,210,,,,,,
,,,,,298667,244.78426,351,,,,,,
,,,,,298806,4.882927,139,,,,,,
,,,,,299000,,,20.899953842163086,65.7948989868164,64.5814208984375,191.71041870117188,0.020533333333333334,0.001
,,,,,299034,201.66547,228,,,,,,
,,,,,299315,267.42084,281,,,,,,
,,,,,299634,277.28052,319,,,,,,
200.0748,105.98712,285.31424,-18.431679,305.0,300000,,,52.13255310058594,70.68658447265625,71.5316162109375,47.337547302246094,0.02,0.001
,,,,,300056,264.3631,422,,,,,,
,,,,,300720,148.03236,664,,,,,,
,,,,,301000,,,13.659997940063477,57.73397445678711,57.99945831298828,85.04613494873047,0.02,0.001
,,,,,301019,195.63907,299,,,,,,
,,,,,301449,269.21707,430,,,,,,
,,,,,301767,254.28604,318,,,,,,
,,,,,302000,,,14.956568717956543,73.10565185546875,72.40876770019531,128.0528564453125,0.02,0.001
,,,,,302102,302.2666,335,,,,,,
,,,,,302403,257.03033,301,,,,,,
,,,,,302886,228.62898,483,,,,,,
,,,,,303000,,,7.29261589050293,67.20835876464844,66.71175384521484,67.79856872558594,0.02,0.001
,,,,,303119,219.28412,233,,,,,,
,,,,,303389,271.5963,270,,,,,,
,,,,,303597,280.78198,208,,,,,,
,,,,,303924,248.62947,327,,,,,,
,,,,,304000,,,4.728096008300781,69.180908203125,68.58753204345703,48.740386962890625,0.02,0.001
,,,,,304223,262.55072,299,,,,,,
,,,,,304485,278.42432,262,,,,,,
,,,,,304729,234.21904,244,,,,,,
,,,,,304935,251.48991,206,,,,,,
,,,,,305000,,,11.754128456115723,69.54167175292969,69.60137176513672,61.479530334472656,0.02,0.001
,,,,,305130,271.06366,195,,,,,,
,,,,,305403,259.6778,273,,,,,,
,,,,,305859,210.61067,456,,,,,,
,,,,,306000,,,17.25687026977539,51.26243209838867,51.72746276855469,93.36552429199219,0.02,0.001
,,,,,306226,189.21701,367,,,,,,
,,,,,306493,297.25995,267,,,,,,
,,,,,306756,250.84903,263,,,,,,
,,,,,306961,280.55237,205,,,,,,
,,,,,307000,,,4.617431163787842,79.69406127929688,79.75555419921875,43.65880584716797,0.02,0.001
,,,,,307220,286.50635,259,,,,,,
,,,,,307466,271.51813,246,,,,,,
,,,,,307815,293.63715,349,,,,,,
,,,,,307902,23.055412,87,,,,,,
,,,,,308000,,,15.466339111328125,69.2818374633789,68.32945251464844,110.53286743164062,0.02,0.001
,,,,,308004,30.182129,102,,,,,,
,,,,,308334,277.004,330,,,,,,
,,,,,308520,258.30212,186,,,,,,
,,,,,308923,192.18436,403,,,,,,
,,,,,309000,,,9.113654136657715,68.42779541015625,68.17634582519531,42.90127944946289,0.02,0.001
,,,,,309134,278.3385,211,,,,,,
,,,,,309405,269.6338,271,,,,,,
,,,,,309757,221.56094,352,,,,,,
,,,,,309983,278.28598,226,,,,,,
192.24344,102.80703,278.18683,-98.4133,396.4,310000,,,5.680689811706543,75.67578887939453,76.61577606201172,86.709228515625,0.02,0.001
,,,,,310220,243.90831,237,,,,,,
,,,,,310555,277.95715,335,,,,,,
,,,,,310740,-178.62476,185,,,,,,
,,,,,311000,,,38.98642349243164,70.66294860839844,69.56280517578125,275.98760986328125,0.02,0.001
,,,,,311118,251.07327,378,,,,,,
,,,,,311350,255.73178,232,,,,,,
,,,,,311813,239.937,463,,,,,,
,,,,,312000,,,8.977288246154785,71.07118225097656,71.86552429199219,77.3211898803711,0.02,0.001
,,,,,312204,172.5688,391,,,,,,
,,,,,312469,248.7902,265,,,,,,
,,,,,312826,231.0302,357,,,,,,
,,,,,313000,,,93.21879577636719,65.12905883789062,64.47386932373047,435.2622375488281,0.02,0.001
,,,,,313217,300.17575,391,,,,,,
,,,,,313637,210.76022,420,,,,,,
,,,,,313842,253.39093,205,,,,,,
,,,,,314000,,,7.510659694671631,63.62525939941406,63.00252151489258,81.23689270019531,0.02,0.001
,,,,,314031,263.77637,189,,,,,,
,,,,,314773,202.52899,742,,,,,,
,,,,,315000,,,8.898307800292969,66.21199035644531,65.81053161621094,69.98765563964844,0.02,0.001
,,,,,315081,214.51747,308,,,,,,
,,,,,315477,224.54657,396,,,,,,
,,,,,315873,258.26428,396,,,,,,
,,,,,316000,,,26.368045806884766,67.15655517578125,67.4779281616211,108.33869171142578,0.02,0.001
,,,,,316373,245.58316,500,,,,,,
,,,,,316600,216.53456,227,,,,,,
,,,,,316991,266.702,391,,,,,,
,,,,,317000,,,11.049127578735352,58.875404357910156,58.90817642211914,77.0014419555664,0.02,0.001
,,,,,317269,271.8531,278,,,,,,
,,,,,317631,275.43393,362,,,,,,
,,,,,317881,235.80417,250,,,,,,
,,,,,318000,,,62.71445083618164,74.09883117675781,74.49178314208984,126.86153411865234,0.02,0.001
,,,,,318135,247.10118,254,,,,,,
,,,,,318438,267.1584,303,,,,,,
,,,,,318698,258.33054,260,,,,,,
,,,,,319000,,,9.936851501464844,71.15287780761719,71.05845642089844,62.26996994018555,0.02,0.001
,,,,,319014,231.43011,316,,,,,,
,,,,,319241,288.2534,227,,,,,,
,,,,,319503,5.2314835,262,,,,,,
,,,,,319783,223.13763,280,,,,,,
253.85376,32.550034,295.23846,200.49576,311.3,320000,,,13.730241775512695,71.16622161865234,71.2652587890625,81.56593322753906,0.02,0.001
,,,,,320008,267.78314,225,,,,,,
,,,,,320357,235.36905,349,,,,,,
,,,,,320699,242.70503,342,,,,,,
,,,,,321000,,,10.163747787475586,81.43238830566406,81.60432434082031,80.88146209716797,0.02,0.001
,,,,,321019,237.42973,320,,,,,,
,,,,,321385,230.24951,366,,,,,,
,,,,,321613,283.43228,228,,,,,,
,,,,,321910,238.06451,297,,,,,,
,,,,,322000,,,502.9178161621094,65.10112762451172,62.5294303894043,404.1321105957031,0.02,0.001
,,,,,322108,223.72833,198,,,,,,
,,,,,322236,0.8380356,128,,,,,,
,,,,,322548,270.81403,312,,,,,,
,,,,,322963,238.95822,415,,,,,,
,,,,,323000,,,12.684316635131836,62.54171371459961,62.17955017089844,81.91747283935547,0.02,0.001
,,,,,323217,259.26337,254,,,,,,
,,,,,323569,221.87941,352,,,,,,
,,,,,324000,,,9.328319549560547,55.93207550048828,56.09234619140625,89.45111846923828,0.02,0.001
,,,,,324159,157.71515,590,,,,,,
,,,,,324310,277.5972,151,,,,,,
,,,,,324610,306.40186,300,,,,,,
,,,,,324838,268.6537,228,,,,,,
,,,,,325000,,,21.671886444091797,66.2092514038086,66.20320129394531,105.68585205078125,0.02,0.001
,,,,,325021,258.84454,183,,,,,,
,,,,,325322,219.12187,301,,,,,,
,,,,,325512,-4.0697937,190,,,,,,
,,,,,325783,269.84784,271,,,,,,
,,,,,326000,,,12.212591171264648,68.3001708984375,68.50394439697266,90.46166229248047,0.02,0.001
,,,,,326114,219.46594,331,,,,,,
,,,,,326436,299.93234,322,,,,,,
,,,,,326668,252.67139,232,,,,,,
,,,,,326898,279.5255,230,,,,,,
,,,,,327000,,,7.971159934997559,69.48265838623047,68.85604095458984,76.74935913085938,0.02,0.001
,,,,,327246,261.80176,348,,,,,,
,,,,,327477,246.30138,231,,,,,,
,,,,,327684,233.62402,207,,,,,,
,,,,,327879,273.22986,195,,,,,,
,,,,,328000,,,55.65345764160156,71.59751892089844,72.09922790527344,104.9366683959961,0.02,0.001
,,,,,328226,248.03297,347,,,,,,
,,,,,328403,239.46457,177,,,,,,
,,,,,328532,33.371826,129,,,,,,
,,,,,329000,,,13.742629051208496,71.23336791992188,71.85574340820312,93.88546752929688,0.02,0.001
,,,,,329342,254.56306,810,,,,,,
,,,,,329639,297.40417,297,,,,,,
,,,,,329799,19.628983,160,,,,,,
203.02495,95.84655,279.83673,-45.206497,341.3,330000,,,456.2033996582031,72.84820556640625,70.58074951171875,241.348876953125,0.02,0.001
,,,,,330046,316.18353,247,,,,,,
,,,,,330973,275.5622,927,,,,,,
,,,,,331000,,,15.109594345092773,69.08434295654297,69.03720092773438,83.3506088256836,0.02,0.001
,,,,,331266,259.63232,293,,,,,,
,,,,,331550,272.99402,284,,,,,,
,,,,,331766,265.5444,216,,,,,,
,,,,,332000,,,55.661190032958984,74.69759368896484,76.29527282714844,87.08502960205078,0.02,0.001
,,,,,332058,290.5786,292,,,,,,
,,,,,332319,305.90344,261,,,,,,
,,,,,332868,282.81192,549,,,,,,
,,,,,333000,,,17.074983596801758,65.18972778320312,65.95866394042969,94.96308135986328,0.02,0.001
,,,,,333133,227.26273,265,,,,,,
,,,,,333412,282.73303,279,,,,,,
,,,,,333600,253.30992,188,,,,,,
,,,,,333745,250.23288,145,,,,,,
,,,,,334000,,,13.219167709350586,66.85984802246094,65.78118896484375,130.60720825195312,0.02,0.001
,,,,,334047,206.94406,302,,,,,,
,,,,,334243,250.22937,196,,,,,,
,,,,,334416,230.53618,173,,,,,,
,,,,,334659,244.77528,243,,,,,,
,,,,,335000,,,6.363737106323242,77.95331573486328,78.1827163696289,49.09883117675781,0.02,0.001
,,,,,335008,248.18837,349,,,,,,
,,,,,335240,226.3729,232,,,,,,
,,,,,335548,229.00969,308,,,,,,
,,,,,336000,,,5.203865051269531,72.87155151367188,72.56546020507812,46.75495529174805,0.02,0.001
,,,,,336343,140.67796,795,,,,,,
,,,,,336589,280.96442,246,,,,,,
,,,,,336825,286.33566,236,,,,,,
,,,,,337000,,,43.56620788574219,73.12278747558594,73.75132751464844,54.7282829284668,0.02,0.001
,,,,,337167,250.2083,342,,,,,,
,,,,,337456,269.1093,289,,,,,,
,,,,,337862,177.41081,406,,,,,,
,,,,,338000,,,27.798458099365234,68.27070617675781,68.26496887207031,94.82305908203125,0.02,0.001
,,,,,338114,231.1219,252,,,,,,
,,,,,338345,-52.2983,231,,,,,,
,,,,,338535,-16.627014,190,,,,,,
,,,,,339000,,,19.465103149414062,69.15697479248047,68.87216186523438,137.28453063964844,0.02,0.001
,,,,,339535,11.833379,1000,,,,,,
,,,,,339768,286.01523,233,,,,,,
253.91704,17.265089,280.85626,214.23221,317.2,340000,,,2.57509183883667,67.96388244628906,67.92627716064453,45.302734375,0.02,0.001
,,,,,340077,247.26727,309,,,,,,
,,,,,340288,270.12152,211,,,,,,
,,,,,340521,280.77438,233,,,,,,
,,,,,340894,246.62546,373,,,,,,
,,,,,341000,,,5.22276496887207,78.00386810302734,77.97918701171875,58.750816345214844,0.02,0.001
,,,,,341336,-54.9766,442,,,,,,
,,,,,341503,253.58354,167,,,,,,
,,,,,341830,272.24615,327,,,,,,
,,,,,342000,,,52.88738250732422,69.71580505371094,70.2826156616211,50.93779754638672,0.02,0.001
,,,,,342075,253.35184,245,,,,,,
,,,,,342431,269.4795,356,,,,,,
,,,,,342574,260.84937,143,,,,,,
,,,,,342848,287.29712,274,,,,,,
,,,,,343000,,,7.02510929107666,80.59555053710938,80.62722778320312,52.18635940551758,0.02,0.001
,,,,,343161,275.09784,313,,,,,,
,,,,,343399,303.46362,238,,,,,,
,,,,,343612,266.1317,213,,,,,,
,,,,,343853,253.49939,241,,,,,,
,,,,,344000,,,17.931337356567383,70.10317993164062,70.5084457397461,153.28273010253906,0.02,0.001
,,,,,344092,256.91083,239,,,,,,
,,,,,345000,,,27.462312698364258,67.3662109375,68.03205871582031,121.39002990722656,0.02,0.001
,,,,,345092,149.7323,1000,,,,,,
,,,,,345379,261.33026,287,,,,,,
,,,,,345544,249.8237,165,,,,,,
,,,,,346000,,,16.1855411529541,74.1388931274414,73.7057876586914,95.63626861572266,0.02,0.001
,,,,,346128,153.52917,584,,,,,,
,,,,,346307,249.29909,179,,,,,,
,,,,,346662,188.76385,355,,,,,,
,,,,,347000,,,84.91620635986328,73.18499755859375,75.01933288574219,258.3904724121094,0.02,0.001
,,,,,347042,244.26787,380,,,,,,
,,,,,347233,-135.28049,191,,,,,,
,,,,,347571,231.55382,338,,,,,,
,,,,,347808,261.3894,237,,,,,,
,,,,,348000,,,6.113332748413086,75.49290466308594,75.90184783935547,54.269344329833984,0.02,0.001
,,,,,348005,258.77533,197,,,,,,
,,,,,348310,268.76526,305,,,,,,
,,,,,348736,270.10474,426,,,,,,
,,,,,349000,,,20.343677520751953,68.302001953125,68.02774047851562,126.17144012451172,0.02,0.001
,,,,,349385,263.58563,649,,,,,,
,,,,,349615,256.34222,230,,,,,,
135.10788,140.0608,299.65314,-102.24893,407.9,350000,,,28.30282211303711,69.03730773925781,69.78509521484375,210.21290588378906,0.02,0.001
,,,,,350037,228.08539,422,,,,,,
,,,,,350369,233.50157,332,,,,,,
,,,,,350649,242.83025,280,,,,,,
,,,,,350915,244.80708,266,,,,,,
,,,,,351000,,,7.332354545593262,71.56661987304688,72.27030944824219,66.31295013427734,0.02,0.001
,,,,,351229,243.82445,314,,,,,,
,,,,,351505,267.07297,276,,,,,,
,,,,,351742,215.16156,237,,,,,,
,,,,,352000,,,12.81952953338623,65.81227111816406,65.54554748535156,87.365966796875,0.02,0.001
,,,,,352030,271.35754,288,,,,,,
,,,,,352503,232.53435,473,,,,,,
,,,,,352751,279.4095,248,,,,,,
,,,,,353000,,,7.673054218292236,67.66793823242188,67.62326049804688,63.36973190307617,0.02,0.001
,,,,,353060,229.21808,309,,,,,,
,,,,,353477,241.41193,417,,,,,,
,,,,,353742,260.4805,265,,,,,,
,,,,,354000,,,6.343634605407715,73.18826293945312,74.06813049316406,81.73523712158203,0.02,0.001
,,,,,354156,246.73032,414,,,,,,
,,,,,355000,,,12.004484176635742,81.34463500976562,80.69496154785156,70.65597534179688,0.02,0.001
,,,,,355051,187.26645,895,,,,,,
,,,,,355223,239.80403,172,,,,,,
,,,,,355348,-8.852982,125,,,,,,
,,,,,355572,241.7089,224,,,,,,
,,,,,355823,234.0549,251,,,,,,
,,,,,356000,,,3.6000730991363525,69.22294616699219,69.46466064453125,40.632179260253906,0.02,0.001
,,,,,356115,252.0768,292,,,,,,
,,,,,356386,252.49055,271,,,,,,
,,,,,356684,225.08582,298,,,,,,
,,,,,356883,227.90836,199,,,,,,
,,,,,357000,,,17.093542098999023,68.42005920410156,67.32232666015625,158.59239196777344,0.02,0.001
,,,,,357230,225.98729,347,,,,,,
,,,,,357459,270.23132,229,,,,,,
,,,,,357713,301.36487,254,,,,,,
,,,,,358000,,,21.34149169921875,72.08808898925781,71.21421813964844,116.79434204101562,0.02,0.001
,,,,,358051,280.36273,338,,,,,,
,,,,,358605,197.85873,554,,,,,,
,,,,,358836,264.722,231,,,,,,
,,,,,358979,39.970642,143,,,,,,
,,,,,359000,,,46.562232971191406,70.0781021118164,71.16984558105469,76.3025131225586,0.02,0.001
,,,,,359159,260.68854,180,,,,,,
,,,,,359423,254.01118,264,,,,,,
,,,,,359630,245.97218,207,,,,,,
,,,,,359875,264.412,245,,,,,,
191.73547,127.45108,268.3,-165.0736,329.8,360000,,,10.91546630859375,74.33613586425781,73.29228973388672,84.67457580566406,0.02,0.001
,,,,,360143,212.05907,268,,,,,,
,,,,,360584,234.60449,441,,,,,,
,,,,,361000,,,11.127395629882812,69.78855895996094,69.47874450683594,76.59586334228516,0.02,0.001
,,,,,361014,225.25833,430,,,,,,
,,,,,361259,222.87755,245,,,,,,
,,,,,361506,270.6236,247,,,,,,
,,,,,361723,275.5445,217,,,,,,
,,,,,361969,293.42065,246,,,,,,
,,,,,362000,,,9.128106117248535,78.55355834960938,78.13986206054688,50.09721755981445,0.02,0.001
,,,,,362247,296.9817,278,,,,,,
,,,,,362583,214.54659,336,,,,,,
,,,,,362942,311.1842,359,,,,,,
,,,,,363000,,,18.78154754638672,54.58338928222656,54.838623046875,129.85707092285156,0.02,0.001
,,,,,363238,207.20245,296,,,,,,
,,,,,363458,258.13657,220,,,,,,
,,,,,363706,277.84772,248,,,,,,
,,,,,363892,265.69818,186,,,,,,
,,,,,364000,,,11.950925827026367,67.97782135009766,67.62957000732422,97.45556640625,0.02,0.001
,,,,,364147,293.22906,255,,,,,,
,,,,,364408,282.34692,261,,,,,,
,,,,,364681,272.91595,273,,,,,,
,,,,,365000,,,19.921722412109375,75.85475158691406,76.61016845703125,92.19998168945312,0.02,0.001
,,,,,365256,278.5236,575,,,,,,
,,,,,365460,257.0428,204,,,,,,
,,,,,365795,287.93512,335,,,,,,
,,,,,366000,,,28.670377731323242,67.18458557128906,67.51895904541016,132.8742218017578,0.02,0.001
,,,,,366036,268.70978,241,,,,,,
,,,,,366328,273.55603,292,,,,,,
,,,,,366614,306.4104,286,,,,,,
,,,,,366906,261.56604,292,,,,,,
,,,,,367000,,,10.012130737304688,75.84567260742188,75.59597778320312,93.89283752441406,0.02,0.001
,,,,,367111,257.11774,205,,,,,,
,,,,,367319,270.94162,208,,,,,,
,,,,,367574,257.11005,255,,,,,,
,,,,,367799,289.34955,225,,,,,,
,,,,,368000,,,10.220901489257812,71.14289855957031,71.33544158935547,79.53550720214844,0.02,0.001
,,,,,368028,282.67603,229,,,,,,
,,,,,368491,247.39314,463,,,,,,
,,,,,368699,293.08905,208,,,,,,
,,,,,369000,,,185.03306579589844,66.51611328125,64.7120590209961,391.1817932128906,0.02,0.001
,,,,,369095,249.41386,396,,,,,,
,,,,,369300,275.7747,205,,,,,,
,,,,,369488,260.20755,188,,,,,,
,,,,,369898,267.7917,410,,,,,,
176.48538,123.38162,295.2983,-33.459305,225.7,370000,,,9.335878372192383,58.79644012451172,59.0472526550293,70.26347351074219,0.02,0.001
,,,,,370107,290.70093,209,,,,,,
,,,,,370325,297.82486,218,,,,,,
,,,,,370553,278.28833,228,,,,,,
,,,,,370961,237.69429,408,,,,,,
,,,,,371000,,,465.0361633300781,74.77732849121094,77.79832458496094,655.2099609375,0.02,0.001
,,,,,371211,284.66122,250,,,,,,
,,,,,371880,250.35486,669,,,,,,
,,,,,372000,,,7.869650840759277,72.03811645507812,71.75126647949219,79.22671508789062,0.02,0.001
,,,,,372059,256.162,179,,,,,,
,,,,,372251,258.49298,192,,,,,,
,,,,,372447,-3.9786377,196,,,,,,
,,,,,372921,205.09302,474,,,,,,
,,,,,373000,,,8.643600463867188,66.595947265625,66.76060485839844,50.05084228515625,0.02,0.001
,,,,,373355,270.104,434,,,,,,
,,,,,373568,266.31516,213,,,,,,
,,,,,373675,41.5511,107,,,,,,
,,,,,374000,,,9.675030708312988,62.7283935546875,62.86349105834961,58.033111572265625,0.02,0.001
,,,,,374136,298.84363,461,,,,,,
,,,,,374410,305.2343,274,,,,,,
,,,,,374604,272.5109,194,,,,,,
,,,,,374823,300.55768,219,,,,,,
,,,,,375000,,,12.548303604125977,67.59555053710938,67.37626647949219,95.81490325927734,0.02,0.001
,,,,,375006,262.4109,183,,,,,,
,,,,,375251,259.43262,245,,,,,,
,,,,,375430,248.45897,179,,,,,,
,,,,,375675,258.56088,245,,,,,,
,,,,,376000,,,8.05087947845459,75.1763687133789,75.77058410644531,54.77640914916992,0.02,0.001
,,,,,376107,272.69485,432,,,,,,
,,,,,376242,12.355522,135,,,,,,
,,,,,377000,,,9.709942817687988,70.07928466796875,69.93314361572266,84.94597625732422,0.02,0.001
,,,,,377242,-99.12484,1000,,,,,,
,,,,,377537,275.05988,295,,,,,,
,,,,,377861,244.6191,324,,,,,,
,,,,,378000,,,40.290382385253906,73.17152404785156,74.2845458984375,45.34983825683594,0.02,0.001
,,,,,378214,299.89133,353,,,,,,
,,,,,378464,279.17343,250,,,,,,
,,,,,378643,278.32172,179,,,,,,
,,,,,379000,,,5.731252670288086,74.77293395996094,75.04975128173828,48.26218795776367,0.02,0.001
,,,,,379185,226.88174,542,,,,,,
,,,,,379380,309.2105,195,,,,,,
,,,,,379564,251.55275,184,,,,,,
225.64163,77.28504,289.3483,21.064545,300.1,380000,,,32.18474578857422,74.64044189453125,73.84249877929688,150.17123413085938,0.02,0.001
,,,,,380132,218.04996,568,,,,,,
,,,,,380373,251.52557,241,,,,,,
,,,,,381000,,,5.105067729949951,67.17825317382812,67.13794708251953,47.00823974609375,0.02,0.001
,,,,,381014,218.1431,641,,,,,,
,,,,,381186,275.20465,172,,,,,,
,,,,,381394,270.13397,208,,,,,,
,,,,,381524,34.137726,130,,,,,,
,,,,,381793,296.4474,269,,,,,,
,,,,,382000,,,13.095514297485352,68.46267700195312,68.61978149414062,78.93854522705078,0.02,0.001
,,,,,382112,252.4642,319,,,,,,
,,,,,382791,275.20377,679,,,,,,
,,,,,383000,,,4.809771537780762,79.32075500488281,79.14464569091797,37.97980499267578,0.02,0.001
,,,,,383075,274.1386,284,,,,,,
,,,,,383224,250.47955,149,,,,,,
,,,,,383453,252.21846,229,,,,,,
,,,,,383947,251.9589,494,,,,,,
,,,,,384000,,,39.32802963256836,75.76722717285156,76.37911987304688,60.7917366027832,0.02,0.001
,,,,,384148,260.09256,201,,,,,,
,,,,,384322,287.51138,174,,,,,,
,,,,,384531,270.43738,209,,,,,,
,,,,,384716,238.56242,185,,,,,,
,,,,,384895,275.0121,179,,,,,,
,,,,,385000,,,23.155071258544922,74.74665832519531,74.95176696777344,75.89972686767578,0.02,0.001
,,,,,385077,245.74074,182,,,,,,
,,,,,385338,267.66327,261,,,,,,
,,,,,385531,281.43726,193,,,,,,
,,,,,385677,35.78589,146,,,,,,
,,,,,385913,219.28867,236,,,,,,
,,,,,386000,,,4.3479766845703125,77.60072326660156,77.98202514648438,55.62638473510742,0.02,0.001
,,,,,386319,259.245,406,,,,,,
,,,,,386608,263.72314,289,,,,,,
,,,,,387000,,,5.829694747924805,65.94050598144531,65.68831634521484,56.60291290283203,0.02,0.001
,,,,,387203,253.96509,595,,,,,,
,,,,,387441,286.3783,238,,,,,,
,,,,,387715,243.42589,274,,,,,,
,,,,,387959,284.8559,244,,,,,,
,,,,,388000,,,39.16176986694336,73.29423522949219,74.08856201171875,65.93778991699219,0.02,0.001
,,,,,388175,263.70905,216,,,,,,
,,,,,388525,239.44414,350,,,,,,
,,,,,388625,66.69971,100,,,,,,
,,,,,388793,282.15515,168,,,,,,
,,,,,389000,,,8.006773948669434,76.74278259277344,76.65420532226562,40.32846450805664,0.02,0.001
,,,,,389296,-192.35956,503,,,,,,
,,,,,389542,300.88623,246,,,,,,
,,,,,389726,291.012,184,,,,,,
,,,,,389872,250.6952,146,,,,,,
226.23792,99.051544,296.31732,-42.073513,449.2,390000,,,8.12608528137207,73.76557922363281,73.49488067626953,43.41950607299805,0.02,0.001
,,,,,390034,260.48132,162,,,,,,
,,,,,390237,244.13403,203,,,,,,
,,,,,390425,280.84003,188,,,,,,
,,,,,390655,268.07208,230,,,,,,
,,,,,390858,252.01892,203,,,,,,
,,,,,391000,,,7.032548904418945,78.81198120117188,78.63392639160156,44.937496185302734,0.02,0.001
,,,,,391577,268.016,719,,,,,,
,,,,,391916,286.4318,339,,,,,,
,,,,,392000,,,3.694033145904541,76.43305206298828,76.73413848876953,46.83578109741211,0.02,0.001
,,,,,392241,267.72498,325,,,,,,
,,,,,392625,275.76013,384,,,,,,
,,,,,393000,,,5.239307880401611,70.566650390625,70.83944702148438,50.255096435546875,0.02,0.001
,,,,,393172,237.9635,547,,,,,,
,,,,,393409,284.2161,237,,,,,,
,,,,,393712,274.0746,303,,,,,,
,,,,,393927,286.31583,215,,,,,,
,,,,,394000,,,10.430843353271484,69.7742919921875,69.7313003540039,52.618350982666016,0.02,0.001
,,,,,394306,294.5222,379,,,,,,
,,,,,394455,238.07841,149,,,,,,
,,,,,394648,266.5625,193,,,,,,
,,,,,394881,286.57794,233,,,,,,
,,,,,395000,,,29.616470336914062,63.7890739440918,62.30461120605469,163.50953674316406,0.02,0.001
,,,,,395881,83.85348,1000,,,,,,
,,,,,396000,,,5.035160064697266,74.82849884033203,75.06857299804688,64.1734848022461,0.02,0.001
,,,,,396081,301.19205,200,,,,,,
,,,,,396308,287.4959,227,,,,,,
,,,,,396549,289.35272,241,,,,,,
,,,,,397000,,,7.867082595825195,69.865966796875,69.48893737792969,58.013343811035156,0.02,0.001
,,,,,397085,234.14812,536,,,,,,
,,,,,397379,253.7094,294,,,,,,
,,,,,397861,290.97504,482,,,,,,
,,,,,398000,,,6.586359977722168,72.04310607910156,72.39511108398438,55.37240219116211,0.02,0.001
,,,,,398366,248.01349,505,,,,,,
,,,,,398579,277.18298,213,,,,,,
,,,,,398792,271.03638,213,,,,,,
,,,,,398943,289.72934,151,,,,,,
,,,,,399000,,,6.118614196777344,71.75106811523438,71.68687438964844,39.5894889831543,0.02,0.001
,,,,,399114,251.08963,171,,,,,,
208.61919,88.96705,284.10748,4.2153015,314.5,400000,,,33.62936019897461,75.40621185302734,75.9788818359375,171.13853454589844,0.02,0.001
,,,,,400099,240.9191,985,,,,,,
,,,,,400354,268.21466,255,,,,,,
,,,,,400590,-12.015816,236,,,,,,
,,,,,400825,293.8828,235,,,,,,
,,,,,401000,,,4.26698637008667,81.94670867919922,81.61486053466797,47.143611907958984,0.02,0.001
,,,,,401060,268.87866,235,,,,,,
,,,,,401261,259.75024,201,,,,,,
,,,,,401483,285.6366,222,,,,,,
,,,,,402000,,,17.285720825195312,78.1208267211914,78.61492919921875,76.47737884521484,0.02,0.001
,,,,,402054,200.4869,571,,,,,,
,,,,,402218,252.0093,164,,,,,,
,,,,,402479,268.46072,261,,,,,,
,,,,,403000,,,8.5299072265625,69.56062316894531,69.6461181640625,77.36210632324219,0.02,0.001
,,,,,403034,259.94196,555,,,,,,
,,,,,403340,266.09372,306,,,,,,
,,,,,403874,273.3566,534,,,,,,
,,,,,404000,,,4.260628700256348,69.3467025756836,69.3615951538086,47.42186737060547,0.02,0.001
,,,,,404018,273.9459,144,,,,,,
,,,,,404182,241.24608,164,,,,,,
,,,,,404941,164.68425,759,,,,,,
,,,,,405000,,,3.4946789741516113,72.98218536376953,72.69831848144531,32.208736419677734,0.02,0.001
,,,,,405171,256.90802,230,,,,,,
,,,,,405326,280.13248,155,,,,,,
,,,,,405494,273.1742,168,,,,,,
,,,,,405815,262.56003,321,,,,,,
,,,,,406000,,,6.611565589904785,72.37565612792969,71.99462890625,69.43661499023438,0.02,0.001
,,,,,406223,249.12187,408,,,,,,
,,,,,406464,282.8829,241,,,,,,
,,,,,406655,271.09137,191,,,,,,
,,,,,407000,,,2.489527940750122,79.77632141113281,79.47088623046875,35.47228240966797,0.02,0.001
,,,,,407049,258.8404,394,,,,,,
,,,,,407304,297.85382,255,,,,,,
,,,,,407520,289.7595,216,,,,,,
,,,,,407694,231.41737,174,,,,,,
,,,,,407908,256.1065,214,,,,,,
,,,,,408000,,,4.728057861328125,75.55792236328125,75.53852081298828,48.99483108520508,0.02,0.001
,,,,,408096,274.14093,188,,,,,,
,,,,,408270,275.926,174,,,,,,
,,,,,408665,260.83728,395,,,,,,
,,,,,409000,,,5.530284881591797,70.29633331298828,70.21144104003906,57.266021728515625,0.02,0.001
,,,,,409092,285.97382,427,,,,,,
,,,,,409373,287.49387,281,,,,,,
,,,,,409549,291.93774,176,,,,,,
,,,,,409902,232.89124,353,,,,,,
260.92505,30.140194,309.78186,213.72464,249.9,410000,,,67.75404357910156,66.54146575927734,66.5842056274414,150.95069885253906,0.02,0.001
,,,,,410113,268.39185,211,,,,,,
,,,,,410313,264.28442,200,,,,,,
,,,,,410498,244.03964,185,,,,,,
,,,,,410758,276.5664,260,,,,,,
,,,,,410969,239.7793,211,,,,,,
,,,,,411000,,,4.498619079589844,76.28160858154297,75.91465759277344,61.028724670410156,0.02,0.001
,,,,,411163,-29.108452,194,,,,,,
,,,,,411307,34.451935,144,,,,,,
,,,,,411570,260.0183,263,,,,,,
,,,,,411915,210.39038,345,,,,,,
,,,,,412000,,,9.960132598876953,71.40597534179688,71.02447509765625,72.08779907226562,0.02,0.001
,,,,,412162,304.38388,247,,,,,,
,,,,,412456,248.75624,294,,,,,,
,,,,,412627,278.51132,171,,,,,,
,,,,,412915,286.73657,288,,,,,,
,,,,,413000,,,34.686546325683594,75.56475067138672,76.22825622558594,61.38801193237305,0.02,0.001
,,,,,413108,283.33716,193,,,,,,
,,,,,413317,273.95392,209,,,,,,
,,,,,413514,-10.748199,197,,,,,,
,,,,,414000,,,5.867312908172607,73.15572357177734,73.18211364746094,47.3806266784668,0.02,0.001
,,,,,414002,292.70514,488,,,,,,
,,,,,414277,287.95856,275,,,,,,
,,,,,414452,24.194221,175,,,,,,
,,,,,414636,256.23413,184,,,,,,
,,,,,415000,,,32.86112976074219,79.82420349121094,80.89198303222656,105.811279296875,0.02,0.001
,,,,,415048,186.46054,412,,,,,,
,,,,,415212,22.311455,164,,,,,,
,,,,,415579,270.0442,367,,,,,,
,,,,,415890,258.29657,311,,,,,,
,,,,,416000,,,34.95085144042969,68.79920959472656,69.32333374023438,71.86876678466797,0.02,0.001
,,,,,416204,258.92932,314,,,,,,
,,,,,416415,221.0459,211,,,,,,
,,,,,416825,246.2792,410,,,,,,
,,,,,417000,,,7.591579914093018,58.548675537109375,58.480384826660156,63.9705696105957,0.02,0.001
,,,,,417035,260.64734,210,,,,,,
,,,,,417211,290.5739,176,,,,,,
,,,,,417895,193.56653,684,,,,,,
,,,,,418000,,,6.765432834625244,79.1943130493164,79.50369262695312,56.62771987915039,0.02,0.001
,,,,,418133,238.3536,238,,,,,,
,,,,,418341,299.04315,208,,,,,,
,,,,,418683,260.34485,342,,,,,,
,,,,,418892,266.68106,209,,,,,,
,,,,,419000,,,5.666031837463379,75.33619689941406,74.88500213623047,40.31047058105469,0.02,0.001
,,,,,419057,-214.30325,165,,,,,,
,,,,,419535,265.49738,478,,,,,,
,,,,,419818,250.06207,283,,,,,,
234.76762,52.11692,290.79114,128.72388,379.5,420000,,,6.255188465118408,67.76837158203125,68.28800964355469,67.2237777709961,0.02,0.001
,,,,,420106,265.4853,288,,,,,,
,,,,,420477,281.2662,371,,,,,,
,,,,,420743,253.10677,266,,,,,,
,,,,,420973,270.08618,230,,,,,,
,,,,,421000,,,15.168560028076172,68.82380676269531,68.93589782714844,123.99718475341797,0.02,0.001
,,,,,421497,213.28235,524,,,,,,
,,,,,421682,236.2308,185,,,,,,
,,,,,422000,,,12.32170295715332,59.160858154296875,60.078033447265625,88.74079132080078,0.02,0.001
,,,,,422025,251.26929,343,,,,,,
,,,,,422185,-181.36035,160,,,,,,
,,,,,422733,239.428,548,,,,,,
,,,,,422959,264.76886,226,,,,,,
,,,,,423000,,,25.348228454589844,67.3525161743164,67.99996185302734,117.38247680664062,0.02,0.001
,,,,,423303,-178.90366,344,,,,,,
,,,,,423724,112.57673,421,,,,,,
,,,,,424000,,,41.17002868652344,66.29177856445312,66.6399154663086,93.8953628540039,0.02,0.001
,,,,,424087,248.54321,363,,,,,,
,,,,,424336,277.4593,249,,,,,,
,,,,,424519,203.83444,183,,,,,,
,,,,,424795,273.64252,276,,,,,,
,,,,,424959,-201.53275,164,,,,,,
,,,,,425000,,,10.082010269165039,71.71388244628906,71.65646362304688,75.02523040771484,0.02,0.001
,,,,,425198,266.34702,239,,,,,,
,,,,,425449,232.23761,251,,,,,,
,,,,,425775,284.26538,326,,,,,,
,,,,,425980,231.67332,205,,,,,,
,,,,,426000,,,6.072976112365723,72.12042236328125,71.74131774902344,41.87975311279297,0.02,0.001
,,,,,426280,238.67154,300,,,,,,
,,,,,426532,253.98892,252,,,,,,
,,,,,426699,281.74243,167,,,,,,
,,,,,427000,,,4.799726486206055,70.96231079101562,71.32461547851562,42.23011016845703,0.02,0.001
,,,,,427215,-102.0457,516,,,,,,
,,,,,427512,267.79626,297,,,,,,
,,,,,427682,-11.383202,170,,,,,,
,,,,,427901,249.17664,219,,,,,,
,,,,,428000,,,3.923082113265991,76.41065979003906,76.43324279785156,45.76908874511719,0.02,0.001
,,,,,428143,271.54,242,,,,,,
,,,,,428440,267.49036,297,,,,,,
,,,,,428608,1.7662048,168,,,,,,
,,,,,428736,6.8862457,128,,,,,,
,,,,,429000,,,9.968238830566406,70.1176528930664,70.46734619140625,67.43771362304688,0.02,0.001
,,,,,429184,231.91501,448,,,,,,
,,,,,429425,275.49677,241,,,,,,
,,,,,429601,-29.488922,176,,,,,,
,,,,,429904,268.34637,303,,,,,,
159.32976,122.30823,283.9519,-167.84229,557.6,430000,,,3.924232006072998,75.46524810791016,75.52888488769531,27.423423767089844,0.02,0.001
,,,,,430204,274.0548,300,,,,,,
,,,,,430404,271.11295,200,,,,,,
,,,,,430677,266.15262,273,,,,,,
,,,,,430844,215.4783,167,,,,,,
,,,,,431000,,,6.257460594177246,75.57810974121094,75.37066650390625,56.44487762451172,0.02,0.001
,,,,,431015,268.02258,171,,,,,,
,,,,,431250,269.32556,235,,,,,,
,,,,,431434,266.4787,184,,,,,,
,,,,,431680,280.2212,246,,,,,,
,,,,,431975,215.19194,295,,,,,,
,,,,,432000,,,2.715851306915283,79.04244995117188,78.80441284179688,38.50092697143555,0.02,0.001
,,,,,432151,249.7589,176,,,,,,
,,,,,432519,256.46027,368,,,,,,
,,,,,432991,282.76074,472,,,,,,
,,,,,433000,,,6.936103820800781,77.39305877685547,76.96443939208984,46.298744201660156,0.02,0.001
,,,,,433198,285.41528,207,,,,,,
,,,,,433526,229.50269,328,,,,,,
,,,,,433760,297.5301,234,,,,,,
,,,,,434000,,,7.890934944152832,70.18527221679688,69.85905456542969,54.55763626098633,0.02,0.001
,,,,,434203,238.87024,443,,,,,,
,,,,,434495,270.64954,292,,,,,,
,,,,,434589,-3.6637573,94,,,,,,
,,,,,435000,,,33.800865173339844,75.66626739501953,76.1634292602539,45.359310150146484,0.02,0.001
,,,,,435003,270.36627,414,,,,,,
,,,,,435350,248.03868,347,,,,,,
,,,,,435816,241.77415,466,,,,,,
,,,,,435992,303.66315,176,,,,,,
,,,,,436000,,,6.384763717651367,75.42855072021484,75.19444274902344,48.055110931396484,0.02,0.001
,,,,,436186,-3.6190872,194,,,,,,
,,,,,436449,254.52982,263,,,,,,
,,,,,436640,270.40967,191,,,,,,
,,,,,436843,287.3675,203,,,,,,
,,,,,437000,,,13.105408668518066,75.90055084228516,76.12693786621094,97.73301696777344,0.02,0.001
,,,,,437085,204.00925,242,,,,,,
,,,,,437447,230.11832,362,,,,,,
,,,,,438000,,,8.061626434326172,75.17208862304688,75.82028198242188,74.60228729248047,0.02,0.001
,,,,,438169,-276.30283,722,,,,,,
,,,,,438508,277.5484,339,,,,,,
,,,,,438695,256.28564,187,,,,,,
,,,,,438878,-10.763069,183,,,,,,
,,,,,439000,,,7.359213352203369,71.16594696044922,71.5490951538086,51.51349639892578,0.02,0.001
,,,,,439088,272.81528,210,,,,,,
,,,,,439511,196.25674,423,,,,,,
,,,,,439798,277.78772,287,,,,,,
,,,,,439952,270.67468,154,,,,,,
234.03671,78.9639,300.16516,22.594818,284.3,440000,,,7.424931526184082,65.82910919189453,66.00787353515625,51.27802658081055,0.02,0.001
,,,,,440130,258.49026,178,,,,,,
,,,,,440319,245.04271,189,,,,,,
,,,,,440504,247.61026,185,,,,,,
,,,,,440673,255.1508,169,,,,,,
,,,,,441000,,,7.673752307891846,76.73100280761719,75.63214111328125,60.19063186645508,0.02,0.001
,,,,,441092,268.16708,419,,,,,,
,,,,,441291,265.89795,199,,,,,,
,,,,,441683,288.72028,392,,,,,,
,,,,,441873,249.3385,190,,,,,,
,,,,,442000,,,5.0504302978515625,76.01362609863281,75.29348754882812,59.431278228759766,0.02,0.001
,,,,,442126,292.60663,253,,,,,,
,,,,,442479,201.8023,353,,,,,,
,,,,,442646,276.31506,167,,,,,,
,,,,,442892,255.14165,246,,,,,,
,,,,,443000,,,4.889306545257568,79.49640655517578,80.23890686035156,58.970420837402344,0.02,0.001
,,,,,443097,274.9486,205,,,,,,
,,,,,443343,296.95584,246,,,,,,
,,,,,443487,-33.978226,144,,,,,,
,,,,,443731,264.49756,244,,,,,,
,,,,,443974,251.61789,243,,,,,,
,,,,,444000,,,7.422560691833496,72.70530700683594,71.80516815185547,57.68560791015625,0.02,0.001
,,,,,444093,-2.1737976,119,,,,,,
,,,,,444328,288.58905,235,,,,,,
,,,,,444508,262.39703,180,,,,,,
,,,,,444946,251.13823,438,,,,,,
,,,,,445000,,,5.100119590759277,77.30665588378906,77.27113342285156,42.90542984008789,0.02,0.001
,,,,,445139,271.91818,193,,,,,,
,,,,,445564,273.6786,425,,,,,,
,,,,,445672,-140.24731,108,,,,,,
,,,,,445940,271.3982,268,,,,,,
,,,,,446000,,,5.835169792175293,75.57221984863281,75.07717895507812,61.827964782714844,0.02,0.001
,,,,,446407,216.53043,467,,,,,,
,,,,,446592,256.7235,185,,,,,,
,,,,,447000,,,8.10329818725586,78.2711410522461,78.65199279785156,63.80233383178711,0.02,0.001
,,,,,447036,253.00798,444,,,,,,
,,,,,447209,282.18567,173,,,,,,
,,,,,447445,325.36505,236,,,,,,
,,,,,447704,302.0011,259,,,,,,
,,,,,447890,254.71977,186,,,,,,
,,,,,448000,,,9.534444808959961,72.34512329101562,73.23297882080078,72.32447814941406,0.02,0.001
,,,,,448293,280.05353,403,,,,,,
,,,,,448497,286.7113,204,,,,,,
,,,,,448709,302.82993,212,,,,,,
,,,,,448986,296.9346,277,,,,,,
,,,,,449000,,,10.914403915405273,70.52574157714844,69.61907958984375,110.44914245605469,0.02,0.001
,,,,,449188,272.5636,202,,,,,,
,,,,,449376,232.62207,188,,,,,,
,,,,,449558,277.3125,182,,,,,,
,,,,,449766,276.3318,208,,,,,,
,,,,,449951,283.5736,185,,,,,,
280.33972,23.83592,304.25192,233.0713,196.7,450000,,,10.910868644714355,70.14823913574219,69.71772003173828,75.20104217529297,0.02,0.001
,,,,,450169,262.0976,218,,,,,,
,,,,,450360,256.33414,191,,,,,,
,,,,,450584,301.25345,224,,,,,,
,,,,,450869,236.76445,285,,,,,,
,,,,,451000,,,3.6784462928771973,73.50935363769531,73.34791564941406,38.823917388916016,0.02,0.001
,,,,,451081,281.88,212,,,,,,
,,,,,451308,277.93713,227,,,,,,
,,,,,451667,279.56854,359,,,,,,
,,,,,451881,-112.0538,214,,,,,,
,,,,,452000,,,7.010261058807373,73.74696350097656,73.72541809082031,64.01409149169922,0.02,0.001
,,,,,452162,277.8556,281,,,,,,
,,,,,452394,274.73264,232,,,,,,
,,,,,452727,292.11487,333,,,,,,
,,,,,452940,290.2309,213,,,,,,
,,,,,453000,,,9.448976516723633,78.82759857177734,78.81019592285156,48.44024658203125,0.02,0.001
,,,,,453208,283.22455,268,,,,,,
,,,,,453424,312.3479,216,,,,,,
,,,,,453594,300.8236,170,,,,,,
,,,,,453827,239.4593,233,,,,,,
,,,,,454000,,,5.659602165222168,80.30850982666016,80.46141815185547,53.58342742919922,0.02,0.001
,,,,,454054,289.6958,227,,,,,,
,,,,,454273,285.32965,219,,,,,,
,,,,,454453,307.46045,180,,,,,,
,,,,,454628,273.56866,175,,,,,,
,,,,,454733,10.100342,105,,,,,,
,,,,,454907,276.58554,174,,,,,,
,,,,,455000,,,24.0124454498291,68.37767028808594,69.74700164794922,158.94412231445312,0.02,0.001
,,,,,455147,310.20703,240,,,,,,
,,,,,455320,268.42896,173,,,,,,
,,,,,455505,282.38168,185,,,,,,
,,,,,455679,248.1277,174,,,,,,
,,,,,455923,287.8377,244,,,,,,
,,,,,456000,,,44.0653076171875,79.6392822265625,80.42747497558594,77.65457916259766,0.02,0.001
,,,,,456131,268.89542,208,,,,,,
,,,,,456333,271.97357,202,,,,,,
,,,,,456511,227.6379,178,,,,,,
,,,,,456673,282.8785,162,,,,,,
,,,,,456916,281.42276,243,,,,,,
,,,,,457000,,,15.261178970336914,77.28646087646484,77.4214859008789,147.1322021484375,0.02,0.001
,,,,,457343,223.58948,427,,,,,,
,,,,,457545,285.19824,202,,,,,,
,,,,,457708,285.11707,163,,,,,,
,,,,,457916,265.88635,208,,,,,,
,,,,,458000,,,8.471197128295898,74.90531921386719,74.92201232910156,45.86629104614258,0.02,0.001
,,,,,458082,242.1477,166,,,,,,
,,,,,458529,279.1269,447,,,,,,
,,,,,458743,282.44897,214,,,,,,
,,,,,458979,183.75357,236,,,,,,
,,,,,459000,,,18.002958297729492,71.88221740722656,72.27836608886719,106.92813873291016,0.02,0.001
,,,,,459149,291.72162,170,,,,,,
,,,,,459336,278.9537,187,,,,,,
,,,,,459489,276.7007,153,,,,,,
,,,,,459632,-171.86194,143,,,,,,
,,,,,459881,261.69653,249,,,,,,
258.6559,21.937037,295.09116,212.6047,241.0,460000,,,7.026962757110596,72.28073120117188,71.61711120605469,66.7862777709961,0.02,0.001
,,,,,460048,269.25168,167,,,,,,
,,,,,460303,254.6337,255,,,,,,
,,,,,460775,286.70874,472,,,,,,
,,,,,461000,,,37.60578918457031,78.29393768310547,78.67694091796875,84.6793212890625,0.02,0.001
,,,,,461077,283.42493,302,,,,,,
,,,,,461285,272.2231,208,,,,,,
,,,,,461490,298.5999,205,,,,,,
,,,,,461955,186.87164,465,,,,,,
,,,,,462000,,,10.246399879455566,79.05532836914062,78.5657730102539,85.8460464477539,0.02,0.001
,,,,,462232,260.63824,277,,,,,,
,,,,,462447,248.71764,215,,,,,,
,,,,,462632,284.8418,185,,,,,,
,,,,,462824,235.39458,192,,,,,,
,,,,,462982,264.63416,158,,,,,,
,,,,,463000,,,4.249184608459473,79.5001220703125,78.77214050292969,56.31715774536133,0.02,0.001
,,,,,463277,214.73515,295,,,,,,
,,,,,463453,238.37949,176,,,,,,
,,,,,463791,205.13681,338,,,,,,
,,,,,464000,,,4.787665367126465,73.83064270019531,73.50038146972656,41.48715591430664,0.02,0.001
,,,,,464076,259.68182,285,,,,,,
,,,,,464576,228.27525,500,,,,,,
,,,,,464904,199.52151,328,,,,,,
,,,,,465000,,,8.946027755737305,81.9697265625,81.55182647705078,64.32202911376953,0.02,0.001
,,,,,465397,279.12848,493,,,,,,
,,,,,465761,287.97873,364,,,,,,
,,,,,465989,293.56134,228,,,,,,
,,,,,466000,,,41.868709564208984,84.61563110351562,83.07686614990234,221.48202514648438,0.02,0.001
,,,,,466321,272.7251,332,,,,,,
,,,,,466510,258.4997,189,,,,,,
,,,,,466703,269.91962,193,,,,,,
,,,,,466951,240.5633,248,,,,,,
,,,,,467000,,,59.00988006591797,71.73115539550781,72.58502197265625,107.41627502441406,0.02,0.001
,,,,,467383,252.18956,432,,,,,,
,,,,,467690,242.74727,307,,,,,,
,,,,,467968,257.2525,278,,,,,,
,,,,,468000,,,37.19062805175781,74.3175048828125,75.15843200683594,153.33908081054688,0.02,0.001
,,,,,468209,256.98926,241,,,,,,
,,,,,468618,299.4447,409,,,,,,
,,,,,468796,242.56259,178,,,,,,
,,,,,469000,,,6.131548881530762,77.39099884033203,78.24662780761719,57.71525573730469,0.02,0.001
,,,,,469130,298.5655,334,,,,,,
,,,,,469309,277.9098,179,,,,,,
,,,,,469600,292.42828,291,,,,,,
,,,,,469845,255.44675,245,,,,,,
157.95389,111.74828,243.94615,-104.14567,358.0,470000,,,31.14356231689453,85.82524871826172,86.71540832519531,52.477630615234375,0.02,0.001
,,,,,470079,256.04153,234,,,,,,
,,,,,470289,251.02515,210,,,,,,
,,,,,471000,,,22.487110137939453,80.08307647705078,81.11711120605469,90.10186767578125,0.02,0.001
,,,,,471153,283.17923,864,,,,,,
,,,,,471335,289.32068,182,,,,,,
,,,,,471528,248.56384,193,,,,,,
,,,,,471717,232.3689,189,,,,,,
,,,,,471891,262.30685,174,,,,,,
,,,,,472000,,,62.031700134277344,61.82217788696289,63.61558532714844,111.88134002685547,0.02,0.001
,,,,,472243,244.10051,352,,,,,,
,,,,,472519,301.6286,276,,,,,,
,,,,,472765,179.89926,246,,,,,,
,,,,,472986,282.43658,221,,,,,,
,,,,,473000,,,106.90314483642578,74.1600341796875,75.82815551757812,376.09552001953125,0.02,0.001
,,,,,473138,37.266052,152,,,,,,
,,,,,473303,-273.29227,165,,,,,,
,,,,,473532,284.1389,229,,,,,,
,,,,,473788,268.20132,256,,,,,,
,,,,,474000,,,15.584115982055664,76.899658203125,75.662353515625,129.50454711914062,0.02,0.001
,,,,,474027,168.40001,239,,,,,,
,,,,,474705,168.58644,678,,,,,,
,,,,,474890,296.41278,185,,,,,,
,,,,,475000,,,4.041855335235596,76.70968627929688,76.67674255371094,50.49317932128906,0.02,0.001
,,,,,475098,257.31265,208,,,,,,
,,,,,475259,234.24852,161,,,,,,
,,,,,475436,284.28082,177,,,,,,
,,,,,475690,194.14719,254,,,,,,
,,,,,476000,,,2.8598217964172363,83.76638793945312,83.35981750488281,32.911258697509766,0.02,0.001
,,,,,476127,265.398,437,,,,,,
,,,,,476425,282.2959,298,,,,,,
,,,,,477000,,,6.521997451782227,76.46605682373047,75.8416976928711,54.46142578125,0.02,0.001
,,,,,477148,271.35727,723,,,,,,
,,,,,477361,268.45956,213,,,,,,
,,,,,477589,224.98068,228,,,,,,
,,,,,477798,256.5104,209,,,,,,
,,,,,477994,200.45724,196,,,,,,
,,,,,478000,,,3.524820327758789,74.52264404296875,74.79423522949219,49.79825973510742,0.02,0.001
,,,,,478155,253.975,161,,,,,,
,,,,,478376,239.75395,221,,,,,,
,,,,,478694,267.0208,318,,,,,,
,,,,,478892,218.48633,198,,,,,,
,,,,,479000,,,3.96505069732666,74.93627166748047,74.68515014648438,47.539520263671875,0.02,0.001
,,,,,479146,200.88322,254,,,,,,
,,,,,479300,247.09569,154,,,,,,
,,,,,479466,258.1408,166,,,,,,
,,,,,479646,287.0673,180,,,,,,
,,,,,479863,242.03923,217,,,,,,
228.20097,56.312572,288.20496,79.55796,340.9,480000,,,6.969040393829346,74.91707611083984,75.77253723144531,58.43246078491211,0.02,0.001
,,,,,480031,267.07645,168,,,,,,
,,,,,480191,246.2593,160,,,,,,
,,,,,480516,281.24078,325,,,,,,
,,,,,480857,259.37946,341,,,,,,
,,,,,481000,,,3.8615283966064453,76.01709747314453,76.29541015625,44.72595977783203,0.02,0.001
,,,,,481058,254.36609,201,,,,,,
,,,,,481263,230.83566,205,,,,,,
,,,,,481463,254.2904,200,,,,,,
,,,,,481614,10.584869,151,,,,,,
,,,,,482000,,,29.118696212768555,77.52195739746094,77.92086791992188,163.11441040039062,0.02,0.001
,,,,,482614,135.26627,1000,,,,,,
,,,,,482722,-13.409607,108,,,,,,
,,,,,483000,,,13.804712295532227,71.0477066040039,71.43740844726562,82.2591323852539,0.02,0.001
,,,,,483119,208.03511,397,,,,,,
,,,,,483356,246.98988,237,,,,,,
,,,,,483561,263.11548,205,,,,,,
,,,,,483749,252.1066,188,,,,,,
,,,,,483971,237.0773,222,,,,,,
,,,,,484000,,,3.9871466159820557,79.23663330078125,79.39208984375,44.49723434448242,0.02,0.001
,,,,,484198,258.80115,227,,,,,,
,,,,,484344,273.25153,146,,,,,,
,,,,,484571,226.61603,227,,,,,,
,,,,,484790,270.7633,219,,,,,,
,,,,,485000,,,9.995725631713867,78.58892822265625,78.75457763671875,68.4068603515625,0.02,0.001
,,,,,485039,247.72925,249,,,,,,
,,,,,485337,268.41608,298,,,,,,
,,,,,485554,275.64563,217,,,,,,
,,,,,485796,241.04642,242,,,,,,
,,,,,485996,232.84502,200,,,,,,
,,,,,486000,,,16.23371124267578,78.35737609863281,78.98855590820312,81.97218322753906,0.02,0.001
,,,,,486174,255.8247,178,,,,,,
,,,,,486362,239.47212,188,,,,,,
,,,,,486640,282.24738,278,,,,,,
,,,,,487000,,,34.76370620727539,77.44319152832031,77.71835327148438,63.6029052734375,0.02,0.001
,,,,,487640,118.572235,1000,,,,,,
,,,,,487843,266.06104,203,,,,,,
,,,,,488000,,,9.728925704956055,77.7818603515625,77.58586120605469,63.76782989501953,0.02,0.001
,,,,,488119,250.3285,276,,,,,,
,,,,,488374,273.1726,255,,,,,,
,,,,,488605,300.5821,231,,,,,,
,,,,,488813,283.57898,208,,,,,,
,,,,,488926,10.56636,113,,,,,,
,,,,,489000,,,20.775127410888672,73.97628784179688,75.28022766113281,151.5326385498047,0.02,0.001
,,,,,489017,10.990753,91,,,,,,
,,,,,489212,266.45184,195,,,,,,
,,,,,489440,235.25536,228,,,,,,
210.36491,76.648834,269.18115,30.101181,435.9,490000,,,58.13441848754883,78.67538452148438,79.87438201904297,67.39794921875,0.02,0.001
,,,,,490440,-60.849598,1000,,,,,,
,,,,,490672,269.41663,232,,,,,,
,,,,,490827,-20.212425,155,,,,,,
,,,,,490978,18.16668,151,,,,,,
,,,,,491000,,,13.085199356079102,70.16443634033203,69.6749267578125,81.49681854248047,0.02,0.001
,,,,,491252,254.02135,274,,,,,,
,,,,,491483,238.56952,231,,,,,,
,,,,,491704,254.68977,221,,,,,,
,,,,,491912,216.75885,208,,,,,,
,,,,,492000,,,56.55403137207031,90.36653137207031,89.78895568847656,149.56640625,0.02,0.001
,,,,,492083,256.87427,171,,,,,,
,,,,,492323,222.25455,240,,,,,,
,,,,,492516,277.41428,193,,,,,,
,,,,,492776,295.0996,260,,,,,,
,,,,,492986,275.11786,210,,,,,,
,,,,,493000,,,30.815595626831055,77.11690521240234,76.1709213256836,119.1931381225586,0.02,0.001
,,,,,493468,236.11067,482,,,,,,
,,,,,493711,314.16336,243,,,,,,
,,,,,494000,,,16.887479782104492,76.50360870361328,76.15716552734375,126.14283752441406,0.02,0.001
,,,,,494013,264.92712,302,,,,,,
,,,,,494441,283.63452,428,,,,,,
,,,,,494650,289.57074,209,,,,,,
,,,,,495000,,,33.07892990112305,80.08292388916016,79.94552612304688,180.15652465820312,0.02,0.001
,,,,,495206,232.83302,556,,,,,,
,,,,,495983,166.04474,777,,,,,,
,,,,,496000,,,4.557373046875,65.7686767578125,65.68087768554688,48.34701156616211,0.02,0.001
,,,,,496260,274.25885,277,,,,,,
,,,,,496467,268.69388,207,,,,,,
,,,,,496693,235.06242,226,,,,,,
,,,,,496889,275.97717,196,,,,,,
,,,,,497000,,,3.9230217933654785,79.90142822265625,80.52253723144531,50.33029556274414,0.02,0.001
,,,,,497225,277.06754,336,,,,,,
,,,,,497471,295.3578,246,,,,,,
,,,,,497684,260.47638,213,,,,,,
,,,,,497906,273.6169,222,,,,,,
,,,,,498000,,,4.973339557647705,72.53006744384766,71.96092987060547,71.82669067382812,0.02,0.001
,,,,,498156,264.70398,250,,,,,,
,,,,,498384,274.34763,228,,,,,,
,,,,,498799,287.0912,415,,,,,,
,,,,,499000,,,11.854194641113281,82.48556518554688,82.67973327636719,73.72468566894531,0.02,0.001
,,,,,499059,291.5468,260,,,,,,
,,,,,499270,267.0404,211,,,,,,
,,,,,499643,288.0384,373,,,,,,
,,,,,499850,283.1436,207,,,,,,
