Eval_AverageReturn,Eval_StdReturn,Eval_MaxReturn,Eval_MinReturn,Eval_AverageEpLen,step,Train_EpisodeReturn,Train_EpisodeLen,critic_loss,q_values,target_values,grad_norm,epsilon,lr
60.0,0.0,60.0,60.0,1930.0,0,,,,,,,,
,,,,,438,240.0,1786,,,,,,
,,,,,1027,260.0,2362,,,,,,
,,,,,1517,260.0,1986,,,,,,
,,,,,1935,270.0,1682,,,,,,
,,,,,2357,120.0,1714,,,,,,
,,,,,2723,170.0,1490,,,,,,
,,,,,3243,180.0,2082,,,,,,
,,,,,3648,170.0,1642,,,,,,
,,,,,4118,190.0,1906,,,,,,
,,,,,4614,240.0,1994,,,,,,
,,,,,5118,260.0,2018,,,,,,
,,,,,5608,250.0,1978,,,,,,
,,,,,6015,190.0,1650,,,,,,
,,,,,6475,200.0,1858,,,,,,
,,,,,7039,360.0,2258,,,,,,
,,,,,7524,240.0,1946,,,,,,
,,,,,7979,230.0,1850,,,,,,
,,,,,8425,190.0,1810,,,,,,
,,,,,9277,500.0,3418,,,,,,
,,,,,9917,1000.0,2586,,,,,,
60.0,0.0,60.0,60.0,1930.0,10000,,,,,,,,
,,,,,10416,220.0,2002,,,,,,
,,,,,10877,240.0,1858,,,,,,
,,,,,11366,300.0,1978,,,,,,
,,,,,11824,320.0,1842,,,,,,
,,,,,12315,270.0,1986,,,,,,
,,,,,12659,180.0,1394,,,,,,
,,,,,13148,260.0,1970,,,,,,
,,,,,13565,190.0,1682,,,,,,
,,,,,14022,290.0,1842,,,,,,
,,,,,14497,270.0,1922,,,,,,
,,,,,15038,210.0,2178,,,,,,
,,,,,15564,260.0,2114,,,,,,
,,,,,16012,170.0,1802,,,,,,
,,,,,16486,170.0,1906,,,,,,
,,,,,16920,230.0,1754,,,,,,
,,,,,17415,260.0,1978,,,,,,
,,,,,17918,260.0,2026,,,,,,
,,,,,18422,290.0,2042,,,,,,
,,,,,18871,200.0,1810,,,,,,
,,,,,19555,440.0,2754,,,,,,
218.0,34.29286,260.0,190.0,2084.4,20000,,,9.489020347595215,-0.00035485485568642616,0.9814193844795227,1.5144366025924683,1.0,0.0001
,,,,,20066,240.0,2066,,,,,,
,,,,,20443,190.0,1514,,,,,,
,,,,,20997,320.0,2242,,,,,,
,,,,,21000,,,0.144564688205719,0.38379690051078796,0.012184398248791695,2.3920955657958984,0.9979375,0.0001
,,,,,21632,270.0,2570,,,,,,
,,,,,22000,,,0.22428414225578308,0.4764794111251831,0.042218588292598724,3.668844699859619,0.995875,0.0001
,,,,,22074,270.0,1786,,,,,,
,,,,,22611,240.0,2178,,,,,,
,,,,,23000,150.0,1578,,,,,,
,,,,,23000,,,3.1520533561706543,1.1672229766845703,0.8933201432228088,7.238804340362549,0.9938125,0.0001
,,,,,23512,290.0,2050,,,,,,
,,,,,23998,210.0,1962,,,,,,
,,,,,24000,,,0.5909759998321533,1.24225652217865,0.5860737562179565,12.744706153869629,0.99175,0.0001
,,,,,24696,310.0,2810,,,,,,
,,,,,25000,,,5.589020252227783,1.8004584312438965,1.7005877494812012,8.11616039276123,0.9896875,0.0001
,,,,,25131,230.0,1754,,,,,,
,,,,,25657,190.0,2114,,,,,,
,,,,,26000,,,0.2130284607410431,1.9002947807312012,1.5434138774871826,9.151802062988281,0.987625,0.0001
,,,,,26109,290.0,1818,,,,,,
,,,,,26898,710.0,3170,,,,,,
,,,,,27000,,,3.1308646202087402,2.7846527099609375,2.2472610473632812,20.818010330200195,0.9855625,0.0001
,,,,,27291,230.0,1594,,,,,,
,,,,,27725,250.0,1754,,,,,,
,,,,,28000,,,5.310617446899414,3.017703056335449,3.0390219688415527,16.615041732788086,0.9835,0.0001
,,,,,28067,120.0,1378,,,,,,
,,,,,28499,180.0,1730,,,,,,
,,,,,28928,150.0,1738,,,,,,
,,,,,29000,,,2.9816856384277344,2.6547584533691406,2.82814359664917,18.830156326293945,0.9814375,0.0001
,,,,,29233,160.0,1226,,,,,,
,,,,,29664,180.0,1746,,,,,,
60.0,0.0,60.0,60.0,1930.0,30000,,,3.1212639808654785,3.2738442420959473,3.1648108959198,16.561357498168945,0.979375,0.0001
,,,,,30379,620.0,2866,,,,,,
,,,,,30909,270.0,2146,,,,,,
,,,,,31000,,,4.746095180511475,3.7968852519989014,3.9682583808898926,24.4453182220459,0.9773125,0.0001
,,,,,31455,210.0,2202,,,,,,
,,,,,31935,210.0,1946,,,,,,
,,,,,32000,,,0.9147952198982239,3.6150622367858887,3.0292365550994873,27.438983917236328,0.97525,0.0001
,,,,,32383,190.0,1802,,,,,,
,,,,,32853,200.0,1898,,,,,,
,,,,,33000,,,2.2737278938293457,5.031134605407715,4.943811893463135,16.509164810180664,0.9731875,0.0001
,,,,,33333,190.0,1938,,,,,,
,,,,,33739,230.0,1642,,,,,,
,,,,,34000,,,3.380995273590088,4.619686126708984,4.405229091644287,23.702999114990234,0.971125,0.0001
,,,,,34149,200.0,1650,,,,,,
,,,,,34619,210.0,1898,,,,,,
,,,,,35000,,,11.870562553405762,5.211981773376465,6.362037658691406,92.06234741210938,0.9690625,0.0001
,,,,,35072,210.0,1818,,,,,,
,,,,,35596,240.0,2098,,,,,,
,,,,,36000,,,15.115795135498047,5.770695686340332,6.588332176208496,70.77530670166016,0.967,0.0001
,,,,,36133,230.0,2170,,,,,,
,,,,,36634,200.0,2034,,,,,,
,,,,,37000,,,1.965498447418213,5.955372333526611,5.466209411621094,43.34086990356445,0.9649375,0.0001
,,,,,37085,180.0,1826,,,,,,
,,,,,37589,260.0,2018,,,,,,
,,,,,38000,,,2.7492101192474365,4.612574577331543,5.008100509643555,36.031246185302734,0.962875,0.0001
,,,,,38061,270.0,1890,,,,,,
,,,,,38541,200.0,1938,,,,,,
,,,,,38930,190.0,1586,,,,,,
,,,,,39000,,,19.921119689941406,6.870695114135742,8.505470275878906,227.17364501953125,0.9608125,0.0001
,,,,,39536,380.0,2450,,,,,,
60.0,0.0,60.0,60.0,1930.0,40000,,,7.772332191467285,6.8022308349609375,6.7067131996154785,45.34040069580078,0.95875,9.999989583333334e-05
,,,,,40039,130.0,2018,,,,,,
,,,,,40499,130.0,1866,,,,,,
,,,,,40898,200.0,1602,,,,,,
,,,,,41000,,,4.818643569946289,7.735830307006836,7.037612438201904,76.29486846923828,0.9566875,9.989572916666667e-05
,,,,,41433,330.0,2154,,,,,,
,,,,,41882,230.0,1810,,,,,,
,,,,,42000,,,0.8749077320098877,4.549795150756836,4.516801834106445,20.70566177368164,0.9546250000000001,9.97915625e-05
,,,,,42219,220.0,1370,,,,,,
,,,,,42699,220.0,1946,,,,,,
,,,,,43000,,,8.714733123779297,7.329875946044922,7.775583267211914,96.98914337158203,0.9525625,9.968739583333334e-05
,,,,,43257,220.0,2234,,,,,,
,,,,,43776,250.0,2090,,,,,,
,,,,,44000,,,4.890628814697266,8.16062068939209,8.059534072875977,67.998291015625,0.9505,9.958322916666667e-05
,,,,,44306,220.0,2130,,,,,,
,,,,,44613,70.0,1234,,,,,,
,,,,,44996,140.0,1538,,,,,,
,,,,,45000,,,4.276020050048828,7.442046642303467,7.613192558288574,67.75489807128906,0.9484375,9.947906250000001e-05
,,,,,45585,370.0,2370,,,,,,
,,,,,46000,,,8.060099601745605,8.294027328491211,8.22627067565918,66.19285583496094,0.946375,9.937489583333334e-05
,,,,,46081,200.0,2002,,,,,,
,,,,,46585,230.0,2026,,,,,,
,,,,,47000,,,4.306001663208008,8.24350643157959,8.338956832885742,63.89309310913086,0.9443125,9.927072916666668e-05
,,,,,47139,240.0,2218,,,,,,
,,,,,47543,270.0,1626,,,,,,
,,,,,47984,250.0,1762,,,,,,
,,,,,48000,,,1.2394909858703613,8.298254013061523,8.231935501098633,41.12062454223633,0.94225,9.916656250000001e-05
,,,,,48509,360.0,2114,,,,,,
,,,,,48994,180.0,1970,,,,,,
,,,,,49000,,,6.647767066955566,9.808610916137695,9.527244567871094,104.16883850097656,0.9401875,9.906239583333335e-05
,,,,,49343,200.0,1410,,,,,,
,,,,,49873,430.0,2138,,,,,,
318.0,317.89307,950.0,110.0,2177.2,50000,,,2.801776885986328,9.981931686401367,9.924202919006348,69.4018783569336,0.938125,9.895822916666668e-05
,,,,,50371,270.0,2018,,,,,,
,,,,,50960,340.0,2370,,,,,,
,,,,,51000,,,1.6543564796447754,10.643908500671387,10.875866889953613,55.79273986816406,0.9360625,9.88540625e-05
,,,,,51530,350.0,2306,,,,,,
,,,,,51945,130.0,1666,,,,,,
,,,,,52000,,,3.1369261741638184,10.211261749267578,10.072259902954102,77.52759552001953,0.9339999999999999,9.874989583333334e-05
,,,,,52418,290.0,1914,,,,,,
,,,,,53000,,,8.756103515625,13.054922103881836,13.556732177734375,136.0135498046875,0.9319375,9.864572916666666e-05
,,,,,53138,1200.0,2906,,,,,,
,,,,,53554,220.0,1682,,,,,,
,,,,,54000,,,4981.9658203125,12.885869026184082,23.675626754760742,1562.6318359375,0.929875,9.85415625e-05
,,,,,54140,400.0,2354,,,,,,
,,,,,54495,160.0,1426,,,,,,
,,,,,55000,,,6.259465217590332,13.454169273376465,13.024246215820312,155.8582000732422,0.9278125,9.843739583333333e-05
,,,,,55080,420.0,2362,,,,,,
,,,,,55635,270.0,2234,,,,,,
,,,,,56000,,,2.696554660797119,12.039803504943848,12.645746231079102,129.19851684570312,0.92575,9.833322916666668e-05
,,,,,56128,230.0,1978,,,,,,
,,,,,56806,540.0,2714,,,,,,
,,,,,57000,,,4.365980625152588,12.50229263305664,12.43585205078125,100.69137573242188,0.9236875,9.82290625e-05
,,,,,57260,280.0,1842,,,,,,
,,,,,57730,270.0,1882,,,,,,
,,,,,58000,,,7.936947345733643,13.92041015625,13.571141242980957,120.54780578613281,0.921625,9.812489583333335e-05
,,,,,58228,270.0,2002,,,,,,
,,,,,58800,280.0,2290,,,,,,
,,,,,59000,,,40.26757049560547,15.841035842895508,16.107521057128906,262.88177490234375,0.9195625000000001,9.802072916666668e-05
,,,,,59291,220.0,1970,,,,,,
,,,,,59787,220.0,1994,,,,,,
291.0,21.656408,310.0,260.0,2354.0,60000,,,6.083974838256836,13.630706787109375,14.007827758789062,157.9760284423828,0.9175,9.79165625e-05
,,,,,60149,110.0,1458,,,,,,
,,,,,60711,270.0,2258,,,,,,
,,,,,61000,,,13.71738052368164,14.880841255187988,15.665701866149902,354.2768249511719,0.9154375,9.781239583333333e-05
,,,,,61144,270.0,1754,,,,,,
,,,,,61473,140.0,1330,,,,,,
,,,,,61983,290.0,2042,,,,,,
,,,,,62000,,,4.5409064292907715,12.914032936096191,13.009662628173828,76.3283920288086,0.913375,9.770822916666668e-05
,,,,,62721,600.0,2954,,,,,,
,,,,,63000,,,7.448633193969727,17.70096206665039,17.47018814086914,171.66778564453125,0.9113125,9.76040625e-05
,,,,,63072,200.0,1426,,,,,,
,,,,,63486,210.0,1674,,,,,,
,,,,,64000,,,3.5988686084747314,15.183128356933594,15.461819648742676,154.5975799560547,0.90925,9.749989583333335e-05
,,,,,64113,330.0,2530,,,,,,
,,,,,64576,200.0,1866,,,,,,
,,,,,64978,190.0,1634,,,,,,
,,,,,65000,,,2.719451904296875,17.33648681640625,17.71752166748047,116.1701889038086,0.9071875,9.739572916666667e-05
,,,,,65361,170.0,1554,,,,,,
,,,,,65882,280.0,2098,,,,,,
,,,,,66000,,,5.844198703765869,11.804342269897461,11.628820419311523,142.63986206054688,0.905125,9.72915625e-05
,,,,,66336,210.0,1818,,,,,,
,,,,,66868,390.0,2138,,,,,,
,,,,,67000,,,1.5825755596160889,13.902912139892578,13.489617347717285,100.68190002441406,0.9030625,9.718739583333334e-05
,,,,,67380,290.0,2050,,,,,,
,,,,,67791,210.0,1666,,,,,,
,,,,,68000,,,6.851363658905029,18.877965927124023,18.312101364135742,210.3357696533203,0.901,9.708322916666667e-05
,,,,,68309,270.0,2090,,,,,,
,,,,,68841,250.0,2154,,,,,,
,,,,,69000,,,2.5725724697113037,15.953279495239258,15.427452087402344,146.50267028808594,0.8989375,9.69790625e-05
,,,,,69305,240.0,1866,,,,,,
,,,,,69786,280.0,1946,,,,,,
340.0,98.38699,480.0,200.0,2098.0,70000,,,2.3812694549560547,19.55661964416504,19.391286849975586,118.25720977783203,0.896875,9.687489583333333e-05
,,,,,70201,250.0,1682,,,,,,
,,,,,70785,360.0,2354,,,,,,
,,,,,71000,,,5.313883304595947,19.3322696685791,18.744741439819336,195.35472106933594,0.8948125,9.677072916666667e-05
,,,,,71326,220.0,2170,,,,,,
,,,,,71814,320.0,1978,,,,,,
,,,,,72000,,,12.802650451660156,20.24380111694336,21.071523666381836,267.89373779296875,0.89275,9.66665625e-05
,,,,,72271,270.0,1842,,,,,,
,,,,,72751,220.0,1938,,,,,,
,,,,,73000,,,1.7191996574401855,18.668460845947266,18.16405487060547,132.18118286132812,0.8906875,9.656239583333334e-05
,,,,,73152,290.0,1634,,,,,,
,,,,,73651,250.0,2010,,,,,,
,,,,,74000,,,4.34871244430542,18.82891273498535,18.83529281616211,123.9792251586914,0.888625,9.645822916666667e-05
,,,,,74142,320.0,1970,,,,,,
,,,,,74661,340.0,2082,,,,,,
,,,,,75000,,,3.595881700515747,18.698211669921875,18.03894805908203,157.34486389160156,0.8865625,9.635406250000001e-05
,,,,,75110,250.0,1818,,,,,,
,,,,,75496,210.0,1562,,,,,,
,,,,,76000,,,3.5671122074127197,17.61935806274414,17.846389770507812,171.62782287597656,0.8845,9.624989583333334e-05
,,,,,76003,220.0,2034,,,,,,
,,,,,76405,240.0,1618,,,,,,
,,,,,76939,210.0,2162,,,,,,
,,,,,77000,,,5.963504791259766,18.868045806884766,19.149784088134766,275.7201843261719,0.8824375,9.614572916666667e-05
,,,,,77419,200.0,1938,,,,,,
,,,,,77920,230.0,2018,,,,,,
,,,,,78000,,,6.840261936187744,23.083599090576172,23.7608642578125,271.70782470703125,0.880375,9.60415625e-05
,,,,,78314,230.0,1594,,,,,,
,,,,,78814,340.0,2026,,,,,,
,,,,,79000,,,4.267789363861084,22.784507751464844,22.3239688873291,188.4691162109375,0.8783125,9.593739583333334e-05
,,,,,79357,250.0,2178,,,,,,
,,,,,79767,200.0,1666,,,,,,
668.0,606.4124,1880.0,340.0,1996.4,80000,,,2.6742289066314697,16.81816864013672,16.00417709350586,187.30447387695312,0.87625,9.583322916666667e-05
,,,,,80065,80.0,1210,,,,,,
,,,,,80615,270.0,2202,,,,,,
,,,,,81000,,,2.51884388923645,23.888290405273438,23.98484230041504,124.1768798828125,0.8741875,9.57290625e-05
,,,,,81121,280.0,2034,,,,,,
,,,,,81625,320.0,2034,,,,,,
,,,,,82000,,,10.124560356140137,23.831527709960938,23.20561408996582,285.0570068359375,0.872125,9.562489583333334e-05
,,,,,82025,190.0,1602,,,,,,
,,,,,82468,290.0,1786,,,,,,
,,,,,83000,,,5.523860931396484,23.882884979248047,24.31305503845215,215.2934112548828,0.8700625,9.552072916666667e-05
,,,,,83054,250.0,2362,,,,,,
,,,,,83530,270.0,1922,,,,,,
,,,,,84000,,,20.222509384155273,25.79991912841797,26.730056762695312,266.8658447265625,0.868,9.541656250000001e-05
,,,,,84231,600.0,2810,,,,,,
,,,,,84624,250.0,1586,,,,,,
,,,,,85000,,,6.367368698120117,24.49547576904297,25.468090057373047,422.69512939453125,0.8659375,9.531239583333334e-05
,,,,,85058,250.0,1754,,,,,,
,,,,,85543,300.0,1946,,,,,,
,,,,,86000,,,3.545736312866211,25.967266082763672,25.037933349609375,321.3707275390625,0.863875,9.520822916666667e-05
,,,,,86200,370.0,2650,,,,,,
,,,,,86608,270.0,1658,,,,,,
,,,,,87000,,,4.868368148803711,24.72628402709961,24.663972854614258,143.61610412597656,0.8618125,9.51040625e-05
,,,,,87103,290.0,1978,,,,,,
,,,,,87655,280.0,2226,,,,,,
,,,,,88000,,,7.456020355224609,26.16057014465332,25.120975494384766,302.57110595703125,0.85975,9.499989583333334e-05
,,,,,88145,200.0,1970,,,,,,
,,,,,88623,150.0,1938,,,,,,
,,,,,89000,,,3.9809043407440186,26.775146484375,26.19799041748047,198.94113159179688,0.8576875,9.489572916666667e-05
,,,,,89066,270.0,1802,,,,,,
,,,,,89441,180.0,1522,,,,,,
,,,,,89936,240.0,2002,,,,,,
363.0,31.320919,420.0,330.0,1913.2,90000,,,99.694580078125,24.965415954589844,26.979206085205078,558.1195068359375,0.855625,9.479156250000001e-05
,,,,,90735,820.0,3218,,,,,,
,,,,,91000,,,11.146326065063477,30.53569793701172,29.450984954833984,348.5664978027344,0.8535625,9.468739583333334e-05
,,,,,91232,300.0,1986,,,,,,
,,,,,91816,370.0,2362,,,,,,
,,,,,92000,,,4.908427715301514,27.618070602416992,27.764938354492188,162.90008544921875,0.8515,9.458322916666668e-05
,,,,,92327,230.0,2050,,,,,,
,,,,,92818,370.0,1978,,,,,,
,,,,,93000,,,7.7602338790893555,31.528827667236328,31.377737045288086,184.4326629638672,0.8494375000000001,9.447906250000001e-05
,,,,,93321,260.0,2026,,,,,,
,,,,,93841,300.0,2082,,,,,,
,,,,,94000,,,135.31700134277344,27.833148956298828,30.490177154541016,1107.2645263671875,0.847375,9.437489583333334e-05
,,,,,94324,190.0,1946,,,,,,
,,,,,94776,230.0,1810,,,,,,
,,,,,95000,,,8.748931884765625,24.631744384765625,24.434125900268555,240.28224182128906,0.8453125,9.427072916666667e-05
,,,,,95260,230.0,1962,,,,,,
,,,,,95863,280.0,2418,,,,,,
,,,,,96000,,,3.7445645332336426,25.307300567626953,24.807483673095703,220.64691162109375,0.84325,9.41665625e-05
,,,,,96336,240.0,1906,,,,,,
,,,,,96728,230.0,1586,,,,,,
,,,,,97000,,,35.901702880859375,27.94195556640625,27.23955535888672,561.8359985351562,0.8411875,9.406239583333334e-05
,,,,,97291,360.0,2274,,,,,,
,,,,,97771,230.0,1938,,,,,,
,,,,,98000,,,36.75476837158203,28.06775665283203,29.218286514282227,351.6106262207031,0.839125,9.395822916666667e-05
,,,,,98160,310.0,1562,,,,,,
,,,,,98605,180.0,1786,,,,,,
,,,,,99000,,,5.347316741943359,26.09160614013672,25.95671844482422,174.44288635253906,0.8370625,9.385406250000001e-05
,,,,,99100,280.0,1994,,,,,,
,,,,,99590,230.0,1962,,,,,,
393.0,142.05984,610.0,300.0,2483.6,100000,,,4.65932559967041,29.703170776367188,30.105697631835938,219.35743713378906,0.835,9.374989583333334e-05
,,,,,100136,270.0,2186,,,,,,
,,,,,100585,320.0,1818,,,,,,
,,,,,101000,,,3.3324084281921387,28.302505493164062,28.271015167236328,156.4029998779297,0.8329375,9.364572916666668e-05
,,,,,101099,310.0,2066,,,,,,
,,,,,101625,280.0,2130,,,,,,
,,,,,102000,,,4.039764404296875,25.83207130432129,25.920040130615234,209.92494201660156,0.830875,9.35415625e-05
,,,,,102072,270.0,1810,,,,,,
,,,,,102734,600.0,2658,,,,,,
,,,,,103000,,,17.35674285888672,21.560413360595703,20.273906707763672,344.9643859863281,0.8288125,9.343739583333334e-05
,,,,,103288,310.0,2226,,,,,,
,,,,,103773,310.0,1954,,,,,,
,,,,,104000,,,5.014900207519531,27.461864471435547,27.411109924316406,198.58152770996094,0.82675,9.333322916666666e-05
,,,,,104193,280.0,1706,,,,,,
,,,,,104722,280.0,2138,,,,,,
,,,,,105000,,,6.8383684158325195,25.565689086914062,23.857982635498047,555.9439697265625,0.8246875,9.32290625e-05
,,,,,105144,250.0,1698,,,,,,
,,,,,105888,550.0,2986,,,,,,
,,,,,106000,,,7.066814422607422,30.858034133911133,31.639251708984375,344.1722717285156,0.8226249999999999,9.312489583333333e-05
,,,,,106683,470.0,3202,,,,,,
,,,,,107000,,,52.18703842163086,29.437047958374023,29.602174758911133,462.9408264160156,0.8205625,9.302072916666668e-05
,,,,,107149,230.0,1874,,,,,,
,,,,,107545,200.0,1602,,,,,,
,,,,,108000,,,6.073073863983154,33.22267150878906,31.871253967285156,490.4264831542969,0.8185,9.29165625e-05
,,,,,108101,370.0,2226,,,,,,
,,,,,108544,350.0,1786,,,,,,
,,,,,109000,,,10.72995376586914,29.695941925048828,28.657316207885742,461.5807189941406,0.8164374999999999,9.281239583333335e-05
,,,,,109295,580.0,3002,,,,,,
,,,,,109754,280.0,1842,,,,,,
643.0,67.83067,700.0,560.0,2303.6,110000,,,8.427840232849121,30.265220642089844,29.802793502807617,269.50164794921875,0.8143750000000001,9.270822916666668e-05
,,,,,110266,350.0,2050,,,,,,
,,,,,110614,200.0,1402,,,,,,
,,,,,111000,,,5.92933464050293,31.449337005615234,31.321910858154297,225.19407653808594,0.8123125,9.26040625e-05
,,,,,111087,360.0,1898,,,,,,
,,,,,111612,350.0,2122,,,,,,
,,,,,111955,270.0,1394,,,,,,
,,,,,112000,,,74.05872344970703,33.42356872558594,35.115386962890625,473.3110656738281,0.81025,9.249989583333333e-05
,,,,,112496,290.0,2186,,,,,,
,,,,,112912,250.0,1666,,,,,,
,,,,,113000,,,2.3850996494293213,29.25374984741211,28.328323364257812,241.0048370361328,0.8081875000000001,9.239572916666666e-05
,,,,,113470,400.0,2250,,,,,,
,,,,,114000,,,60.90624237060547,33.3233757019043,35.31067657470703,568.9417114257812,0.806125,9.22915625e-05
,,,,,114044,400.0,2306,,,,,,
,,,,,114676,350.0,2546,,,,,,
,,,,,115000,,,3.6268954277038574,29.338014602661133,28.688880920410156,228.4961395263672,0.8040625,9.218739583333333e-05
,,,,,115070,190.0,1602,,,,,,
,,,,,115511,290.0,1778,,,,,,
,,,,,116000,,,8.667399406433105,29.242450714111328,29.541671752929688,265.4042053222656,0.802,9.208322916666667e-05
,,,,,116034,310.0,2090,,,,,,
,,,,,116378,150.0,1402,,,,,,
,,,,,117000,,,3.0553722381591797,26.525835037231445,26.56084442138672,128.63156127929688,0.7999375,9.19790625e-05
,,,,,117154,560.0,3122,,,,,,
,,,,,117838,560.0,2754,,,,,,
,,,,,118000,,,4.292272567749023,31.563453674316406,32.25843811035156,235.67095947265625,0.797875,9.187489583333334e-05
,,,,,118317,250.0,1930,,,,,,
,,,,,118695,190.0,1530,,,,,,
,,,,,119000,,,8.301298141479492,34.35707092285156,34.14997100830078,622.9061889648438,0.7958125,9.177072916666667e-05
,,,,,119017,150.0,1306,,,,,,
,,,,,119492,320.0,1930,,,,,,
,,,,,119983,190.0,1970,,,,,,
476.0,104.03845,580.0,300.0,1829.2,120000,,,6.128978252410889,29.36301612854004,29.620479583740234,191.3853759765625,0.79375,9.16665625e-05
,,,,,120537,440.0,2226,,,,,,
,,,,,121000,,,4.8658318519592285,33.758907318115234,33.5897331237793,204.0006866455078,0.7916875,9.156239583333333e-05
,,,,,121265,560.0,2914,,,,,,
,,,,,122000,,,19.847820281982422,35.165977478027344,32.862918853759766,785.1116333007812,0.789625,9.145822916666667e-05
,,,,,122014,520.0,3018,,,,,,
,,,,,122835,620.0,3290,,,,,,
,,,,,123000,,,11.01431655883789,33.205963134765625,33.09638595581055,203.95932006835938,0.7875625,9.13540625e-05
,,,,,123263,170.0,1730,,,,,,
,,,,,123865,620.0,2418,,,,,,
,,,,,124000,,,12.569639205932617,35.619171142578125,34.75446701049805,478.0992126464844,0.7855,9.124989583333334e-05
,,,,,124427,370.0,2266,,,,,,
,,,,,125000,,,4.4797210693359375,31.258773803710938,31.884868621826172,261.7649230957031,0.7834375,9.114572916666667e-05
,,,,,125119,590.0,2770,,,,,,
,,,,,125674,440.0,2226,,,,,,
,,,,,126000,,,27.752098083496094,37.64030456542969,34.99187469482422,1004.2513427734375,0.781375,9.10415625e-05
,,,,,126199,220.0,2114,,,,,,
,,,,,126718,420.0,2090,,,,,,
,,,,,127000,,,9.734936714172363,37.566688537597656,37.9006462097168,289.0220031738281,0.7793125,9.093739583333334e-05
,,,,,127454,610.0,2970,,,,,,
,,,,,127906,180.0,1818,,,,,,
,,,,,128000,,,12.089032173156738,41.88249588012695,41.002986907958984,584.7908325195312,0.77725,9.083322916666667e-05
,,,,,128485,350.0,2338,,,,,,
,,,,,129000,,,7.261116027832031,41.69782257080078,42.43545913696289,343.6675720214844,0.7751875,9.072906250000001e-05
,,,,,129053,440.0,2298,,,,,,
,,,,,129402,180.0,1418,,,,,,
,,,,,129886,310.0,1946,,,,,,
695.0,279.8303,1110.0,360.0,2759.6,130000,,,7.674675941467285,39.95779037475586,39.75910186767578,261.67303466796875,0.7731250000000001,9.062489583333333e-05
,,,,,130650,600.0,3082,,,,,,
,,,,,131000,,,9.707874298095703,36.668914794921875,37.49970626831055,297.2904968261719,0.7710625,9.052072916666667e-05
,,,,,131435,580.0,3146,,,,,,
,,,,,131853,210.0,1690,,,,,,
,,,,,132000,,,159.4886932373047,35.97917175292969,37.367156982421875,519.283935546875,0.769,9.04165625e-05
,,,,,132280,310.0,1714,,,,,,
,,,,,132697,310.0,1690,,,,,,
,,,,,133000,,,3.6610937118530273,37.788475036621094,37.03799057006836,295.1577453613281,0.7669375,9.031239583333334e-05
,,,,,133322,560.0,2506,,,,,,
,,,,,133862,300.0,2186,,,,,,
,,,,,134000,,,3.3694865703582764,30.87646484375,30.69382095336914,148.6770782470703,0.764875,9.020822916666667e-05
,,,,,134597,310.0,2946,,,,,,
,,,,,135000,,,10.407190322875977,33.686607360839844,33.879417419433594,330.5892333984375,0.7628125,9.010406250000001e-05
,,,,,135047,280.0,1810,,,,,,
,,,,,135710,1090.0,2658,,,,,,
,,,,,136000,,,4.359325408935547,34.377037048339844,33.987144470214844,214.1774139404297,0.76075,8.999989583333334e-05
,,,,,136368,490.0,2650,,,,,,
,,,,,136777,120.0,1634,,,,,,
,,,,,137000,,,8.31809139251709,36.477317810058594,35.94822692871094,296.09881591796875,0.7586875,8.989572916666668e-05
,,,,,137266,340.0,1970,,,,,,
,,,,,137685,250.0,1682,,,,,,
,,,,,138000,,,5.286078453063965,34.779685974121094,34.91942596435547,163.0475616455078,0.756625,8.979156250000001e-05
,,,,,138191,330.0,2026,,,,,,
,,,,,138639,230.0,1802,,,,,,
,,,,,139000,,,4.449075698852539,38.24397659301758,38.66865921020508,246.40489196777344,0.7545625,8.968739583333334e-05
,,,,,139053,220.0,1666,,,,,,
,,,,,139604,300.0,2234,,,,,,
490.0,131.90906,860.0,310.0,2082.0,140000,,,12.11103343963623,38.23816680908203,39.732460021972656,564.5775756835938,0.7525,8.958322916666667e-05
,,,,,140238,320.0,2554,,,,,,
,,,,,141000,,,6.481710433959961,36.44278335571289,37.355628967285156,289.5340881347656,0.7504375,8.94790625e-05
,,,,,141082,530.0,3378,,,,,,
,,,,,141600,290.0,2098,,,,,,
,,,,,142000,,,23.779376983642578,39.69694519042969,38.43601608276367,483.7562561035156,0.748375,8.937489583333334e-05
,,,,,142061,230.0,1858,,,,,,
,,,,,142531,370.0,1906,,,,,,
,,,,,143000,,,5.617717742919922,40.93960189819336,41.80438995361328,658.310546875,0.7463125,8.927072916666667e-05
,,,,,143183,330.0,2610,,,,,,
,,,,,143621,250.0,1770,,,,,,
,,,,,144000,,,3.8811469078063965,41.26301193237305,40.8090934753418,204.7623748779297,0.74425,8.916656250000001e-05
,,,,,144183,380.0,2266,,,,,,
,,,,,144647,340.0,1882,,,,,,
,,,,,145000,,,10.978679656982422,44.66973114013672,46.21723556518555,626.09033203125,0.7421875,8.906239583333334e-05
,,,,,145068,180.0,1698,,,,,,
,,,,,145584,170.0,2074,,,,,,
,,,,,146000,,,14.295584678649902,38.998390197753906,37.88238525390625,422.3553466796875,0.7401249999999999,8.895822916666668e-05
,,,,,146126,330.0,2178,,,,,,
,,,,,146592,340.0,1874,,,,,,
,,,,,147000,,,6.0312981605529785,38.16192626953125,39.14695358276367,457.0882873535156,0.7380625000000001,8.885406250000001e-05
,,,,,147100,370.0,2034,,,,,,
,,,,,147645,380.0,2202,,,,,,
,,,,,148000,,,11.358331680297852,45.62079620361328,45.23500442504883,365.6122741699219,0.736,8.874989583333334e-05
,,,,,148385,560.0,2970,,,,,,
,,,,,148888,350.0,2026,,,,,,
,,,,,149000,,,5.731651306152344,37.66990661621094,38.062232971191406,220.72628784179688,0.7339375,8.864572916666666e-05
,,,,,149457,370.0,2290,,,,,,
992.0,704.85175,2050.0,300.0,2716.4,150000,,,9.582324981689453,44.21992874145508,44.47983932495117,236.58367919921875,0.731875,8.854156250000001e-05
,,,,,150252,830.0,3202,,,,,,
,,,,,150929,1080.0,2706,,,,,,
,,,,,151000,,,6.739128112792969,48.2571907043457,47.355567932128906,383.3292541503906,0.7298125,8.843739583333334e-05
,,,,,151461,290.0,2146,,,,,,
,,,,,151906,250.0,1786,,,,,,
,,,,,152000,,,3.6669273376464844,43.781734466552734,44.02818298339844,133.51206970214844,0.72775,8.833322916666668e-05
,,,,,152441,390.0,2154,,,,,,
,,,,,152874,190.0,1738,,,,,,
,,,,,153000,,,7.855432510375977,41.90885925292969,41.927085876464844,220.57212829589844,0.7256875,8.82290625e-05
,,,,,153609,1860.0,2938,,,,,,
,,,,,153993,320.0,1562,,,,,,
,,,,,154000,,,5.732537269592285,43.162872314453125,42.63108444213867,266.5562744140625,0.723625,8.812489583333335e-05
,,,,,154400,220.0,1642,,,,,,
,,,,,154910,370.0,2058,,,,,,
,,,,,155000,,,12.73171615600586,42.174407958984375,40.783180236816406,559.8514404296875,0.7215625,8.802072916666668e-05
,,,,,155265,160.0,1426,,,,,,
,,,,,155853,360.0,2378,,,,,,
,,,,,156000,,,3.3986709117889404,47.64002227783203,47.362327575683594,170.93309020996094,0.7195,8.79165625e-05
,,,,,156295,220.0,1786,,,,,,
,,,,,157000,,,6.713486671447754,41.44413757324219,40.5681266784668,321.60186767578125,0.7174375,8.781239583333333e-05
,,,,,157017,730.0,2906,,,,,,
,,,,,157362,120.0,1410,,,,,,
,,,,,157810,310.0,1794,,,,,,
,,,,,158000,,,17.151639938354492,39.02084732055664,36.718971252441406,1106.484130859375,0.7153750000000001,8.770822916666666e-05
,,,,,158358,330.0,2218,,,,,,
,,,,,158786,200.0,1722,,,,,,
,,,,,159000,,,8.134370803833008,39.74048614501953,39.105018615722656,376.28271484375,0.7133125,8.76040625e-05
,,,,,159581,1400.0,3202,,,,,,
845.0,265.56543,1110.0,560.0,3271.6,160000,,,13.674759864807129,39.57223129272461,39.56407928466797,288.64154052734375,0.7112499999999999,8.749989583333333e-05
,,,,,160050,320.0,1890,,,,,,
,,,,,160746,500.0,2786,,,,,,
,,,,,161000,,,10.616445541381836,44.51274490356445,45.71046447753906,467.9009704589844,0.7091875,8.739572916666668e-05
,,,,,161210,250.0,1882,,,,,,
,,,,,161644,290.0,1754,,,,,,
,,,,,162000,,,9.17044734954834,46.771141052246094,47.876495361328125,453.6595153808594,0.707125,8.72915625e-05
,,,,,162124,290.0,1946,,,,,,
,,,,,162624,280.0,2010,,,,,,
,,,,,163000,230.0,1522,,,,,,
,,,,,163000,,,3.8317012786865234,43.49724578857422,43.425682067871094,185.0907440185547,0.7050624999999999,8.718739583333335e-05
,,,,,163505,240.0,2042,,,,,,
,,,,,164000,,,5.370189666748047,39.90800476074219,39.686134338378906,205.15924072265625,0.7030000000000001,8.708322916666667e-05
,,,,,164144,610.0,2570,,,,,,
,,,,,164587,180.0,1778,,,,,,
,,,,,165000,,,223.10838317871094,48.535438537597656,52.01362609863281,935.2455444335938,0.7009375,8.69790625e-05
,,,,,165091,450.0,2026,,,,,,
,,,,,165818,530.0,2930,,,,,,
,,,,,166000,,,13.323853492736816,55.11143493652344,55.88667297363281,450.1744079589844,0.698875,8.687489583333333e-05
,,,,,166321,250.0,2026,,,,,,
,,,,,166827,390.0,2034,,,,,,
,,,,,167000,,,7.187910079956055,43.93204116821289,43.31796646118164,304.4554748535156,0.6968125000000001,8.677072916666666e-05
,,,,,167279,290.0,1810,,,,,,
,,,,,167691,250.0,1650,,,,,,
,,,,,168000,,,7.927990436553955,51.57615661621094,51.91449737548828,320.1870422363281,0.69475,8.66665625e-05
,,,,,168083,240.0,1594,,,,,,
,,,,,168595,340.0,2066,,,,,,
,,,,,169000,,,3.919224977493286,43.59553527832031,43.35497283935547,168.3936004638672,0.6926875,8.656239583333334e-05
,,,,,169105,370.0,2066,,,,,,
,,,,,169989,1010.0,3562,,,,,,
619.0,118.35962,960.0,550.0,2821.2,170000,,,7.9686279296875,48.285709381103516,47.59677505493164,327.12921142578125,0.690625,8.645822916666667e-05
,,,,,170415,260.0,1714,,,,,,
,,,,,170922,270.0,2050,,,,,,
,,,,,171000,,,278.0145263671875,54.15119171142578,57.64447021484375,1219.0791015625,0.6885625,8.63540625e-05
,,,,,171425,350.0,2034,,,,,,
,,,,,171867,310.0,1778,,,,,,
,,,,,172000,,,3.419043779373169,40.909393310546875,40.45513916015625,245.53126525878906,0.6865,8.624989583333334e-05
,,,,,172530,720.0,2666,,,,,,
,,,,,173000,,,62.05898666381836,42.855491638183594,43.92860794067383,503.2571716308594,0.6844375,8.614572916666667e-05
,,,,,173079,380.0,2210,,,,,,
,,,,,173517,300.0,1778,,,,,,
,,,,,174000,,,185.1145477294922,49.878746032714844,51.96559524536133,742.8846435546875,0.682375,8.60415625e-05
,,,,,174214,680.0,2810,,,,,,
,,,,,174531,90.0,1274,,,,,,
,,,,,174945,270.0,1658,,,,,,
,,,,,175000,,,9.525835037231445,50.6716423034668,50.427581787109375,333.7898864746094,0.6803125,8.593739583333333e-05
,,,,,175656,680.0,2866,,,,,,
,,,,,176000,,,8.984614372253418,45.65238952636719,46.35992431640625,426.1004638671875,0.67825,8.583322916666667e-05
,,,,,176368,700.0,2874,,,,,,
,,,,,176855,320.0,1970,,,,,,
,,,,,177000,,,5.259305477142334,49.94216537475586,48.681541442871094,468.5572509765625,0.6761874999999999,8.57290625e-05
,,,,,177247,330.0,1570,,,,,,
,,,,,177751,300.0,2042,,,,,,
,,,,,178000,,,7.387554168701172,45.72452926635742,45.64458084106445,248.25332641601562,0.6741250000000001,8.562489583333334e-05
,,,,,178259,1020.0,2050,,,,,,
,,,,,178748,260.0,1970,,,,,,
,,,,,179000,,,6.79442834854126,44.936458587646484,43.65202713012695,439.06976318359375,0.6720625,8.552072916666667e-05
,,,,,179425,730.0,2730,,,,,,
,,,,,179953,300.0,2122,,,,,,
467.0,77.20751,560.0,390.0,2398.8,180000,,,4.71644401550293,55.98794174194336,55.873451232910156,234.51210021972656,0.67,8.541656250000001e-05
,,,,,180444,320.0,1986,,,,,,
,,,,,180825,240.0,1522,,,,,,
,,,,,181000,,,3.7421703338623047,41.3484001159668,40.74597930908203,196.5797119140625,0.6679375000000001,8.531239583333334e-05
,,,,,181446,520.0,2514,,,,,,
,,,,,182000,,,9.129590034484863,51.13438415527344,51.00188446044922,237.16758728027344,0.665875,8.520822916666667e-05
,,,,,182212,610.0,3066,,,,,,
,,,,,183000,,,7.517055511474609,47.72114562988281,48.417808532714844,343.0853576660156,0.6638124999999999,8.51040625e-05
,,,,,183226,820.0,4074,,,,,,
,,,,,183729,350.0,2018,,,,,,
,,,,,184000,,,29.69413185119629,49.844478607177734,51.22393035888672,490.9283447265625,0.6617500000000001,8.499989583333334e-05
,,,,,184463,560.0,2954,,,,,,
,,,,,184874,320.0,1658,,,,,,
,,,,,185000,,,90.18277740478516,46.81074523925781,48.868465423583984,618.3929443359375,0.6596875,8.489572916666667e-05
,,,,,185418,420.0,2202,,,,,,
,,,,,185871,350.0,1834,,,,,,
,,,,,186000,,,3.4634318351745605,39.868080139160156,39.67529296875,167.74598693847656,0.657625,8.47915625e-05
,,,,,186443,390.0,2290,,,,,,
,,,,,186868,270.0,1722,,,,,,
,,,,,187000,,,11.115787506103516,50.5516242980957,50.47789764404297,299.5870361328125,0.6555625,8.468739583333334e-05
,,,,,187364,340.0,1986,,,,,,
,,,,,187886,310.0,2114,,,,,,
,,,,,188000,,,8.226245880126953,52.207550048828125,51.71111297607422,334.17578125,0.6535,8.458322916666668e-05
,,,,,188496,500.0,2442,,,,,,
,,,,,188910,360.0,1658,,,,,,
,,,,,189000,,,13.769977569580078,45.59447479248047,46.183937072753906,330.29876708984375,0.6514375,8.447906250000001e-05
,,,,,189415,310.0,2034,,,,,,
528.0,91.19211,630.0,420.0,2187.6,190000,,,13.598146438598633,49.08188247680664,48.796566009521484,360.00616455078125,0.649375,8.437489583333334e-05
,,,,,190058,410.0,2578,,,,,,
,,,,,190433,260.0,1530,,,,,,
,,,,,190959,300.0,2130,,,,,,
,,,,,191000,,,4.214868068695068,54.107208251953125,54.16748046875,220.1407012939453,0.6473125,8.427072916666667e-05
,,,,,191398,240.0,1762,,,,,,
,,,,,191887,230.0,1970,,,,,,
,,,,,192000,,,8.583844184875488,48.69035339355469,48.841346740722656,280.6754150390625,0.64525,8.41665625e-05
,,,,,192388,260.0,2010,,,,,,
,,,,,193000,,,7.546725273132324,47.675785064697266,47.93141555786133,248.54226684570312,0.6431875,8.406239583333334e-05
,,,,,193182,790.0,3186,,,,,,
,,,,,193899,510.0,2882,,,,,,
,,,,,194000,,,3.1465611457824707,50.59892654418945,50.53546142578125,179.5516357421875,0.641125,8.395822916666667e-05
,,,,,194347,270.0,1794,,,,,,
,,,,,194995,470.0,2602,,,,,,
,,,,,195000,,,7.572812080383301,48.648345947265625,47.18705749511719,497.56085205078125,0.6390625000000001,8.385406250000001e-05
,,,,,195756,800.0,3042,,,,,,
,,,,,196000,,,2.63029146194458,42.22953796386719,42.564239501953125,172.2537841796875,0.637,8.374989583333334e-05
,,,,,196148,350.0,1570,,,,,,
,,,,,196622,430.0,1914,,,,,,
,,,,,197000,,,4.426983833312988,52.141700744628906,51.90901184082031,209.4516143798828,0.6349374999999999,8.364572916666667e-05
,,,,,197186,420.0,2274,,,,,,
,,,,,197906,900.0,2898,,,,,,
,,,,,198000,,,4.587656021118164,42.82251739501953,42.824241638183594,198.36203002929688,0.632875,8.354156250000001e-05
,,,,,198432,370.0,2106,,,,,,
,,,,,198759,220.0,1314,,,,,,
,,,,,199000,,,15.335800170898438,40.75082015991211,40.091522216796875,319.63006591796875,0.6308125,8.343739583333335e-05
,,,,,199251,410.0,1970,,,,,,
,,,,,199638,320.0,1562,,,,,,
896.0,161.93826,1080.0,580.0,2601.2,200000,,,6.823577880859375,42.19172668457031,41.81876754760742,224.78590393066406,0.62875,8.333322916666666e-05
,,,,,200241,460.0,2418,,,,,,
,,,,,200883,510.0,2594,,,,,,
,,,,,201000,,,3.2623777389526367,45.607513427734375,44.54140853881836,352.1147766113281,0.6266875000000001,8.322906249999999e-05
,,,,,201330,340.0,1802,,,,,,
,,,,,202000,,,6.4914751052856445,50.37971878051758,49.093467712402344,502.17230224609375,0.624625,8.312489583333334e-05
,,,,,202131,650.0,3218,,,,,,
,,,,,202730,1040.0,2426,,,,,,
,,,,,203000,,,12.053003311157227,49.888954162597656,50.23634338378906,355.02093505859375,0.6225625,8.302072916666668e-05
,,,,,203416,710.0,2770,,,,,,
,,,,,203957,450.0,2170,,,,,,
,,,,,204000,,,6.556080341339111,54.11591339111328,53.13379669189453,421.07525634765625,0.6205,8.29165625e-05
,,,,,204428,440.0,1898,,,,,,
,,,,,205000,,,14.285804748535156,48.254615783691406,47.46438980102539,492.586181640625,0.6184375,8.281239583333333e-05
,,,,,205076,410.0,2618,,,,,,
,,,,,205478,270.0,1634,,,,,,
,,,,,206000,,,13.720304489135742,49.16612243652344,49.83818435668945,371.1610107421875,0.616375,8.270822916666668e-05
,,,,,206002,370.0,2122,,,,,,
,,,,,206773,1160.0,3090,,,,,,
,,,,,207000,,,10.856500625610352,53.002113342285156,52.37240982055664,485.97259521484375,0.6143125,8.26040625e-05
,,,,,207514,800.0,2978,,,,,,
,,,,,208000,,,10.225010871887207,49.738094329833984,50.471675872802734,330.23516845703125,0.61225,8.249989583333335e-05
,,,,,208091,370.0,2330,,,,,,
,,,,,208556,260.0,1882,,,,,,
,,,,,208933,360.0,1538,,,,,,
,,,,,209000,,,112.19303131103516,59.17035675048828,61.92974090576172,973.8366088867188,0.6101875,8.239572916666666e-05
,,,,,209434,360.0,2002,,,,,,
,,,,,209846,330.0,1650,,,,,,
713.0,299.7015,1220.0,450.0,2728.4,210000,,,9.356878280639648,53.902244567871094,54.87261962890625,454.4732360839844,0.608125,8.22915625e-05
,,,,,210578,750.0,2938,,,,,,
,,,,,211000,,,6.286123275756836,54.10187911987305,53.8553352355957,271.55914306640625,0.6060625,8.218739583333333e-05
,,,,,211369,720.0,3178,,,,,,
,,,,,211932,570.0,2266,,,,,,
,,,,,212000,,,9.738492965698242,45.55133819580078,46.24089050292969,425.56915283203125,0.604,8.208322916666666e-05
,,,,,212450,340.0,2074,,,,,,
,,,,,213000,,,5.553365707397461,43.271095275878906,42.07767105102539,405.25726318359375,0.6019375,8.19790625e-05
,,,,,213221,1100.0,3090,,,,,,
,,,,,213723,370.0,2010,,,,,,
,,,,,214000,,,8.752497673034668,55.44817352294922,54.02235412597656,591.2617797851562,0.5998749999999999,8.187489583333335e-05
,,,,,214326,470.0,2426,,,,,,
,,,,,214914,360.0,2370,,,,,,
,,,,,215000,,,8.879467010498047,52.344051361083984,50.92036056518555,610.1146240234375,0.5978125000000001,8.177072916666667e-05
,,,,,215641,560.0,2922,,,,,,
,,,,,216000,,,6.27877140045166,51.90006637573242,51.72161102294922,255.27459716796875,0.59575,8.16665625e-05
,,,,,216021,210.0,1530,,,,,,
,,,,,216371,210.0,1410,,,,,,
,,,,,216883,330.0,2066,,,,,,
,,,,,217000,,,6.648845672607422,48.85198974609375,48.13285827636719,388.3175354003906,0.5936875,8.156239583333334e-05
,,,,,217538,620.0,2634,,,,,,
,,,,,218000,,,9.22443675994873,50.52576446533203,50.291481018066406,276.1148986816406,0.5916250000000001,8.145822916666667e-05
,,,,,218160,410.0,2514,,,,,,
,,,,,218890,1150.0,2946,,,,,,
,,,,,219000,,,6.201088905334473,49.002593994140625,48.747642517089844,277.81396484375,0.5895625,8.13540625e-05
,,,,,219721,1020.0,3346,,,,,,
550.0,205.71825,740.0,300.0,2784.4,220000,,,10.769380569458008,56.42139434814453,54.93473815917969,492.7193298339844,0.5874999999999999,8.124989583333333e-05
,,,,,220229,440.0,2050,,,,,,
,,,,,220596,210.0,1474,,,,,,
,,,,,221000,,,4.420193672180176,56.682533264160156,55.701377868652344,390.5020751953125,0.5854375,8.114572916666667e-05
,,,,,221051,280.0,1842,,,,,,
,,,,,221806,680.0,3026,,,,,,
,,,,,222000,,,8.619308471679688,50.98213195800781,51.77671813964844,401.9170227050781,0.583375,8.10415625e-05
,,,,,222237,270.0,1746,,,,,,
,,,,,222626,290.0,1578,,,,,,
,,,,,223000,,,47.447975158691406,46.84820556640625,49.10301971435547,591.02001953125,0.5813125,8.093739583333334e-05
,,,,,223242,460.0,2466,,,,,,
,,,,,223852,700.0,2466,,,,,,
,,,,,224000,,,10.453492164611816,50.862369537353516,50.553924560546875,380.4748840332031,0.57925,8.083322916666667e-05
,,,,,224346,390.0,1994,,,,,,
,,,,,224839,370.0,1986,,,,,,
,,,,,225000,,,7.275091648101807,56.313560485839844,57.25632095336914,469.1167297363281,0.5771875,8.072906250000001e-05
,,,,,225491,620.0,2610,,,,,,
,,,,,225993,320.0,2018,,,,,,
,,,,,226000,,,13.469566345214844,46.4189338684082,46.774131774902344,352.9530944824219,0.5751250000000001,8.062489583333334e-05
,,,,,226697,1350.0,2834,,,,,,
,,,,,227000,,,58.766048431396484,60.138648986816406,61.710411071777344,640.4812622070312,0.5730625,8.052072916666667e-05
,,,,,227160,330.0,1866,,,,,,
,,,,,227849,1130.0,2762,,,,,,
,,,,,228000,,,7.042935371398926,55.35777282714844,55.294525146484375,336.3790588378906,0.571,8.04165625e-05
,,,,,228698,860.0,3402,,,,,,
,,,,,229000,,,11.029948234558105,60.199440002441406,58.633705139160156,626.3804931640625,0.5689375,8.031239583333334e-05
,,,,,229372,500.0,2714,,,,,,
427.0,64.50581,510.0,280.0,2210.0,230000,,,13.879679679870605,51.81824493408203,51.77543640136719,340.5605773925781,0.566875,8.020822916666667e-05
,,,,,230068,1030.0,2786,,,,,,
,,,,,230465,280.0,1586,,,,,,
,,,,,230977,270.0,2066,,,,,,
,,,,,231000,,,15.025300979614258,53.94741439819336,53.72914505004883,330.34808349609375,0.5648124999999999,8.01040625e-05
,,,,,231600,450.0,2498,,,,,,
,,,,,232000,,,221.8606414794922,55.02385711669922,58.20367431640625,1016.64306640625,0.5627500000000001,7.999989583333334e-05
,,,,,232165,360.0,2274,,,,,,
,,,,,232649,410.0,1962,,,,,,
,,,,,233000,,,9.960548400878906,62.478397369384766,62.07731628417969,230.05104064941406,0.5606875,7.989572916666668e-05
,,,,,233059,330.0,1658,,,,,,
,,,,,233643,530.0,2346,,,,,,
,,,,,234000,,,7.5702924728393555,62.322288513183594,61.090721130371094,456.7776184082031,0.5586249999999999,7.979156250000001e-05
,,,,,234111,380.0,1898,,,,,,
,,,,,234664,320.0,2218,,,,,,
,,,,,235000,,,11.14065933227539,61.79063415527344,62.46864700317383,406.97216796875,0.5565625,7.968739583333334e-05
,,,,,235471,570.0,3226,,,,,,
,,,,,236000,,,10.60109806060791,56.05984115600586,54.526710510253906,623.6201782226562,0.5545,7.958322916666667e-05
,,,,,236226,1110.0,3042,,,,,,
,,,,,236694,370.0,1882,,,,,,
,,,,,237000,,,9.243804931640625,48.42600631713867,48.347530364990234,210.21714782714844,0.5524375,7.94790625e-05
,,,,,237208,390.0,2058,,,,,,
,,,,,237845,480.0,2554,,,,,,
,,,,,238000,,,308.3631896972656,57.20391082763672,61.0223388671875,1174.8685302734375,0.5503750000000001,7.937489583333334e-05
,,,,,238807,1390.0,3850,,,,,,
,,,,,239000,,,4.785610198974609,61.4581184387207,60.66557693481445,278.79425048828125,0.5483125,7.927072916666667e-05
,,,,,239613,1000.0,3234,,,,,,
734.0,157.87337,970.0,590.0,3201.2,240000,,,7.98171329498291,60.39360046386719,61.02048110961914,374.3053894042969,0.54625,7.916656250000001e-05
,,,,,240510,1440.0,3594,,,,,,
,,,,,240904,290.0,1586,,,,,,
,,,,,241000,,,8.783292770385742,62.463768005371094,61.808013916015625,417.5901184082031,0.5441875,7.906239583333334e-05
,,,,,241594,770.0,2786,,,,,,
,,,,,241994,390.0,1602,,,,,,
,,,,,242000,,,9.671960830688477,59.27268981933594,60.6195068359375,626.8245849609375,0.542125,7.895822916666667e-05
,,,,,242561,530.0,2290,,,,,,
,,,,,243000,,,16.37618064880371,59.12213134765625,58.16175079345703,620.7391357421875,0.5400625,7.885406250000001e-05
,,,,,243272,570.0,2850,,,,,,
,,,,,243974,490.0,2818,,,,,,
,,,,,244000,,,10.461014747619629,58.24524688720703,56.822303771972656,666.538330078125,0.538,7.874989583333334e-05
,,,,,244447,460.0,1898,,,,,,
,,,,,245000,,,12.943439483642578,64.79527282714844,64.1937255859375,510.9458312988281,0.5359375,7.864572916666667e-05
,,,,,245090,620.0,2594,,,,,,
,,,,,245562,350.0,1906,,,,,,
,,,,,246000,,,5.907121658325195,59.51658630371094,58.66307830810547,398.4905700683594,0.533875,7.85415625e-05
,,,,,246105,400.0,2186,,,,,,
,,,,,246615,320.0,2042,,,,,,
,,,,,247000,,,212.55760192871094,54.63653564453125,58.09223937988281,1067.0302734375,0.5318125,7.843739583333334e-05
,,,,,247454,1240.0,3378,,,,,,
,,,,,248000,,,9.186908721923828,58.452476501464844,58.39396286010742,305.218505859375,0.5297499999999999,7.833322916666668e-05
,,,,,248268,930.0,3274,,,,,,
,,,,,248805,390.0,2146,,,,,,
,,,,,249000,,,16.82293701171875,53.051536560058594,51.96769714355469,508.0313415527344,0.5276875,7.822906250000001e-05
,,,,,249508,440.0,2810,,,,,,
529.0,176.1505,710.0,340.0,2619.6,250000,,,13.031012535095215,63.494754791259766,61.55801010131836,755.26318359375,0.525625,7.812489583333334e-05
,,,,,250023,380.0,2074,,,,,,
,,,,,250774,1260.0,3018,,,,,,
,,,,,251000,,,17.087148666381836,60.7520637512207,60.7236213684082,459.4085998535156,0.5235624999999999,7.802072916666668e-05
,,,,,251361,460.0,2370,,,,,,
,,,,,252000,,,13.793083190917969,59.3417854309082,59.294525146484375,471.8335876464844,0.5215000000000001,7.79165625e-05
,,,,,252160,970.0,3202,,,,,,
,,,,,252570,430.0,1666,,,,,,
,,,,,252910,270.0,1378,,,,,,
,,,,,253000,,,11.92548942565918,62.02996826171875,60.967491149902344,575.4386596679688,0.5194375,7.781239583333333e-05
,,,,,253299,370.0,1586,,,,,,
,,,,,253946,370.0,2594,,,,,,
,,,,,254000,,,11.800220489501953,72.4058609008789,73.07921600341797,456.01678466796875,0.517375,7.770822916666666e-05
,,,,,254663,790.0,2874,,,,,,
,,,,,255000,,,5.433507919311523,66.5114974975586,66.15270233154297,285.1783142089844,0.5153125000000001,7.76040625e-05
,,,,,255135,370.0,1914,,,,,,
,,,,,255784,520.0,2610,,,,,,
,,,,,256000,,,245.59703063964844,57.623817443847656,60.391475677490234,1025.7459716796875,0.51325,7.749989583333333e-05
,,,,,256371,420.0,2354,,,,,,
,,,,,256977,360.0,2426,,,,,,
,,,,,257000,,,6.741915225982666,62.419227600097656,62.1772346496582,263.31402587890625,0.5111874999999999,7.739572916666666e-05
,,,,,257380,290.0,1634,,,,,,
,,,,,257866,360.0,1954,,,,,,
,,,,,258000,,,11.077310562133789,63.642555236816406,62.49538803100586,568.0458984375,0.509125,7.72915625e-05
,,,,,258341,330.0,1930,,,,,,
,,,,,258791,270.0,1802,,,,,,
,,,,,259000,,,11.601140022277832,63.531707763671875,61.77149963378906,573.4334106445312,0.5070625,7.718739583333335e-05
,,,,,259515,660.0,2906,,,,,,
447.0,69.289246,530.0,350.0,2421.2,260000,,,15.4383544921875,60.111724853515625,60.513526916503906,675.8311157226562,0.505,7.708322916666668e-05
,,,,,260244,650.0,2930,,,,,,
,,,,,260634,340.0,1578,,,,,,
,,,,,261000,,,8.178579330444336,69.48600769042969,69.4801025390625,292.60205078125,0.5029375,7.69790625e-05
,,,,,261415,650.0,3154,,,,,,
,,,,,262000,,,16.348526000976562,63.49026107788086,62.76360321044922,433.14703369140625,0.500875,7.687489583333333e-05
,,,,,262052,460.0,2546,,,,,,
,,,,,262544,360.0,1978,,,,,,
,,,,,263000,,,10.322205543518066,65.39122009277344,64.75144958496094,372.5190734863281,0.4988125,7.677072916666667e-05
,,,,,263058,470.0,2074,,,,,,
,,,,,263724,870.0,2690,,,,,,
,,,,,264000,,,11.005846977233887,67.33055114746094,65.96009063720703,772.7327880859375,0.49675,7.66665625e-05
,,,,,264090,310.0,1466,,,,,,
,,,,,264712,1190.0,2514,,,,,,
,,,,,265000,,,11.714303016662598,64.43216705322266,64.27017211914062,405.27911376953125,0.49468750000000006,7.656239583333333e-05
,,,,,265413,720.0,2818,,,,,,
,,,,,265927,370.0,2058,,,,,,
,,,,,266000,,,5.716325759887695,60.929222106933594,61.78999710083008,440.93798828125,0.4926250000000001,7.645822916666667e-05
,,,,,266283,320.0,1450,,,,,,
,,,,,267000,,,7.173580169677734,70.203125,70.10000610351562,304.2610168457031,0.4905625,7.63540625e-05
,,,,,267128,670.0,3386,,,,,,
,,,,,267816,460.0,2778,,,,,,
,,,,,268000,,,23.021053314208984,69.84469604492188,70.67781829833984,796.8424682617188,0.48849999999999993,7.624989583333334e-05
,,,,,268270,360.0,1834,,,,,,
,,,,,268769,440.0,2002,,,,,,
,,,,,269000,,,11.749405860900879,69.10807037353516,67.60877990722656,701.5682983398438,0.48643749999999997,7.614572916666667e-05
,,,,,269660,1120.0,3578,,,,,,
1071.0,719.25586,1950.0,400.0,2739.6,270000,,,4.930654525756836,61.067230224609375,61.0313606262207,280.66937255859375,0.484375,7.60415625e-05
,,,,,270324,1100.0,2682,,,,,,
,,,,,270858,1030.0,2138,,,,,,
,,,,,271000,,,13.8195161819458,66.51113891601562,65.20708465576172,554.515869140625,0.4823124999999999,7.593739583333333e-05
,,,,,271745,1340.0,3562,,,,,,
,,,,,272000,,,53.91741943359375,70.77193450927734,69.69940185546875,1068.976318359375,0.48024999999999995,7.583322916666666e-05
,,,,,272395,670.0,2610,,,,,,
,,,,,273000,,,16.632083892822266,61.52210998535156,62.72175598144531,546.1041870117188,0.4781875,7.57290625e-05
,,,,,273042,540.0,2602,,,,,,
,,,,,273545,330.0,2026,,,,,,
,,,,,274000,,,45.64775466918945,65.52363586425781,65.75688171386719,443.1950988769531,0.476125,7.562489583333334e-05
,,,,,274041,410.0,2010,,,,,,
,,,,,274875,780.0,3338,,,,,,
,,,,,275000,,,10.275564193725586,65.55409240722656,66.18672180175781,600.9883422851562,0.47406250000000005,7.552072916666667e-05
,,,,,275491,520.0,2482,,,,,,
,,,,,276000,260.0,2050,,,,,,
,,,,,276000,,,14.964951515197754,71.8465576171875,71.4327621459961,446.8447265625,0.472,7.54165625e-05
,,,,,276607,650.0,2442,,,,,,
,,,,,277000,,,6.36745023727417,66.46493530273438,65.69429016113281,291.51165771484375,0.4699375,7.531239583333334e-05
,,,,,277302,370.0,2786,,,,,,
,,,,,277773,400.0,1898,,,,,,
,,,,,278000,,,5.86598014831543,65.0351791381836,65.31110382080078,262.4978942871094,0.46787500000000004,7.520822916666668e-05
,,,,,278268,320.0,1994,,,,,,
,,,,,278935,1000.0,2674,,,,,,
,,,,,279000,,,62.93998718261719,73.90618896484375,76.87113189697266,1021.1456909179688,0.4658125000000001,7.51040625e-05
,,,,,279640,1070.0,2850,,,,,,
628.0,211.69789,1000.0,290.0,2382.0,280000,,,14.103879928588867,68.49142456054688,67.63278198242188,533.1661376953125,0.46375,7.499989583333333e-05
,,,,,280180,490.0,2170,,,,,,
,,,,,280962,830.0,3146,,,,,,
,,,,,281000,,,15.020872116088867,72.35569763183594,73.66253662109375,784.5430908203125,0.46168750000000003,7.489572916666667e-05
,,,,,281683,950.0,2898,,,,,,
,,,,,282000,,,10.610530853271484,66.86885070800781,66.74391174316406,355.2562255859375,0.45962500000000006,7.47915625e-05
,,,,,282108,410.0,1706,,,,,,
,,,,,282834,560.0,2906,,,,,,
,,,,,283000,,,8.346797943115234,68.169677734375,67.96134185791016,261.74395751953125,0.4575625,7.468739583333333e-05
,,,,,283599,880.0,3066,,,,,,
,,,,,284000,,,299.210205078125,64.16567993164062,65.43746185302734,1201.352783203125,0.4555,7.458322916666667e-05
,,,,,284084,420.0,1962,,,,,,
,,,,,284606,380.0,2106,,,,,,
,,,,,284969,260.0,1466,,,,,,
,,,,,285000,,,6.966403007507324,66.27603912353516,66.20745849609375,338.22259521484375,0.45343749999999994,7.447906250000001e-05
,,,,,285722,990.0,3018,,,,,,
,,,,,286000,,,8.676558494567871,68.37956237792969,67.189453125,602.626953125,0.45137499999999997,7.437489583333334e-05
,,,,,286231,310.0,2050,,,,,,
,,,,,286630,260.0,1610,,,,,,
,,,,,287000,,,27.742403030395508,77.85246276855469,76.0291748046875,767.6265869140625,0.4493125,7.427072916666667e-05
,,,,,287337,1070.0,2850,,,,,,
,,,,,287940,450.0,2434,,,,,,
,,,,,288000,,,23.402057647705078,74.84228515625,73.55603790283203,652.6484985351562,0.44725000000000004,7.41665625e-05
,,,,,288367,240.0,1730,,,,,,
,,,,,289000,,,10.217320442199707,64.05692291259766,64.15093231201172,365.2586975097656,0.44518749999999996,7.406239583333334e-05
,,,,,289006,510.0,2586,,,,,,
,,,,,289556,500.0,2226,,,,,,
,,,,,289993,390.0,1770,,,,,,
738.0,464.49542,1260.0,270.0,3124.4,290000,,,1217.9476318359375,70.91837310791016,75.60780334472656,2680.73583984375,0.443125,7.395822916666667e-05
,,,,,290514,360.0,2106,,,,,,
,,,,,291000,,,311.0025939941406,68.84048461914062,71.1136474609375,1159.184326171875,0.4410625,7.38540625e-05
,,,,,291250,820.0,2970,,,,,,
,,,,,292000,,,30.608783721923828,74.93360900878906,73.04559326171875,886.2113647460938,0.43900000000000006,7.374989583333334e-05
,,,,,292088,630.0,3362,,,,,,
,,,,,292826,780.0,2978,,,,,,
,,,,,293000,,,7.4756011962890625,74.15393829345703,73.72364807128906,279.2831115722656,0.4369375,7.364572916666668e-05
,,,,,293422,560.0,2394,,,,,,
,,,,,294000,,,17.70844268798828,64.85317993164062,65.52275085449219,571.7876586914062,0.434875,7.354156250000001e-05
,,,,,294216,850.0,3194,,,,,,
,,,,,294938,670.0,2914,,,,,,
,,,,,295000,,,7.479166030883789,70.16053009033203,68.76373291015625,637.7537231445312,0.43281250000000004,7.343739583333334e-05
,,,,,295332,290.0,1594,,,,,,
,,,,,295976,1030.0,2594,,,,,,
,,,,,296000,,,14.865175247192383,68.38053894042969,68.73385620117188,407.20611572265625,0.4307500000000001,7.333322916666668e-05
,,,,,296426,420.0,1818,,,,,,
,,,,,296917,440.0,1978,,,,,,
,,,,,297000,,,13.622443199157715,80.27815246582031,80.71366882324219,447.500244140625,0.4286875000000001,7.322906250000001e-05
,,,,,297480,430.0,2274,,,,,,
,,,,,298000,,,9.821088790893555,70.54722595214844,70.75325012207031,353.9206848144531,0.4266249999999999,7.312489583333332e-05
,,,,,298585,1240.0,4434,,,,,,
,,,,,299000,,,14.251832962036133,73.43486022949219,72.43246459960938,586.2623901367188,0.42456249999999995,7.302072916666666e-05
,,,,,299166,400.0,2338,,,,,,
,,,,,299970,860.0,3226,,,,,,
409.0,59.573483,480.0,340.0,1866.8,300000,,,16.535537719726562,68.07564544677734,68.89021301269531,542.8587646484375,0.4225,7.29165625e-05
,,,,,300421,470.0,1826,,,,,,
,,,,,300985,510.0,2258,,,,,,
,,,,,301000,,,26.44794464111328,74.52831268310547,75.63790893554688,509.7734069824219,0.4204375,7.281239583333334e-05
,,,,,301413,350.0,1714,,,,,,
,,,,,302000,,,19.46802520751953,73.68663024902344,73.31268310546875,471.92132568359375,0.41837499999999994,7.270822916666666e-05
,,,,,302084,1250.0,2690,,,,,,
,,,,,302464,380.0,1522,,,,,,
,,,,,303000,,,305.2831115722656,66.41917419433594,69.05459594726562,1184.1138916015625,0.4163125,7.26040625e-05
,,,,,303044,540.0,2338,,,,,,
,,,,,303617,800.0,2314,,,,,,
,,,,,304000,,,9.065130233764648,72.63719177246094,72.22322082519531,337.2777099609375,0.41425,7.249989583333335e-05
,,,,,304099,440.0,1930,,,,,,
,,,,,304679,800.0,2338,,,,,,
,,,,,305000,,,8.670791625976562,75.47042846679688,75.41150665283203,362.3623962402344,0.41218750000000004,7.239572916666668e-05
,,,,,305221,660.0,2186,,,,,,
,,,,,305726,480.0,2026,,,,,,
,,,,,306000,,,372.77935791015625,69.02745056152344,70.80569458007812,1295.3157958984375,0.41012499999999996,7.22915625e-05
,,,,,306634,900.0,3634,,,,,,
,,,,,307000,,,11.973726272583008,68.35208892822266,67.27249908447266,394.4617919921875,0.4080625,7.218739583333333e-05
,,,,,307298,450.0,2682,,,,,,
,,,,,307955,580.0,2642,,,,,,
,,,,,308000,,,10.629040718078613,84.57247924804688,82.78650665283203,728.4780883789062,0.406,7.208322916666668e-05
,,,,,308308,280.0,1434,,,,,,
,,,,,308903,400.0,2386,,,,,,
,,,,,309000,,,7.340960502624512,75.76204681396484,75.34870910644531,350.1134338378906,0.40393750000000006,7.19790625e-05
,,,,,309393,470.0,1986,,,,,,
1036.0,444.72913,1580.0,640.0,2693.2,310000,,,384.3761291503906,66.83145141601562,70.39241027832031,1365.2939453125,0.4018750000000001,7.187489583333333e-05
,,,,,310057,440.0,2666,,,,,,
,,,,,310853,2040.0,3194,,,,,,
,,,,,311000,,,74.62229919433594,84.33097839355469,82.10981750488281,1217.3011474609375,0.3998125,7.177072916666667e-05
,,,,,311468,800.0,2482,,,,,,
,,,,,312000,,,10.740864753723145,75.10147094726562,74.0159683227539,443.1090087890625,0.39775000000000005,7.16665625e-05
,,,,,312086,560.0,2482,,,,,,
,,,,,312888,560.0,3218,,,,,,
,,,,,313000,,,11.172412872314453,76.71019744873047,75.36305236816406,661.2863159179688,0.39568749999999997,7.156239583333333e-05
,,,,,313591,700.0,2834,,,,,,
,,,,,314000,,,5.900912284851074,88.78014373779297,87.91989135742188,438.0821228027344,0.393625,7.145822916666667e-05
,,,,,314568,1110.0,3922,,,,,,
,,,,,315000,,,4.627344131469727,78.82469940185547,78.36959838867188,301.7560119628906,0.3915624999999999,7.13540625e-05
,,,,,315061,340.0,1986,,,,,,
,,,,,315945,680.0,3562,,,,,,
,,,,,316000,,,10.045846939086914,84.18714904785156,84.08567810058594,300.36676025390625,0.38949999999999996,7.124989583333333e-05
,,,,,316694,750.0,3002,,,,,,
,,,,,317000,,,7.110081672668457,80.46876525878906,80.57064056396484,299.7340393066406,0.3874375,7.114572916666666e-05
,,,,,317149,380.0,1842,,,,,,
,,,,,317507,320.0,1450,,,,,,
,,,,,318000,,,11.010255813598633,72.22023010253906,73.21066284179688,605.2749633789062,0.385375,7.10415625e-05
,,,,,318111,840.0,2426,,,,,,
,,,,,318826,820.0,2866,,,,,,
,,,,,319000,,,379.5854797363281,77.5570068359375,81.7452392578125,1475.9876708984375,0.38331249999999994,7.093739583333334e-05
,,,,,319242,370.0,1682,,,,,,
704.0,104.517944,910.0,570.0,2609.2,320000,,,14.506584167480469,74.2716293334961,75.03408813476562,481.0731506347656,0.38125,7.083322916666667e-05
,,,,,320047,1090.0,3226,,,,,,
,,,,,320824,1410.0,3130,,,,,,
,,,,,321000,,,4.645784378051758,74.43208312988281,73.9892578125,264.9666748046875,0.3791875,7.07290625e-05
,,,,,321601,2340.0,3130,,,,,,
,,,,,322000,,,11.11656665802002,66.87022399902344,66.98751068115234,347.3560791015625,0.37712500000000004,7.062489583333334e-05
,,,,,322036,390.0,1746,,,,,,
,,,,,322456,350.0,1706,,,,,,
,,,,,323000,,,10.088264465332031,73.2333984375,73.006591796875,305.8710021972656,0.3750625000000001,7.052072916666667e-05
,,,,,323480,700.0,4106,,,,,,
,,,,,324000,,,13.89583683013916,94.00767517089844,92.20626831054688,844.6683959960938,0.373,7.04165625e-05
,,,,,324117,540.0,2570,,,,,,
,,,,,324529,420.0,1666,,,,,,
,,,,,325000,,,13.151676177978516,77.08084106445312,75.56297302246094,683.1131591796875,0.37093750000000003,7.031239583333333e-05
,,,,,325005,380.0,1906,,,,,,
,,,,,325880,1130.0,3506,,,,,,
,,,,,326000,,,46.11270523071289,69.03034973144531,69.27525329589844,621.0858154296875,0.36887500000000006,7.020822916666667e-05
,,,,,326360,400.0,1938,,,,,,
,,,,,327000,,,383.5750732421875,76.63389587402344,82.46139526367188,1818.5665283203125,0.3668125000000001,7.01040625e-05
,,,,,327287,1570.0,3730,,,,,,
,,,,,328000,,,21.042510986328125,81.19931030273438,81.38372802734375,617.4886474609375,0.3647499999999999,6.999989583333333e-05
,,,,,328201,1280.0,3666,,,,,,
,,,,,328694,420.0,1978,,,,,,
,,,,,329000,,,13.590456008911133,83.31049346923828,82.71068572998047,457.612548828125,0.36268749999999994,6.989572916666667e-05
,,,,,329473,880.0,3146,,,,,,
633.0,225.07999,920.0,270.0,2647.6,330000,,,68.2540283203125,79.97750091552734,80.73895263671875,846.1692504882812,0.360625,6.979156250000001e-05
,,,,,330119,730.0,2594,,,,,,
,,,,,330652,460.0,2154,,,,,,
,,,,,331000,,,12.5419282913208,77.62226867675781,76.68368530273438,455.3454284667969,0.3585625,6.968739583333334e-05
,,,,,331495,1180.0,3378,,,,,,
,,,,,332000,,,9.985902786254883,79.94190979003906,78.35235595703125,799.65673828125,0.35650000000000004,6.958322916666667e-05
,,,,,332491,1210.0,3994,,,,,,
,,,,,333000,,,14.40459156036377,79.29826354980469,80.99757385253906,809.2838745117188,0.35443749999999996,6.94790625e-05
,,,,,333222,810.0,2938,,,,,,
,,,,,333805,750.0,2346,,,,,,
,,,,,334000,,,4.3953022956848145,73.63605499267578,73.05027770996094,329.1746520996094,0.352375,6.937489583333334e-05
,,,,,334539,1020.0,2954,,,,,,
,,,,,334953,330.0,1658,,,,,,
,,,,,335000,,,11.633758544921875,73.58163452148438,71.92970275878906,714.3878173828125,0.3503125,6.927072916666667e-05
,,,,,335665,790.0,2866,,,,,,
,,,,,336000,,,12.198281288146973,77.57291412353516,77.07455444335938,537.1511840820312,0.34825000000000006,6.91665625e-05
,,,,,336168,560.0,2018,,,,,,
,,,,,337000,,,320.53271484375,72.68854522705078,76.21218872070312,1505.13818359375,0.3461875,6.906239583333334e-05
,,,,,337231,1110.0,4274,,,,,,
,,,,,337981,1210.0,3010,,,,,,
,,,,,338000,,,387.72430419921875,77.25784301757812,83.41949462890625,1853.6175537109375,0.344125,6.895822916666668e-05
,,,,,338634,600.0,2626,,,,,,
,,,,,339000,,,9.413176536560059,87.06712341308594,87.16921997070312,501.2084655761719,0.34206250000000005,6.885406250000001e-05
,,,,,339618,1260.0,3962,,,,,,
1151.0,697.3586,2130.0,470.0,2482.8,340000,,,26.55429458618164,86.45388793945312,84.406982421875,1119.1873779296875,0.3400000000000001,6.874989583333334e-05
,,,,,340594,950.0,3930,,,,,,
,,,,,341000,,,10.842338562011719,79.52046203613281,80.47866821289062,552.348876953125,0.3379375,6.864572916666667e-05
,,,,,341132,420.0,2170,,,,,,
,,,,,341735,910.0,2426,,,,,,
,,,,,342000,,,16.448789596557617,78.7199478149414,79.29899597167969,451.7419738769531,0.33587500000000003,6.85415625e-05
,,,,,342302,560.0,2274,,,,,,
,,,,,342953,680.0,2618,,,,,,
,,,,,343000,,,16.387704849243164,82.80517578125,84.10830688476562,608.83056640625,0.33381249999999996,6.843739583333332e-05
,,,,,343448,600.0,1986,,,,,,
,,,,,343887,460.0,1786,,,,,,
,,,,,344000,,,36.558372497558594,92.40723419189453,93.29421997070312,588.9841918945312,0.33175,6.833322916666667e-05
,,,,,344495,910.0,2458,,,,,,
,,,,,345000,,,10.34834098815918,90.73262786865234,90.06185913085938,476.4408874511719,0.3296875,6.822906250000001e-05
,,,,,345254,1030.0,3058,,,,,,
,,,,,346000,,,49.657779693603516,81.6900634765625,82.5433349609375,609.673828125,0.32762499999999994,6.812489583333334e-05
,,,,,346026,950.0,3090,,,,,,
,,,,,346727,960.0,2810,,,,,,
,,,,,347000,,,332.20135498046875,88.42774963378906,91.16169738769531,1409.3922119140625,0.3255625,6.802072916666666e-05
,,,,,347648,1700.0,3682,,,,,,
,,,,,348000,,,11.029010772705078,80.46318054199219,80.689697265625,424.6814880371094,0.3235,6.791656250000001e-05
,,,,,348266,930.0,2498,,,,,,
,,,,,348900,530.0,2538,,,,,,
,,,,,349000,,,10.84840202331543,81.65215301513672,81.2056655883789,499.5054931640625,0.32143750000000004,6.781239583333334e-05
,,,,,349646,820.0,2986,,,,,,
830.0,217.48563,1110.0,640.0,2453.2,350000,,,8.424960136413574,85.56551361083984,84.54051208496094,437.8107604980469,0.31937499999999996,6.770822916666666e-05
,,,,,350489,970.0,3394,,,,,,
,,,,,351000,,,341.9589538574219,69.12383270263672,73.32685852050781,1529.17919921875,0.3173125,6.760406249999999e-05
,,,,,351230,1020.0,2978,,,,,,
,,,,,352000,,,39.61323547363281,78.10408020019531,79.87544250488281,726.8318481445312,0.31525000000000003,6.749989583333333e-05
,,,,,352245,980.0,4066,,,,,,
,,,,,352743,430.0,2018,,,,,,
,,,,,353000,,,7.174456596374512,77.34953308105469,77.5002212524414,332.8430480957031,0.31318750000000006,6.739572916666668e-05
,,,,,353633,740.0,3570,,,,,,
,,,,,354000,,,9.584588050842285,84.88782501220703,84.33934783935547,426.1184387207031,0.311125,6.72915625e-05
,,,,,354060,410.0,1730,,,,,,
,,,,,354607,420.0,2210,,,,,,
,,,,,355000,,,10.598047256469727,81.891357421875,80.84825897216797,646.446533203125,0.3090625,6.718739583333333e-05
,,,,,355360,550.0,3018,,,,,,
,,,,,356000,,,13.626640319824219,83.86387634277344,84.74551391601562,688.03564453125,0.30700000000000005,6.708322916666668e-05
,,,,,356075,1520.0,2882,,,,,,
,,,,,356925,2240.0,3418,,,,,,
,,,,,357000,,,7.833261489868164,80.06510925292969,80.76435089111328,463.80035400390625,0.3049375000000001,6.69790625e-05
,,,,,357617,660.0,2770,,,,,,
,,,,,358000,,,10.599382400512695,81.82947540283203,80.32246398925781,725.1056518554688,0.302875,6.687489583333333e-05
,,,,,358264,880.0,2602,,,,,,
,,,,,359000,,,12.813942909240723,78.21147918701172,78.02456665039062,472.24249267578125,0.3008124999999999,6.677072916666666e-05
,,,,,359329,1530.0,4282,,,,,,
1068.0,704.18463,2130.0,370.0,2428.4,360000,,,18.985118865966797,79.1231460571289,78.71595764160156,579.8825073242188,0.29874999999999996,6.66665625e-05
,,,,,360029,520.0,2802,,,,,,
,,,,,360629,770.0,2426,,,,,,
,,,,,361000,,,9.620635032653809,85.22514343261719,85.49408721923828,404.9003601074219,0.2966875,6.656239583333333e-05
,,,,,361189,540.0,2242,,,,,,
,,,,,361659,660.0,1890,,,,,,
,,,,,362000,,,8.627666473388672,76.53041076660156,75.96224975585938,477.5600891113281,0.294625,6.645822916666666e-05
,,,,,362547,1010.0,3562,,,,,,
,,,,,363000,,,11.860654830932617,87.41806030273438,86.78569030761719,492.94171142578125,0.29256249999999995,6.63540625e-05
,,,,,363459,1560.0,3658,,,,,,
,,,,,364000,,,10.53210163116455,90.626220703125,89.68466186523438,606.9137573242188,0.2905,6.624989583333335e-05
,,,,,364602,2030.0,4578,,,,,,
,,,,,365000,,,11.801472663879395,78.9205093383789,78.00261688232422,468.0285949707031,0.2884375,6.614572916666667e-05
,,,,,365233,720.0,2530,,,,,,
,,,,,365854,610.0,2514,,,,,,
,,,,,366000,,,8.413070678710938,82.1617202758789,82.57936096191406,431.4178771972656,0.28637500000000005,6.60415625e-05
,,,,,366616,1660.0,3050,,,,,,
,,,,,367000,,,12.74755859375,81.62417602539062,81.6863784790039,479.94854736328125,0.28431249999999997,6.593739583333333e-05
,,,,,367004,390.0,1562,,,,,,
,,,,,367831,720.0,3330,,,,,,
,,,,,368000,,,12.207027435302734,77.66254425048828,76.87345886230469,449.9285888671875,0.28225,6.583322916666667e-05
,,,,,368541,550.0,2866,,,,,,
,,,,,368959,420.0,1682,,,,,,
,,,,,369000,,,16.953750610351562,75.33039855957031,75.33204650878906,456.371826171875,0.28018750000000003,6.57290625e-05
,,,,,369443,470.0,1962,,,,,,
746.0,265.1113,1230.0,420.0,2518.8,370000,,,93.13851928710938,86.81173706054688,87.22418975830078,973.4100952148438,0.27812500000000007,6.562489583333333e-05
,,,,,370193,1290.0,3018,,,,,,
,,,,,370987,1420.0,3202,,,,,,
,,,,,371000,,,369.0991516113281,87.12557983398438,89.41044616699219,1393.08056640625,0.2760625000000001,6.552072916666667e-05
,,,,,371896,1600.0,3650,,,,,,
,,,,,372000,,,9.099159240722656,85.25088500976562,85.1374740600586,328.7453918457031,0.274,6.54165625e-05
,,,,,372591,770.0,2802,,,,,,
,,,,,373000,,,9.474175453186035,77.79092407226562,77.72447204589844,336.3818359375,0.27193749999999994,6.531239583333333e-05
,,,,,373153,820.0,2266,,,,,,
,,,,,373921,1170.0,3090,,,,,,
,,,,,374000,,,9.084311485290527,76.86229705810547,76.53593444824219,355.5367431640625,0.269875,6.520822916666667e-05
,,,,,375000,,,13.458877563476562,85.15730285644531,85.5541763305664,425.8697204589844,0.2678125,6.510406250000001e-05
,,,,,375037,1070.0,4466,,,,,,
,,,,,375922,1500.0,3554,,,,,,
,,,,,376000,,,83.07063293457031,92.32038879394531,92.81336975097656,1190.9464111328125,0.26574999999999993,6.499989583333334e-05
,,,,,376590,690.0,2674,,,,,,
,,,,,377000,,,17.60635757446289,81.39495849609375,81.98397064208984,695.1320190429688,0.26368749999999996,6.489572916666666e-05
,,,,,377284,580.0,2794,,,,,,
,,,,,377926,740.0,2586,,,,,,
,,,,,378000,,,147.53602600097656,77.138916015625,79.3403091430664,982.3233642578125,0.261625,6.47915625e-05
,,,,,378562,730.0,2562,,,,,,
,,,,,379000,,,16.8907527923584,83.61382293701172,82.64804077148438,794.3655395507812,0.25956250000000003,6.468739583333334e-05
,,,,,379129,700.0,2274,,,,,,
,,,,,379708,880.0,2322,,,,,,
982.0,516.5036,1610.0,450.0,3138.0,380000,,,5.064519882202148,73.97750854492188,73.98748779296875,289.9513854980469,0.25750000000000006,6.458322916666667e-05
,,,,,380504,950.0,3194,,,,,,
,,,,,381000,,,15.517387390136719,77.65158081054688,77.27204132080078,519.425048828125,0.2554375,6.44790625e-05
,,,,,381007,420.0,2018,,,,,,
,,,,,381585,520.0,2338,,,,,,
,,,,,382000,,,18.579763412475586,69.24722290039062,68.61131286621094,519.8798217773438,0.253375,6.437489583333334e-05
,,,,,382290,610.0,2842,,,,,,
,,,,,383000,,,7.914979934692383,71.35562133789062,70.09219360351562,562.5101318359375,0.25131250000000005,6.427072916666668e-05
,,,,,383134,800.0,3394,,,,,,
,,,,,383538,450.0,1626,,,,,,
,,,,,384000,,,18.59678840637207,88.6169662475586,88.99223327636719,414.65753173828125,0.24925000000000008,6.416656250000001e-05
,,,,,384230,1010.0,2786,,,,,,
,,,,,384609,400.0,1522,,,,,,
,,,,,385000,,,12.642300605773926,71.91265869140625,71.45796203613281,567.5758666992188,0.2471875,6.406239583333334e-05
,,,,,385548,1240.0,3754,,,,,,
,,,,,386000,,,9.646941184997559,79.65778350830078,79.17466735839844,412.95196533203125,0.24512500000000004,6.395822916666667e-05
,,,,,386285,1560.0,2970,,,,,,
,,,,,387000,,,7.546910285949707,81.27438354492188,80.80687713623047,350.3548278808594,0.24306250000000007,6.38540625e-05
,,,,,387031,580.0,2986,,,,,,
,,,,,387469,520.0,1754,,,,,,
,,,,,388000,,,19.067012786865234,84.33490753173828,84.03677368164062,559.0514526367188,0.241,6.374989583333332e-05
,,,,,388131,920.0,2666,,,,,,
,,,,,389000,,,17.80236053466797,78.64846801757812,78.9693603515625,682.2061767578125,0.2389374999999999,6.364572916666667e-05
,,,,,389042,1370.0,3658,,,,,,
,,,,,389729,1180.0,2754,,,,,,
699.0,205.49696,1100.0,500.0,2636.4,390000,,,5.1956868171691895,77.82571411132812,77.4869155883789,268.3472900390625,0.23687499999999995,6.354156250000001e-05
,,,,,390551,1310.0,3290,,,,,,
,,,,,391000,,,12.582098007202148,91.76263427734375,91.99687957763672,600.9951782226562,0.23481249999999998,6.343739583333334e-05
,,,,,391029,530.0,1938,,,,,,
,,,,,391764,1030.0,2954,,,,,,
,,,,,392000,,,10.28358268737793,82.24671173095703,81.40481567382812,522.2976684570312,0.23275,6.333322916666667e-05
,,,,,392654,1600.0,3570,,,,,,
,,,,,393000,,,9.018058776855469,82.6778793334961,82.67411804199219,396.70672607421875,0.23068750000000005,6.322906250000001e-05
,,,,,393427,1030.0,3106,,,,,,
,,,,,394000,,,18.609106063842773,87.78907775878906,89.78541564941406,1191.5460205078125,0.22862499999999997,6.312489583333334e-05
,,,,,394158,1070.0,2946,,,,,,
,,,,,394865,1000.0,2842,,,,,,
,,,,,395000,,,13.777054786682129,87.74613189697266,86.06527709960938,898.0113525390625,0.2265625,6.302072916666667e-05
,,,,,395673,1220.0,3250,,,,,,
,,,,,396000,,,8.48625373840332,82.0865478515625,81.35783386230469,400.1824645996094,0.22450000000000003,6.29165625e-05
,,,,,396363,1030.0,2770,,,,,,
,,,,,397000,,,19.421913146972656,85.13450622558594,83.36727905273438,949.3015747070312,0.22243750000000007,6.281239583333334e-05
,,,,,397142,2220.0,3122,,,,,,
,,,,,397738,650.0,2386,,,,,,
,,,,,398000,,,13.15060043334961,78.11497497558594,78.64497375488281,567.6512451171875,0.220375,6.270822916666668e-05
,,,,,398648,1020.0,3658,,,,,,
,,,,,399000,,,11.215815544128418,85.47809600830078,85.12847900390625,309.5445556640625,0.21831250000000002,6.26040625e-05
,,,,,399012,360.0,1482,,,,,,
,,,,,399571,700.0,2234,,,,,,
577.0,259.27014,1330.0,400.0,2154.0,400000,,,11.82693862915039,87.50724792480469,86.34265899658203,539.7022705078125,0.21625000000000005,6.249989583333334e-05
,,,,,400193,570.0,2490,,,,,,
,,,,,400691,410.0,2002,,,,,,
,,,,,401000,,,9.444713592529297,75.44981384277344,75.39265441894531,370.9600524902344,0.2141875000000001,6.239572916666668e-05
,,,,,401190,670.0,2018,,,,,,
,,,,,402000,,,396.85638427734375,86.10458374023438,91.07052612304688,1876.69873046875,0.212125,6.22915625e-05
,,,,,402132,1830.0,3778,,,,,,
,,,,,402952,1280.0,3298,,,,,,
,,,,,403000,,,8.569743156433105,86.36601257324219,86.55514526367188,385.128662109375,0.21006249999999993,6.218739583333333e-05
,,,,,404000,,,1138.108642578125,83.79934692382812,90.46265411376953,3912.802978515625,0.20799999999999996,6.208322916666666e-05
,,,,,404078,1610.0,4530,,,,,,
,,,,,404752,960.0,2722,,,,,,
,,,,,405000,,,13.995573043823242,87.44236755371094,86.74180603027344,573.7833862304688,0.2059375,6.19790625e-05
,,,,,405671,1980.0,3698,,,,,,
,,,,,406000,,,8.188532829284668,79.09037780761719,78.81100463867188,389.5218200683594,0.20387500000000003,6.187489583333333e-05
,,,,,406533,1280.0,3458,,,,,,
,,,,,407000,,,6.5643205642700195,73.56407928466797,73.20210266113281,318.3528137207031,0.20181249999999995,6.177072916666666e-05
,,,,,407092,650.0,2250,,,,,,
,,,,,407920,870.0,3338,,,,,,
,,,,,408000,,,10.489431381225586,75.13893127441406,74.02899169921875,640.6734008789062,0.19974999999999998,6.16665625e-05
,,,,,408408,450.0,1954,,,,,,
,,,,,409000,,,13.274171829223633,82.70561218261719,83.09907531738281,575.4842529296875,0.19768750000000002,6.156239583333335e-05
,,,,,409361,1040.0,3834,,,,,,
,,,,,409899,550.0,2170,,,,,,
717.0,259.8865,1110.0,490.0,2052.4,410000,,,17.36916732788086,83.10453033447266,82.98389434814453,464.5779113769531,0.19562500000000005,6.145822916666667e-05
,,,,,410713,880.0,3282,,,,,,
,,,,,411000,,,13.592399597167969,86.65274047851562,85.72782897949219,597.7527465820312,0.19356249999999997,6.13540625e-05
,,,,,411530,1530.0,3274,,,,,,
,,,,,412000,,,9.441980361938477,87.94580841064453,88.06407928466797,417.1824645996094,0.1915,6.124989583333333e-05
,,,,,412302,720.0,3114,,,,,,
,,,,,413000,,,9.549833297729492,77.96604919433594,78.08309936523438,392.8819885253906,0.18943750000000004,6.114572916666667e-05
,,,,,413177,1420.0,3506,,,,,,
,,,,,413823,1350.0,2610,,,,,,
,,,,,414000,,,10.456743240356445,87.26233673095703,87.584716796875,397.9703674316406,0.18737500000000007,6.10415625e-05
,,,,,414331,530.0,2042,,,,,,
,,,,,415000,,,11.947011947631836,83.60539245605469,84.24896240234375,411.4326171875,0.1853125,6.093739583333333e-05
,,,,,415321,2320.0,3986,,,,,,
,,,,,416000,,,112.09606170654297,83.79225158691406,84.97607421875,1048.832275390625,0.18325000000000002,6.083322916666667e-05
,,,,,416321,920.0,4026,,,,,,
,,,,,417000,,,20.8348331451416,80.17189025878906,78.85771179199219,1167.7528076171875,0.18118750000000006,6.07290625e-05
,,,,,417171,1140.0,3426,,,,,,
,,,,,417822,980.0,2610,,,,,,
,,,,,418000,,,352.33526611328125,80.20271301269531,84.59635925292969,1628.224609375,0.17912499999999998,6.062489583333333e-05
,,,,,418402,1120.0,2338,,,,,,
,,,,,418915,450.0,2058,,,,,,
,,,,,419000,,,16.611988067626953,95.50555419921875,96.60882568359375,741.8318481445312,0.1770625,6.0520729166666666e-05
,,,,,419664,1260.0,3002,,,,,,
702.0,217.47644,960.0,450.0,2182.8,420000,,,11.096881866455078,92.99632263183594,93.29206848144531,371.9021911621094,0.17499999999999993,6.041656250000001e-05
,,,,,420070,340.0,1626,,,,,,
,,,,,421000,,,9.319584846496582,84.58428192138672,84.2061767578125,376.8762512207031,0.17293749999999997,6.0312395833333336e-05
,,,,,421022,1170.0,3826,,,,,,
,,,,,421514,430.0,1978,,,,,,
,,,,,422000,,,13.178390502929688,91.9300765991211,92.58824157714844,590.56787109375,0.170875,6.0208229166666665e-05
,,,,,422035,480.0,2082,,,,,,
,,,,,422424,460.0,1586,,,,,,
,,,,,422945,570.0,2106,,,,,,
,,,,,423000,,,13.332748413085938,89.63265228271484,87.781494140625,831.8602294921875,0.16881250000000003,6.01040625e-05
,,,,,423342,440.0,1602,,,,,,
,,,,,424000,,,13.01893138885498,84.01570129394531,84.80117797851562,519.9349365234375,0.16674999999999995,5.999989583333334e-05
,,,,,424131,770.0,3162,,,,,,
,,,,,424916,1700.0,3162,,,,,,
,,,,,425000,,,27.167098999023438,86.01546478271484,86.7428970336914,520.1546020507812,0.1646875,5.989572916666667e-05
,,,,,425364,440.0,1794,,,,,,
,,,,,425958,880.0,2378,,,,,,
,,,,,426000,,,336.2351989746094,81.28663635253906,83.3468246459961,1305.6591796875,0.16262500000000002,5.97915625e-05
,,,,,426597,820.0,2562,,,,,,
,,,,,427000,,,109.26972961425781,83.2259521484375,83.91011047363281,919.6767578125,0.16056250000000005,5.9687395833333335e-05
,,,,,427237,770.0,2562,,,,,,
,,,,,428000,,,14.959539413452148,91.71530151367188,92.04386901855469,579.1282958984375,0.15849999999999997,5.958322916666668e-05
,,,,,428078,1440.0,3378,,,,,,
,,,,,428938,890.0,3458,,,,,,
,,,,,429000,,,8.760473251342773,87.6229248046875,88.4843521118164,487.6620788574219,0.1564375,5.9479062500000005e-05
,,,,,429816,1680.0,3522,,,,,,
898.0,218.6687,1320.0,730.0,2840.4,430000,,,6.9973297119140625,87.06394958496094,86.55293273925781,644.3727416992188,0.15437500000000004,5.9374895833333334e-05
,,,,,430647,1080.0,3330,,,,,,
,,,,,431000,,,12.207444190979004,88.3590316772461,87.89102172851562,399.1866455078125,0.15231250000000007,5.927072916666667e-05
,,,,,431052,390.0,1650,,,,,,
,,,,,431788,1310.0,2970,,,,,,
,,,,,432000,,,5.985652923583984,88.33428955078125,88.22468566894531,302.1320495605469,0.1502500000000001,5.91665625e-05
,,,,,432372,1000.0,2354,,,,,,
,,,,,432974,720.0,2434,,,,,,
,,,,,433000,,,438.8771667480469,94.32109832763672,97.97282409667969,1649.447998046875,0.14818749999999992,5.9062395833333326e-05
,,,,,433605,770.0,2530,,,,,,
,,,,,434000,,,4.80727481842041,97.35450744628906,97.78744506835938,319.84429931640625,0.14612499999999995,5.895822916666667e-05
,,,,,434261,1020.0,2650,,,,,,
,,,,,434947,970.0,2754,,,,,,
,,,,,435000,,,14.071271896362305,85.27616882324219,87.30924224853516,861.6161499023438,0.14406249999999998,5.8854062500000004e-05
,,,,,435663,1010.0,2874,,,,,,
,,,,,436000,,,10.07490062713623,98.85873413085938,98.14110565185547,497.1833801269531,0.14200000000000002,5.874989583333333e-05
,,,,,436247,1050.0,2362,,,,,,
,,,,,436788,820.0,2186,,,,,,
,,,,,437000,,,105.88096618652344,88.33326721191406,86.50129699707031,1732.143798828125,0.13993749999999994,5.864572916666666e-05
,,,,,437182,420.0,1586,,,,,,
,,,,,437817,1520.0,2554,,,,,,
,,,,,438000,,,7.999406814575195,90.82648468017578,89.78337097167969,489.15606689453125,0.13787499999999997,5.85415625e-05
,,,,,438659,1290.0,3386,,,,,,
,,,,,439000,,,10.859731674194336,88.59136199951172,87.61259460449219,639.9378051757812,0.1358125,5.8437395833333345e-05
,,,,,439205,580.0,2202,,,,,,
1164.0,700.6169,2230.0,620.0,3356.4,440000,,,16.36819839477539,84.04934692382812,84.4357681274414,572.9885864257812,0.13375000000000004,5.833322916666667e-05
,,,,,440135,1050.0,3722,,,,,,
,,,,,440943,680.0,3234,,,,,,
,,,,,441000,,,14.973930358886719,98.47782897949219,97.05986022949219,741.5108032226562,0.13168750000000007,5.8229062499999995e-05
,,,,,441872,1300.0,3738,,,,,,
,,,,,442000,,,15.762447357177734,89.39927673339844,88.79437255859375,621.2412109375,0.129625,5.812489583333334e-05
,,,,,442357,540.0,1954,,,,,,
,,,,,442970,830.0,2466,,,,,,
,,,,,443000,,,67.37074279785156,107.10808563232422,106.43477630615234,903.2512817382812,0.12756250000000002,5.802072916666668e-05
,,,,,443772,2250.0,3234,,,,,,
,,,,,444000,,,11.452646255493164,93.93838500976562,93.99474334716797,474.041015625,0.12550000000000006,5.79165625e-05
,,,,,444165,420.0,1602,,,,,,
,,,,,444919,1300.0,3034,,,,,,
,,,,,445000,,,13.472661018371582,88.75967407226562,87.15907287597656,789.4093627929688,0.12343750000000009,5.781239583333333e-05
,,,,,445545,1070.0,2522,,,,,,
,,,,,446000,,,16.83523178100586,88.41744995117188,89.95460510253906,743.13037109375,0.12137500000000001,5.770822916666667e-05
,,,,,446147,1380.0,2418,,,,,,
,,,,,446902,1180.0,3042,,,,,,
,,,,,447000,,,9.927359580993652,86.86336517333984,86.01509094238281,434.7344055175781,0.11931250000000004,5.76040625e-05
,,,,,447704,1550.0,3226,,,,,,
,,,,,448000,,,16.050451278686523,91.79309844970703,92.20191955566406,363.706787109375,0.11724999999999997,5.749989583333333e-05
,,,,,448403,1060.0,2802,,,,,,
,,,,,449000,,,20.512914657592773,91.24691772460938,91.18045043945312,806.79443359375,0.1151875,5.7395729166666664e-05
,,,,,449155,1090.0,3018,,,,,,
,,,,,449927,950.0,3098,,,,,,
1443.0,282.17194,1600.0,880.0,3118.8,450000,,,21.030454635620117,88.56710052490234,87.79158020019531,588.8631591796875,0.11312499999999992,5.7291562500000006e-05
,,,,,450934,2000.0,4034,,,,,,
,,,,,451000,,,95.83982849121094,89.45259857177734,89.78927612304688,1394.4498291015625,0.11106249999999995,5.7187395833333335e-05
,,,,,451363,530.0,1746,,,,,,
,,,,,452000,,,13.0777587890625,94.001953125,94.2965087890625,544.4243774414062,0.10899999999999999,5.7083229166666663e-05
,,,,,452198,1030.0,3346,,,,,,
,,,,,452957,1140.0,3050,,,,,,
,,,,,453000,,,10.190108299255371,88.38374328613281,88.44273376464844,477.3157653808594,0.10693750000000002,5.6979062500000006e-05
,,,,,453968,1200.0,4042,,,,,,
,,,,,454000,,,9.286581993103027,97.28233337402344,97.97370910644531,544.2682495117188,0.10487500000000005,5.687489583333334e-05
,,,,,454438,460.0,1906,,,,,,
,,,,,455000,,,12.61055850982666,91.12212371826172,90.59922790527344,441.1827392578125,0.10281249999999997,5.677072916666667e-05
,,,,,455016,520.0,2330,,,,,,
,,,,,455749,2160.0,2946,,,,,,
,,,,,456000,,,16.073184967041016,88.25625610351562,87.05349731445312,703.4127197265625,0.10075,5.66665625e-05
,,,,,456513,800.0,3058,,,,,,
,,,,,457000,,,8.490062713623047,89.21421813964844,89.9715576171875,461.5030212402344,0.09868750000000004,5.656239583333334e-05
,,,,,457137,1540.0,2506,,,,,,
,,,,,457983,1430.0,3394,,,,,,
,,,,,458000,,,17.046951293945312,91.72276306152344,92.0611801147461,595.9561767578125,0.09662500000000007,5.6458229166666675e-05
,,,,,458542,620.0,2250,,,,,,
,,,,,459000,,,25.036376953125,104.83765411376953,101.91638946533203,1423.444091796875,0.0945625,5.6354062500000004e-05
,,,,,459451,1090.0,3650,,,,,,
758.0,26.381811,770.0,680.0,3002.8,460000,,,11.1357421875,89.21622467041016,88.94693756103516,356.7388000488281,0.09250000000000003,5.624989583333333e-05
,,,,,460287,1480.0,3354,,,,,,
,,,,,461000,,,392.02069091796875,88.6559829711914,90.82311248779297,1810.3262939453125,0.09043750000000006,5.6145729166666675e-05
,,,,,461322,2840.0,4146,,,,,,
,,,,,462000,,,10.163400650024414,84.62474060058594,84.5091552734375,450.94635009765625,0.08837500000000009,5.60415625e-05
,,,,,462090,1390.0,3090,,,,,,
,,,,,462779,800.0,2770,,,,,,
,,,,,463000,,,19.267793655395508,86.42658233642578,86.40484619140625,707.100830078125,0.0863124999999999,5.5937395833333325e-05
,,,,,463440,730.0,2658,,,,,,
,,,,,464000,,,23.375844955444336,104.2990951538086,103.39323425292969,994.197265625,0.08424999999999994,5.583322916666667e-05
,,,,,464308,1310.0,3482,,,,,,
,,,,,465000,,,6.550604343414307,92.97642517089844,92.4097900390625,413.6787109375,0.08218749999999997,5.572906250000001e-05
,,,,,465171,1680.0,3458,,,,,,
,,,,,466000,,,11.185600280761719,102.69442749023438,102.22016906738281,363.5160217285156,0.080125,5.562489583333334e-05
,,,,,466113,1550.0,3778,,,,,,
,,,,,466897,1170.0,3154,,,,,,
,,,,,467000,,,18.768598556518555,98.70275115966797,99.95298767089844,1166.196533203125,0.07806250000000003,5.5520729166666666e-05
,,,,,467783,1500.0,3570,,,,,,
,,,,,468000,,,14.657367706298828,96.14154052734375,95.85899353027344,483.0971984863281,0.07599999999999996,5.54165625e-05
,,,,,468541,780.0,3034,,,,,,
,,,,,469000,,,11.72933292388916,87.03630065917969,88.22538757324219,693.257080078125,0.07393749999999999,5.5312395833333344e-05
,,,,,469249,1240.0,2850,,,,,,
891.0,221.56038,1220.0,660.0,2834.0,470000,,,54.55751037597656,106.63922119140625,106.7215347290039,915.804931640625,0.07187500000000002,5.520822916666667e-05
,,,,,470065,1020.0,3282,,,,,,
,,,,,470472,440.0,1642,,,,,,
,,,,,470946,460.0,1898,,,,,,
,,,,,471000,,,19.948131561279297,105.11002349853516,106.30823516845703,844.8599853515625,0.06981250000000006,5.51040625e-05
,,,,,471535,740.0,2370,,,,,,
,,,,,472000,,,16.79226303100586,93.63984680175781,94.3370590209961,580.148681640625,0.06774999999999998,5.4999895833333336e-05
,,,,,472262,1250.0,2922,,,,,,
,,,,,472978,740.0,2866,,,,,,
,,,,,473000,,,9.126770973205566,101.46692657470703,102.3060073852539,550.5558471679688,0.06568750000000001,5.489572916666668e-05
,,,,,473547,720.0,2298,,,,,,
,,,,,474000,,,12.541609764099121,93.64606475830078,93.47320556640625,424.21392822265625,0.06362500000000004,5.4791562500000007e-05
,,,,,474180,1620.0,2554,,,,,,
,,,,,475000,,,14.853321075439453,100.48585510253906,100.07398986816406,483.96173095703125,0.061562500000000075,5.4687395833333335e-05
,,,,,475047,1510.0,3474,,,,,,
,,,,,475835,1060.0,3162,,,,,,
,,,,,476000,,,10.58752727508545,83.37469482421875,82.24699401855469,682.5758056640625,0.0595,5.458322916666667e-05
,,,,,476380,520.0,2194,,,,,,
,,,,,477000,,,8.25364875793457,93.57138061523438,93.00276947021484,433.17181396484375,0.05743750000000003,5.44790625e-05
,,,,,477016,950.0,2554,,,,,,
,,,,,477891,1790.0,3506,,,,,,
,,,,,478000,,,1296.0965576171875,85.34003448486328,91.5815658569336,4877.01611328125,0.05537499999999995,5.437489583333333e-05
,,,,,478470,550.0,2338,,,,,,
,,,,,479000,,,21.601844787597656,100.13789367675781,99.87544250488281,651.8324584960938,0.053312499999999985,5.427072916666667e-05
,,,,,479233,1060.0,3066,,,,,,
919.0,513.565,2430.0,710.0,2334.8,480000,,,14.554498672485352,95.24321746826172,94.96075439453125,560.0305786132812,0.05125000000000002,5.4166562500000005e-05
,,,,,480151,2050.0,3682,,,,,,
,,,,,480993,1550.0,3386,,,,,,
,,,,,481000,,,17.388879776000977,90.86102294921875,91.13037109375,573.6963500976562,0.04918749999999994,5.4062395833333333e-05
,,,,,481737,770.0,3002,,,,,,
,,,,,482000,,,339.15386962890625,91.01185607910156,94.88265991210938,2821.875,0.04712499999999997,5.395822916666666e-05
,,,,,482620,1010.0,3538,,,,,,
,,,,,483000,,,18.111736297607422,96.7059555053711,97.288330078125,649.0921630859375,0.045062500000000005,5.3854062500000004e-05
,,,,,483292,800.0,2690,,,,,,
,,,,,483835,570.0,2202,,,,,,
,,,,,484000,,,12.767877578735352,104.53083801269531,104.32051086425781,523.5637817382812,0.04300000000000004,5.374989583333334e-05
,,,,,484528,950.0,2786,,,,,,
,,,,,484995,450.0,1882,,,,,,
,,,,,485000,,,13.761343002319336,92.52250671386719,92.38887786865234,575.9647216796875,0.04093749999999996,5.364572916666667e-05
,,,,,485596,580.0,2410,,,,,,
,,,,,486000,,,10.509025573730469,103.94976806640625,102.95367431640625,577.2603759765625,0.03887499999999999,5.3541562499999996e-05
,,,,,486380,640.0,3154,,,,,,
,,,,,486937,750.0,2250,,,,,,
,,,,,487000,,,18.025291442871094,90.54353332519531,87.92152404785156,2604.96142578125,0.036812500000000026,5.343739583333334e-05
,,,,,487557,850.0,2498,,,,,,
,,,,,488000,,,17.90469741821289,94.46044921875,95.0376968383789,619.9774780273438,0.03475000000000006,5.3333229166666674e-05
,,,,,488052,550.0,2010,,,,,,
,,,,,488846,1180.0,3178,,,,,,
,,,,,489000,,,12.294675827026367,94.52281188964844,94.15764617919922,478.4940185546875,0.03268750000000009,5.32290625e-05
,,,,,489663,2620.0,3290,,,,,,
1080.0,348.7406,2120.0,930.0,3403.6,490000,,,11.386606216430664,91.21806335449219,91.61737060546875,646.2359008789062,0.030625000000000013,5.312489583333333e-05
,,,,,490393,1020.0,2946,,,,,,
,,,,,490981,700.0,2362,,,,,,
,,,,,491000,,,15.607242584228516,108.68972778320312,107.39823913574219,718.6655883789062,0.028562500000000046,5.302072916666667e-05
,,,,,491498,540.0,2074,,,,,,
,,,,,492000,,,8.645971298217773,96.68302917480469,95.87537384033203,455.1294860839844,0.02650000000000008,5.29165625e-05
,,,,,492162,820.0,2658,,,,,,
,,,,,492837,1380.0,2706,,,,,,
,,,,,493000,,,153.4931182861328,98.70767211914062,101.10416412353516,1447.016845703125,0.0244375,5.281239583333333e-05
,,,,,493642,2060.0,3226,,,,,,
,,,,,494000,,,408.2815246582031,101.52122497558594,106.04049682617188,2366.54296875,0.022374999999999923,5.2708229166666665e-05
,,,,,494195,540.0,2226,,,,,,
,,,,,494897,1210.0,2810,,,,,,
,,,,,495000,,,11.613516807556152,87.10304260253906,88.55389404296875,790.625244140625,0.020312499999999956,5.260406250000001e-05
,,,,,495647,1210.0,3018,,,,,,
,,,,,496000,,,12.928159713745117,96.56058502197266,98.33743286132812,965.3941040039062,0.01824999999999999,5.2499895833333336e-05
,,,,,496079,540.0,1738,,,,,,
,,,,,496799,740.0,2890,,,,,,
,,,,,497000,,,78.10151672363281,94.76739501953125,96.55962371826172,1070.19580078125,0.01618750000000002,5.2395729166666665e-05
,,,,,497516,680.0,2890,,,,,,
,,,,,498000,,,37.05257034301758,89.7143325805664,90.43417358398438,737.0540771484375,0.014124999999999943,5.22915625e-05
,,,,,498283,1100.0,3090,,,,,,
,,,,,498962,650.0,2730,,,,,,
,,,,,499000,,,365.65899658203125,100.24571990966797,103.49601745605469,1689.2183837890625,0.012062499999999976,5.218739583333334e-05
,,,,,499804,770.0,3394,,,,,,
606.0,93.08061,720.0,530.0,2754.0,500000,,,19.795679092407227,88.59735107421875,87.27583312988281,992.8092651367188,0.01,5.208322916666667e-05
,,,,,500673,1960.0,3474,,,,,,
,,,,,501000,,,15.440813064575195,98.49091339111328,99.21724700927734,599.6835327148438,0.01,5.19790625e-05
,,,,,501517,810.0,3386,,,,,,
,,,,,501966,520.0,1802,,,,,,
,,,,,502000,,,18.399066925048828,105.984130859375,107.5463638305664,1039.842041015625,0.01,5.1874895833333334e-05
,,,,,502586,650.0,2506,,,,,,
,,,,,503000,,,22.83525276184082,96.72787475585938,94.3809814453125,1274.1810302734375,0.01,5.1770729166666677e-05
,,,,,503336,700.0,3002,,,,,,
,,,,,504000,,,10.651394844055176,107.85599517822266,108.07585906982422,409.10174560546875,0.01,5.1666562500000005e-05
,,,,,504109,1130.0,3114,,,,,,
,,,,,505000,,,11.848846435546875,99.32197570800781,99.288818359375,460.69732666015625,0.01,5.1562395833333334e-05
,,,,,505106,2930.0,4002,,,,,,
,,,,,505773,1280.0,2682,,,,,,
,,,,,506000,,,7.168243885040283,94.6614761352539,93.78270721435547,495.56097412109375,0.01,5.145822916666667e-05
,,,,,506343,930.0,2298,,,,,,
,,,,,506931,680.0,2370,,,,,,
,,,,,507000,,,13.876898765563965,95.53091430664062,96.14092254638672,650.3811645507812,0.01,5.13540625e-05
,,,,,507390,620.0,1858,,,,,,
,,,,,508000,,,4.682920455932617,91.36541748046875,90.77888488769531,325.6731872558594,0.01,5.1249895833333326e-05
,,,,,508435,1830.0,4202,,,,,,
,,,,,508876,540.0,1762,,,,,,
,,,,,509000,,,17.584318161010742,109.45044708251953,109.87156677246094,659.3506469726562,0.01,5.114572916666667e-05
,,,,,509716,1080.0,3386,,,,,,
813.0,184.50203,940.0,490.0,2351.6,510000,,,34.2886962890625,98.79024505615234,97.46174621582031,1360.4031982421875,0.01,5.1041562500000003e-05
,,,,,510616,880.0,3618,,,,,,
,,,,,511000,,,6.264713764190674,99.03469848632812,99.18760681152344,339.6816711425781,0.01,5.093739583333333e-05
,,,,,511296,700.0,2730,,,,,,
,,,,,512000,,,18.17210578918457,99.23110961914062,99.25553894042969,609.5738525390625,0.01,5.083322916666666e-05
,,,,,512117,1100.0,3306,,,,,,
,,,,,512667,630.0,2210,,,,,,
,,,,,513000,,,27.392168045043945,108.00061798095703,107.12762451171875,852.3457641601562,0.01,5.07290625e-05
,,,,,513306,520.0,2562,,,,,,
,,,,,513917,580.0,2466,,,,,,
,,,,,514000,,,11.490243911743164,97.19793701171875,95.58087158203125,664.1305541992188,0.01,5.062489583333334e-05
,,,,,514805,1680.0,3570,,,,,,
,,,,,515000,,,13.909541130065918,93.81253051757812,95.51966857910156,1723.76220703125,0.01,5.0520729166666667e-05
,,,,,515491,800.0,2746,,,,,,
,,,,,516000,,,9.199658393859863,101.2695541381836,99.70611572265625,701.8087158203125,0.01,5.0416562499999995e-05
,,,,,516151,1300.0,2650,,,,,,
,,,,,516950,2490.0,3210,,,,,,
,,,,,517000,,,21.730010986328125,100.97769927978516,102.095703125,982.33740234375,0.01,5.031239583333334e-05
,,,,,517490,710.0,2170,,,,,,
,,,,,518000,,,7.449248790740967,97.42021942138672,97.59922790527344,371.3003845214844,0.01,5.020822916666668e-05
,,,,,518105,740.0,2466,,,,,,
,,,,,518628,910.0,2114,,,,,,
,,,,,519000,,,42.11738204956055,96.11530303955078,94.96378326416016,1248.13427734375,0.01,5.01040625e-05
,,,,,519299,920.0,2690,,,,,,
975.0,115.43397,1040.0,640.0,3038.0,520000,,,22.83997344970703,103.42413330078125,102.7356948852539,796.6033325195312,0.01,5e-05
,,,,,520405,1480.0,4426,,,,,,
,,,,,521000,,,97.10074615478516,96.94230651855469,97.46243286132812,906.3883666992188,0.01,5e-05
,,,,,521133,980.0,2914,,,,,,
,,,,,522000,,,14.25271224975586,97.18365478515625,96.9876708984375,616.598388671875,0.01,5e-05
,,,,,522013,1470.0,3522,,,,,,
,,,,,522772,1130.0,3042,,,,,,
,,,,,523000,,,9.946943283081055,103.08711242675781,103.19562530517578,379.0076904296875,0.01,5e-05
,,,,,523611,920.0,3378,,,,,,
,,,,,524000,,,21.079500198364258,109.85648345947266,109.12835693359375,648.9240112304688,0.01,5e-05
,,,,,524364,1120.0,3034,,,,,,
,,,,,525000,,,14.348727226257324,108.13453674316406,109.0151596069336,913.2554321289062,0.01,5e-05
,,,,,525018,990.0,2634,,,,,,
,,,,,525701,1320.0,2746,,,,,,
,,,,,526000,,,31.397499084472656,111.69474792480469,110.8388671875,881.6759643554688,0.01,5e-05
,,,,,526459,1170.0,3042,,,,,,
,,,,,527000,,,61.60712432861328,87.10720825195312,88.43079376220703,898.2206420898438,0.01,5e-05
,,,,,527071,810.0,2474,,,,,,
,,,,,527901,960.0,3338,,,,,,
,,,,,528000,,,8.02263069152832,110.70399475097656,109.43376159667969,761.8649291992188,0.01,5e-05
,,,,,528918,840.0,4066,,,,,,
,,,,,529000,,,12.818946838378906,101.14208984375,99.62925720214844,731.48095703125,0.01,5e-05
,,,,,529664,1120.0,2986,,,,,,
733.0,137.77155,910.0,580.0,2458.0,530000,,,39.88397216796875,99.96341705322266,98.90312957763672,2338.361083984375,0.01,5e-05
,,,,,530404,920.0,2986,,,,,,
,,,,,531000,,,14.653546333312988,103.86254119873047,105.06793975830078,674.5216064453125,0.01,5e-05
,,,,,531065,800.0,2666,,,,,,
,,,,,531727,710.0,2658,,,,,,
,,,,,532000,,,16.976409912109375,106.21199035644531,105.46229553222656,622.9526977539062,0.01,5e-05
,,,,,532335,1050.0,2450,,,,,,
,,,,,532981,880.0,2594,,,,,,
,,,,,533000,,,12.200969696044922,108.01632690429688,108.93017578125,731.0910034179688,0.01,5e-05
,,,,,533550,810.0,2282,,,,,,
,,,,,534000,,,15.714031219482422,92.20904541015625,92.32760620117188,473.61968994140625,0.01,5e-05
,,,,,534428,1050.0,3522,,,,,,
,,,,,535000,,,6.8910908699035645,109.76146697998047,109.21624755859375,388.69012451171875,0.01,5e-05
,,,,,535468,1110.0,4162,,,,,,
,,,,,536000,,,180.71035766601562,93.13227081298828,97.87153625488281,2031.54931640625,0.01,5e-05
,,,,,536057,830.0,2386,,,,,,
,,,,,536631,680.0,2314,,,,,,
,,,,,537000,,,8.879283905029297,117.51235961914062,116.97813415527344,470.066650390625,0.01,5e-05
,,,,,537226,1390.0,2386,,,,,,
,,,,,538000,,,31.83922004699707,99.19357299804688,98.55072021484375,1130.9788818359375,0.01,5e-05
,,,,,538362,1500.0,4546,,,,,,
,,,,,539000,,,14.296387672424316,99.78352355957031,98.57145690917969,1082.829833984375,0.01,5e-05
,,,,,539062,730.0,2818,,,,,,
,,,,,539817,890.0,3042,,,,,,
759.0,236.0699,1000.0,500.0,2410.0,540000,,,13.869684219360352,112.62715148925781,112.3026351928711,459.8710632324219,0.01,5e-05
,,,,,540500,720.0,2738,,,,,,
,,,,,541000,,,18.866971969604492,108.5194091796875,105.3779525756836,1567.4119873046875,0.01,5e-05
,,,,,541099,1270.0,2418,,,,,,
,,,,,541691,1120.0,2394,,,,,,
,,,,,542000,,,12.275856018066406,104.67591857910156,104.79684448242188,527.4910278320312,0.01,5e-05
,,,,,542478,1080.0,3162,,,,,,
,,,,,542974,730.0,1986,,,,,,
,,,,,543000,,,11.28536605834961,100.9745101928711,99.60572052001953,769.3892211914062,0.01,5e-05
,,,,,543534,750.0,2258,,,,,,
,,,,,544000,,,25.298433303833008,104.9922103881836,104.88155364990234,665.3238525390625,0.01,5e-05
,,,,,544136,1420.0,2434,,,,,,
,,,,,544855,1550.0,2874,,,,,,
,,,,,545000,,,7.904171943664551,102.08943176269531,100.77272033691406,752.5250244140625,0.01,5e-05
,,,,,545813,1260.0,3858,,,,,,
,,,,,546000,,,102.84489440917969,100.748291015625,102.22563171386719,1035.30419921875,0.01,5e-05
,,,,,546592,2320.0,3122,,,,,,
,,,,,547000,,,32.02809524536133,110.57403564453125,110.24002075195312,672.56298828125,0.01,5e-05
,,,,,547351,1020.0,3050,,,,,,
,,,,,547980,640.0,2514,,,,,,
,,,,,548000,,,15.462321281433105,99.00846862792969,100.35551452636719,812.7994995117188,0.01,5e-05
,,,,,548872,1350.0,3570,,,,,,
,,,,,549000,,,19.879837036132812,108.34683227539062,107.68043518066406,755.9100341796875,0.01,5e-05
,,,,,549592,1230.0,2882,,,,,,
1714.0,847.6815,3260.0,840.0,3750.8,550000,,,22.3077392578125,104.73907470703125,105.02523803710938,759.4999389648438,0.01,5e-05
,,,,,550329,700.0,2962,,,,,,
,,,,,550936,810.0,2434,,,,,,
,,,,,551000,,,19.02407455444336,99.27889251708984,99.0396728515625,629.9743041992188,0.01,5e-05
,,,,,551587,770.0,2610,,,,,,
,,,,,552000,,,8.775827407836914,108.58421325683594,108.4814682006836,412.03704833984375,0.01,5e-05
,,,,,552697,1290.0,4458,,,,,,
,,,,,553000,,,28.475051879882812,101.28902435302734,103.04792785644531,1087.80322265625,0.01,5e-05
,,,,,554000,,,13.764699935913086,99.00901794433594,97.33583068847656,928.5521850585938,0.01,5e-05
,,,,,554169,1330.0,5898,,,,,,
,,,,,555000,,,9.196680068969727,100.19419860839844,100.80975341796875,450.0902404785156,0.01,5e-05
,,,,,555060,1500.0,3570,,,,,,
,,,,,555601,1260.0,2186,,,,,,
,,,,,556000,,,34.90185546875,94.00608825683594,92.81854248046875,1664.1015625,0.01,5e-05
,,,,,556563,1550.0,3850,,,,,,
,,,,,557000,,,470.0488586425781,95.67242431640625,98.80703735351562,1911.9830322265625,0.01,5e-05
,,,,,557318,1270.0,3042,,,,,,
,,,,,558000,,,28.881568908691406,105.40994262695312,104.43931579589844,886.1985473632812,0.01,5e-05
,,,,,558163,950.0,3402,,,,,,
,,,,,558884,900.0,2906,,,,,,
,,,,,559000,,,15.305490493774414,122.74964904785156,122.47288513183594,680.1751098632812,0.01,5e-05
,,,,,559562,1070.0,2714,,,,,,
937.0,281.9947,1500.0,780.0,2903.6,560000,,,8.665366172790527,93.73658752441406,93.93684387207031,584.8856811523438,0.01,5e-05
,,,,,560432,1490.0,3506,,,,,,
,,,,,561000,,,1131.7581787109375,120.4310302734375,124.57525634765625,4892.072265625,0.01,5e-05
,,,,,561258,1120.0,3330,,,,,,
,,,,,561791,590.0,2138,,,,,,
,,,,,562000,,,1193.1612548828125,112.70945739746094,117.3083724975586,4303.75927734375,0.01,5e-05
,,,,,562395,820.0,2434,,,,,,
,,,,,563000,,,18.910377502441406,104.62887573242188,105.3235092163086,1149.989013671875,0.01,5e-05
,,,,,563177,3120.0,3146,,,,,,
,,,,,563791,850.0,2466,,,,,,
,,,,,564000,,,21.653696060180664,111.39505004882812,110.710693359375,920.14306640625,0.01,5e-05
,,,,,564386,840.0,2402,,,,,,
,,,,,565000,,,494.6866149902344,113.69007873535156,116.72447204589844,2381.39453125,0.01,5e-05
,,,,,565109,1450.0,2922,,,,,,
,,,,,565966,1870.0,3450,,,,,,
,,,,,566000,,,21.467655181884766,114.35102844238281,116.54885864257812,1534.6353759765625,0.01,5e-05
,,,,,566425,560.0,1834,,,,,,
,,,,,567000,,,20.00129508972168,105.91809844970703,105.8902587890625,540.0091552734375,0.01,5e-05
,,,,,567053,650.0,2522,,,,,,
,,,,,567796,820.0,2994,,,,,,
,,,,,568000,,,18.11956024169922,114.84332275390625,114.7017822265625,647.5741577148438,0.01,5e-05
,,,,,568542,1300.0,3010,,,,,,
,,,,,569000,,,5.138608932495117,111.18761444091797,111.17715454101562,404.4415588378906,0.01,5e-05
,,,,,569490,1140.0,3810,,,,,,
1324.0,398.3767,1820.0,930.0,3292.4,570000,,,21.27789878845215,113.47637939453125,114.00263977050781,916.6376342773438,0.01,5e-05
,,,,,570378,1520.0,3578,,,,,,
,,,,,571000,,,26.430988311767578,111.15805053710938,112.87081146240234,1291.689697265625,0.01,5e-05
,,,,,571135,920.0,3042,,,,,,
,,,,,571998,1260.0,3474,,,,,,
,,,,,572000,,,15.343168258666992,117.69758605957031,117.6337890625,529.4118041992188,0.01,5e-05
,,,,,572743,1810.0,3010,,,,,,
,,,,,573000,,,12.92441177368164,96.93632507324219,97.89960479736328,680.983154296875,0.01,5e-05
,,,,,573521,920.0,3122,,,,,,
,,,,,574000,,,17.389423370361328,109.016845703125,108.70133209228516,654.942138671875,0.01,5e-05
,,,,,574205,840.0,2754,,,,,,
,,,,,575000,,,17.561298370361328,106.292236328125,108.27545166015625,1059.0382080078125,0.01,5e-05
,,,,,575229,1270.0,4106,,,,,,
,,,,,576000,,,12.133943557739258,104.38995361328125,105.64146423339844,727.208984375,0.01,5e-05
,,,,,576062,1300.0,3362,,,,,,
,,,,,576805,1170.0,3002,,,,,,
,,,,,577000,,,94.40188598632812,117.8365478515625,119.56999969482422,1314.390380859375,0.01,5e-05
,,,,,577555,840.0,3002,,,,,,
,,,,,578000,,,51.551822662353516,108.97111511230469,105.8966293334961,2509.85546875,0.01,5e-05
,,,,,578363,1040.0,3250,,,,,,
,,,,,578854,610.0,1970,,,,,,
,,,,,579000,,,24.065608978271484,104.8240966796875,102.552978515625,1385.7327880859375,0.01,5e-05
,,,,,579336,760.0,1954,,,,,,
1040.0,247.38634,1340.0,820.0,3075.6,580000,,,17.52396011352539,104.49124145507812,104.47187805175781,623.3150634765625,0.01,5e-05
,,,,,580236,2160.0,3602,,,,,,
,,,,,581000,,,81.90687561035156,107.20852661132812,109.82749938964844,1698.9764404296875,0.01,5e-05
,,,,,581244,1590.0,4058,,,,,,
,,,,,582000,,,11.504985809326172,97.86602783203125,96.89192962646484,597.7514038085938,0.01,5e-05
,,,,,582133,850.0,3570,,,,,,
,,,,,582730,870.0,2394,,,,,,
,,,,,583000,,,19.893009185791016,106.55303955078125,107.41231536865234,721.4544067382812,0.01,5e-05
,,,,,583474,910.0,3002,,,,,,
,,,,,584000,,,37.458309173583984,120.1904296875,122.33851623535156,1456.70654296875,0.01,5e-05
,,,,,584118,810.0,2586,,,,,,
,,,,,584858,2210.0,2978,,,,,,
,,,,,585000,,,16.482603073120117,112.93798828125,113.17233276367188,636.2864379882812,0.01,5e-05
,,,,,585474,1050.0,2490,,,,,,
,,,,,586000,,,423.9634704589844,116.0849609375,118.19803619384766,2255.0263671875,0.01,5e-05
,,,,,586071,1010.0,2394,,,,,,
,,,,,586764,880.0,2770,,,,,,
,,,,,587000,,,23.687808990478516,108.55184936523438,107.97911071777344,1278.9791259765625,0.01,5e-05
,,,,,587644,1410.0,3530,,,,,,
,,,,,588000,,,1628.1378173828125,119.08070373535156,128.6976318359375,5270.79150390625,0.01,5e-05
,,,,,588292,1140.0,2610,,,,,,
,,,,,588919,920.0,2514,,,,,,
,,,,,589000,,,11.110339164733887,108.18036651611328,108.48881530761719,687.864013671875,0.01,5e-05
1292.0,291.57504,1760.0,880.0,3459.6,590000,,,7.880486965179443,110.06184387207031,109.72183227539062,374.6005859375,0.01,5e-05
,,,,,590003,1340.0,4346,,,,,,
,,,,,590926,1820.0,3714,,,,,,
,,,,,591000,,,22.19856834411621,102.8783950805664,104.16702270507812,872.1790771484375,0.01,5e-05
,,,,,591722,1450.0,3210,,,,,,
,,,,,592000,,,11.041600227355957,117.15003967285156,116.1729736328125,602.0728149414062,0.01,5e-05
,,,,,592395,690.0,2706,,,,,,
,,,,,593000,,,26.28015899658203,117.4424057006836,113.93421936035156,1991.36279296875,0.01,5e-05
,,,,,593151,1000.0,3050,,,,,,
,,,,,593745,670.0,2394,,,,,,
,,,,,594000,,,19.09372329711914,100.00762939453125,101.90090942382812,1188.5745849609375,0.01,5e-05
,,,,,594457,960.0,2866,,,,,,
,,,,,595000,,,10.024385452270508,110.41490936279297,110.69554138183594,582.4948120117188,0.01,5e-05
,,,,,595279,1220.0,3298,,,,,,
,,,,,595933,700.0,2618,,,,,,
,,,,,596000,,,15.159841537475586,119.46438598632812,118.28883361816406,956.2428588867188,0.01,5e-05
,,,,,596545,780.0,2466,,,,,,
,,,,,597000,,,420.6354675292969,107.58470153808594,111.88291931152344,2035.17333984375,0.01,5e-05
,,,,,597418,990.0,3498,,,,,,
,,,,,598000,,,76.36199951171875,112.89680480957031,113.7665023803711,1235.2437744140625,0.01,5e-05
,,,,,598658,1160.0,4986,,,,,,
,,,,,599000,,,11.878316879272461,126.95741271972656,127.8443374633789,904.1205444335938,0.01,5e-05
,,,,,599467,870.0,3242,,,,,,
1064.0,194.07216,1270.0,810.0,3219.6,600000,,,9.820596694946289,115.9573974609375,115.7187728881836,456.4734191894531,0.01,5e-05
,,,,,600249,1480.0,3154,,,,,,
,,,,,600921,790.0,2690,,,,,,
,,,,,601000,,,11.14681339263916,99.2142333984375,99.179443359375,518.9032592773438,0.01,5e-05
,,,,,601924,1740.0,4042,,,,,,
,,,,,602000,,,10.814041137695312,119.54814147949219,119.45072174072266,550.4960327148438,0.01,5e-05
,,,,,602643,790.0,2898,,,,,,
,,,,,603000,,,18.626419067382812,88.55514526367188,90.1038818359375,1271.045166015625,0.01,5e-05
,,,,,603283,890.0,2578,,,,,,
,,,,,604000,,,15.058438301086426,103.2938232421875,101.27256774902344,1092.678955078125,0.01,5e-05
,,,,,604066,1270.0,3162,,,,,,
,,,,,604924,1210.0,3434,,,,,,
,,,,,605000,,,15.855414390563965,113.05830383300781,112.37984466552734,752.45849609375,0.01,5e-05
,,,,,605770,940.0,3386,,,,,,
,,,,,606000,,,14.454015731811523,109.67965698242188,110.31478118896484,911.1777954101562,0.01,5e-05
,,,,,606962,1540.0,4770,,,,,,
,,,,,607000,,,20.99962043762207,101.49766540527344,100.08538818359375,934.3931274414062,0.01,5e-05
,,,,,607701,1100.0,2954,,,,,,
,,,,,608000,,,63.22208786010742,117.68792724609375,116.4627685546875,1888.7149658203125,0.01,5e-05
,,,,,608633,1950.0,3738,,,,,,
,,,,,609000,,,29.13457489013672,108.50914001464844,109.45211791992188,900.402099609375,0.01,5e-05
,,,,,609443,1560.0,3242,,,,,,
1460.0,273.53244,1670.0,650.0,3605.2,610000,,,21.100231170654297,105.83405303955078,106.26680755615234,794.6721801757812,0.01,5e-05
,,,,,610235,1380.0,3186,,,,,,
,,,,,611000,,,20.146528244018555,97.75926208496094,97.8935317993164,660.6478881835938,0.01,5e-05
,,,,,611189,1530.0,3818,,,,,,
,,,,,611803,820.0,2474,,,,,,
,,,,,612000,,,24.960412979125977,105.83273315429688,103.99598693847656,1440.9886474609375,0.01,5e-05
,,,,,612422,1050.0,2498,,,,,,
,,,,,613000,,,36.94334411621094,112.20584869384766,112.71166229248047,683.9429931640625,0.01,5e-05
,,,,,613179,770.0,3042,,,,,,
,,,,,613813,770.0,2554,,,,,,
,,,,,614000,,,70.29102325439453,123.06697845458984,124.43370056152344,1149.1051025390625,0.01,5e-05
,,,,,614568,1230.0,3034,,,,,,
,,,,,615000,,,12.930533409118652,115.02201843261719,115.46525573730469,643.7647705078125,0.01,5e-05
,,,,,615222,990.0,2642,,,,,,
,,,,,615847,870.0,2530,,,,,,
,,,,,616000,,,9.556001663208008,91.98023986816406,91.33045959472656,547.1094360351562,0.01,5e-05
,,,,,616451,730.0,2418,,,,,,
,,,,,616943,690.0,1978,,,,,,
,,,,,617000,,,58.13372039794922,123.75529479980469,122.44505310058594,1377.6593017578125,0.01,5e-05
,,,,,617736,1100.0,3178,,,,,,
,,,,,618000,,,22.184856414794922,126.30280303955078,125.09221649169922,1077.2203369140625,0.01,5e-05
,,,,,618188,510.0,1834,,,,,,
,,,,,618763,720.0,2322,,,,,,
,,,,,619000,,,31.87668800354004,113.39332580566406,112.83614349365234,1056.803955078125,0.01,5e-05
,,,,,619866,2070.0,4434,,,,,,
887.0,220.32022,1090.0,580.0,2759.6,620000,,,92.38522338867188,118.28973388671875,120.5392837524414,1686.5870361328125,0.01,5e-05
,,,,,620575,1310.0,2866,,,,,,
,,,,,621000,,,14.449426651000977,112.23136901855469,111.70709228515625,567.6743774414062,0.01,5e-05
,,,,,621175,1980.0,2402,,,,,,
,,,,,621981,800.0,3250,,,,,,
,,,,,622000,,,15.43240737915039,109.8177490234375,109.48780822753906,576.4310913085938,0.01,5e-05
,,,,,622801,1750.0,3306,,,,,,
,,,,,623000,,,69.46793365478516,110.96774291992188,106.98704528808594,3544.0517578125,0.01,5e-05
,,,,,623433,1350.0,2546,,,,,,
,,,,,624000,,,13.633936882019043,122.0209732055664,123.40084075927734,961.7197875976562,0.01,5e-05
,,,,,624157,660.0,2906,,,,,,
,,,,,624711,900.0,2226,,,,,,
,,,,,625000,,,14.921191215515137,137.024658203125,135.70623779296875,852.7236938476562,0.01,5e-05
,,,,,625225,590.0,2066,,,,,,
,,,,,626000,,,16.442142486572266,126.39407348632812,126.66508483886719,766.96240234375,0.01,5e-05
,,,,,626053,1080.0,3330,,,,,,
,,,,,626820,1010.0,3074,,,,,,
,,,,,627000,,,10.720468521118164,119.32946014404297,119.18043518066406,558.3802490234375,0.01,5e-05
,,,,,627633,1330.0,3266,,,,,,
,,,,,628000,,,14.970901489257812,108.45386505126953,108.74774169921875,683.3736572265625,0.01,5e-05
,,,,,628515,930.0,3554,,,,,,
,,,,,629000,,,10.410015106201172,115.027099609375,115.07768249511719,619.9805297851562,0.01,5e-05
,,,,,629441,1180.0,3730,,,,,,
1219.0,68.03676,1290.0,1120.0,2826.0,630000,,,10.876396179199219,116.20201110839844,114.94900512695312,934.241455078125,0.01,5e-05
,,,,,630139,1450.0,2794,,,,,,
,,,,,630805,1430.0,2666,,,,,,
,,,,,631000,,,10.446041107177734,127.42449951171875,125.61869812011719,946.5667724609375,0.01,5e-05
,,,,,631517,1940.0,2858,,,,,,
,,,,,632000,,,22.129215240478516,133.58323669433594,131.59242248535156,1865.428466796875,0.01,5e-05
,,,,,632088,760.0,2306,,,,,,
,,,,,632870,2300.0,3146,,,,,,
,,,,,633000,,,21.53879737854004,100.71397399902344,99.02583312988281,1335.6422119140625,0.01,5e-05
,,,,,633639,880.0,3074,,,,,,
,,,,,634000,,,19.929386138916016,119.83415222167969,117.98480224609375,956.2157592773438,0.01,5e-05
,,,,,634418,980.0,3130,,,,,,
,,,,,635000,,,13.973357200622559,119.23249053955078,117.29092407226562,1162.7359619140625,0.01,5e-05
,,,,,635071,970.0,2634,,,,,,
,,,,,635649,610.0,2330,,,,,,
,,,,,636000,,,21.063217163085938,119.01801300048828,118.66230773925781,828.1248168945312,0.01,5e-05
,,,,,636166,870.0,2090,,,,,,
,,,,,636762,860.0,2394,,,,,,
,,,,,637000,,,554.5564575195312,108.1268539428711,113.4415283203125,3338.54248046875,0.01,5e-05
,,,,,637537,1540.0,3098,,,,,,
,,,,,638000,,,137.83473205566406,114.80449676513672,117.1406478881836,1368.1173095703125,0.01,5e-05
,,,,,638364,1320.0,3322,,,,,,
,,,,,639000,,,8.387712478637695,117.28811645507812,115.85426330566406,755.8390502929688,0.01,5e-05
,,,,,639008,1650.0,2594,,,,,,
,,,,,639729,840.0,2898,,,,,,
1316.0,247.91934,1640.0,1000.0,3259.6,640000,,,19.570722579956055,115.99531555175781,117.39033508300781,962.0138549804688,0.01,5e-05
,,,,,640350,740.0,2498,,,,,,
,,,,,641000,,,33.17237091064453,105.51331329345703,103.81585693359375,1293.757568359375,0.01,5e-05
,,,,,641233,1940.0,3538,,,,,,
,,,,,641976,1260.0,2994,,,,,,
,,,,,642000,,,21.710891723632812,99.85000610351562,99.26539611816406,720.8645629882812,0.01,5e-05
,,,,,642643,890.0,2690,,,,,,
,,,,,643000,,,594.3961181640625,112.96270751953125,117.19122314453125,2534.3056640625,0.01,5e-05
,,,,,643224,770.0,2346,,,,,,
,,,,,644000,,,23.231367111206055,110.44633483886719,111.32461547851562,1162.322509765625,0.01,5e-05
,,,,,644149,1120.0,3722,,,,,,
,,,,,644680,690.0,2154,,,,,,
,,,,,645000,,,1078.8133544921875,103.73268127441406,111.63290405273438,5776.93212890625,0.01,5e-05
,,,,,645559,1830.0,3530,,,,,,
,,,,,646000,,,68.004638671875,108.50825500488281,110.57494354248047,1780.2845458984375,0.01,5e-05
,,,,,646064,660.0,2026,,,,,,
,,,,,647000,,,22.604049682617188,119.03411865234375,117.79611206054688,877.757568359375,0.01,5e-05
,,,,,647384,1470.0,5298,,,,,,
,,,,,648000,,,6.6421732902526855,122.03555297851562,121.24429321289062,504.33795166015625,0.01,5e-05
,,,,,648145,1190.0,3066,,,,,,
,,,,,649000,,,11.276813507080078,113.16436767578125,113.14909362792969,476.5972595214844,0.01,5e-05
,,,,,649318,1210.0,4698,,,,,,
1437.0,296.48102,1970.0,910.0,2996.4,650000,,,629.5767211914062,107.73470306396484,111.18698120117188,2643.843505859375,0.01,5e-05
,,,,,650146,1700.0,3338,,,,,,
,,,,,650901,970.0,3026,,,,,,
,,,,,651000,,,49.00596237182617,126.08779907226562,128.43063354492188,1279.48974609375,0.01,5e-05
,,,,,651675,1730.0,3114,,,,,,
,,,,,652000,,,98.10369110107422,120.09327697753906,121.26345825195312,1222.093994140625,0.01,5e-05
,,,,,652383,1240.0,2850,,,,,,
,,,,,653000,,,22.42716407775879,113.39024353027344,113.48739624023438,723.8529663085938,0.01,5e-05
,,,,,653435,2700.0,4226,,,,,,
,,,,,654000,,,6.33149528503418,110.38689422607422,110.68110656738281,322.5820617675781,0.01,5e-05
,,,,,654220,1540.0,3154,,,,,,
,,,,,654698,620.0,1922,,,,,,
,,,,,655000,,,14.875406265258789,114.20491027832031,114.2717056274414,624.774658203125,0.01,5e-05
,,,,,655423,1010.0,2922,,,,,,
,,,,,656000,,,620.7040405273438,129.00547790527344,134.45811462402344,3673.3486328125,0.01,5e-05
,,,,,656188,690.0,3082,,,,,,
,,,,,656599,550.0,1650,,,,,,
,,,,,657000,,,15.226028442382812,124.70931243896484,123.34375,1019.934814453125,0.01,5e-05
,,,,,657409,960.0,3250,,,,,,
,,,,,658000,,,15.30560302734375,126.30862426757812,128.2930908203125,1160.1707763671875,0.01,5e-05
,,,,,658211,1560.0,3234,,,,,,
,,,,,658973,1580.0,3066,,,,,,
,,,,,659000,,,29.009864807128906,109.58984375,109.40586853027344,793.17578125,0.01,5e-05
,,,,,659728,1010.0,3018,,,,,,
1272.0,292.6363,1810.0,1010.0,3397.2,660000,,,39.9691162109375,132.80874633789062,132.71861267089844,953.7664184570312,0.01,5e-05
,,,,,660349,820.0,2506,,,,,,
,,,,,660795,490.0,1786,,,,,,
,,,,,661000,,,134.3103485107422,118.2076644897461,118.48506164550781,1408.5992431640625,0.01,5e-05
,,,,,661590,1910.0,3194,,,,,,
,,,,,662000,,,11.426552772521973,112.27383422851562,112.15470886230469,477.19171142578125,0.01,5e-05
,,,,,662467,1940.0,3530,,,,,,
,,,,,663000,,,13.895636558532715,129.2958984375,129.21856689453125,912.6625366210938,0.01,5e-05
,,,,,663171,2160.0,2834,,,,,,
,,,,,663705,1240.0,2154,,,,,,
,,,,,664000,,,21.38888931274414,114.47189331054688,113.70541381835938,692.0469360351562,0.01,5e-05
,,,,,664423,910.0,2890,,,,,,
,,,,,665000,,,18.06270408630371,122.37513732910156,122.29414367675781,601.6726684570312,0.01,5e-05
,,,,,665023,1410.0,2402,,,,,,
,,,,,665543,640.0,2090,,,,,,
,,,,,666000,,,9.045467376708984,116.22415161132812,116.18902587890625,489.8962707519531,0.01,5e-05
,,,,,666352,840.0,3242,,,,,,
,,,,,666865,670.0,2058,,,,,,
,,,,,667000,,,11.440680503845215,118.78382873535156,118.85250854492188,526.1656494140625,0.01,5e-05
,,,,,667745,1550.0,3538,,,,,,
,,,,,668000,,,13.929618835449219,113.05580139160156,114.09209442138672,730.790771484375,0.01,5e-05
,,,,,668396,970.0,2610,,,,,,
,,,,,669000,,,3.4779343605041504,100.70919799804688,100.69436645507812,300.345703125,0.01,5e-05
,,,,,669448,1840.0,4218,,,,,,
1360.0,226.18576,1500.0,910.0,3066.0,670000,,,10.547783851623535,104.16864013671875,104.80941009521484,616.1355590820312,0.01,5e-05
,,,,,670264,1410.0,3266,,,,,,
,,,,,670864,870.0,2410,,,,,,
,,,,,671000,,,26.014911651611328,121.52032470703125,122.71363067626953,1144.744873046875,0.01,5e-05
,,,,,671952,2080.0,4354,,,,,,
,,,,,672000,,,13.291274070739746,126.18374633789062,126.7584228515625,771.2042236328125,0.01,5e-05
,,,,,672579,780.0,2530,,,,,,
,,,,,673000,,,7.060518264770508,129.91250610351562,130.01150512695312,405.86798095703125,0.01,5e-05
,,,,,673351,1150.0,3090,,,,,,
,,,,,674000,,,15.63370418548584,110.48700714111328,109.33232879638672,796.0302734375,0.01,5e-05
,,,,,674146,1410.0,3210,,,,,,
,,,,,674714,690.0,2290,,,,,,
,,,,,675000,,,14.23653507232666,129.739013671875,129.19393920898438,667.1566162109375,0.01,5e-05
,,,,,675372,690.0,2658,,,,,,
,,,,,676000,,,38.25823974609375,135.64273071289062,132.38694763183594,2090.661865234375,0.01,5e-05
,,,,,676050,1630.0,2730,,,,,,
,,,,,677000,,,20.118648529052734,107.5918197631836,107.95734405517578,606.9322509765625,0.01,5e-05
,,,,,677134,2100.0,4338,,,,,,
,,,,,677868,1120.0,2954,,,,,,
,,,,,678000,,,15.04757022857666,114.53189849853516,113.64555358886719,645.1224975585938,0.01,5e-05
,,,,,678695,1500.0,3322,,,,,,
,,,,,679000,,,23.616689682006836,118.21954345703125,117.3314208984375,895.4342651367188,0.01,5e-05
,,,,,679539,1180.0,3402,,,,,,
1338.0,535.06635,1790.0,620.0,2757.2,680000,,,15.69809341430664,111.11473846435547,109.97303771972656,891.5009765625,0.01,5e-05
,,,,,680046,890.0,2042,,,,,,
,,,,,681000,,,14.807677268981934,126.33300018310547,127.33074951171875,934.5140380859375,0.01,5e-05
,,,,,681099,1670.0,4210,,,,,,
,,,,,682000,,,15.502883911132812,121.03598022460938,121.5683364868164,612.7539672851562,0.01,5e-05
,,,,,682117,1110.0,4082,,,,,,
,,,,,682750,1350.0,2554,,,,,,
,,,,,683000,,,11.396566390991211,104.32928466796875,105.5845947265625,627.4818115234375,0.01,5e-05
,,,,,683384,1430.0,2554,,,,,,
,,,,,684000,,,609.5355224609375,115.00753784179688,119.10902404785156,3040.3349609375,0.01,5e-05
,,,,,684116,1080.0,2954,,,,,,
,,,,,684925,1010.0,3250,,,,,,
,,,,,685000,,,13.971004486083984,124.98868560791016,122.58465576171875,1252.830322265625,0.01,5e-05
,,,,,685714,1000.0,3162,,,,,,
,,,,,686000,,,24.14592170715332,124.5480728149414,124.80377197265625,1001.1340942382812,0.01,5e-05
,,,,,686734,1250.0,4082,,,,,,
,,,,,687000,,,38.265525817871094,128.2130889892578,129.66603088378906,1053.672607421875,0.01,5e-05
,,,,,687416,1110.0,2746,,,,,,
,,,,,688000,,,20.777286529541016,127.14692687988281,125.46197509765625,1009.0872192382812,0.01,5e-05
,,,,,688213,1240.0,3202,,,,,,
,,,,,689000,,,20.102447509765625,124.40426635742188,122.62858581542969,1017.8713989257812,0.01,5e-05
,,,,,689163,1180.0,3802,,,,,,
,,,,,689812,1290.0,2602,,,,,,
1466.0,228.0,1800.0,1160.0,3090.0,690000,,,20.0848331451416,123.27471160888672,123.48274230957031,865.2499389648438,0.01,5e-05
,,,,,690649,1420.0,3370,,,,,,
,,,,,691000,,,651.3186645507812,127.57647705078125,131.1481475830078,3295.172119140625,0.01,5e-05
,,,,,691565,1740.0,3690,,,,,,
,,,,,692000,,,1173.367431640625,125.11810302734375,130.1771697998047,5230.8134765625,0.01,5e-05
,,,,,692243,1210.0,2714,,,,,,
,,,,,693000,,,33.33396530151367,114.95526123046875,112.03475189208984,2069.96484375,0.01,5e-05
,,,,,693130,1220.0,3554,,,,,,
,,,,,694000,,,19.728052139282227,113.97500610351562,113.5220718383789,978.0569458007812,0.01,5e-05
,,,,,694140,1340.0,4050,,,,,,
,,,,,695000,,,122.5411148071289,145.40924072265625,146.60813903808594,1604.8858642578125,0.01,5e-05
,,,,,695129,1450.0,3970,,,,,,
,,,,,696000,,,1159.9586181640625,112.32278442382812,118.4650650024414,5295.390625,0.01,5e-05
,,,,,696087,1170.0,3834,,,,,,
,,,,,696703,1450.0,2474,,,,,,
,,,,,697000,,,10.708701133728027,131.96522521972656,131.73890686035156,650.880615234375,0.01,5e-05
,,,,,697711,1700.0,4050,,,,,,
,,,,,698000,,,31.192806243896484,127.88853454589844,126.82930755615234,1171.1766357421875,0.01,5e-05
,,,,,698527,1060.0,3266,,,,,,
,,,,,699000,,,20.725440979003906,137.46514892578125,135.75045776367188,1218.880859375,0.01,5e-05
,,,,,699216,1470.0,2762,,,,,,
,,,,,699990,1810.0,3106,,,,,,
1612.0,364.93286,2040.0,1150.0,3574.8,700000,,,22.524877548217773,124.01513671875,122.53022766113281,900.9635620117188,0.01,5e-05
,,,,,700526,990.0,2170,,,,,,
,,,,,701000,,,11.351804733276367,138.66873168945312,139.2449188232422,653.7484741210938,0.01,5e-05
,,,,,701316,2530.0,3186,,,,,,
,,,,,702000,,,12.004615783691406,117.44136047363281,117.4660415649414,641.781005859375,0.01,5e-05
,,,,,702128,1830.0,3258,,,,,,
,,,,,703000,2580.0,3514,,,,,,
,,,,,703000,,,23.609922409057617,132.3877716064453,132.86956787109375,1129.579345703125,0.01,5e-05
,,,,,703705,1490.0,2842,,,,,,
,,,,,704000,,,10.592050552368164,143.23602294921875,142.68238830566406,670.4550170898438,0.01,5e-05
,,,,,704470,890.0,3074,,,,,,
,,,,,705000,,,19.984533309936523,122.4989242553711,124.01312255859375,1018.8080444335938,0.01,5e-05
,,,,,705422,1520.0,3810,,,,,,
,,,,,706000,,,18.59246826171875,122.965576171875,122.15499877929688,734.1663818359375,0.01,5e-05
,,,,,706262,1360.0,3378,,,,,,
,,,,,707000,,,18.27587890625,122.7552719116211,125.48841857910156,1549.7088623046875,0.01,5e-05
,,,,,707264,3060.0,4026,,,,,,
,,,,,707979,830.0,2858,,,,,,
,,,,,708000,,,22.437885284423828,119.6740493774414,119.1572494506836,1011.3599243164062,0.01,5e-05
,,,,,708903,1280.0,3706,,,,,,
,,,,,709000,,,12.580842971801758,114.80223846435547,115.9430923461914,935.549560546875,0.01,5e-05
,,,,,709977,2230.0,4322,,,,,,
1549.0,127.78497,1690.0,1360.0,3553.2,710000,,,14.867046356201172,124.54813385009766,124.92684936523438,650.3011474609375,0.01,5e-05
,,,,,710840,1110.0,3474,,,,,,
,,,,,711000,,,75.89384460449219,134.69790649414062,136.32415771484375,1530.9407958984375,0.01,5e-05
,,,,,711616,2330.0,3130,,,,,,
,,,,,712000,,,36.90104675292969,131.09466552734375,129.67507934570312,1374.92041015625,0.01,5e-05
,,,,,712340,1400.0,2906,,,,,,
,,,,,713000,,,25.552385330200195,125.27354431152344,125.29930877685547,1156.7059326171875,0.01,5e-05
,,,,,713153,1160.0,3258,,,,,,
,,,,,713989,2430.0,3362,,,,,,
,,,,,714000,,,23.119722366333008,134.6336669921875,134.45822143554688,1216.3060302734375,0.01,5e-05
,,,,,715000,,,21.706645965576172,135.72991943359375,136.43057250976562,882.1515502929688,0.01,5e-05
,,,,,715128,1740.0,4578,,,,,,
,,,,,715968,1440.0,3370,,,,,,
,,,,,716000,,,14.875249862670898,131.12196350097656,131.8195037841797,576.7990112304688,0.01,5e-05
,,,,,716803,1490.0,3362,,,,,,
,,,,,717000,,,25.959157943725586,130.71435546875,128.17904663085938,1535.709228515625,0.01,5e-05
,,,,,717533,1460.0,2946,,,,,,
,,,,,718000,,,41.90285873413086,145.03480529785156,146.26364135742188,987.4546508789062,0.01,5e-05
,,,,,718330,990.0,3194,,,,,,
,,,,,719000,,,34.387184143066406,149.98094177246094,148.09397888183594,1741.0205078125,0.01,5e-05
,,,,,719056,750.0,2914,,,,,,
,,,,,719728,1080.0,2706,,,,,,
2027.0,707.75775,2890.0,1260.0,3038.0,720000,,,14.730929374694824,114.0186767578125,115.58905029296875,849.1611328125,0.01,5e-05
,,,,,720657,1380.0,3730,,,,,,
,,,,,721000,,,25.784244537353516,127.21493530273438,124.71038055419922,1462.1798095703125,0.01,5e-05
,,,,,721425,1290.0,3074,,,,,,
,,,,,722000,,,10.781335830688477,115.95152282714844,115.7662353515625,486.23870849609375,0.01,5e-05
,,,,,722333,1860.0,3634,,,,,,
,,,,,723000,,,14.284710884094238,114.7501220703125,113.47384643554688,688.5703735351562,0.01,5e-05
,,,,,723188,1400.0,3426,,,,,,
,,,,,723926,1160.0,2954,,,,,,
,,,,,724000,,,18.72052764892578,124.80592346191406,125.1319808959961,704.4722900390625,0.01,5e-05
,,,,,724665,1340.0,2978,,,,,,
,,,,,725000,,,20.413421630859375,130.80947875976562,129.76541137695312,1399.795166015625,0.01,5e-05
,,,,,725405,710.0,2970,,,,,,
,,,,,726000,,,62.492408752441406,134.43907165527344,137.36203002929688,1942.1058349609375,0.01,5e-05
,,,,,726001,910.0,2410,,,,,,
,,,,,726639,1040.0,2578,,,,,,
,,,,,727000,,,14.183639526367188,131.5863037109375,132.27044677734375,784.8237915039062,0.01,5e-05
,,,,,727283,1040.0,2594,,,,,,
,,,,,728000,,,679.8681030273438,129.10531616210938,132.50149536132812,3583.4658203125,0.01,5e-05
,,,,,728434,2700.0,4610,,,,,,
,,,,,729000,,,10.778877258300781,121.99136352539062,120.59442138671875,733.87109375,0.01,5e-05
,,,,,729285,1430.0,3410,,,,,,
1442.0,342.9519,1800.0,1040.0,3806.0,730000,,,38.93616485595703,112.68606567382812,113.00074768066406,1966.2918701171875,0.01,5e-05
,,,,,730101,1130.0,3290,,,,,,
,,,,,730867,1170.0,3090,,,,,,
,,,,,731000,,,19.016332626342773,129.26451110839844,130.46640014648438,1075.18505859375,0.01,5e-05
,,,,,731566,1000.0,2826,,,,,,
,,,,,732000,,,926.263671875,114.3590087890625,119.20848083496094,4541.27294921875,0.01,5e-05
,,,,,732304,1090.0,2962,,,,,,
,,,,,733000,,,19.70573616027832,118.91468811035156,117.15341186523438,1314.1031494140625,0.01,5e-05
,,,,,733070,1050.0,3082,,,,,,
,,,,,733739,1360.0,2706,,,,,,
,,,,,734000,,,73.07345581054688,133.16392517089844,136.63687133789062,2663.692626953125,0.01,5e-05
,,,,,734514,1320.0,3122,,,,,,
,,,,,735000,,,188.59786987304688,124.13773345947266,127.48408508300781,2531.272216796875,0.01,5e-05
,,,,,735196,1110.0,2754,,,,,,
,,,,,735971,1050.0,3106,,,,,,
,,,,,736000,,,17.329505920410156,123.75735473632812,124.0988540649414,720.8900756835938,0.01,5e-05
,,,,,736659,1720.0,2762,,,,,,
,,,,,737000,,,35.463592529296875,116.97718811035156,115.12968444824219,1259.705810546875,0.01,5e-05
,,,,,737855,1770.0,4810,,,,,,
,,,,,738000,,,1309.355712890625,125.02810668945312,128.48922729492188,5253.7685546875,0.01,5e-05
,,,,,738628,1310.0,3106,,,,,,
,,,,,739000,,,21.85775375366211,121.84677124023438,120.29467010498047,952.7440795898438,0.01,5e-05
,,,,,739273,1130.0,2586,,,,,,
,,,,,739881,960.0,2434,,,,,,
1460.0,414.2463,2090.0,1140.0,3702.8,740000,,,24.079559326171875,134.14898681640625,135.31777954101562,1219.978515625,0.01,5e-05
,,,,,740812,1240.0,3722,,,,,,
,,,,,741000,,,23.698122024536133,121.15791320800781,122.54707336425781,1208.3409423828125,0.01,5e-05
,,,,,741465,1750.0,2634,,,,,,
,,,,,742000,,,11.068790435791016,106.38911437988281,107.32136535644531,679.12451171875,0.01,5e-05
,,,,,742568,1520.0,4410,,,,,,
,,,,,743000,,,10.792633056640625,123.1593017578125,123.1994400024414,485.4819641113281,0.01,5e-05
,,,,,743263,1230.0,2794,,,,,,
,,,,,743856,930.0,2394,,,,,,
,,,,,744000,,,32.480201721191406,124.40262603759766,122.89633178710938,934.5759887695312,0.01,5e-05
,,,,,744718,2640.0,3458,,,,,,
,,,,,745000,,,20.735313415527344,124.07551574707031,122.70002746582031,1054.6134033203125,0.01,5e-05
,,,,,745357,830.0,2554,,,,,,
,,,,,746000,,,17.485214233398438,131.4886474609375,131.79461669921875,911.6156616210938,0.01,5e-05
,,,,,746243,2380.0,3554,,,,,,
,,,,,747000,,,27.02986717224121,134.4822998046875,133.51156616210938,953.9304809570312,0.01,5e-05
,,,,,747199,1360.0,3842,,,,,,
,,,,,747922,1610.0,2890,,,,,,
,,,,,748000,,,17.703336715698242,125.76400756835938,126.80694580078125,1020.6192626953125,0.01,5e-05
,,,,,748771,2060.0,3418,,,,,,
,,,,,749000,,,17.483285903930664,129.0660858154297,128.10739135742188,776.97900390625,0.01,5e-05
,,,,,749545,1710.0,3122,,,,,,
1354.0,410.68723,1880.0,870.0,2912.4,750000,,,8.841080665588379,127.37353515625,126.93450927734375,493.570556640625,0.01,5e-05
,,,,,750319,1500.0,3114,,,,,,
,,,,,751000,,,16.81722640991211,123.69560241699219,122.28546142578125,801.0421752929688,0.01,5e-05
,,,,,751064,1500.0,2986,,,,,,
,,,,,751935,1730.0,3490,,,,,,
,,,,,752000,,,136.91018676757812,114.52130889892578,118.3602294921875,2000.1328125,0.01,5e-05
,,,,,752806,1640.0,3514,,,,,,
,,,,,753000,,,33.58738708496094,130.4766082763672,130.56222534179688,1489.8458251953125,0.01,5e-05
,,,,,753475,850.0,2682,,,,,,
,,,,,754000,,,1199.544921875,113.15095520019531,122.0511245727539,5621.462890625,0.01,5e-05
,,,,,754249,1180.0,3122,,,,,,
,,,,,754987,790.0,2978,,,,,,
,,,,,755000,,,206.29466247558594,125.89938354492188,128.02867126464844,1831.54150390625,0.01,5e-05
,,,,,755684,1390.0,2810,,,,,,
,,,,,756000,,,22.727558135986328,133.33677673339844,133.21881103515625,919.4879150390625,0.01,5e-05
,,,,,756454,1370.0,3098,,,,,,
,,,,,757000,,,144.14193725585938,122.4735107421875,123.3856430053711,1489.142578125,0.01,5e-05
,,,,,757223,1060.0,3090,,,,,,
,,,,,758000,,,12.169883728027344,115.90420532226562,115.70523834228516,516.8463745117188,0.01,5e-05
,,,,,758074,1160.0,3434,,,,,,
,,,,,758958,1620.0,3538,,,,,,
,,,,,759000,,,19.56991195678711,127.66202545166016,128.06765747070312,739.3818969726562,0.01,5e-05
,,,,,759764,1410.0,3226,,,,,,
1019.0,165.43579,1480.0,910.0,2974.8,760000,,,181.9120635986328,123.47369384765625,125.48048400878906,1643.7969970703125,0.01,5e-05
,,,,,760629,1170.0,3490,,,,,,
,,,,,761000,,,16.75782012939453,121.01318359375,119.34577941894531,983.5567626953125,0.01,5e-05
,,,,,761593,1390.0,3858,,,,,,
,,,,,762000,,,17.053104400634766,129.9112548828125,129.83221435546875,722.8974609375,0.01,5e-05
,,,,,762271,880.0,2738,,,,,,
,,,,,762811,890.0,2178,,,,,,
,,,,,763000,,,615.526611328125,132.265625,135.70901489257812,2559.811279296875,0.01,5e-05
,,,,,763626,2230.0,3266,,,,,,
,,,,,764000,,,69.86412811279297,139.4233856201172,140.41836547851562,1774.296630859375,0.01,5e-05
,,,,,764522,1420.0,3602,,,,,,
,,,,,765000,,,67.62419891357422,117.11802673339844,117.20024108886719,2087.205810546875,0.01,5e-05
,,,,,765137,980.0,2458,,,,,,
,,,,,765861,1420.0,2914,,,,,,
,,,,,766000,,,20.58845329284668,135.32455444335938,135.98599243164062,1209.14501953125,0.01,5e-05
,,,,,766631,1650.0,3090,,,,,,
,,,,,767000,,,14.042729377746582,131.43515014648438,131.66563415527344,655.8363037109375,0.01,5e-05
,,,,,767314,1350.0,2762,,,,,,
,,,,,768000,,,18.995136260986328,134.06771850585938,135.63467407226562,1083.8228759765625,0.01,5e-05
,,,,,768195,1590.0,3538,,,,,,
,,,,,768892,1210.0,2794,,,,,,
,,,,,769000,,,19.72775650024414,135.8966522216797,134.7969970703125,1174.5517578125,0.01,5e-05
,,,,,769607,1100.0,2882,,,,,,
1636.0,498.64215,2390.0,1230.0,3170.0,770000,,,15.184008598327637,124.41251373291016,122.56344604492188,1012.0916137695312,0.01,5e-05
,,,,,770365,1180.0,3058,,,,,,
,,,,,771000,,,29.13684844970703,120.43159484863281,118.08981323242188,1393.5660400390625,0.01,5e-05
,,,,,771059,870.0,2802,,,,,,
,,,,,771791,700.0,2954,,,,,,
,,,,,772000,,,22.091453552246094,136.58694458007812,136.476806640625,846.1693725585938,0.01,5e-05
,,,,,772553,890.0,3074,,,,,,
,,,,,773000,,,15.735491752624512,139.26541137695312,137.44541931152344,1183.4122314453125,0.01,5e-05
,,,,,773709,1650.0,4642,,,,,,
,,,,,774000,,,16.62368392944336,135.27340698242188,134.10804748535156,836.3941040039062,0.01,5e-05
,,,,,774370,1370.0,2642,,,,,,
,,,,,775000,,,5.560250282287598,107.74871826171875,107.11486053466797,419.805419921875,0.01,5e-05
,,,,,775588,2360.0,4890,,,,,,
,,,,,776000,,,13.84531021118164,128.15255737304688,127.01051330566406,1058.1890869140625,0.01,5e-05
,,,,,776602,2000.0,4058,,,,,,
,,,,,777000,,,34.662960052490234,127.88644409179688,127.55416107177734,1599.1959228515625,0.01,5e-05
,,,,,777320,1350.0,2882,,,,,,
,,,,,778000,,,83.40472412109375,137.617919921875,139.4209442138672,1337.1219482421875,0.01,5e-05
,,,,,778103,2130.0,3146,,,,,,
,,,,,778914,1380.0,3258,,,,,,
,,,,,779000,,,16.597938537597656,146.57369995117188,145.15740966796875,1180.0450439453125,0.01,5e-05
,,,,,779613,1580.0,2810,,,,,,
1625.0,242.62111,2060.0,1200.0,3318.8,780000,,,9.64569091796875,136.4296417236328,135.5259552001953,657.674560546875,0.01,5e-05
,,,,,780352,1650.0,2962,,,,,,
,,,,,781000,,,19.313152313232422,143.145751953125,143.1061553955078,720.794677734375,0.01,5e-05
,,,,,781056,1020.0,2826,,,,,,
,,,,,781820,1710.0,3066,,,,,,
,,,,,782000,,,22.192306518554688,139.81304931640625,141.34906005859375,1618.399658203125,0.01,5e-05
,,,,,782720,2710.0,3618,,,,,,
,,,,,783000,,,31.075069427490234,129.42987060546875,130.6658935546875,1157.2261962890625,0.01,5e-05
,,,,,783541,1810.0,3306,,,,,,
,,,,,784000,,,214.3331298828125,137.4736785888672,138.5150146484375,1993.52294921875,0.01,5e-05
,,,,,784398,1750.0,3450,,,,,,
,,,,,785000,,,45.34254837036133,127.81935119628906,128.5259246826172,986.9171142578125,0.01,5e-05
,,,,,785074,1060.0,2722,,,,,,
,,,,,786000,,,21.372112274169922,120.39698791503906,121.65023040771484,1173.3917236328125,0.01,5e-05
,,,,,786073,1430.0,4018,,,,,,
,,,,,786616,730.0,2178,,,,,,
,,,,,787000,,,7.443575382232666,140.900634765625,141.623779296875,642.4607543945312,0.01,5e-05
,,,,,787401,2110.0,3154,,,,,,
,,,,,788000,,,18.327295303344727,125.93233489990234,126.18197631835938,801.6339721679688,0.01,5e-05
,,,,,788295,2340.0,3594,,,,,,
,,,,,789000,,,27.138141632080078,140.34051513671875,139.08816528320312,1083.5921630859375,0.01,5e-05
,,,,,789103,1930.0,3258,,,,,,
,,,,,789746,1350.0,2578,,,,,,
1756.0,409.68768,2210.0,1070.0,3940.4,790000,,,21.082561492919922,134.46343994140625,133.32225036621094,1063.1551513671875,0.01,5e-05
,,,,,790708,2060.0,3858,,,,,,
,,,,,791000,,,24.220298767089844,128.02304077148438,129.32472229003906,1299.7154541015625,0.01,5e-05
,,,,,791413,1200.0,2834,,,,,,
,,,,,792000,,,26.026912689208984,113.67713928222656,115.34044647216797,849.0413818359375,0.01,5e-05
,,,,,792120,1260.0,2842,,,,,,
,,,,,792804,1330.0,2754,,,,,,
,,,,,793000,,,32.01123809814453,124.16458129882812,124.47254943847656,1507.265625,0.01,5e-05
,,,,,793340,910.0,2146,,,,,,
,,,,,794000,,,21.813297271728516,136.77490234375,135.88229370117188,898.59423828125,0.01,5e-05
,,,,,794299,1700.0,3858,,,,,,
,,,,,795000,,,9.513330459594727,139.8858642578125,138.99734497070312,730.1260986328125,0.01,5e-05
,,,,,795088,1130.0,3162,,,,,,
,,,,,795965,1410.0,3514,,,,,,
,,,,,796000,,,24.546903610229492,123.8443603515625,122.9841537475586,1073.373779296875,0.01,5e-05
,,,,,797000,,,56.005043029785156,133.64370727539062,134.1876983642578,1821.2425537109375,0.01,5e-05
,,,,,797092,2310.0,4530,,,,,,
,,,,,797930,1720.0,3370,,,,,,
,,,,,798000,,,20.62571144104004,130.78692626953125,132.72454833984375,1914.8990478515625,0.01,5e-05
,,,,,799000,,,32.00835037231445,126.77381896972656,126.31471252441406,1052.1326904296875,0.01,5e-05
,,,,,799024,1350.0,4386,,,,,,
,,,,,799652,850.0,2514,,,,,,
1506.0,366.7206,2000.0,1140.0,3323.6,800000,,,16.512985229492188,142.02853393554688,141.41136169433594,924.3983154296875,0.01,5e-05
,,,,,800436,1390.0,3162,,,,,,
,,,,,801000,,,26.587913513183594,116.48582458496094,118.41094970703125,1398.031982421875,0.01,5e-05
,,,,,801255,2220.0,3282,,,,,,
,,,,,802000,,,18.21339988708496,127.23895263671875,127.63452911376953,794.8139038085938,0.01,5e-05
,,,,,802033,870.0,3122,,,,,,
,,,,,802788,2230.0,3042,,,,,,
,,,,,803000,,,82.83304595947266,135.76104736328125,134.21270751953125,2342.98388671875,0.01,5e-05
,,,,,803564,1330.0,3106,,,,,,
,,,,,804000,,,16.80686378479004,139.4766845703125,139.51809692382812,802.777587890625,0.01,5e-05
,,,,,804117,780.0,2242,,,,,,
,,,,,804891,1430.0,3098,,,,,,
,,,,,805000,,,25.16231918334961,136.04742431640625,134.31761169433594,2345.886474609375,0.01,5e-05
,,,,,805539,950.0,2610,,,,,,
,,,,,806000,,,30.556190490722656,123.27392578125,123.25688171386719,1111.744873046875,0.01,5e-05
,,,,,806387,1140.0,3394,,,,,,
,,,,,807000,,,22.285865783691406,132.90267944335938,133.64385986328125,985.2616577148438,0.01,5e-05
,,,,,807188,1520.0,3234,,,,,,
,,,,,808000,,,11.228740692138672,142.6534423828125,141.93017578125,691.9130249023438,0.01,5e-05
,,,,,808135,1870.0,3810,,,,,,
,,,,,808909,1790.0,3122,,,,,,
,,,,,809000,,,18.139484405517578,141.04092407226562,139.5821990966797,1123.284423828125,0.01,5e-05
,,,,,809861,2370.0,3818,,,,,,
1732.0,234.3843,1960.0,1320.0,4208.4,810000,,,33.861549377441406,132.8421630859375,131.7769317626953,1675.478515625,0.01,5e-05
,,,,,810684,1160.0,3322,,,,,,
,,,,,811000,,,59.668479919433594,127.23326873779297,127.2503433227539,1133.5555419921875,0.01,5e-05
,,,,,811499,1370.0,3258,,,,,,
,,,,,812000,,,45.65068054199219,128.17486572265625,127.9919662475586,2324.2314453125,0.01,5e-05
,,,,,812242,940.0,2994,,,,,,
,,,,,813000,,,949.8602905273438,120.55628204345703,125.73733520507812,4161.55517578125,0.01,5e-05
,,,,,813300,3520.0,4258,,,,,,
,,,,,814000,,,16.218318939208984,131.99484252929688,133.043701171875,1499.59521484375,0.01,5e-05
,,,,,814041,1740.0,2978,,,,,,
,,,,,814823,1800.0,3138,,,,,,
,,,,,815000,,,17.14042854309082,124.17555236816406,125.17796325683594,1127.333251953125,0.01,5e-05
,,,,,815523,1340.0,2802,,,,,,
,,,,,816000,,,944.2296142578125,125.16621398925781,131.83680725097656,5544.62451171875,0.01,5e-05
,,,,,816218,950.0,2794,,,,,,
,,,,,816717,900.0,2026,,,,,,
,,,,,817000,,,213.027587890625,120.26526641845703,123.22969055175781,2279.71044921875,0.01,5e-05
,,,,,817410,1440.0,2778,,,,,,
,,,,,818000,,,25.550273895263672,121.28009033203125,120.45016479492188,1132.9652099609375,0.01,5e-05
,,,,,818473,1540.0,4258,,,,,,
,,,,,819000,,,44.904754638671875,150.98455810546875,152.89874267578125,1475.8681640625,0.01,5e-05
,,,,,819085,1140.0,2458,,,,,,
,,,,,819993,920.0,3642,,,,,,
1221.0,247.76804,1930.0,1040.0,3199.6,820000,,,153.11703491210938,138.55667114257812,140.4851531982422,1874.8106689453125,0.01,5e-05
,,,,,820721,1230.0,2938,,,,,,
,,,,,821000,,,21.712539672851562,137.0100860595703,139.16073608398438,1253.822509765625,0.01,5e-05
,,,,,821384,1190.0,2674,,,,,,
,,,,,822000,,,20.88393211364746,125.52200317382812,124.83921813964844,1053.3572998046875,0.01,5e-05
,,,,,822148,1290.0,3058,,,,,,
,,,,,822862,1500.0,2866,,,,,,
,,,,,823000,,,41.975196838378906,140.93756103515625,139.86801147460938,1407.794921875,0.01,5e-05
,,,,,823687,2780.0,3306,,,,,,
,,,,,824000,,,24.666288375854492,116.98273468017578,117.41778564453125,1104.1904296875,0.01,5e-05
,,,,,824427,1390.0,2978,,,,,,
,,,,,825000,,,35.87928771972656,127.93769073486328,126.93280029296875,1672.393310546875,0.01,5e-05
,,,,,825476,1250.0,4226,,,,,,
,,,,,826000,,,16.55182456970215,128.14385986328125,126.3753433227539,1286.4158935546875,0.01,5e-05
,,,,,826188,1200.0,2850,,,,,,
,,,,,827000,,,36.40193176269531,138.63949584960938,137.36483764648438,1614.72900390625,0.01,5e-05
,,,,,827248,1450.0,4250,,,,,,
,,,,,827929,1060.0,2730,,,,,,
,,,,,828000,,,22.94857406616211,117.316650390625,117.02207946777344,1175.0333251953125,0.01,5e-05
,,,,,828859,1430.0,3746,,,,,,
,,,,,829000,,,17.20176887512207,133.62478637695312,134.2469482421875,769.0772705078125,0.01,5e-05
,,,,,829577,1340.0,2874,,,,,,
1056.0,122.89833,1390.0,970.0,2950.8,830000,,,30.14680290222168,145.40350341796875,143.5634765625,4808.34814453125,0.01,5e-05
,,,,,830425,2550.0,3418,,,,,,
,,,,,831000,,,13.339756965637207,120.61082458496094,120.73040771484375,661.076904296875,0.01,5e-05
,,,,,831294,1210.0,3482,,,,,,
,,,,,832000,,,1973.9193115234375,131.74298095703125,141.3462677001953,5716.24072265625,0.01,5e-05
,,,,,832161,1060.0,3482,,,,,,
,,,,,833000,,,18.466150283813477,150.66998291015625,149.20716857910156,1034.7789306640625,0.01,5e-05
,,,,,833400,1720.0,4970,,,,,,
,,,,,834000,,,21.811134338378906,154.89413452148438,154.7293701171875,785.2550659179688,0.01,5e-05
,,,,,834172,1440.0,3090,,,,,,
,,,,,834884,1410.0,2866,,,,,,
,,,,,835000,,,9.212346076965332,134.96176147460938,134.39004516601562,611.8112182617188,0.01,5e-05
,,,,,835685,1140.0,3226,,,,,,
,,,,,836000,,,29.336597442626953,143.39772033691406,143.13861083984375,1523.1138916015625,0.01,5e-05
,,,,,836774,1240.0,4354,,,,,,
,,,,,837000,,,991.2800903320312,146.0624237060547,150.77572631835938,4282.90185546875,0.01,5e-05
,,,,,837523,1580.0,3002,,,,,,
,,,,,838000,,,17.78833770751953,115.61074829101562,116.3231201171875,1368.703857421875,0.01,5e-05
,,,,,838131,1850.0,2458,,,,,,
,,,,,838930,1620.0,3210,,,,,,
,,,,,839000,,,19.962909698486328,126.31356811523438,125.98994445800781,964.519775390625,0.01,5e-05
,,,,,839518,1540.0,2354,,,,,,
1342.0,120.39934,1480.0,1060.0,3222.8,840000,,,18.61053466796875,147.51771545410156,147.90611267089844,750.02197265625,0.01,5e-05
,,,,,840406,2060.0,3554,,,,,,
,,,,,841000,,,20.680694580078125,126.27964782714844,127.07373046875,1156.34765625,0.01,5e-05
,,,,,841275,1470.0,3498,,,,,,
,,,,,842000,,,21.481773376464844,122.56431579589844,121.89276885986328,1460.0810546875,0.01,5e-05
,,,,,842194,2140.0,3690,,,,,,
,,,,,843000,,,910.195556640625,142.7428436279297,147.68899536132812,4853.0546875,0.01,5e-05
,,,,,843112,1350.0,3690,,,,,,
,,,,,843918,1200.0,3250,,,,,,
,,,,,844000,,,26.750438690185547,158.23159790039062,156.46127319335938,1460.156494140625,0.01,5e-05
,,,,,844554,1580.0,2554,,,,,,
,,,,,845000,,,1166.2156982421875,131.57818603515625,137.88653564453125,7057.33642578125,0.01,5e-05
,,,,,845432,1830.0,3538,,,,,,
,,,,,846000,,,24.226917266845703,139.208251953125,139.69583129882812,1130.2987060546875,0.01,5e-05
,,,,,846135,2600.0,2834,,,,,,
,,,,,847000,,,16.39600372314453,134.51458740234375,134.95779418945312,702.985107421875,0.01,5e-05
,,,,,847226,2120.0,4378,,,,,,
,,,,,848000,,,22.419952392578125,155.29669189453125,156.3564453125,1264.4510498046875,0.01,5e-05
,,,,,848090,2640.0,3482,,,,,,
,,,,,848850,1740.0,3058,,,,,,
,,,,,849000,,,92.78150939941406,125.9129867553711,126.08818054199219,1284.73486328125,0.01,5e-05
,,,,,849563,990.0,2858,,,,,,
1039.0,170.9649,1280.0,820.0,2901.2,850000,,,67.54287719726562,159.9498291015625,160.97486877441406,969.0540771484375,0.01,5e-05
,,,,,850791,2080.0,4930,,,,,,
,,,,,851000,,,18.13166046142578,124.99211883544922,126.04932403564453,912.7998046875,0.01,5e-05
,,,,,851538,1600.0,3010,,,,,,
,,,,,852000,,,10.963199615478516,137.67404174804688,137.4559783935547,549.7119750976562,0.01,5e-05
,,,,,852224,1280.0,2754,,,,,,
,,,,,853000,,,7.611499786376953,121.95620727539062,122.28050231933594,591.9132080078125,0.01,5e-05
,,,,,853247,1290.0,4098,,,,,,
,,,,,853991,1540.0,2978,,,,,,
,,,,,854000,,,13.229846000671387,139.1904296875,137.59661865234375,854.5792846679688,0.01,5e-05
,,,,,855000,,,28.705387115478516,113.67049407958984,114.22460174560547,1092.778564453125,0.01,5e-05
,,,,,855049,1390.0,4242,,,,,,
,,,,,855915,1990.0,3490,,,,,,
,,,,,856000,,,11.635640144348145,126.75440979003906,126.91756439208984,663.3896484375,0.01,5e-05
,,,,,856649,1060.0,2962,,,,,,
,,,,,857000,,,60.94239044189453,138.63775634765625,139.3944091796875,3019.41748046875,0.01,5e-05
,,,,,857594,2310.0,3810,,,,,,
,,,,,858000,,,15.43857192993164,145.03506469726562,144.24246215820312,733.07421875,0.01,5e-05
,,,,,858304,980.0,2858,,,,,,
,,,,,859000,,,1050.9747314453125,125.55007934570312,130.17385864257812,5222.5791015625,0.01,5e-05
,,,,,859100,1180.0,3194,,,,,,
,,,,,860000,2910.0,3610,,,,,,
2113.0,478.08054,2670.0,1290.0,3196.4,860000,,,30.028013229370117,127.4476318359375,126.58252716064453,1520.5020751953125,0.01,5e-05
,,,,,860854,2590.0,3418,,,,,,
,,,,,861000,,,20.953229904174805,161.17715454101562,159.61854553222656,1271.99169921875,0.01,5e-05
,,,,,861512,1090.0,2650,,,,,,
,,,,,862000,,,17.48862075805664,129.39588928222656,128.16067504882812,828.1520385742188,0.01,5e-05
,,,,,862202,930.0,2778,,,,,,
,,,,,862953,1710.0,3018,,,,,,
,,,,,863000,,,20.212299346923828,148.58111572265625,149.17262268066406,717.9513549804688,0.01,5e-05
,,,,,863814,1120.0,3450,,,,,,
,,,,,864000,,,11.151275634765625,145.83753967285156,145.94012451171875,512.4976196289062,0.01,5e-05
,,,,,864588,1550.0,3106,,,,,,
,,,,,865000,,,13.224263191223145,141.01736450195312,141.8052520751953,662.2594604492188,0.01,5e-05
,,,,,865370,1040.0,3138,,,,,,
,,,,,866000,,,22.903846740722656,140.46096801757812,139.85411071777344,844.7941284179688,0.01,5e-05
,,,,,866245,1420.0,3522,,,,,,
,,,,,867000,,,16.086992263793945,144.4078369140625,144.64881896972656,690.8783569335938,0.01,5e-05
,,,,,867161,2670.0,3666,,,,,,
,,,,,867812,900.0,2602,,,,,,
,,,,,868000,,,6.576266288757324,118.38101196289062,117.90460205078125,522.3395385742188,0.01,5e-05
,,,,,868436,1550.0,2498,,,,,,
,,,,,869000,,,10.920660972595215,153.50140380859375,153.88546752929688,650.9636840820312,0.01,5e-05
,,,,,869201,1190.0,3066,,,,,,
1295.0,312.89774,2010.0,980.0,3128.4,870000,,,101.7420425415039,132.94952392578125,133.28579711914062,1352.0384521484375,0.01,5e-05
,,,,,870091,1890.0,3570,,,,,,
,,,,,870929,1150.0,3354,,,,,,
,,,,,871000,,,13.186450958251953,145.35009765625,144.17041015625,928.9984741210938,0.01,5e-05
,,,,,871736,1350.0,3234,,,,,,
,,,,,872000,,,15.82005500793457,139.83535766601562,138.98101806640625,788.9238891601562,0.01,5e-05
,,,,,872672,1980.0,3754,,,,,,
,,,,,873000,,,22.697593688964844,146.39906311035156,144.3627166748047,1612.8997802734375,0.01,5e-05
,,,,,873475,1280.0,3218,,,,,,
,,,,,874000,,,16.948022842407227,134.72315979003906,135.89752197265625,1020.55810546875,0.01,5e-05
,,,,,874441,2460.0,3890,,,,,,
,,,,,875000,,,26.280311584472656,155.02493286132812,154.18548583984375,2126.635498046875,0.01,5e-05
,,,,,875237,1350.0,3194,,,,,,
,,,,,876000,,,26.39087677001953,166.4908447265625,166.69879150390625,936.2131958007812,0.01,5e-05
,,,,,876582,1420.0,5410,,,,,,
,,,,,877000,,,18.313337326049805,126.57644653320312,125.95587158203125,809.0288696289062,0.01,5e-05
,,,,,877326,1870.0,2978,,,,,,
,,,,,878000,,,17.425111770629883,158.28875732421875,157.79727172851562,827.7100219726562,0.01,5e-05
,,,,,878275,1860.0,3810,,,,,,
,,,,,879000,,,45.15930938720703,141.97825622558594,141.97067260742188,1162.1739501953125,0.01,5e-05
,,,,,879054,990.0,3138,,,,,,
,,,,,879808,2560.0,3034,,,,,,
1036.0,165.48111,1280.0,850.0,3403.6,880000,,,14.152925491333008,147.71774291992188,147.44076538085938,540.5113525390625,0.01,5e-05
,,,,,880453,1080.0,2602,,,,,,
,,,,,881000,,,27.40949249267578,146.50469970703125,147.1201171875,1088.2242431640625,0.01,5e-05
,,,,,881399,1780.0,3786,,,,,,
,,,,,881936,710.0,2170,,,,,,
,,,,,882000,,,1231.8321533203125,133.66970825195312,140.68136596679688,5530.93359375,0.01,5e-05
,,,,,882734,1130.0,3210,,,,,,
,,,,,883000,,,12.033527374267578,119.31794738769531,117.89164733886719,922.8237915039062,0.01,5e-05
,,,,,883591,2550.0,3434,,,,,,
,,,,,884000,,,43.5987663269043,153.97987365722656,152.39956665039062,1566.6494140625,0.01,5e-05
,,,,,884362,1080.0,3106,,,,,,
,,,,,885000,,,16.25316619873047,130.8383026123047,127.65235137939453,1657.184814453125,0.01,5e-05
,,,,,885371,1270.0,4042,,,,,,
,,,,,886000,,,26.631858825683594,143.4712371826172,144.53488159179688,967.7320556640625,0.01,5e-05
,,,,,886163,2100.0,3178,,,,,,
,,,,,886887,840.0,2898,,,,,,
,,,,,887000,,,47.25806427001953,165.72225952148438,167.5247802734375,1447.8358154296875,0.01,5e-05
,,,,,887578,760.0,2786,,,,,,
,,,,,888000,,,40.444068908691406,140.96157836914062,142.46998596191406,1718.3697509765625,0.01,5e-05
,,,,,888496,1940.0,3690,,,,,,
,,,,,889000,,,85.74835205078125,129.9638214111328,130.78790283203125,2393.435546875,0.01,5e-05
,,,,,889338,1370.0,3386,,,,,,
1502.0,190.19989,1720.0,1250.0,2970.8,890000,,,17.625019073486328,144.40957641601562,143.9859619140625,869.6152954101562,0.01,5e-05
,,,,,890029,1230.0,2778,,,,,,
,,,,,890784,870.0,3042,,,,,,
,,,,,891000,,,15.640840530395508,159.69735717773438,159.47674560546875,627.7544555664062,0.01,5e-05
,,,,,891597,3810.0,3258,,,,,,
,,,,,892000,,,15.496904373168945,144.58114624023438,145.0872802734375,722.5922241210938,0.01,5e-05
,,,,,892251,790.0,2642,,,,,,
,,,,,893000,,,19.232227325439453,151.10365295410156,149.02175903320312,1383.659423828125,0.01,5e-05
,,,,,893043,1320.0,3186,,,,,,
,,,,,893968,1570.0,3706,,,,,,
,,,,,894000,,,11.116460800170898,143.69454956054688,144.89056396484375,700.5850830078125,0.01,5e-05
,,,,,894685,930.0,2882,,,,,,
,,,,,895000,,,7.034890651702881,139.34695434570312,139.6544647216797,612.1680297851562,0.01,5e-05
,,,,,895476,1580.0,3186,,,,,,
,,,,,896000,,,871.6986083984375,151.79782104492188,157.0314178466797,10865.017578125,0.01,5e-05
,,,,,896333,1630.0,3442,,,,,,
,,,,,897000,,,14.884660720825195,120.23627471923828,121.30651092529297,886.7005615234375,0.01,5e-05
,,,,,897075,1050.0,2970,,,,,,
,,,,,898000,,,87.8236312866211,133.82614135742188,136.1907958984375,2039.950439453125,0.01,5e-05
,,,,,898032,1800.0,3842,,,,,,
,,,,,898982,1360.0,3818,,,,,,
,,,,,899000,,,18.376747131347656,131.61009216308594,129.9249725341797,1189.9840087890625,0.01,5e-05
981.0,215.84485,1400.0,790.0,2850.0,900000,,,23.68539810180664,141.891845703125,143.11776733398438,1122.0059814453125,0.01,5e-05
,,,,,900053,1670.0,4306,,,,,,
,,,,,900736,1760.0,2746,,,,,,
,,,,,901000,,,19.73088264465332,156.6855010986328,157.13560485839844,1062.0377197265625,0.01,5e-05
,,,,,901429,1480.0,2786,,,,,,
,,,,,902000,,,118.47171783447266,126.69966888427734,127.55772399902344,1807.560546875,0.01,5e-05
,,,,,902355,1450.0,3714,,,,,,
,,,,,903000,,,25.73783302307129,136.07476806640625,135.707763671875,1028.368408203125,0.01,5e-05
,,,,,903423,1360.0,4290,,,,,,
,,,,,904000,,,21.50556755065918,145.58120727539062,145.6352081298828,785.3532104492188,0.01,5e-05
,,,,,904099,1390.0,2722,,,,,,
,,,,,904859,930.0,3042,,,,,,
,,,,,905000,,,16.372478485107422,135.33798217773438,135.0758056640625,752.2410278320312,0.01,5e-05
,,,,,905531,1750.0,2690,,,,,,
,,,,,906000,,,33.92737579345703,151.66567993164062,150.39051818847656,1854.300048828125,0.01,5e-05
,,,,,906410,1300.0,3522,,,,,,
,,,,,907000,,,56.18174743652344,125.09278106689453,124.98738098144531,2513.378173828125,0.01,5e-05
,,,,,907264,1160.0,3442,,,,,,
,,,,,907911,1310.0,2602,,,,,,
,,,,,908000,,,16.72191619873047,144.12083435058594,142.90457153320312,893.6311645507812,0.01,5e-05
,,,,,909000,,,26.543697357177734,135.62814331054688,134.33615112304688,1030.2086181640625,0.01,5e-05
,,,,,909151,2860.0,4986,,,,,,
,,,,,909935,1710.0,3138,,,,,,
1616.0,268.63358,2340.0,1310.0,3274.8,910000,,,85.99693298339844,136.89488220214844,136.31546020507812,1370.330078125,0.01,5e-05
,,,,,910850,1850.0,3658,,,,,,
,,,,,911000,,,117.69439697265625,134.69766235351562,135.6070556640625,1944.1973876953125,0.01,5e-05
,,,,,911616,2460.0,3066,,,,,,
,,,,,912000,,,34.35206604003906,135.6797637939453,133.24179077148438,2087.060546875,0.01,5e-05
,,,,,912325,1010.0,2850,,,,,,
,,,,,913000,,,15.630569458007812,144.00515747070312,144.87644958496094,882.8397827148438,0.01,5e-05
,,,,,913102,2270.0,3122,,,,,,
,,,,,913881,1330.0,3122,,,,,,
,,,,,914000,,,11.806358337402344,133.5094757080078,134.34681701660156,696.8036499023438,0.01,5e-05
,,,,,914808,1120.0,3714,,,,,,
,,,,,915000,,,23.60789680480957,141.57403564453125,142.90032958984375,1059.59375,0.01,5e-05
,,,,,915540,2470.0,2946,,,,,,
,,,,,916000,,,26.985366821289062,156.60986328125,156.08042907714844,1010.4876708984375,0.01,5e-05
,,,,,916335,840.0,3186,,,,,,
,,,,,917000,,,15.226344108581543,133.93130493164062,135.70687866210938,1034.6019287109375,0.01,5e-05
,,,,,917111,930.0,3130,,,,,,
,,,,,918000,,,17.100208282470703,136.43096923828125,135.83236694335938,1074.632568359375,0.01,5e-05
,,,,,918158,2750.0,4202,,,,,,
,,,,,918884,1260.0,2914,,,,,,
,,,,,919000,,,16.424156188964844,136.78213500976562,136.55516052246094,1420.475341796875,0.01,5e-05
,,,,,919712,2420.0,3314,,,,,,
1495.0,205.48723,1640.0,890.0,4612.4,920000,,,18.049781799316406,124.57821655273438,124.07234191894531,933.2896728515625,0.01,5e-05
,,,,,920377,740.0,2666,,,,,,
,,,,,921000,,,14.654162406921387,127.32878112792969,126.53990173339844,806.7923583984375,0.01,5e-05
,,,,,921505,1780.0,4530,,,,,,
,,,,,922000,,,42.97029113769531,140.14373779296875,140.49038696289062,1226.049560546875,0.01,5e-05
,,,,,922436,1080.0,3738,,,,,,
,,,,,923000,,,27.276473999023438,147.13577270507812,146.24610900878906,1479.446044921875,0.01,5e-05
,,,,,923451,1560.0,4058,,,,,,
,,,,,924000,,,1136.0594482421875,136.66090393066406,143.62506103515625,4846.73974609375,0.01,5e-05
,,,,,924341,2410.0,3578,,,,,,
,,,,,924965,830.0,2498,,,,,,
,,,,,925000,,,26.332975387573242,132.28736877441406,129.26519775390625,2042.295166015625,0.01,5e-05
,,,,,925712,1000.0,2994,,,,,,
,,,,,926000,,,1293.2152099609375,130.26718139648438,135.44070434570312,5364.3427734375,0.01,5e-05
,,,,,926729,2190.0,4074,,,,,,
,,,,,927000,,,57.2288818359375,124.89762878417969,121.79811096191406,1873.5048828125,0.01,5e-05
,,,,,927447,1200.0,2898,,,,,,
,,,,,927943,730.0,1986,,,,,,
,,,,,928000,,,50.850181579589844,131.57371520996094,132.20724487304688,1653.3154296875,0.01,5e-05
,,,,,928586,1070.0,2578,,,,,,
,,,,,929000,,,150.57461547851562,160.12753295898438,161.27207946777344,1723.854736328125,0.01,5e-05
,,,,,929362,1230.0,3106,,,,,,
1240.0,25.690466,1270.0,1210.0,3400.4,930000,,,19.160306930541992,138.33226013183594,139.9473876953125,1100.7291259765625,0.01,5e-05
,,,,,930188,1540.0,3330,,,,,,
,,,,,930966,1450.0,3130,,,,,,
,,,,,931000,,,21.321043014526367,149.35409545898438,150.00160217285156,837.7388305664062,0.01,5e-05
,,,,,931710,940.0,2986,,,,,,
,,,,,932000,,,22.932981491088867,144.87542724609375,144.26190185546875,989.7850952148438,0.01,5e-05
,,,,,932431,1640.0,2914,,,,,,
,,,,,933000,,,1122.291748046875,149.9591827392578,156.51309204101562,4725.33935546875,0.01,5e-05
,,,,,933263,1280.0,3330,,,,,,
,,,,,934000,,,16.268558502197266,155.76426696777344,155.583984375,637.2868041992188,0.01,5e-05
,,,,,934062,1370.0,3202,,,,,,
,,,,,934958,1840.0,3594,,,,,,
,,,,,935000,,,183.10935974121094,137.3106689453125,140.9888916015625,2322.584716796875,0.01,5e-05
,,,,,935773,1650.0,3266,,,,,,
,,,,,936000,,,48.77129364013672,133.8745880126953,133.3505859375,1534.1759033203125,0.01,5e-05
,,,,,936581,1010.0,3234,,,,,,
,,,,,937000,,,33.723175048828125,145.3837890625,144.22613525390625,1386.5311279296875,0.01,5e-05
,,,,,937559,1150.0,3938,,,,,,
,,,,,938000,,,12.497550010681152,127.50987243652344,128.2638397216797,1049.3466796875,0.01,5e-05
,,,,,938364,1950.0,3242,,,,,,
,,,,,939000,,,27.625751495361328,150.08074951171875,149.1541748046875,1050.2459716796875,0.01,5e-05
,,,,,939107,1340.0,2978,,,,,,
2024.0,701.3159,2810.0,1170.0,3322.8,940000,,,21.698806762695312,152.43048095703125,153.92138671875,1078.46337890625,0.01,5e-05
,,,,,940043,1780.0,3770,,,,,,
,,,,,940792,1580.0,3010,,,,,,
,,,,,941000,,,12.567066192626953,151.17843627929688,149.0458984375,1037.291748046875,0.01,5e-05
,,,,,941586,2020.0,3194,,,,,,
,,,,,942000,,,15.855051040649414,129.41546630859375,127.73704528808594,1042.285888671875,0.01,5e-05
,,,,,942285,1070.0,2802,,,,,,
,,,,,943000,,,77.4012680053711,122.35713958740234,120.65416717529297,2267.49365234375,0.01,5e-05
,,,,,943109,1650.0,3322,,,,,,
,,,,,944000,,,15.837899208068848,144.3120880126953,144.9998016357422,839.0732421875,0.01,5e-05
,,,,,944056,2370.0,3794,,,,,,
,,,,,944777,1160.0,2898,,,,,,
,,,,,945000,,,1179.8419189453125,150.86575317382812,155.40513610839844,5186.7373046875,0.01,5e-05
,,,,,945746,1210.0,3898,,,,,,
,,,,,946000,,,32.9456672668457,138.71694946289062,136.99774169921875,2430.07177734375,0.01,5e-05
,,,,,946414,1080.0,2682,,,,,,
,,,,,947000,,,17.777509689331055,145.24136352539062,145.29202270507812,752.1480712890625,0.01,5e-05
,,,,,947325,1090.0,3666,,,,,,
,,,,,948000,,,75.82350158691406,129.21524047851562,131.529541015625,3698.683349609375,0.01,5e-05
,,,,,948131,2330.0,3234,,,,,,
,,,,,948883,800.0,3034,,,,,,
,,,,,949000,,,19.066715240478516,144.63502502441406,144.8076171875,1012.4013671875,0.01,5e-05
,,,,,949964,4660.0,4322,,,,,,
1199.0,596.04443,2300.0,690.0,2526.8,950000,,,25.84004783630371,131.97406005859375,131.5286865234375,1120.9244384765625,0.01,5e-05
,,,,,950885,2350.0,3706,,,,,,
,,,,,951000,,,16.640859603881836,135.59588623046875,134.4607391357422,998.4468994140625,0.01,5e-05
,,,,,951622,1670.0,2962,,,,,,
,,,,,952000,,,15.815667152404785,125.5238037109375,123.53932189941406,1165.3740234375,0.01,5e-05
,,,,,952375,1290.0,3018,,,,,,
,,,,,953000,,,30.99075698852539,137.711181640625,137.31509399414062,1903.2994384765625,0.01,5e-05
,,,,,953193,1460.0,3298,,,,,,
,,,,,953928,1010.0,2954,,,,,,
,,,,,954000,,,2231.223388671875,138.5581512451172,148.80569458007812,6908.3623046875,0.01,5e-05
,,,,,954734,1500.0,3234,,,,,,
,,,,,955000,,,11.688477516174316,136.31065368652344,137.83522033691406,912.58642578125,0.01,5e-05
,,,,,955608,1640.0,3506,,,,,,
,,,,,956000,,,14.089665412902832,162.18246459960938,163.03103637695312,764.8473510742188,0.01,5e-05
,,,,,956421,2660.0,3274,,,,,,
,,,,,957000,,,17.767356872558594,142.21475219726562,140.72866821289062,1100.0650634765625,0.01,5e-05
,,,,,957083,1610.0,2650,,,,,,
,,,,,957777,1280.0,2778,,,,,,
,,,,,958000,,,23.23393440246582,141.28858947753906,140.19802856445312,1254.18505859375,0.01,5e-05
,,,,,958608,3140.0,3346,,,,,,
,,,,,959000,,,16.858924865722656,142.65106201171875,140.40530395507812,1236.41162109375,0.01,5e-05
,,,,,959578,1470.0,3882,,,,,,
1967.0,348.56995,2640.0,1720.0,3388.4,960000,,,1285.34521484375,153.8713836669922,158.83749389648438,6583.296875,0.01,5e-05
,,,,,960342,1060.0,3074,,,,,,
,,,,,961000,,,28.66123390197754,170.1898956298828,169.79244995117188,1352.862060546875,0.01,5e-05
,,,,,961298,1520.0,3826,,,,,,
,,,,,962000,,,14.765717506408691,137.44924926757812,136.73672485351562,814.0814819335938,0.01,5e-05
,,,,,962212,2200.0,3674,,,,,,
,,,,,962980,1090.0,3090,,,,,,
,,,,,963000,,,11.51605224609375,143.47659301757812,142.4772491455078,1031.5557861328125,0.01,5e-05
,,,,,963940,2900.0,3850,,,,,,
,,,,,964000,,,9.120596885681152,145.6268768310547,144.2562255859375,1091.5982666015625,0.01,5e-05
,,,,,964658,1200.0,2898,,,,,,
,,,,,965000,,,48.12101745605469,150.22479248046875,150.9522705078125,1354.005859375,0.01,5e-05
,,,,,965666,1330.0,4034,,,,,,
,,,,,966000,,,56.94383239746094,154.00527954101562,154.76138305664062,1002.361328125,0.01,5e-05
,,,,,966486,1000.0,3282,,,,,,
,,,,,967000,,,14.183622360229492,152.044677734375,151.71456909179688,632.7113037109375,0.01,5e-05
,,,,,967309,1900.0,3314,,,,,,
,,,,,968000,,,141.59820556640625,148.6341552734375,150.01486206054688,1549.2371826171875,0.01,5e-05
,,,,,968035,1230.0,2906,,,,,,
,,,,,968867,1910.0,3330,,,,,,
,,,,,969000,,,21.316997528076172,145.258056640625,146.017333984375,949.1069946289062,0.01,5e-05
,,,,,969687,1310.0,3290,,,,,,
1822.0,537.69507,2560.0,1180.0,3526.8,970000,,,19.23594093322754,158.91493225097656,158.18272399902344,1433.451904296875,0.01,5e-05
,,,,,970747,1440.0,4250,,,,,,
,,,,,971000,,,15.09052848815918,169.07559204101562,168.5491943359375,782.7390747070312,0.01,5e-05
,,,,,971630,1380.0,3546,,,,,,
,,,,,972000,,,26.20949363708496,153.08364868164062,153.16769409179688,932.3396606445312,0.01,5e-05
,,,,,972362,780.0,2946,,,,,,
,,,,,973000,,,20.347673416137695,172.88816833496094,175.0751953125,1539.2821044921875,0.01,5e-05
,,,,,973349,1290.0,3954,,,,,,
,,,,,974000,,,27.373027801513672,149.81109619140625,148.26788330078125,1266.1812744140625,0.01,5e-05
,,,,,974683,2790.0,5338,,,,,,
,,,,,975000,,,23.780765533447266,159.50482177734375,158.6330108642578,909.365966796875,0.01,5e-05
,,,,,975735,2410.0,4234,,,,,,
,,,,,976000,,,107.12640380859375,147.66983032226562,149.35601806640625,2214.970703125,0.01,5e-05
,,,,,976417,1010.0,2730,,,,,,
,,,,,977000,,,71.46792602539062,151.64044189453125,154.038818359375,1890.10546875,0.01,5e-05
,,,,,977149,2400.0,2938,,,,,,
,,,,,978000,,,28.86697006225586,146.7374267578125,148.44944763183594,1806.006103515625,0.01,5e-05
,,,,,978098,1340.0,3802,,,,,,
,,,,,978925,960.0,3330,,,,,,
,,,,,979000,,,48.731475830078125,133.70077514648438,135.23715209960938,2070.301025390625,0.01,5e-05
,,,,,979708,1490.0,3154,,,,,,
1904.0,510.23917,2550.0,1440.0,2960.4,980000,,,27.73088836669922,148.67062377929688,149.22113037109375,1313.042236328125,0.01,5e-05
,,,,,980432,1130.0,2914,,,,,,
,,,,,981000,,,20.00030517578125,172.87045288085938,172.25376892089844,803.8694458007812,0.01,5e-05
,,,,,981127,1100.0,2786,,,,,,
,,,,,981961,1410.0,3354,,,,,,
,,,,,982000,,,17.431543350219727,148.20669555664062,149.58314514160156,1235.424072265625,0.01,5e-05
,,,,,982634,2750.0,2706,,,,,,
,,,,,983000,,,110.399169921875,143.83091735839844,140.08544921875,6419.61376953125,0.01,5e-05
,,,,,983452,1360.0,3274,,,,,,
,,,,,984000,,,27.779640197753906,142.71707153320312,142.88821411132812,1505.3638916015625,0.01,5e-05
,,,,,984223,1150.0,3106,,,,,,
,,,,,984997,800.0,3122,,,,,,
,,,,,985000,,,178.14816284179688,147.59603881835938,149.22462463378906,2017.7857666015625,0.01,5e-05
,,,,,986000,,,22.18633270263672,152.75225830078125,151.96499633789062,797.8745727539062,0.01,5e-05
,,,,,986136,1700.0,4586,,,,,,
,,,,,987000,,,17.604305267333984,165.4569091796875,164.71556091308594,858.4307861328125,0.01,5e-05
,,,,,987217,1930.0,4346,,,,,,
,,,,,988000,,,38.80299377441406,145.29714965820312,142.71817016601562,2707.029052734375,0.01,5e-05
,,,,,988089,2260.0,3498,,,,,,
,,,,,988889,1900.0,3218,,,,,,
,,,,,989000,,,22.667755126953125,141.64491271972656,140.57321166992188,1293.6231689453125,0.01,5e-05
,,,,,989680,1370.0,3186,,,,,,
1380.0,223.83029,1630.0,1050.0,2963.6,990000,,,27.235960006713867,156.945068359375,157.5883331298828,1124.7135009765625,0.01,5e-05
,,,,,990377,2220.0,2786,,,,,,
,,,,,991000,,,18.423561096191406,158.5523223876953,158.1224365234375,1014.2981567382812,0.01,5e-05
,,,,,991054,1340.0,2730,,,,,,
,,,,,991728,1330.0,2714,,,,,,
,,,,,992000,,,4951.11083984375,142.8345947265625,153.9862060546875,11682.3837890625,0.01,5e-05
,,,,,992571,2160.0,3370,,,,,,
,,,,,993000,,,22.320152282714844,152.28366088867188,153.48001098632812,995.8844604492188,0.01,5e-05
,,,,,993236,1750.0,2666,,,,,,
,,,,,994000,,,15.421958923339844,175.38119506835938,173.91705322265625,944.4649658203125,0.01,5e-05
,,,,,994061,2500.0,3314,,,,,,
,,,,,994757,1540.0,2794,,,,,,
,,,,,995000,,,23.43515396118164,148.89398193359375,148.6251220703125,1115.8421630859375,0.01,5e-05
,,,,,995703,2350.0,3802,,,,,,
,,,,,996000,,,16.014944076538086,128.4774169921875,128.60610961914062,827.786376953125,0.01,5e-05
,,,,,996457,1910.0,3042,,,,,,
,,,,,997000,,,1275.5338134765625,155.37684631347656,160.939697265625,6459.20068359375,0.01,5e-05
,,,,,997250,1800.0,3186,,,,,,
,,,,,998000,,,22.41212272644043,158.73846435546875,160.6807861328125,1707.1673583984375,0.01,5e-05
,,,,,998068,1680.0,3298,,,,,,
,,,,,998903,1700.0,3354,,,,,,
,,,,,999000,,,34.260345458984375,143.84864807128906,144.80665588378906,1789.7791748046875,0.01,5e-05
,,,,,999607,1190.0,2818,,,,,,
