Eval_AverageReturn,Eval_StdReturn,Eval_MaxReturn,Eval_MinReturn,Eval_AverageEpLen,step,Train_EpisodeReturn,Train_EpisodeLen,actor_loss,entropy,critic_loss,q_values,target_values,alpha,alpha_loss,actor_lr,critic_lr,temperature
-228.40047,75.01976,-88.424324,-366.71198,1000.0,0,,,,,,,,,,,,
,,,,,999,-229.04759,1000,,,,,,,,,,
,,,,,1999,-285.2749,1000,,,,,,,,,,
,,,,,2999,-223.9849,1000,,,,,,,,,,
,,,,,3999,-255.25478,1000,,,,,,,,,,
,,,,,4999,-314.2038,1000,,,,,,,,,,
-253.00215,72.44177,-110.26432,-361.87598,1000.0,5000,,,,,,,,,,,,
,,,,,5999,-299.10263,1000,,,,,,,,,,
,,,,,6999,-261.35422,1000,,,,,,,,,,
,,,,,7999,-321.37607,1000,,,,,,,,,,
,,,,,8999,-216.14279,1000,,,,,,,,,,
,,,,,9999,-189.21619,1000,,,,,,,,,,
-238.74019,82.3065,-144.11499,-419.91016,1000.0,10000,,,-0.34816282987594604,3.7583794593811035,0.42045167088508606,-0.020274236798286438,0.032685525715351105,0.10000000149011612,0.9676655530929565,0.0003,0.0003,0.09999001026153564
,,,,,10999,-177.36565,1000,,,,,,,,,,
,,,,,11000,,,-2.1284003257751465,2.204444169998169,0.47839856147766113,1.44917631149292,1.5179706811904907,0.09075260162353516,0.7613412141799927,0.0003,0.0003,0.09074407070875168
,,,,,11999,-201.38684,1000,,,,,,,,,,
,,,,,12000,,,-3.4912915229797363,2.5071945190429688,0.821201741695404,2.994558572769165,2.952862024307251,0.08248145133256912,0.7178650498390198,0.0003,0.0003,0.08247365057468414
,,,,,12999,-249.13632,1000,,,,,,,,,,
,,,,,13000,,,-5.120894432067871,1.611008644104004,0.7715322375297546,4.418879985809326,4.4336838722229,0.07548890262842178,0.5693256258964539,0.0003,0.0003,0.07548241317272186
,,,,,13999,-186.76721,1000,,,,,,,,,,
,,,,,14000,,,-7.271058082580566,0.9048006534576416,0.594663143157959,6.4489617347717285,6.479364395141602,0.0693456158041954,0.4814718961715698,0.0003,0.0003,0.06933968514204025
,,,,,14999,-201.70093,1000,,,,,,,,,,
-151.37915,45.716743,-45.93809,-224.82304,1000.0,15000,,,-9.594295501708984,1.005767822265625,0.47417280077934265,8.769935607910156,8.827329635620117,0.0636318251490593,0.44928938150405884,0.0003,0.0003,0.0636262595653534
,,,,,15999,-213.61473,1000,,,,,,,,,,
,,,,,16000,,,-11.835333824157715,0.8881040215492249,0.32138365507125854,11.033199310302734,11.07343578338623,0.058301497250795364,0.38007694482803345,0.0003,0.0003,0.058296460658311844
,,,,,16999,-155.2548,1000,,,,,,,,,,
,,,,,17000,,,-12.305129051208496,0.5651149749755859,0.3845336437225342,11.625146865844727,11.666887283325195,0.05339079722762108,0.35155582427978516,0.0003,0.0003,0.053386200219392776
,,,,,17999,-151.17285,1000,,,,,,,,,,
,,,,,18000,,,-13.1121826171875,0.8584302663803101,0.4002078175544739,12.357316970825195,12.438467025756836,0.04883996769785881,0.32178008556365967,0.0003,0.0003,0.04883565753698349
,,,,,18999,117.47773,1000,,,,,,,,,,
,,,,,19000,,,-15.259218215942383,0.24102665483951569,0.4544965922832489,14.563450813293457,14.524971008300781,0.04473448544740677,0.2829282283782959,0.0003,0.0003,0.044730592519044876
,,,,,19999,97.55597,1000,,,,,,,,,,
427.85492,159.15535,771.31604,211.26303,1000.0,20000,,,-15.584184646606445,-0.3292737603187561,0.35491523146629333,15.003936767578125,14.92424488067627,0.041103165596723557,0.23482027649879456,0.0003,0.0003,0.04109979420900345
,,,,,20999,513.8802,1000,,,,,,,,,,
,,,,,21000,,,-18.335651397705078,-1.1532291173934937,0.3861445188522339,17.577329635620117,17.55703353881836,0.03790288046002388,0.18142089247703552,0.0003,0.0003,0.03789990767836571
,,,,,21999,989.9433,1000,,,,,,,,,,
,,,,,22000,,,-21.419193267822266,-2.0799145698547363,0.3633244037628174,20.563508987426758,20.636924743652344,0.03512197732925415,0.1352449357509613,0.0003,0.0003,0.03511941432952881
,,,,,22999,1159.6288,1000,,,,,,,,,,
,,,,,23000,,,-23.926618576049805,-2.990579128265381,0.5086090564727783,23.041152954101562,22.97368621826172,0.03271407261490822,0.10637027770280838,0.0003,0.0003,0.03271178528666496
,,,,,23999,1318.1505,1000,,,,,,,,,,
,,,,,24000,,,-27.63917350769043,-3.7346396446228027,0.5005258321762085,26.674205780029297,26.723094940185547,0.030644699931144714,0.0709962397813797,0.0003,0.0003,0.0306428000330925
,,,,,24999,1284.7264,1000,,,,,,,,,,
1313.7107,311.40717,1581.8524,571.45795,1000.0,25000,,,-34.098167419433594,-4.082452774047852,0.4960736632347107,32.964698791503906,32.98677062988281,0.028828948736190796,0.05405630171298981,0.0003,0.0003,0.02882714755833149
,,,,,25999,666.8947,1000,,,,,,,,,,
,,,,,26000,,,-34.71923065185547,-4.392786502838135,0.5440835356712341,33.70222473144531,33.72254943847656,0.027130210772156715,0.03974464163184166,0.0003,0.0003,0.027128329500555992
,,,,,26999,878.7886,1000,,,,,,,,,,
,,,,,27000,,,-39.66905975341797,-4.751374244689941,0.6419687867164612,38.651756286621094,38.7752685546875,0.025150787085294724,0.042947784066200256,0.0003,0.0003,0.0251489095389843
,,,,,27999,1025.2213,1000,,,,,,,,,,
,,,,,28000,,,-41.17794418334961,-4.683476448059082,0.510238766670227,40.26652145385742,40.21690368652344,0.023356175050139427,0.03127292916178703,0.0003,0.0003,0.023354539647698402
,,,,,28999,1880.4034,1000,,,,,,,,,,
,,,,,29000,,,-46.53656005859375,-4.5779829025268555,0.5120993256568909,45.437774658203125,45.409664154052734,0.021787364035844803,0.026368558406829834,0.0003,0.0003,0.021785931661725044
,,,,,29999,2014.0466,1000,,,,,,,,,,
1711.0433,452.03564,2151.1758,834.96967,1000.0,30000,,,-54.37981033325195,-5.526684761047363,0.5100937485694885,53.16130065917969,53.157161712646484,0.02058078721165657,0.007907960563898087,0.0003,0.0003,0.0205799899995327
,,,,,30999,2120.663,1000,,,,,,,,,,
,,,,,31000,,,-58.2440299987793,-5.546693325042725,0.5073984861373901,57.147132873535156,57.0897216796875,0.019973160699009895,0.007526705972850323,0.0003,0.0003,0.01997247152030468
,,,,,31999,2240.088,1000,,,,,,,,,,
,,,,,32000,,,-63.78726577758789,-6.202547073364258,0.484493225812912,62.60626220703125,62.62300109863281,0.020188208669424057,-0.0038163927383720875,0.0003,0.0003,0.020188845694065094
,,,,,32999,732.1199,1000,,,,,,,,,,
,,,,,33000,,,-68.43687438964844,-6.293924331665039,0.5901950597763062,67.2093734741211,67.31752014160156,0.02114494889974594,-0.005968594923615456,0.0003,0.0003,0.021145977079868317
,,,,,33999,2485.8442,1000,,,,,,,,,,
,,,,,34000,,,-72.079833984375,-6.467356204986572,0.5817822813987732,70.83650207519531,70.85005187988281,0.021799340844154358,-0.006202483084052801,0.0003,0.0003,0.021800708025693893
,,,,,34999,1949.3489,1000,,,,,,,,,,
1639.3824,837.171,2662.0933,573.78455,1000.0,35000,,,-79.7572021484375,-6.462967395782471,0.6875245571136475,78.58409118652344,78.6651611328125,0.023116348311305046,-0.003620140952989459,0.0003,0.0003,0.023116804659366608
,,,,,35999,2673.8472,1000,,,,,,,,,,
,,,,,36000,,,-81.40733337402344,-5.981784820556641,0.6780496835708618,80.0482177734375,80.20921325683594,0.024145174771547318,-0.00380573607981205,0.0003,0.0003,0.024145973846316338
,,,,,36999,2745.4592,1000,,,,,,,,,,
,,,,,37000,,,-93.43716430664062,-5.677879333496094,0.9133347272872925,92.33454132080078,92.2493896484375,0.025248223915696144,0.005539995618164539,0.0003,0.0003,0.025248603895306587
,,,,,37999,2723.0884,1000,,,,,,,,,,
,,,,,38000,,,-92.96100616455078,-6.031092166900635,0.8195868134498596,91.69541931152344,91.6080551147461,0.02612352930009365,0.0016824632184579968,0.0003,0.0003,0.0261240154504776
,,,,,38999,2810.0388,1000,,,,,,,,,,
,,,,,39000,,,-104.02613067626953,-5.440279006958008,1.8050048351287842,102.88214111328125,102.89765930175781,0.02683766558766365,0.011903500184416771,0.0003,0.0003,0.026838133111596107
,,,,,39999,2948.2078,1000,,,,,,,,,,
2874.6206,28.281525,2917.1309,2821.3142,1000.0,40000,,,-106.57496643066406,-5.63311767578125,0.6704895496368408,105.37776184082031,105.39807891845703,0.027565419673919678,0.01092213112860918,0.0003,0.0003,0.027565032243728638
,,,,,40999,2989.7866,1000,,,,,,,,,,
,,,,,41000,,,-113.81703186035156,-6.136655807495117,0.7349801659584045,112.47756958007812,112.5849609375,0.028522640466690063,-0.007203714922070503,0.0003,0.0003,0.028525197878479958
,,,,,41999,3010.6138,1000,,,,,,,,,,
,,,,,42000,,,-119.91471862792969,-6.143895149230957,0.8416662216186523,118.69568634033203,118.59967041015625,0.029761867597699165,-0.004619498737156391,0.0003,0.0003,0.029763100668787956
,,,,,42999,2701.245,1000,,,,,,,,,,
,,,,,43000,,,-117.04671478271484,-5.851937294006348,0.8187439441680908,115.86778259277344,115.72850036621094,0.03102937899529934,0.011273134499788284,0.0003,0.0003,0.0310293510556221
,,,,,43999,3064.399,1000,,,,,,,,,,
,,,,,44000,,,-128.2344512939453,-6.4939703941345215,0.7564032077789307,127.01849365234375,126.979736328125,0.03160487860441208,-0.010704874992370605,0.0003,0.0003,0.03160609304904938
,,,,,44999,3058.6602,1000,,,,,,,,,,
3120.5586,19.418333,3156.83,3086.2976,1000.0,45000,,,-133.43052673339844,-5.979678153991699,0.7335729598999023,132.20791625976562,132.25262451171875,0.032410744577646255,-0.002741626463830471,0.0003,0.0003,0.032411377876996994
,,,,,45999,3068.0034,1000,,,,,,,,,,
,,,,,46000,,,-145.02587890625,-6.292339324951172,2.0317959785461426,143.6609649658203,143.64999389648438,0.033693864941596985,-0.0039738016203045845,0.0003,0.0003,0.03369511663913727
,,,,,46999,3135.6272,1000,,,,,,,,,,
,,,,,47000,,,-145.96763610839844,-5.862595081329346,0.8117596507072449,144.74893188476562,144.8374481201172,0.03513985127210617,0.010856138542294502,0.0003,0.0003,0.03514135256409645
,,,,,47999,3086.807,1000,,,,,,,,,,
,,,,,48000,,,-153.22433471679688,-6.190469741821289,0.6339412927627563,151.96493530273438,151.94558715820312,0.03682808205485344,0.006251759827136993,0.0003,0.0003,0.0368289090692997
,,,,,48999,3182.9014,1000,,,,,,,,,,
,,,,,49000,,,-155.18472290039062,-6.5762176513671875,0.9632673263549805,153.82489013671875,153.7670440673828,0.038301803171634674,-0.005561209283769131,0.0003,0.0003,0.0383024625480175
,,,,,49999,3221.241,1000,,,,,,,,,,
3126.5825,22.503325,3184.7466,3105.9817,1000.0,50000,,,-159.99688720703125,-6.417012691497803,1.0714917182922363,158.49737548828125,158.36199951171875,0.04010222852230072,-0.016044333577156067,0.0003,0.0003,0.040106598287820816
,,,,,50999,3162.605,1000,,,,,,,,,,
,,,,,51000,,,-167.14279174804688,-6.605788230895996,1.3959085941314697,165.5268096923828,165.3909912109375,0.04248911514878273,-0.00938944797962904,0.0003,0.0003,0.042492274194955826
,,,,,51999,3111.4436,1000,,,,,,,,,,
,,,,,52000,,,-174.55259704589844,-6.542226791381836,1.2328870296478271,172.91444396972656,173.0506591796875,0.0457918606698513,-0.021112028509378433,0.0003,0.0003,0.045795880258083344
,,,,,52999,3112.9443,1000,,,,,,,,,,
,,,,,53000,,,-185.51101684570312,-5.796283721923828,1.145979642868042,183.89813232421875,183.92091369628906,0.048055533319711685,-0.005917302332818508,0.0003,0.0003,0.04805823788046837
,,,,,53999,3163.8135,1000,,,,,,,,,,
,,,,,54000,,,-188.60357666015625,-5.979064464569092,1.1104860305786133,186.9736785888672,187.0989990234375,0.04763837158679962,-0.010726883076131344,0.0003,0.0003,0.04763970151543617
,,,,,54999,3192.3362,1000,,,,,,,,,,
3239.7263,44.416656,3302.1243,3147.8655,1000.0,55000,,,-195.3807373046875,-6.326704025268555,1.0948618650436401,193.71896362304688,193.95713806152344,0.04567429795861244,-0.01487681269645691,0.0003,0.0003,0.04567486420273781
,,,,,55999,3100.4707,1000,,,,,,,,,,
,,,,,56000,,,-198.214599609375,-5.830848217010498,1.0718715190887451,196.61952209472656,196.53805541992188,0.04425757750868797,0.012779276818037033,0.0003,0.0003,0.04425446316599846
,,,,,56999,3034.8306,1000,,,,,,,,,,
,,,,,57000,,,-209.06712341308594,-5.9805755615234375,0.9316021800041199,207.64913940429688,207.66583251953125,0.04295714572072029,0.001003161072731018,0.0003,0.0003,0.042957648634910583
,,,,,57999,3194.3694,1000,,,,,,,,,,
,,,,,58000,,,-212.5209197998047,-6.249962329864502,0.9237995147705078,211.16558837890625,211.1219482421875,0.04225890710949898,-0.009611562825739384,0.0003,0.0003,0.04226035624742508
,,,,,58999,3163.461,1000,,,,,,,,,,
,,,,,59000,,,-219.0052490234375,-6.220207214355469,0.7975362539291382,217.86900329589844,217.97036743164062,0.04170769453048706,-0.010474304668605328,0.0003,0.0003,0.04170756787061691
,,,,,59999,3310.4146,1000,,,,,,,,,,
3256.933,20.824326,3285.1646,3209.082,1000.0,60000,,,-222.83912658691406,-6.217252731323242,0.8307310342788696,221.49685668945312,221.60610961914062,0.04133177176117897,-0.004443184472620487,0.0003,0.0003,0.041332073509693146
,,,,,60999,3297.1409,1000,,,,,,,,,,
,,,,,61000,,,-220.38726806640625,-5.9797892570495605,0.8145809173583984,218.89735412597656,218.98052978515625,0.04155445843935013,-0.013558818027377129,0.0003,0.0003,0.041555680334568024
,,,,,61999,3261.9636,1000,,,,,,,,,,
,,,,,62000,,,-224.6082763671875,-5.904726982116699,0.7129500508308411,223.0613250732422,223.16317749023438,0.04165881872177124,-0.0037644370459020138,0.0003,0.0003,0.04165825992822647
,,,,,62999,3253.499,1000,,,,,,,,,,
,,,,,63000,,,-232.97784423828125,-5.625586986541748,0.6257767677307129,231.70460510253906,231.7415313720703,0.041546210646629333,0.007917857728898525,0.0003,0.0003,0.04154571518301964
,,,,,63999,3328.5427,1000,,,,,,,,,,
,,,,,64000,,,-232.93621826171875,-5.758711338043213,0.6402328014373779,231.636474609375,231.5489501953125,0.04089293256402016,0.022119570523500443,0.0003,0.0003,0.04089133441448212
,,,,,64999,3357.6243,1000,,,,,,,,,,
3464.1191,89.45079,3548.1187,3219.341,1000.0,65000,,,-236.29452514648438,-6.274383544921875,0.7180087566375732,235.1710205078125,235.29351806640625,0.04103541746735573,-0.005004878155887127,0.0003,0.0003,0.04103687405586243
,,,,,65999,3386.9502,1000,,,,,,,,,,
,,,,,66000,,,-238.0518341064453,-6.304538726806641,0.7433582544326782,236.59124755859375,236.69650268554688,0.04183916002511978,-0.014753242954611778,0.0003,0.0003,0.04183988645672798
,,,,,66999,3508.0103,1000,,,,,,,,,,
,,,,,67000,,,-248.44891357421875,-5.920098781585693,0.5423023700714111,247.30581665039062,247.21539306640625,0.042229991406202316,0.0037704266142100096,0.0003,0.0003,0.04223017022013664
,,,,,67999,3542.6675,1000,,,,,,,,,,
,,,,,68000,,,-243.63819885253906,-6.035214424133301,0.7815150022506714,242.2922821044922,242.32925415039062,0.04317442327737808,-0.00561061967164278,0.0003,0.0003,0.04317639023065567
,,,,,68999,3598.2974,1000,,,,,,,,,,
,,,,,69000,,,-253.14390563964844,-6.319473743438721,0.692366361618042,251.68875122070312,251.60618591308594,0.043869566172361374,0.0011472837068140507,0.0003,0.0003,0.04387003555893898
,,,,,69999,3584.505,1000,,,,,,,,,,
3529.566,41.87684,3584.5422,3471.112,1000.0,70000,,,-258.0252990722656,-5.783123016357422,0.5654399394989014,256.7915954589844,256.74029541015625,0.044453512877225876,0.006790946703404188,0.0003,0.0003,0.044452961534261703
,,,,,70999,3514.322,1000,,,,,,,,,,
,,,,,71000,,,-256.88531494140625,-5.7228875160217285,0.7261706590652466,255.46266174316406,255.654541015625,0.045121483504772186,0.004778346046805382,0.0003,0.0003,0.04512031376361847
,,,,,71999,3560.186,1000,,,,,,,,,,
,,,,,72000,,,-262.7637939453125,-5.996545791625977,0.6934921741485596,261.51287841796875,261.57305908203125,0.04583831876516342,-0.00662235077470541,0.0003,0.0003,0.045839738100767136
,,,,,72999,3589.2607,1000,,,,,,,,,,
,,,,,73000,,,-267.8763427734375,-5.720199108123779,0.5159812569618225,266.7052001953125,266.69427490234375,0.046392932534217834,0.011323021724820137,0.0003,0.0003,0.04638899490237236
,,,,,73999,3528.6038,1000,,,,,,,,,,
,,,,,74000,,,-264.9737243652344,-5.6960673332214355,0.6274697780609131,263.47967529296875,263.62774658203125,0.046116508543491364,-0.00025217141956090927,0.0003,0.0003,0.046114176511764526
,,,,,74999,3643.316,1000,,,,,,,,,,
3542.9578,206.38966,3676.0742,2949.132,1000.0,75000,,,-272.2916259765625,-5.931078910827637,0.8695374727249146,271.19659423828125,271.22265625,0.046463944017887115,-0.00446836045011878,0.0003,0.0003,0.046464066952466965
,,,,,75999,3611.7847,1000,,,,,,,,,,
,,,,,76000,,,-269.5981750488281,-5.97760534286499,0.8156344890594482,268.3748779296875,268.3599853515625,0.04673520848155022,0.0010745124891400337,0.0003,0.0003,0.04673585668206215
,,,,,76999,3687.4602,1000,,,,,,,,,,
,,,,,77000,,,-274.626220703125,-5.750839710235596,0.6900200843811035,273.49078369140625,273.4488830566406,0.047089990228414536,0.017337527126073837,0.0003,0.0003,0.04708850756287575
,,,,,77999,3582.97,1000,,,,,,,,,,
,,,,,78000,,,-279.2243957519531,-6.249503135681152,0.7937737703323364,277.9852294921875,277.98724365234375,0.047169871628284454,-0.010282013565301895,0.0003,0.0003,0.0471695140004158
,,,,,78999,3589.7322,1000,,,,,,,,,,
,,,,,79000,,,-280.6688537597656,-5.858685493469238,0.7188419699668884,279.3669128417969,279.3626403808594,0.047217175364494324,-0.000283628236502409,0.0003,0.0003,0.04721768945455551
,,,,,79999,3728.2646,1000,,,,,,,,,,
3783.5515,61.521645,3890.1528,3663.4197,1000.0,80000,,,-279.5507507324219,-6.575236797332764,0.7020702958106995,278.2259521484375,278.26580810546875,0.047251712530851364,-0.02436026558279991,0.0003,0.0003,0.04725123941898346
,,,,,80999,3754.292,1000,,,,,,,,,,
,,,,,81000,,,-285.2100524902344,-6.114404201507568,0.8207519054412842,284.0697021484375,284.2342224121094,0.047487858682870865,0.0020369328558444977,0.0003,0.0003,0.047490157186985016
,,,,,81999,3701.5967,1000,,,,,,,,,,
,,,,,82000,,,-286.097412109375,-6.12709903717041,0.8187847137451172,284.5272216796875,284.6543273925781,0.048188451677560806,-0.008770769461989403,0.0003,0.0003,0.048190515488386154
,,,,,82999,3854.9043,1000,,,,,,,,,,
,,,,,83000,,,-289.7726745605469,-6.323336601257324,0.6719039678573608,288.7367858886719,288.8865966796875,0.04825453460216522,-0.003199296072125435,0.0003,0.0003,0.04825601726770401
,,,,,83999,3806.779,1000,,,,,,,,,,
,,,,,84000,,,-292.4968566894531,-5.816388130187988,0.9638553857803345,291.1884460449219,291.260986328125,0.04866442084312439,0.006735923234373331,0.0003,0.0003,0.04866524413228035
,,,,,84999,3844.7117,1000,,,,,,,,,,
3872.1875,81.82444,3985.8535,3702.9346,1000.0,85000,,,-293.0467834472656,-5.9462785720825195,0.6680214405059814,291.82318115234375,291.8280334472656,0.049336109310388565,-0.002938115270808339,0.0003,0.0003,0.04933600500226021
,,,,,85999,3846.8865,1000,,,,,,,,,,
,,,,,86000,,,-300.0223083496094,-5.996506214141846,0.7167356014251709,298.786865234375,298.8811340332031,0.049702055752277374,-0.006065321154892445,0.0003,0.0003,0.04970315843820572
,,,,,86999,3821.9358,1000,,,,,,,,,,
,,,,,87000,,,-300.8480529785156,-6.174822807312012,0.7115037441253662,299.3514404296875,299.401123046875,0.05025998875498772,-0.008622363209724426,0.0003,0.0003,0.050262145698070526
,,,,,87999,3979.6257,1000,,,,,,,,,,
,,,,,88000,,,-305.0904235839844,-6.04743766784668,0.7938755750656128,303.7720947265625,303.7416687011719,0.05031654238700867,-0.00048477406380698085,0.0003,0.0003,0.05031575262546539
,,,,,88999,3946.9165,1000,,,,,,,,,,
,,,,,89000,,,-302.9868469238281,-6.5817155838012695,1.056892991065979,301.3424072265625,301.12188720703125,0.05058383569121361,-0.017899032682180405,0.0003,0.0003,0.0505857914686203
,,,,,89999,4086.6135,1000,,,,,,,,,,
4019.8179,13.306425,4040.6267,4000.5615,1000.0,90000,,,-306.635498046875,-6.01188325881958,0.6496738195419312,305.4000244140625,305.447509765625,0.051060326397418976,0.004670505411922932,0.0003,0.0003,0.051062967628240585
,,,,,90999,4074.5845,1000,,,,,,,,,,
,,,,,91000,,,-312.42852783203125,-6.071101188659668,0.7513858079910278,311.24102783203125,311.1924133300781,0.05142160505056381,0.011013844981789589,0.0003,0.0003,0.05142286792397499
,,,,,91999,3983.8127,1000,,,,,,,,,,
,,,,,92000,,,-311.966796875,-6.196998596191406,0.6561154723167419,310.51116943359375,310.6639709472656,0.051786892116069794,0.014840064570307732,0.0003,0.0003,0.05178803578019142
,,,,,92999,3992.2148,1000,,,,,,,,,,
,,,,,93000,,,-315.3395690917969,-6.220495223999023,0.7823337316513062,314.0240478515625,314.021484375,0.052067145705223083,-0.001982219982892275,0.0003,0.0003,0.052065540105104446
,,,,,93999,4085.999,1000,,,,,,,,,,
,,,,,94000,,,-319.54656982421875,-5.826443195343018,0.9514893889427185,318.2446594238281,318.3843994140625,0.052303802222013474,0.011145707219839096,0.0003,0.0003,0.052300047129392624
,,,,,94999,4181.516,1000,,,,,,,,,,
4077.086,109.989586,4161.0415,3763.5598,1000.0,95000,,,-320.8819580078125,-6.22429084777832,0.856638491153717,319.5799560546875,319.650390625,0.05297400429844856,-0.009125846438109875,0.0003,0.0003,0.052973903715610504
,,,,,95999,4143.256,1000,,,,,,,,,,
,,,,,96000,,,-323.8031005859375,-5.946796894073486,0.6731644868850708,322.60626220703125,322.61602783203125,0.054029516875743866,-0.0001756632700562477,0.0003,0.0003,0.05402923375368118
,,,,,96999,4078.3801,1000,,,,,,,,,,
,,,,,97000,,,-325.6102294921875,-6.388405799865723,0.938724935054779,324.3613586425781,324.34295654296875,0.054239559918642044,-0.024926528334617615,0.0003,0.0003,0.0542430616915226
,,,,,97999,4005.9697,1000,,,,,,,,,,
,,,,,98000,,,-332.1297912597656,-5.3498358726501465,0.8146284818649292,330.993408203125,331.099609375,0.05448494851589203,0.023365916684269905,0.0003,0.0003,0.05448446795344353
,,,,,98999,4235.877,1000,,,,,,,,,,
,,,,,99000,,,-329.4610290527344,-5.6373291015625,0.7713698148727417,327.9849548339844,327.8345642089844,0.05483809486031532,0.006549719721078873,0.0003,0.0003,0.054837942123413086
,,,,,99999,4142.871,1000,,,,,,,,,,
4222.0728,66.47661,4282.1953,4075.7214,1000.0,100000,,,-335.8632507324219,-5.946871757507324,0.7715562582015991,334.8079833984375,334.709716796875,0.05546873062849045,-0.009281286969780922,0.0003,0.0003,0.055469706654548645
,,,,,100999,4233.3,1000,,,,,,,,,,
,,,,,101000,,,-333.340576171875,-5.852471351623535,0.9057953953742981,332.1825866699219,331.9656982421875,0.056016355752944946,0.014878577552735806,0.0003,0.0003,0.05601580813527107
,,,,,101999,4125.089,1000,,,,,,,,,,
,,,,,102000,,,-337.3380432128906,-6.112054824829102,1.1059563159942627,336.12353515625,335.7726135253906,0.056379836052656174,-0.00249292328953743,0.0003,0.0003,0.056375615298748016
,,,,,102999,2318.9924,1000,,,,,,,,,,
,,,,,103000,,,-336.2030029296875,-6.179847717285156,1.2135963439941406,335.0442810058594,334.9595947265625,0.056437406688928604,-0.024254493415355682,0.0003,0.0003,0.05643816292285919
,,,,,103999,4343.4185,1000,,,,,,,,,,
,,,,,104000,,,-337.7641296386719,-5.531588554382324,0.8608485460281372,336.6832580566406,336.6384582519531,0.05414711311459541,0.011571479961276054,0.0003,0.0003,0.05414455756545067
,,,,,104999,4187.223,1000,,,,,,,,,,
4208.5947,634.9395,4498.3047,2317.232,1000.0,105000,,,-339.708740234375,-6.111135482788086,1.021824598312378,338.3753662109375,338.62884521484375,0.051631711423397064,-0.00534843560308218,0.0003,0.0003,0.05162918567657471
,,,,,105999,4351.5454,1000,,,,,,,,,,
,,,,,106000,,,-340.79986572265625,-6.353148937225342,0.8981108665466309,339.6717529296875,339.7240295410156,0.050125110894441605,-0.021207265555858612,0.0003,0.0003,0.0501241460442543
,,,,,106999,4370.7695,1000,,,,,,,,,,
,,,,,107000,,,-340.7917785644531,-5.683388710021973,0.808043360710144,339.7177734375,339.7740783691406,0.04977189004421234,0.0007861442863941193,0.0003,0.0003,0.04977141320705414
,,,,,107999,4447.5605,1000,,,,,,,,,,
,,,,,108000,,,-348.5155029296875,-5.810703754425049,1.0768924951553345,347.463623046875,347.340087890625,0.05025552958250046,0.002852597739547491,0.0003,0.0003,0.05025487393140793
,,,,,108999,4436.9546,1000,,,,,,,,,,
,,,,,109000,,,-344.40435791015625,-6.0369672775268555,1.030923843383789,343.49151611328125,343.4815673828125,0.051918141543865204,-0.002554299309849739,0.0003,0.0003,0.051920656114816666
,,,,,109999,4400.9194,1000,,,,,,,,,,
4369.261,127.65116,4498.071,4028.134,1000.0,110000,,,-347.1505126953125,-5.788486480712891,1.1133620738983154,346.4074401855469,346.2638244628906,0.052742622792720795,0.017097938805818558,0.0003,0.0003,0.05274159461259842
,,,,,110999,4445.2935,1000,,,,,,,,,,
,,,,,111000,,,-354.06732177734375,-6.069114685058594,0.8469685912132263,352.67730712890625,352.86981201171875,0.05409418046474457,-0.003152480348944664,0.0003,0.0003,0.05409504845738411
,,,,,111999,4477.504,1000,,,,,,,,,,
,,,,,112000,,,-352.28375244140625,-6.379382133483887,1.396946668624878,350.572998046875,350.74053955078125,0.05544346570968628,-0.011887550354003906,0.0003,0.0003,0.05544479563832283
,,,,,112999,3647.409,1000,,,,,,,,,,
,,,,,113000,,,-357.08148193359375,-6.273118019104004,2.0177395343780518,356.0404052734375,355.9893798828125,0.05626475438475609,-0.015079241245985031,0.0003,0.0003,0.05626888573169708
,,,,,113999,4411.8804,1000,,,,,,,,,,
,,,,,114000,,,-356.7652282714844,-6.3116021156311035,0.9977186322212219,355.56146240234375,355.581298828125,0.055502332746982574,-0.015398054383695126,0.0003,0.0003,0.05550384148955345
,,,,,114999,4499.1934,1000,,,,,,,,,,
3725.7349,1552.015,4601.055,194.5332,1000.0,115000,,,-365.24212646484375,-5.580273151397705,1.089160442352295,364.1089172363281,364.032958984375,0.055570974946022034,0.017828963696956635,0.0003,0.0003,0.05557281896471977
,,,,,115999,4555.4004,1000,,,,,,,,,,
,,,,,116000,,,-357.58514404296875,-6.350218772888184,1.5088014602661133,356.2381896972656,356.25775146484375,0.0558587983250618,0.01277902815490961,0.0003,0.0003,0.05586039647459984
,,,,,116999,4526.248,1000,,,,,,,,,,
,,,,,117000,,,-361.9187927246094,-5.7365288734436035,0.9913678169250488,360.90283203125,360.910888671875,0.05709586665034294,0.014368169941008091,0.0003,0.0003,0.057099178433418274
,,,,,117999,4578.678,1000,,,,,,,,,,
,,,,,118000,,,-366.55072021484375,-5.989364147186279,0.838085949420929,365.4959716796875,365.468994140625,0.05797242373228073,0.0027531618252396584,0.0003,0.0003,0.05797242373228073
,,,,,118999,4505.1206,1000,,,,,,,,,,
,,,,,119000,,,-366.4049377441406,-6.1463775634765625,1.5563867092132568,365.1910400390625,365.1827392578125,0.058554086834192276,-0.012417013756930828,0.0003,0.0003,0.058557745069265366
,,,,,119999,4619.9453,1000,,,,,,,,,,
4618.625,48.76355,4726.7964,4532.3604,1000.0,120000,,,-366.250244140625,-6.316870212554932,1.5876504182815552,364.8123474121094,364.892822265625,0.05993391573429108,-0.0028980737552046776,0.0003,0.0003,0.0599331296980381
,,,,,120999,4561.733,1000,,,,,,,,,,
,,,,,121000,,,-366.3020324707031,-6.079654216766357,1.654313564300537,365.10498046875,365.09478759765625,0.05990918353199959,-0.003119843080639839,0.0003,0.0003,0.05990661680698395
,,,,,121999,4681.54,1000,,,,,,,,,,
,,,,,122000,,,-373.381591796875,-6.240546226501465,1.133556842803955,372.26300048828125,372.2826843261719,0.06078456714749336,-0.005306932143867016,0.0003,0.0003,0.06078481301665306
,,,,,122999,4722.2695,1000,,,,,,,,,,
,,,,,123000,,,-380.922119140625,-5.784299373626709,1.1592246294021606,379.72442626953125,379.82891845703125,0.062129080295562744,0.01787065714597702,0.0003,0.0003,0.062127288430929184
,,,,,123999,4705.773,1000,,,,,,,,,,
,,,,,124000,,,-374.5955505371094,-6.554035186767578,2.0214152336120605,373.0230712890625,373.07769775390625,0.06230921298265457,-0.031802963465452194,0.0003,0.0003,0.06231438368558884
,,,,,124999,4666.1523,1000,,,,,,,,,,
4379.5986,726.04486,4837.88,2486.9995,1000.0,125000,,,-378.14971923828125,-5.738351821899414,1.8796995878219604,376.8628234863281,376.8104553222656,0.0627513974905014,0.002636489924043417,0.0003,0.0003,0.0627516508102417
,,,,,125999,4636.2227,1000,,,,,,,,,,
,,,,,126000,,,-377.8107604980469,-6.347336292266846,1.654255747795105,376.73956298828125,376.52459716796875,0.06275096535682678,-0.024302776902914047,0.0003,0.0003,0.06274987012147903
,,,,,126999,4754.311,1000,,,,,,,,,,
,,,,,127000,,,-379.2643737792969,-5.536782264709473,1.284625768661499,377.8711242675781,377.80426025390625,0.06325677037239075,0.014317043125629425,0.0003,0.0003,0.06325332820415497
,,,,,127999,4739.6025,1000,,,,,,,,,,
,,,,,128000,,,-381.745849609375,-6.128231048583984,1.363258719444275,380.30841064453125,380.25091552734375,0.06322579830884933,-0.006636343896389008,0.0003,0.0003,0.06322632730007172
,,,,,128999,4300.4565,1000,,,,,,,,,,
,,,,,129000,,,-384.0841979980469,-6.170354843139648,1.6673166751861572,382.6583251953125,382.9364318847656,0.0638568326830864,0.007035764399915934,0.0003,0.0003,0.06385531276464462
,,,,,129999,4611.8354,1000,,,,,,,,,,
4701.909,77.28222,4828.1055,4571.105,1000.0,130000,,,-395.06402587890625,-5.894191265106201,1.9427467584609985,394.0462646484375,394.0015869140625,0.06406427919864655,0.0008226493373513222,0.0003,0.0003,0.06406544148921967
,,,,,130999,4795.94,1000,,,,,,,,,,
,,,,,131000,,,-396.2935791015625,-5.87027645111084,1.0261812210083008,394.98724365234375,395.0943603515625,0.06452590227127075,0.01800142228603363,0.0003,0.0003,0.06452539563179016
,,,,,131999,4642.5083,1000,,,,,,,,,,
,,,,,132000,,,-395.0297546386719,-6.287101745605469,1.1809751987457275,393.78924560546875,393.64727783203125,0.06481112539768219,-0.016675112769007683,0.0003,0.0003,0.06480806320905685
,,,,,132999,4731.5254,1000,,,,,,,,,,
,,,,,133000,,,-393.7476501464844,-5.921574592590332,1.5522239208221436,392.4139099121094,392.49566650390625,0.06416547298431396,0.016330614686012268,0.0003,0.0003,0.0641665905714035
,,,,,133999,4817.3145,1000,,,,,,,,,,
,,,,,134000,,,-391.1910400390625,-5.689623832702637,1.6323776245117188,389.98077392578125,389.638427734375,0.06418189406394958,0.020317915827035904,0.0003,0.0003,0.06417994946241379
,,,,,134999,4838.95,1000,,,,,,,,,,
3723.4937,1218.9716,4895.5947,1283.0906,1000.0,135000,,,-399.5761413574219,-6.267955780029297,2.2175683975219727,398.4024658203125,398.4183044433594,0.06469419598579407,-0.01165121328085661,0.0003,0.0003,0.06469506770372391
,,,,,135999,4723.7554,1000,,,,,,,,,,
,,,,,136000,,,-399.7393798828125,-5.846243381500244,1.3789002895355225,398.515380859375,398.44189453125,0.0652851015329361,0.01308959349989891,0.0003,0.0003,0.06528130173683167
,,,,,136999,4865.855,1000,,,,,,,,,,
,,,,,137000,,,-405.3348083496094,-5.7797417640686035,1.4781299829483032,404.25189208984375,404.43145751953125,0.06549964100122452,0.028830353170633316,0.0003,0.0003,0.06549898535013199
,,,,,137999,4851.381,1000,,,,,,,,,,
,,,,,138000,,,-401.1016845703125,-6.069990634918213,1.48634934425354,400.05487060546875,400.00323486328125,0.0660083070397377,-0.006788206752389669,0.0003,0.0003,0.06600897014141083
,,,,,138999,4798.174,1000,,,,,,,,,,
,,,,,139000,,,-408.24163818359375,-6.003602027893066,1.299576759338379,406.9744567871094,406.98040771484375,0.06631440669298172,-0.006840689107775688,0.0003,0.0003,0.06631825119256973
,,,,,139999,4588.828,1000,,,,,,,,,,
4669.2524,419.89514,5007.2935,3825.4365,1000.0,140000,,,-414.2300109863281,-5.702511787414551,1.0899379253387451,413.03668212890625,412.94439697265625,0.06610997021198273,0.021999292075634003,0.0003,0.0003,0.06611039489507675
,,,,,140999,4776.5923,1000,,,,,,,,,,
,,,,,141000,,,-406.1864318847656,-5.87044620513916,1.486579179763794,404.84478759765625,404.71295166015625,0.06655828654766083,0.016043100506067276,0.0003,0.0003,0.06655693799257278
,,,,,141999,3605.4634,1000,,,,,,,,,,
,,,,,142000,,,-406.9283752441406,-6.083314895629883,1.6179466247558594,405.769775390625,405.94830322265625,0.06736742705106735,0.01016863714903593,0.0003,0.0003,0.0673680305480957
,,,,,142999,4778.737,1000,,,,,,,,,,
,,,,,143000,,,-412.8678894042969,-5.924328327178955,1.3344188928604126,411.75677490234375,411.9167175292969,0.06630836427211761,0.01845184899866581,0.0003,0.0003,0.0663033053278923
,,,,,143999,5000.8315,1000,,,,,,,,,,
,,,,,144000,,,-408.2324523925781,-5.939167022705078,1.2592109441757202,406.9909362792969,406.94573974609375,0.06439010798931122,0.004837547894567251,0.0003,0.0003,0.06438857316970825
,,,,,144999,4740.0967,1000,,,,,,,,,,
4783.777,49.374043,4837.8096,4688.6855,1000.0,145000,,,-412.4457702636719,-6.140759468078613,1.3254644870758057,411.23626708984375,411.42669677734375,0.06353996694087982,0.013376066461205482,0.0003,0.0003,0.06353910267353058
,,,,,145999,4491.467,1000,,,,,,,,,,
,,,,,146000,,,-408.1548156738281,-6.160388469696045,1.8634624481201172,407.28643798828125,407.1219177246094,0.06319529563188553,-0.009318562224507332,0.0003,0.0003,0.0631946474313736
,,,,,146999,4973.351,1000,,,,,,,,,,
,,,,,147000,,,-417.655517578125,-6.344033241271973,2.795624017715454,416.56951904296875,416.5658264160156,0.06396657228469849,0.0071669272147119045,0.0003,0.0003,0.06396739929914474
,,,,,147999,4993.435,1000,,,,,,,,,,
,,,,,148000,,,-418.02349853515625,-6.090177536010742,1.6114213466644287,417.0404052734375,416.83770751953125,0.0652640238404274,0.005459048319607973,0.0003,0.0003,0.06526508182287216
,,,,,148999,4929.8154,1000,,,,,,,,,,
,,,,,149000,,,-423.92816162109375,-6.009462356567383,1.362877607345581,422.86370849609375,422.74676513671875,0.06612097471952438,-0.0015050307847559452,0.0003,0.0003,0.06612338870763779
,,,,,149999,4875.4976,1000,,,,,,,,,,
5036.155,61.00562,5135.0166,4932.1147,1000.0,150000,,,-420.3894348144531,-6.0345869064331055,1.232579231262207,419.2713317871094,419.3163146972656,0.06721268594264984,-0.016739163547754288,0.0003,0.0003,0.06721332669258118
,,,,,150999,4995.2427,1000,,,,,,,,,,
,,,,,151000,,,-415.1778869628906,-6.4345808029174805,1.8693572282791138,413.7480773925781,413.69549560546875,0.06776491552591324,-0.03471439704298973,0.0003,0.0003,0.06776882708072662
,,,,,151999,5054.744,1000,,,,,,,,,,
,,,,,152000,,,-426.85504150390625,-6.138223648071289,1.6972754001617432,425.70037841796875,425.4813232421875,0.06910252571105957,0.0006145108491182327,0.0003,0.0003,0.06910168379545212
,,,,,152999,4991.54,1000,,,,,,,,,,
,,,,,153000,,,-423.81475830078125,-6.199229717254639,1.6379966735839844,422.7605895996094,422.5185546875,0.06999095529317856,-0.006208872422575951,0.0003,0.0003,0.06999228894710541
,,,,,153999,5087.557,1000,,,,,,,,,,
,,,,,154000,,,-423.6983642578125,-6.246303558349609,1.8502508401870728,422.1480712890625,422.4126892089844,0.07026781141757965,-0.01913643069565296,0.0003,0.0003,0.07026588171720505
,,,,,154999,5000.397,1000,,,,,,,,,,
5035.3306,95.74569,5133.8867,4862.132,1000.0,155000,,,-423.75775146484375,-5.934876918792725,1.5891039371490479,422.52581787109375,422.541015625,0.0715976133942604,0.02339465729892254,0.0003,0.0003,0.07159586250782013
,,,,,155999,4878.1284,1000,,,,,,,,,,
,,,,,156000,,,-429.3746643066406,-5.899778366088867,1.8467735052108765,428.36041259765625,428.3553466796875,0.07317160815000534,0.0014699604362249374,0.0003,0.0003,0.07317344099283218
,,,,,156999,4966.1465,1000,,,,,,,,,,
,,,,,157000,,,-429.63623046875,-6.5000481605529785,1.7443183660507202,428.2161865234375,428.40093994140625,0.07389949262142181,-0.039658334106206894,0.0003,0.0003,0.07389994710683823
,,,,,157999,1470.3256,1000,,,,,,,,,,
,,,,,158000,,,-428.0997009277344,-5.900278091430664,3.2708821296691895,426.86328125,426.97662353515625,0.07447473704814911,0.008178908377885818,0.0003,0.0003,0.07447284460067749
,,,,,158999,5103.033,1000,,,,,,,,,,
,,,,,159000,,,-433.5876770019531,-6.051185607910156,1.6483949422836304,432.37188720703125,432.08447265625,0.07208225876092911,-0.011428173631429672,0.0003,0.0003,0.07207982987165451
,,,,,159999,5048.43,1000,,,,,,,,,,
4888.427,765.96277,5232.9395,2595.7773,1000.0,160000,,,-434.1678771972656,-5.969489574432373,3.3947744369506836,433.152587890625,432.980712890625,0.07028335332870483,-0.01236620545387268,0.0003,0.0003,0.07028194516897202
,,,,,160999,5172.735,1000,,,,,,,,,,
,,,,,161000,,,-431.1308898925781,-5.9227495193481445,2.774815559387207,429.88165283203125,429.9761962890625,0.06958401203155518,0.005179461557418108,0.0003,0.0003,0.0695837140083313
,,,,,161999,4840.5293,1000,,,,,,,,,,
,,,,,162000,,,-434.4963684082031,-5.765297889709473,1.6704230308532715,433.14501953125,433.42022705078125,0.069366455078125,-0.012296228669583797,0.0003,0.0003,0.06936938315629959
,,,,,162999,5117.5015,1000,,,,,,,,,,
,,,,,163000,,,-427.66082763671875,-5.968796253204346,2.4077584743499756,426.46124267578125,426.47125244140625,0.06964640319347382,-0.002222664188593626,0.0003,0.0003,0.06964726001024246
,,,,,163999,5254.9585,1000,,,,,,,,,,
,,,,,164000,,,-433.7968444824219,-6.264359474182129,2.260833263397217,432.8184814453125,432.7859191894531,0.07028444856405258,-0.028293156996369362,0.0003,0.0003,0.0702892392873764
,,,,,164999,4897.2593,1000,,,,,,,,,,
5272.9204,71.17657,5377.082,5140.919,1000.0,165000,,,-433.6142272949219,-5.876187324523926,3.0065340995788574,432.5474853515625,432.4647216796875,0.07115589082241058,0.015576185658574104,0.0003,0.0003,0.07115606218576431
,,,,,165999,5170.7617,1000,,,,,,,,,,
,,,,,166000,,,-434.7084655761719,-5.88892936706543,3.295092821121216,433.43017578125,433.3328552246094,0.07229576259851456,0.0011263443157076836,0.0003,0.0003,0.07229665666818619
,,,,,166999,5203.485,1000,,,,,,,,,,
,,,,,167000,,,-443.3872375488281,-5.758901596069336,1.6190521717071533,442.3586120605469,442.5250549316406,0.07417425513267517,-0.007498026359826326,0.0003,0.0003,0.07417739927768707
,,,,,167999,5316.107,1000,,,,,,,,,,
,,,,,168000,,,-441.3349304199219,-5.963144302368164,4.289084434509277,439.9753112792969,440.13055419921875,0.07536809146404266,0.016743872314691544,0.0003,0.0003,0.07536978274583817
,,,,,168999,5315.265,1000,,,,,,,,,,
,,,,,169000,,,-444.99847412109375,-5.546903610229492,2.0366406440734863,443.74896240234375,443.632080078125,0.0753515288233757,0.024281736463308334,0.0003,0.0003,0.07534759491682053
,,,,,169999,5156.646,1000,,,,,,,,,,
5263.449,87.98942,5335.8306,5007.259,1000.0,170000,,,-442.3539123535156,-5.594606399536133,2.291492462158203,441.1355895996094,441.2333679199219,0.07575175911188126,0.035027116537094116,0.0003,0.0003,0.0757506713271141
,,,,,170999,5300.0054,1000,,,,,,,,,,
,,,,,171000,,,-441.43743896484375,-6.129284858703613,2.6103949546813965,440.107666015625,440.0876770019531,0.07694140821695328,-0.013560311868786812,0.0003,0.0003,0.07694052159786224
,,,,,171999,5333.643,1000,,,,,,,,,,
,,,,,172000,,,-439.8250732421875,-6.432787895202637,2.03690505027771,438.34820556640625,438.1663818359375,0.07852642238140106,-0.0165652297437191,0.0003,0.0003,0.07852831482887268
,,,,,172999,5299.0576,1000,,,,,,,,,,
,,,,,173000,,,-452.20318603515625,-6.025279998779297,1.566415786743164,450.76434326171875,450.6712646484375,0.07944897562265396,0.010989067144691944,0.0003,0.0003,0.07945038378238678
,,,,,173999,5190.7993,1000,,,,,,,,,,
,,,,,174000,,,-450.4267883300781,-5.646265983581543,2.3585410118103027,449.12396240234375,449.0101013183594,0.07963733375072479,0.004449648316949606,0.0003,0.0003,0.07963323593139648
,,,,,174999,5350.7725,1000,,,,,,,,,,
4892.4043,1582.1237,5508.779,156.72935,1000.0,175000,,,-453.4391174316406,-5.919428825378418,2.2716164588928223,452.0958251953125,452.0697021484375,0.07996776700019836,0.014055361971259117,0.0003,0.0003,0.07997021079063416
,,,,,175999,5390.3623,1000,,,,,,,,,,
,,,,,176000,,,-454.4839172363281,-5.795325756072998,1.6334656476974487,453.07421875,453.1826477050781,0.08024037629365921,0.03399745002388954,0.0003,0.0003,0.08023764193058014
,,,,,176999,5209.1553,1000,,,,,,,,,,
,,,,,177000,,,-457.74273681640625,-6.2403764724731445,2.165611743927002,456.6832275390625,456.69256591796875,0.08013881742954254,0.00843625795096159,0.0003,0.0003,0.08014261722564697
,,,,,177999,5467.4067,1000,,,,,,,,,,
,,,,,178000,,,-460.2961120605469,-6.338529586791992,2.1888880729675293,459.3006591796875,459.41796875,0.08092688024044037,-0.024861276149749756,0.0003,0.0003,0.08093185722827911
,,,,,178999,5262.0986,1000,,,,,,,,,,
,,,,,179000,,,-463.3489074707031,-5.818709373474121,2.218564987182617,462.2491149902344,462.1888732910156,0.08126916736364365,0.007414610590785742,0.0003,0.0003,0.08127185702323914
,,,,,179999,5280.922,1000,,,,,,,,,,
5432.03,79.688225,5530.609,5274.299,1000.0,180000,,,-456.2832336425781,-6.00136137008667,1.9127224683761597,455.0513916015625,455.15875244140625,0.08106209337711334,0.02612297795712948,0.0003,0.0003,0.08106525987386703
,,,,,180999,5559.262,1000,,,,,,,,,,
,,,,,181000,,,-458.4395446777344,-6.119140148162842,2.235193967819214,456.748779296875,456.9648742675781,0.08164429664611816,0.0026961956173181534,0.0003,0.0003,0.0816454291343689
,,,,,181999,5362.976,1000,,,,,,,,,,
,,,,,182000,,,-460.9549560546875,-6.093419075012207,2.1524064540863037,459.7365417480469,459.8525390625,0.0819416493177414,0.0025317128747701645,0.0003,0.0003,0.08194238692522049
,,,,,182999,5497.776,1000,,,,,,,,,,
,,,,,183000,,,-461.93878173828125,-5.997612953186035,2.8109748363494873,460.9659423828125,460.45928955078125,0.08143490552902222,0.016394278034567833,0.0003,0.0003,0.08143267035484314
,,,,,183999,5144.736,1000,,,,,,,,,,
,,,,,184000,,,-461.15533447265625,-6.171456813812256,2.27874755859375,459.929931640625,459.89886474609375,0.0805908665060997,-0.023806314915418625,0.0003,0.0003,0.08059027791023254
,,,,,184999,5537.565,1000,,,,,,,,,,
5474.8447,42.780125,5548.5317,5409.277,1000.0,185000,,,-466.7239990234375,-6.395864009857178,2.8108255863189697,465.53851318359375,465.4041748046875,0.0803271010518074,-0.0272943414747715,0.0003,0.0003,0.08033005148172379
,,,,,185999,5531.604,1000,,,,,,,,,,
,,,,,186000,,,-466.4068908691406,-5.912697792053223,2.122225046157837,465.0395202636719,465.23187255859375,0.08082541078329086,-0.0310358889400959,0.0003,0.0003,0.08082591742277145
,,,,,186999,5538.071,1000,,,,,,,,,,
,,,,,187000,,,-472.7391052246094,-5.732531547546387,2.500626564025879,471.35394287109375,471.4100341796875,0.08130166679620743,0.03120705485343933,0.0003,0.0003,0.08129870891571045
,,,,,187999,5147.7124,1000,,,,,,,,,,
,,,,,188000,,,-472.6777648925781,-5.908703804016113,2.084425449371338,471.3407287597656,471.4724426269531,0.08269137144088745,-0.008044641464948654,0.0003,0.0003,0.08269196003675461
,,,,,188999,5496.156,1000,,,,,,,,,,
,,,,,189000,,,-473.5984802246094,-5.873781204223633,1.5531401634216309,472.2987365722656,472.3006591796875,0.08282289654016495,0.0066975695081055164,0.0003,0.0003,0.08282526582479477
,,,,,189999,5609.746,1000,,,,,,,,,,
5485.0654,56.085274,5575.928,5388.7256,1000.0,190000,,,-468.1731872558594,-5.969126224517822,2.3650548458099365,466.71295166015625,466.6499938964844,0.08296588063240051,-0.01957743987441063,0.0003,0.0003,0.08296739310026169
,,,,,190999,5536.243,1000,,,,,,,,,,
,,,,,191000,,,-479.521240234375,-5.8238019943237305,2.080695867538452,478.32586669921875,478.1011962890625,0.08229449391365051,0.010326102375984192,0.0003,0.0003,0.0822875127196312
,,,,,191999,5204.6255,1000,,,,,,,,,,
,,,,,192000,,,-476.421142578125,-5.536843299865723,1.5707056522369385,475.3196105957031,475.3297119140625,0.08279705047607422,0.008514504879713058,0.0003,0.0003,0.08279679715633392
,,,,,192999,5517.7744,1000,,,,,,,,,,
,,,,,193000,,,-476.1893615722656,-5.912638187408447,2.295884609222412,474.911376953125,474.8568115234375,0.08304981142282486,0.026880040764808655,0.0003,0.0003,0.08304757624864578
,,,,,193999,4653.536,1000,,,,,,,,,,
,,,,,194000,,,-479.37939453125,-6.26447057723999,2.5513851642608643,478.25103759765625,477.75634765625,0.08271662890911102,-0.012485294602811337,0.0003,0.0003,0.08271662890911102
,,,,,194999,5445.5957,1000,,,,,,,,,,
5558.9854,89.12032,5667.4355,5382.0503,1000.0,195000,,,-485.8345031738281,-6.166866302490234,4.004983901977539,484.94000244140625,484.67254638671875,0.08244196325540543,-0.020276518538594246,0.0003,0.0003,0.08244416117668152
,,,,,195999,5471.8667,1000,,,,,,,,,,
,,,,,196000,,,-479.899658203125,-5.835566520690918,2.1630091667175293,478.6868896484375,478.8091735839844,0.08284860849380493,0.013786915689706802,0.0003,0.0003,0.08285032212734222
,,,,,196999,5557.5815,1000,,,,,,,,,,
,,,,,197000,,,-479.190673828125,-5.810428619384766,2.357844829559326,477.8343200683594,477.67388916015625,0.08326052129268646,0.013674730435013771,0.0003,0.0003,0.08325856178998947
,,,,,197999,5071.7656,1000,,,,,,,,,,
,,,,,198000,,,-481.565673828125,-6.151586055755615,2.470869541168213,479.86553955078125,480.0115661621094,0.08363474160432816,-0.0063526080921292305,0.0003,0.0003,0.08363433927297592
,,,,,198999,5555.1284,1000,,,,,,,,,,
,,,,,199000,,,-480.14154052734375,-6.4402337074279785,2.0305466651916504,478.9974060058594,478.935791015625,0.08332284539937973,-0.04954508692026138,0.0003,0.0003,0.08332496136426926
,,,,,199999,5641.346,1000,,,,,,,,,,
5655.981,28.551867,5700.1743,5611.5522,1000.0,200000,,,-483.8381042480469,-5.956158638000488,2.1380996704101562,482.4507751464844,482.62060546875,0.0845775380730629,-0.008468253538012505,0.0003,0.0003,0.08457668870687485
,,,,,200999,5652.6025,1000,,,,,,,,,,
,,,,,201000,,,-480.5483703613281,-5.98188591003418,2.2840466499328613,478.99993896484375,478.9075012207031,0.08464230597019196,0.01578010804951191,0.0003,0.0003,0.08464416116476059
,,,,,201999,5750.127,1000,,,,,,,,,,
,,,,,202000,,,-486.87945556640625,-5.904166221618652,1.9812597036361694,485.4609375,485.70068359375,0.08466369658708572,-0.01284596137702465,0.0003,0.0003,0.08466220647096634
,,,,,202999,5445.839,1000,,,,,,,,,,
,,,,,203000,,,-487.4525451660156,-6.288742542266846,1.7381712198257446,486.06658935546875,486.028564453125,0.08499296009540558,0.005409732460975647,0.0003,0.0003,0.08499156683683395
,,,,,203999,5665.7954,1000,,,,,,,,,,
,,,,,204000,,,-481.192138671875,-6.375894546508789,2.3305978775024414,479.55572509765625,479.6051025390625,0.08660779893398285,0.01471160352230072,0.0003,0.0003,0.08661164343357086
,,,,,204999,4079.5242,1000,,,,,,,,,,
5426.837,553.1904,5699.4453,3778.449,1000.0,205000,,,-486.836669921875,-5.7052764892578125,2.431795835494995,485.491455078125,485.622802734375,0.08708973973989487,0.03614956885576248,0.0003,0.0003,0.08708357065916061
,,,,,205999,5581.456,1000,,,,,,,,,,
,,,,,206000,,,-487.7451477050781,-6.349350929260254,1.7645074129104614,486.8468017578125,486.67340087890625,0.08640320599079132,-0.018506035208702087,0.0003,0.0003,0.08640333265066147
,,,,,206999,5703.9595,1000,,,,,,,,,,
,,,,,207000,,,-492.73370361328125,-5.871956825256348,2.525578022003174,491.58648681640625,491.334716796875,0.08574804663658142,-0.003765383269637823,0.0003,0.0003,0.0857490673661232
,,,,,207999,5627.208,1000,,,,,,,,,,
,,,,,208000,,,-491.46533203125,-5.61537504196167,2.6142666339874268,490.0121154785156,490.2698974609375,0.08584766834974289,0.03093719854950905,0.0003,0.0003,0.08584947884082794
,,,,,208999,5638.2026,1000,,,,,,,,,,
,,,,,209000,,,-491.4190979003906,-6.448876857757568,1.7763478755950928,490.11981201171875,490.05865478515625,0.08443346619606018,-0.041078537702560425,0.0003,0.0003,0.08443126827478409
,,,,,209999,5673.429,1000,,,,,,,,,,
5213.5703,781.1883,5754.961,3591.415,1000.0,210000,,,-495.8247375488281,-6.270098686218262,2.2653000354766846,494.5860595703125,494.5443115234375,0.08402301371097565,-0.010058628395199776,0.0003,0.0003,0.08402866870164871
,,,,,210999,5823.3613,1000,,,,,,,,,,
,,,,,211000,,,-494.700439453125,-6.471122741699219,3.663172483444214,493.40185546875,493.6597900390625,0.08581860363483429,0.008066113106906414,0.0003,0.0003,0.0858202576637268
,,,,,211999,5753.731,1000,,,,,,,,,,
,,,,,212000,,,-490.99462890625,-5.9202656745910645,2.0640320777893066,489.79815673828125,489.90582275390625,0.08623535931110382,0.0062632933259010315,0.0003,0.0003,0.0862373560667038
,,,,,212999,5806.1753,1000,,,,,,,,,,
,,,,,213000,,,-497.70916748046875,-6.52362060546875,2.8815455436706543,496.62841796875,496.58319091796875,0.08747880905866623,-0.05372878164052963,0.0003,0.0003,0.08747726678848267
,,,,,213999,5859.339,1000,,,,,,,,,,
,,,,,214000,,,-499.88153076171875,-6.305224418640137,3.2272348403930664,498.7994384765625,498.40667724609375,0.08831434696912766,-0.013790780678391457,0.0003,0.0003,0.08831460028886795
,,,,,214999,5770.4116,1000,,,,,,,,,,
5836.5493,147.75499,6000.654,5457.9185,1000.0,215000,,,-496.62158203125,-6.0348310470581055,3.110475540161133,495.2930908203125,495.3114013671875,0.08867606520652771,-0.000544925220310688,0.0003,0.0003,0.08867420256137848
,,,,,215999,5858.6636,1000,,,,,,,,,,
,,,,,216000,,,-502.6578674316406,-6.215028762817383,2.013728618621826,501.713134765625,501.6845703125,0.08953702449798584,-0.030906397849321365,0.0003,0.0003,0.08954387903213501
,,,,,216999,5886.306,1000,,,,,,,,,,
,,,,,217000,,,-497.4410705566406,-5.71164608001709,2.828463077545166,495.7873229980469,496.0325927734375,0.09027871489524841,0.005894850008189678,0.0003,0.0003,0.09027688205242157
,,,,,217999,5716.721,1000,,,,,,,,,,
,,,,,218000,,,-500.40814208984375,-6.461904525756836,2.6932108402252197,499.362548828125,499.2676696777344,0.08947447687387466,-0.03608722239732742,0.0003,0.0003,0.08947774022817612
,,,,,218999,5838.2974,1000,,,,,,,,,,
,,,,,219000,,,-505.07476806640625,-5.818159103393555,2.5397565364837646,503.9393005371094,503.67755126953125,0.09044820070266724,0.004511162638664246,0.0003,0.0003,0.09045051038265228
,,,,,219999,3686.5117,1000,,,,,,,,,,
5661.837,100.567726,5793.311,5470.6826,1000.0,220000,,,-500.4185791015625,-6.491795063018799,3.0698049068450928,498.8376159667969,498.51800537109375,0.09159088134765625,-0.042840369045734406,0.0003,0.0003,0.09159540385007858
,,,,,220999,5871.3477,1000,,,,,,,,,,
,,,,,221000,,,-502.3367919921875,-5.831599235534668,3.093681812286377,500.8387451171875,501.4088439941406,0.09140140563249588,-0.013806603848934174,0.0003,0.0003,0.09140118211507797
,,,,,221999,5683.5874,1000,,,,,,,,,,
,,,,,222000,,,-508.7981262207031,-6.004922866821289,2.8995189666748047,507.7842102050781,507.58489990234375,0.09209392219781876,0.0068077268078923225,0.0003,0.0003,0.09209664165973663
,,,,,222999,5460.381,1000,,,,,,,,,,
,,,,,223000,,,-509.74609375,-5.761638641357422,3.3207921981811523,508.3959655761719,508.481201171875,0.09092230349779129,0.020846780389547348,0.0003,0.0003,0.09091881662607193
,,,,,223999,5938.819,1000,,,,,,,,,,
,,,,,224000,,,-502.7155456542969,-5.897645950317383,2.331476926803589,501.45892333984375,501.57568359375,0.09042444080114365,0.01729304902255535,0.0003,0.0003,0.09042646735906601
,,,,,224999,5886.258,1000,,,,,,,,,,
6032.896,84.49627,6136.6753,5889.081,1000.0,225000,,,-504.84954833984375,-6.202718257904053,2.6277756690979004,503.57537841796875,503.49810791015625,0.09156153351068497,-0.025208108127117157,0.0003,0.0003,0.09156251698732376
,,,,,225999,5870.66,1000,,,,,,,,,,
,,,,,226000,,,-507.4905700683594,-5.871365547180176,2.965087652206421,506.71331787109375,506.27252197265625,0.09128670394420624,0.008169282227754593,0.0003,0.0003,0.09128870069980621
,,,,,226999,5861.31,1000,,,,,,,,,,
,,,,,227000,,,-505.881591796875,-5.902135848999023,2.6510937213897705,504.6128234863281,504.5445556640625,0.09226098656654358,-0.012093041092157364,0.0003,0.0003,0.09225927293300629
,,,,,227999,3162.2793,1000,,,,,,,,,,
,,,,,228000,,,-510.99407958984375,-6.392520904541016,2.4884238243103027,509.87017822265625,509.83892822265625,0.09240319579839706,-0.04167022556066513,0.0003,0.0003,0.09240720421075821
,,,,,228999,5741.131,1000,,,,,,,,,,
,,,,,229000,,,-513.357177734375,-6.135548114776611,3.0462121963500977,511.9619140625,511.8352355957031,0.09165967255830765,0.02245570905506611,0.0003,0.0003,0.09165677428245544
,,,,,229999,4874.3467,1000,,,,,,,,,,
6025.291,114.729126,6180.3384,5735.589,1000.0,230000,,,-512.7821655273438,-6.404839038848877,2.7900943756103516,511.3636474609375,511.23504638671875,0.09262087196111679,-0.03509250283241272,0.0003,0.0003,0.09262379258871078
,,,,,230999,6076.217,1000,,,,,,,,,,
,,,,,231000,,,-509.31109619140625,-5.776852130889893,4.354457855224609,507.870849609375,507.85943603515625,0.0940314531326294,0.03892481327056885,0.0003,0.0003,0.09402838349342346
,,,,,231999,5939.751,1000,,,,,,,,,,
,,,,,232000,,,-514.87255859375,-6.099020957946777,3.087608814239502,513.6951904296875,514.1598510742188,0.09366840124130249,-0.03624479100108147,0.0003,0.0003,0.0936632752418518
,,,,,232999,6006.52,1000,,,,,,,,,,
,,,,,233000,,,-514.6304931640625,-6.295729160308838,2.689317464828491,513.4708862304688,513.296875,0.09296775609254837,-0.011213390156626701,0.0003,0.0003,0.09296555817127228
,,,,,233999,6053.573,1000,,,,,,,,,,
,,,,,234000,,,-516.5955200195312,-5.992819786071777,3.5016028881073,515.661865234375,515.0947875976562,0.09281863272190094,-0.01897694356739521,0.0003,0.0003,0.09282153099775314
,,,,,234999,5267.3486,1000,,,,,,,,,,
5974.009,60.479485,6026.779,5817.29,1000.0,235000,,,-515.0861206054688,-5.921541213989258,2.344688653945923,513.9319458007812,513.9434814453125,0.09288586676120758,0.02257564850151539,0.0003,0.0003,0.09288597851991653
,,,,,235999,5926.923,1000,,,,,,,,,,
,,,,,236000,,,-518.7557373046875,-6.211216926574707,2.805176258087158,517.5638427734375,517.3854370117188,0.09309963881969452,-0.02100873924791813,0.0003,0.0003,0.09309931099414825
,,,,,236999,2030.7305,1000,,,,,,,,,,
,,,,,237000,,,-519.13232421875,-5.76859712600708,2.1289401054382324,517.7536010742188,517.932373046875,0.09442376345396042,0.016182128340005875,0.0003,0.0003,0.09442493319511414
,,,,,237999,5483.8613,1000,,,,,,,,,,
,,,,,238000,,,-518.992431640625,-5.798765182495117,3.072922706604004,517.8666381835938,518.2801513671875,0.09403203427791595,0.006799765862524509,0.0003,0.0003,0.09402909874916077
,,,,,238999,5777.4043,1000,,,,,,,,,,
,,,,,239000,,,-518.1282958984375,-5.80492639541626,2.515273094177246,516.59033203125,516.7747802734375,0.09386173635721207,-0.004116803407669067,0.0003,0.0003,0.09385740011930466
,,,,,239999,5780.1406,1000,,,,,,,,,,
5850.0303,132.01208,6000.6226,5597.2173,1000.0,240000,,,-514.8564453125,-5.9660820960998535,3.8568191528320312,513.564453125,513.685791015625,0.09397262334823608,-0.0034014354459941387,0.0003,0.0003,0.09397441893815994
,,,,,240999,5537.3833,1000,,,,,,,,,,
,,,,,241000,,,-523.2263793945312,-6.244722843170166,3.03287672996521,522.13525390625,521.985107421875,0.09426639974117279,-0.028406834229826927,0.0003,0.0003,0.09426610916852951
,,,,,241999,5837.4736,1000,,,,,,,,,,
,,,,,242000,,,-522.2600708007812,-5.810401916503906,4.404738903045654,520.776611328125,520.74951171875,0.0943908840417862,0.009443044662475586,0.0003,0.0003,0.09438931196928024
,,,,,242999,5959.5117,1000,,,,,,,,,,
,,,,,243000,,,-530.3201904296875,-5.8417510986328125,4.151674747467041,528.989013671875,529.01171875,0.0945524200797081,0.016309194266796112,0.0003,0.0003,0.094556525349617
,,,,,243999,6031.241,1000,,,,,,,,,,
,,,,,244000,,,-525.5250854492188,-5.923235893249512,3.0275168418884277,524.6688842773438,524.66552734375,0.09501156210899353,0.015331264585256577,0.0003,0.0003,0.0950150340795517
,,,,,244999,5975.361,1000,,,,,,,,,,
5386.229,1009.0556,6035.4395,2587.2705,1000.0,245000,,,-525.157958984375,-5.883231163024902,3.729600429534912,523.796875,523.7613525390625,0.09536125510931015,0.007837573066353798,0.0003,0.0003,0.09536032378673553
,,,,,245999,5673.2544,1000,,,,,,,,,,
,,,,,246000,,,-525.7481079101562,-6.263460159301758,7.816156387329102,524.5574340820312,524.26904296875,0.09596377611160278,-0.02114260196685791,0.0003,0.0003,0.09596075117588043
,,,,,246999,5881.9746,1000,,,,,,,,,,
,,,,,247000,,,-532.2943115234375,-5.809173583984375,3.313671588897705,530.9102783203125,530.8310546875,0.09604030847549438,0.01516760140657425,0.0003,0.0003,0.09604141116142273
,,,,,247999,3949.9976,1000,,,,,,,,,,
,,,,,248000,,,-528.3648681640625,-6.050536155700684,2.9793763160705566,527.0733642578125,526.8678588867188,0.09653578698635101,0.027485620230436325,0.0003,0.0003,0.09653521329164505
,,,,,248999,6162.7363,1000,,,,,,,,,,
,,,,,249000,,,-525.6403198242188,-5.923150062561035,2.943077325820923,524.3924560546875,524.2796630859375,0.09629875421524048,-0.023262616246938705,0.0003,0.0003,0.09630123525857925
,,,,,249999,5985.2495,1000,,,,,,,,,,
6102.27,128.9889,6240.434,5758.6875,1000.0,250000,,,-527.7857055664062,-5.945216178894043,2.8937132358551025,526.6511840820312,526.7753295898438,0.09687766432762146,0.0184922032058239,0.0003,0.0003,0.09687593579292297
,,,,,250999,4561.271,1000,,,,,,,,,,
,,,,,251000,,,-523.2821655273438,-5.840285301208496,8.765583038330078,521.83447265625,521.97119140625,0.09732445329427719,0.010069696232676506,0.0003,0.0003,0.09732696413993835
,,,,,251999,6072.867,1000,,,,,,,,,,
,,,,,252000,,,-524.8878173828125,-6.003579139709473,5.117925643920898,523.9219360351562,523.7124633789062,0.09723307192325592,0.0164592694491148,0.0003,0.0003,0.0972324013710022
,,,,,252999,6181.576,1000,,,,,,,,,,
,,,,,253000,,,-530.65380859375,-6.243021488189697,3.909564256668091,530.0042724609375,529.5451049804688,0.09815267473459244,-0.029775172472000122,0.0003,0.0003,0.0981539636850357
,,,,,253999,6000.6206,1000,,,,,,,,,,
,,,,,254000,,,-530.6004638671875,-5.750056266784668,3.103593349456787,529.6631469726562,529.8851928710938,0.09823107719421387,0.02096964791417122,0.0003,0.0003,0.09823435544967651
,,,,,254999,6055.225,1000,,,,,,,,,,
6010.1396,207.90651,6126.4204,5395.5703,1000.0,255000,,,-527.3377685546875,-5.60170841217041,3.591383457183838,525.9232177734375,525.9613037109375,0.09800126403570175,0.022143665701150894,0.0003,0.0003,0.09799857437610626
,,,,,255999,5247.851,1000,,,,,,,,,,
,,,,,256000,,,-537.8058471679688,-5.573450088500977,2.613523244857788,536.5884399414062,536.7258911132812,0.0983072891831398,0.028256751596927643,0.0003,0.0003,0.09830375760793686
,,,,,256999,6067.4844,1000,,,,,,,,,,
,,,,,257000,,,-534.8615112304688,-6.001198768615723,3.7855823040008545,533.6690673828125,533.390625,0.09795524179935455,0.004945108667016029,0.0003,0.0003,0.09796101599931717
,,,,,257999,6015.1978,1000,,,,,,,,,,
,,,,,258000,,,-536.2766723632812,-6.046330451965332,3.6155169010162354,535.1703491210938,535.352783203125,0.09916392713785172,0.019412564113736153,0.0003,0.0003,0.09916453808546066
,,,,,258999,6111.326,1000,,,,,,,,,,
,,,,,259000,,,-530.7742309570312,-6.01970100402832,3.216026544570923,529.4137573242188,529.6703491210938,0.09937761723995209,-0.007430244702845812,0.0003,0.0003,0.09937755018472672
,,,,,259999,6087.4883,1000,,,,,,,,,,
6138.198,40.371483,6200.98,6053.5,1000.0,260000,,,-536.0975341796875,-6.126053810119629,4.533703804016113,535.349853515625,535.0855712890625,0.09955212473869324,0.014261149801313877,0.0003,0.0003,0.09955426305532455
,,,,,260999,4751.9556,1000,,,,,,,,,,
,,,,,261000,,,-536.1629638671875,-5.8684916496276855,4.935159683227539,534.8826904296875,534.8038940429688,0.10098620504140854,-0.01588563621044159,0.0003,0.0003,0.10098758339881897
,,,,,261999,6147.9526,1000,,,,,,,,,,
,,,,,262000,,,-533.3876953125,-5.391511917114258,4.538896560668945,531.929931640625,532.0328369140625,0.10032714903354645,0.0485917367041111,0.0003,0.0003,0.10032474994659424
,,,,,262999,6094.2627,1000,,,,,,,,,,
,,,,,263000,,,-543.3690185546875,-5.570659637451172,4.042126655578613,542.933349609375,542.3759765625,0.10043022036552429,0.05768047273159027,0.0003,0.0003,0.10042238235473633
,,,,,263999,6195.5493,1000,,,,,,,,,,
,,,,,264000,,,-536.5344848632812,-5.758449554443359,5.573882102966309,535.3772583007812,535.1915283203125,0.10002060234546661,-0.0011260900646448135,0.0003,0.0003,0.10002176463603973
,,,,,264999,6128.921,1000,,,,,,,,,,
6090.9424,69.88388,6226.0464,6006.5884,1000.0,265000,,,-540.7630615234375,-5.423902988433838,2.9189767837524414,539.559814453125,539.14990234375,0.09988147765398026,0.056792352348566055,0.0003,0.0003,0.09987384080886841
,,,,,265999,5369.3306,1000,,,,,,,,,,
,,,,,266000,,,-533.8524780273438,-6.054971218109131,2.901329517364502,532.6412353515625,532.7903442382812,0.09955749660730362,-0.03476731479167938,0.0003,0.0003,0.09955673664808273
,,,,,266999,6085.8687,1000,,,,,,,,,,
,,,,,267000,,,-539.5062866210938,-6.394229888916016,3.471160411834717,538.1614379882812,538.3597412109375,0.10031446069478989,-0.06843558698892593,0.0003,0.0003,0.10031729191541672
,,,,,267999,3191.9006,1000,,,,,,,,,,
,,,,,268000,,,-537.1640625,-5.988092422485352,3.7007083892822266,535.5052490234375,535.5723876953125,0.10097958892583847,0.02353842929005623,0.0003,0.0003,0.10097897797822952
,,,,,268999,6123.3306,1000,,,,,,,,,,
,,,,,269000,,,-548.4857177734375,-5.673957347869873,3.3188838958740234,547.5275268554688,547.2070922851562,0.10073614120483398,0.006138855591416359,0.0003,0.0003,0.10073702782392502
,,,,,269999,6176.69,1000,,,,,,,,,,
6206.338,63.90936,6298.152,6098.012,1000.0,270000,,,-549.1863403320312,-6.011712551116943,3.380554676055908,547.77392578125,547.7701416015625,0.10027290880680084,-0.007366806268692017,0.0003,0.0003,0.10027264803647995
,,,,,270999,5804.654,1000,,,,,,,,,,
,,,,,271000,,,-549.5408325195312,-5.698741912841797,4.244955062866211,548.103515625,547.91552734375,0.10060805827379227,0.032998960465192795,0.0003,0.0003,0.10060431808233261
,,,,,271999,6179.39,1000,,,,,,,,,,
,,,,,272000,,,-545.2777709960938,-5.625609397888184,2.9502742290496826,544.5278930664062,544.49560546875,0.1004120483994484,0.039501793682575226,0.0003,0.0003,0.10040809959173203
,,,,,272999,6180.4155,1000,,,,,,,,,,
,,,,,273000,,,-542.6520385742188,-6.020873546600342,3.4248814582824707,541.1809692382812,541.3654174804688,0.10085699707269669,0.03778667375445366,0.0003,0.0003,0.10086053609848022
,,,,,273999,6103.029,1000,,,,,,,,,,
,,,,,274000,,,-546.119384765625,-6.53177547454834,3.1489226818084717,544.97705078125,544.9181518554688,0.09959185123443604,-0.02700110152363777,0.0003,0.0003,0.0995912104845047
,,,,,274999,6186.4634,1000,,,,,,,,,,
6301.1797,98.1394,6399.2363,6055.4443,1000.0,275000,,,-545.7308959960938,-5.784760475158691,4.764001846313477,544.4884643554688,544.42626953125,0.10164082795381546,0.020729700103402138,0.0003,0.0003,0.101637102663517
,,,,,275999,5478.618,1000,,,,,,,,,,
,,,,,276000,,,-542.9634399414062,-5.923812389373779,4.263520240783691,541.2996826171875,541.8396606445312,0.1014942079782486,-0.007417301647365093,0.0003,0.0003,0.10149486362934113
,,,,,276999,6155.1226,1000,,,,,,,,,,
,,,,,277000,,,-549.3511962890625,-6.236698150634766,3.358593463897705,547.89404296875,548.2134399414062,0.10086040943861008,-0.022065915167331696,0.0003,0.0003,0.1008598804473877
,,,,,277999,6274.2256,1000,,,,,,,,,,
,,,,,278000,,,-551.4107055664062,-6.013505458831787,3.905639171600342,550.0011596679688,550.01611328125,0.10089068859815598,-0.00890369899570942,0.0003,0.0003,0.10089104622602463
,,,,,278999,5051.6113,1000,,,,,,,,,,
,,,,,279000,,,-554.0487060546875,-5.5686516761779785,3.7080962657928467,553.09765625,553.0667724609375,0.10211289674043655,0.02391202561557293,0.0003,0.0003,0.10211411118507385
,,,,,279999,6196.8145,1000,,,,,,,,,,
6058.8594,75.45335,6211.404,5932.302,1000.0,280000,,,-542.2443237304688,-6.191766262054443,3.723297357559204,540.8548583984375,540.8526611328125,0.10219581425189972,-0.014340674504637718,0.0003,0.0003,0.1021963581442833
,,,,,280999,6201.167,1000,,,,,,,,,,
,,,,,281000,,,-553.8316040039062,-6.184110641479492,3.5896804332733154,552.8998413085938,552.73193359375,0.10192655026912689,-0.0023289741948246956,0.0003,0.0003,0.10193175077438354
,,,,,281999,6283.1187,1000,,,,,,,,,,
,,,,,282000,,,-549.59814453125,-6.325026035308838,2.959075927734375,548.6517333984375,548.9044799804688,0.10252826660871506,-0.017052050679922104,0.0003,0.0003,0.10253075510263443
,,,,,282999,6163.1753,1000,,,,,,,,,,
,,,,,283000,,,-550.2228393554688,-6.123904228210449,4.511072158813477,548.9578857421875,549.1696166992188,0.10310076177120209,-0.015319856815040112,0.0003,0.0003,0.10309850424528122
,,,,,283999,6223.6562,1000,,,,,,,,,,
,,,,,284000,,,-548.2896728515625,-6.187109470367432,4.142342567443848,547.1340942382812,547.1666870117188,0.10290876030921936,0.0032123420387506485,0.0003,0.0003,0.10291001945734024
,,,,,284999,5485.8716,1000,,,,,,,,,,
6322.2217,93.38426,6410.617,6089.482,1000.0,285000,,,-558.382080078125,-6.1724653244018555,3.2725417613983154,557.2957763671875,557.156005859375,0.10232006013393402,-0.034635044634342194,0.0003,0.0003,0.10231969505548477
,,,,,285999,6320.1733,1000,,,,,,,,,,
,,,,,286000,,,-549.363037109375,-6.186960220336914,5.37375545501709,548.540283203125,548.3685302734375,0.10280729085206985,0.006397699937224388,0.0003,0.0003,0.1028064638376236
,,,,,286999,6394.2734,1000,,,,,,,,,,
,,,,,287000,,,-556.1522827148438,-5.887361526489258,3.1425538063049316,554.7291259765625,554.5257568359375,0.10293595492839813,-0.007551295682787895,0.0003,0.0003,0.102938212454319
,,,,,287999,6303.2275,1000,,,,,,,,,,
,,,,,288000,,,-557.24658203125,-6.040685176849365,4.033324241638184,555.960693359375,555.9406127929688,0.10298121720552444,-0.011393465101718903,0.0003,0.0003,0.10298220813274384
,,,,,288999,6264.551,1000,,,,,,,,,,
,,,,,289000,,,-555.1825561523438,-6.026744842529297,5.2245283126831055,554.0318603515625,553.7996826171875,0.10255195945501328,-0.025464987382292747,0.0003,0.0003,0.10255151987075806
,,,,,289999,6127.927,1000,,,,,,,,,,
6168.9473,74.639946,6298.84,6077.9214,1000.0,290000,,,-558.7307739257812,-6.41759729385376,4.930028915405273,557.701904296875,557.684814453125,0.10340765118598938,-0.03342239931225777,0.0003,0.0003,0.10340934991836548
,,,,,290999,6335.3545,1000,,,,,,,,,,
,,,,,291000,,,-554.4076538085938,-6.520408630371094,4.068559646606445,553.1813354492188,553.0496215820312,0.10291318595409393,-0.031970273703336716,0.0003,0.0003,0.1029098704457283
,,,,,291999,6305.7617,1000,,,,,,,,,,
,,,,,292000,,,-561.342041015625,-5.897680282592773,6.467035293579102,560.4713134765625,560.1118774414062,0.10296033322811127,0.007736654952168465,0.0003,0.0003,0.10295964032411575
,,,,,292999,5665.0283,1000,,,,,,,,,,
,,,,,293000,,,-560.9840698242188,-5.640127182006836,3.9313087463378906,559.6560668945312,559.369384765625,0.10437101125717163,0.011635862290859222,0.0003,0.0003,0.10436690598726273
,,,,,293999,6464.351,1000,,,,,,,,,,
,,,,,294000,,,-555.9280395507812,-6.251437187194824,3.3000409603118896,554.3670654296875,554.1890869140625,0.1041695699095726,-0.02751951292157173,0.0003,0.0003,0.10417493432760239
,,,,,294999,6456.0894,1000,,,,,,,,,,
6415.476,43.613457,6493.358,6333.4937,1000.0,295000,,,-557.1536254882812,-6.077521800994873,3.743011236190796,555.3485717773438,555.4213256835938,0.10273351520299911,-0.015390928834676743,0.0003,0.0003,0.10273415595293045
,,,,,295999,6248.249,1000,,,,,,,,,,
,,,,,296000,,,-566.155029296875,-5.940460205078125,3.6249191761016846,565.2730712890625,565.2413330078125,0.10269660502672195,0.03473614156246185,0.0003,0.0003,0.10269590467214584
,,,,,296999,6292.3613,1000,,,,,,,,,,
,,,,,297000,,,-567.529052734375,-6.102702617645264,3.359602451324463,566.4835815429688,566.1165771484375,0.10231442749500275,-0.019564583897590637,0.0003,0.0003,0.10231340676546097
,,,,,297999,6411.2876,1000,,,,,,,,,,
,,,,,298000,,,-563.6665649414062,-5.96644401550293,3.7975544929504395,562.3449096679688,562.3585205078125,0.10245336592197418,0.011259397491812706,0.0003,0.0003,0.10245060920715332
,,,,,298999,6240.771,1000,,,,,,,,,,
,,,,,299000,,,-565.4199829101562,-6.180178642272949,4.337518692016602,564.180908203125,563.961669921875,0.10256506502628326,-0.025856051594018936,0.0003,0.0003,0.10256288945674896
,,,,,299999,6469.2065,1000,,,,,,,,,,
6387.8423,119.874306,6567.0327,6187.9653,1000.0,300000,,,-564.3593139648438,-5.892845153808594,3.819509506225586,562.987548828125,563.18896484375,0.1038154885172844,-0.00415380485355854,0.0003,0.0003,0.10381705313920975
,,,,,300999,5384.346,1000,,,,,,,,,,
,,,,,301000,,,-561.7967529296875,-5.9173126220703125,3.9015579223632812,560.139404296875,560.4150390625,0.10349429398775101,0.03943540155887604,0.0003,0.0003,0.10349296033382416
,,,,,301999,6486.15,1000,,,,,,,,,,
,,,,,302000,,,-565.5516967773438,-5.895883560180664,4.175773620605469,564.287353515625,563.80029296875,0.1033930554986,0.010959740728139877,0.0003,0.0003,0.10339310020208359
,,,,,302999,6369.677,1000,,,,,,,,,,
,,,,,303000,,,-571.1204223632812,-6.055046081542969,2.997560501098633,569.8297119140625,570.0225219726562,0.10230384021997452,-0.021207697689533234,0.0003,0.0003,0.10230418294668198
,,,,,303999,6501.4077,1000,,,,,,,,,,
,,,,,304000,,,-570.4132690429688,-6.513477802276611,3.5164875984191895,569.037353515625,569.0057373046875,0.10261926800012589,-0.053148530423641205,0.0003,0.0003,0.10262506455183029
,,,,,304999,6211.449,1000,,,,,,,,,,
6540.13,53.29541,6632.606,6461.7207,1000.0,305000,,,-566.4832153320312,-5.970695495605469,4.680403709411621,565.2784423828125,565.050537109375,0.10289549082517624,-0.023157332092523575,0.0003,0.0003,0.10289932787418365
,,,,,305999,6489.9224,1000,,,,,,,,,,
,,,,,306000,,,-569.5884399414062,-5.385714530944824,4.419838905334473,568.0858154296875,568.204833984375,0.10284008830785751,0.0684361606836319,0.0003,0.0003,0.1028323695063591
,,,,,306999,6057.326,1000,,,,,,,,,,
,,,,,307000,,,-570.3175048828125,-5.835017204284668,3.100665807723999,569.0338134765625,569.2286376953125,0.10282643884420395,0.002416874747723341,0.0003,0.0003,0.10282881557941437
,,,,,307999,6288.441,1000,,,,,,,,,,
,,,,,308000,,,-572.6768188476562,-6.346475601196289,3.7450976371765137,571.3990478515625,571.427490234375,0.10287376493215561,-0.026750948280096054,0.0003,0.0003,0.10286936908960342
,,,,,308999,6321.761,1000,,,,,,,,,,
,,,,,309000,,,-579.3591918945312,-6.040929317474365,2.4393625259399414,578.2350463867188,578.2655639648438,0.10228338092565536,0.010240831412374973,0.0003,0.0003,0.10227803885936737
,,,,,309999,6543.527,1000,,,,,,,,,,
6534.4795,55.194202,6648.7036,6464.338,1000.0,310000,,,-574.8822021484375,-5.968304634094238,3.866110324859619,573.6319580078125,573.66064453125,0.10301778465509415,-0.020484300330281258,0.0003,0.0003,0.10302210599184036
,,,,,310999,6471.3906,1000,,,,,,,,,,
,,,,,311000,,,-567.9923706054688,-6.305820941925049,2.961221694946289,566.8360595703125,566.823486328125,0.10358721762895584,2.3254193365573883e-05,0.0003,0.0003,0.10358491539955139
,,,,,311999,6330.0435,1000,,,,,,,,,,
,,,,,312000,,,-566.8150024414062,-5.971285820007324,5.035282135009766,564.9288330078125,565.1676635742188,0.10384027659893036,0.004739242605865002,0.0003,0.0003,0.10383836925029755
,,,,,312999,6365.091,1000,,,,,,,,,,
,,,,,313000,,,-572.746337890625,-6.161815643310547,3.1645381450653076,571.9654541015625,571.809326171875,0.10453696548938751,0.022555014118552208,0.0003,0.0003,0.10453670471906662
,,,,,313999,6526.4165,1000,,,,,,,,,,
,,,,,314000,,,-572.3671264648438,-5.976988315582275,3.130568742752075,570.7598266601562,570.8401489257812,0.10427282005548477,0.0065349554643034935,0.0003,0.0003,0.10427410900592804
,,,,,314999,6506.95,1000,,,,,,,,,,
6395.776,468.98923,6618.3584,4995.0693,1000.0,315000,,,-571.9103393554688,-5.652561664581299,4.2221479415893555,570.5828857421875,570.400146484375,0.10447358340024948,0.03407854959368706,0.0003,0.0003,0.10447587072849274
,,,,,315999,6507.603,1000,,,,,,,,,,
,,,,,316000,,,-572.2836303710938,-5.795454025268555,3.646728754043579,570.9920654296875,571.232177734375,0.10496331006288528,0.03268706053495407,0.0003,0.0003,0.10495990514755249
,,,,,316999,6559.176,1000,,,,,,,,,,
,,,,,317000,,,-575.9703979492188,-5.905479907989502,3.305727958679199,574.843017578125,575.1611328125,0.10423532873392105,-0.000569633673876524,0.0003,0.0003,0.1042291447520256
,,,,,317999,6510.393,1000,,,,,,,,,,
,,,,,318000,,,-578.5333251953125,-5.587431907653809,4.022326469421387,577.4672241210938,577.2283935546875,0.10444514453411102,-0.002924193162471056,0.0003,0.0003,0.10444897413253784
,,,,,318999,6455.603,1000,,,,,,,,,,
,,,,,319000,,,-577.8858642578125,-5.744289398193359,2.852888822555542,576.4630126953125,576.5089111328125,0.10435083508491516,-0.019725117832422256,0.0003,0.0003,0.10435523837804794
,,,,,319999,6677.633,1000,,,,,,,,,,
6705.754,120.78643,6867.074,6460.4053,1000.0,320000,,,-577.6780395507812,-6.113336086273193,4.083186149597168,576.628173828125,576.5904541015625,0.10394814610481262,-0.011709868907928467,0.0003,0.0003,0.10394762456417084
,,,,,320999,6559.4043,1000,,,,,,,,,,
,,,,,321000,,,-577.782958984375,-6.116678237915039,5.059272766113281,576.2467041015625,576.3660278320312,0.1050015315413475,-0.006170537322759628,0.0003,0.0003,0.10500277578830719
,,,,,321999,6716.2983,1000,,,,,,,,,,
,,,,,322000,,,-588.2420043945312,-6.214132308959961,3.553856134414673,587.1348876953125,587.28759765625,0.1048516109585762,-0.0189637690782547,0.0003,0.0003,0.10485170781612396
,,,,,322999,6519.066,1000,,,,,,,,,,
,,,,,323000,,,-580.0704956054688,-5.5401291847229,3.0189714431762695,578.7127685546875,578.87060546875,0.10549825429916382,0.03097715973854065,0.0003,0.0003,0.10549551248550415
,,,,,323999,6252.5444,1000,,,,,,,,,,
,,,,,324000,,,-583.3074951171875,-5.80237340927124,5.450152397155762,582.0286865234375,581.6785278320312,0.10605473816394806,0.024629127234220505,0.0003,0.0003,0.1060531958937645
,,,,,324999,6361.41,1000,,,,,,,,,,
6509.875,101.21857,6686.325,6333.5117,1000.0,325000,,,-584.4774169921875,-6.110651016235352,4.14103889465332,582.8245239257812,583.292236328125,0.10652456432580948,-0.017237037420272827,0.0003,0.0003,0.10653121769428253
,,,,,325999,6631.465,1000,,,,,,,,,,
,,,,,326000,,,-582.7277221679688,-6.303059101104736,3.134901523590088,581.625732421875,581.451904296875,0.10739532858133316,-0.009838351048529148,0.0003,0.0003,0.10739791393280029
,,,,,326999,6626.7524,1000,,,,,,,,,,
,,,,,327000,,,-583.4130859375,-5.932415008544922,3.932451009750366,581.9273681640625,582.110595703125,0.10770153999328613,0.007561633363366127,0.0003,0.0003,0.10770025849342346
,,,,,327999,6560.9136,1000,,,,,,,,,,
,,,,,328000,,,-592.6055908203125,-5.770543098449707,3.189954996109009,591.53076171875,591.654052734375,0.10716105997562408,0.0044151004403829575,0.0003,0.0003,0.10715585947036743
,,,,,328999,6598.546,1000,,,,,,,,,,
,,,,,329000,,,-587.083251953125,-5.781027793884277,2.9341201782226562,585.402099609375,585.57373046875,0.10684724152088165,0.011409598402678967,0.0003,0.0003,0.1068454310297966
,,,,,329999,6662.6157,1000,,,,,,,,,,
6568.09,90.87287,6669.127,6310.5146,1000.0,330000,,,-585.9364013671875,-5.4747185707092285,3.5335140228271484,584.7779541015625,584.947998046875,0.10715615749359131,0.061642471700906754,0.0003,0.0003,0.10714711993932724
,,,,,330999,6247.5776,1000,,,,,,,,,,
,,,,,331000,,,-585.5571899414062,-6.043922424316406,4.527811527252197,584.6683959960938,584.5687255859375,0.10759969800710678,-0.011151004582643509,0.0003,0.0003,0.10760544240474701
,,,,,331999,6600.5317,1000,,,,,,,,,,
,,,,,332000,,,-587.7105102539062,-5.24788761138916,3.7215576171875,586.3703002929688,586.287353515625,0.1066160798072815,0.07719963788986206,0.0003,0.0003,0.10661105066537857
,,,,,332999,6635.9346,1000,,,,,,,,,,
,,,,,333000,,,-592.0676879882812,-5.541749477386475,3.979785442352295,590.8034057617188,590.9285888671875,0.10602821409702301,0.0387350432574749,0.0003,0.0003,0.10603126883506775
,,,,,333999,6796.2944,1000,,,,,,,,,,
,,,,,334000,,,-585.2645874023438,-6.1911725997924805,3.902181386947632,583.94580078125,584.0684814453125,0.1057971939444542,-0.03617247939109802,0.0003,0.0003,0.10580160468816757
,,,,,334999,6599.91,1000,,,,,,,,,,
6748.1904,49.26166,6814.7954,6642.556,1000.0,335000,,,-590.2591552734375,-5.951616287231445,3.9810280799865723,589.3489990234375,588.8193359375,0.10679758340120316,-0.00439955061301589,0.0003,0.0003,0.10679580271244049
,,,,,335999,6555.623,1000,,,,,,,,,,
,,,,,336000,,,-590.1299438476562,-5.815623760223389,4.121631622314453,588.8277587890625,588.9774169921875,0.10791924595832825,0.014577503316104412,0.0003,0.0003,0.10792190581560135
,,,,,336999,6717.568,1000,,,,,,,,,,
,,,,,337000,,,-587.9894409179688,-5.83063268661499,4.095571517944336,586.82373046875,586.5355224609375,0.10893744975328445,0.030469555407762527,0.0003,0.0003,0.10893119126558304
,,,,,337999,6757.0093,1000,,,,,,,,,,
,,,,,338000,,,-588.4739379882812,-6.197728157043457,3.749119758605957,586.7891235351562,586.8776245117188,0.10806580632925034,-0.0009595975279808044,0.0003,0.0003,0.10806585848331451
,,,,,338999,6679.934,1000,,,,,,,,,,
,,,,,339000,,,-591.1458740234375,-6.295710563659668,4.4471964836120605,590.0673828125,589.7316284179688,0.10888123512268066,-0.021224483847618103,0.0003,0.0003,0.1088813915848732
,,,,,339999,6401.9033,1000,,,,,,,,,,
6295.7456,452.2736,6547.885,4955.957,1000.0,340000,,,-588.2446899414062,-6.292442321777344,3.145124912261963,586.9920654296875,587.277099609375,0.10868772119283676,-0.0321650356054306,0.0003,0.0003,0.10868992656469345
,,,,,340999,6722.432,1000,,,,,,,,,,
,,,,,341000,,,-596.384765625,-6.005866050720215,2.9559948444366455,595.053466796875,595.1565551757812,0.10847943276166916,-0.03485569730401039,0.0003,0.0003,0.10848309844732285
,,,,,341999,6802.3315,1000,,,,,,,,,,
,,,,,342000,,,-596.5275268554688,-6.061156749725342,3.719250202178955,595.2291870117188,594.8600463867188,0.10964073985815048,0.0012231478467583656,0.0003,0.0003,0.10964597016572952
,,,,,342999,6795.2285,1000,,,,,,,,,,
,,,,,343000,,,-599.7197265625,-6.2028422355651855,2.348341941833496,598.3685302734375,598.35546875,0.10916627198457718,-0.007935704663395882,0.0003,0.0003,0.10916753113269806
,,,,,343999,6404.211,1000,,,,,,,,,,
,,,,,344000,,,-598.6085815429688,-6.025285720825195,3.363633632659912,597.627685546875,597.6538696289062,0.10928761214017868,-0.012086141854524612,0.0003,0.0003,0.10929211974143982
,,,,,344999,6755.5083,1000,,,,,,,,,,
6793.6025,117.91184,6938.7686,6526.6387,1000.0,345000,,,-601.570556640625,-5.927143096923828,3.8024656772613525,600.3182983398438,599.9864501953125,0.10898926109075546,-0.003325748723000288,0.0003,0.0003,0.10899463295936584
,,,,,345999,6852.3223,1000,,,,,,,,,,
,,,,,346000,,,-598.3209838867188,-6.040876388549805,6.559275150299072,596.9805908203125,596.7164916992188,0.10878349095582962,-0.019327402114868164,0.0003,0.0003,0.10878268629312515
,,,,,346999,6863.8325,1000,,,,,,,,,,
,,,,,347000,,,-599.7960205078125,-6.243739128112793,3.7108092308044434,598.1397094726562,598.0206298828125,0.10958079248666763,-0.053664430975914,0.0003,0.0003,0.10958287864923477
,,,,,347999,6789.6206,1000,,,,,,,,,,
,,,,,348000,,,-599.6297607421875,-5.871203899383545,3.3724591732025146,598.3571166992188,598.1656494140625,0.10865180939435959,0.0033359876833856106,0.0003,0.0003,0.1086537092924118
,,,,,348999,6437.739,1000,,,,,,,,,,
,,,,,349000,,,-600.3527221679688,-6.2084059715271,3.4456474781036377,599.170166015625,599.414306640625,0.10780642926692963,-0.0027538868598639965,0.0003,0.0003,0.1078123226761818
,,,,,349999,6875.4688,1000,,,,,,,,,,
6789.7627,40.604458,6875.3975,6719.665,1000.0,350000,,,-596.0013427734375,-6.207658767700195,4.002557754516602,594.7750244140625,594.619384765625,0.10921836644411087,0.008903520181775093,0.0003,0.0003,0.10921480506658554
,,,,,350999,6814.996,1000,,,,,,,,,,
,,,,,351000,,,-603.5830078125,-6.262262344360352,6.966968536376953,601.9957275390625,602.057373046875,0.1087939441204071,-0.0272567979991436,0.0003,0.0003,0.1087958887219429
,,,,,351999,6782.4487,1000,,,,,,,,,,
,,,,,352000,,,-603.2257080078125,-5.822521209716797,3.892177104949951,601.837646484375,601.746826171875,0.10818023979663849,0.02075505629181862,0.0003,0.0003,0.10818137228488922
,,,,,352999,6814.571,1000,,,,,,,,,,
,,,,,353000,,,-604.5867309570312,-5.56417989730835,3.4523539543151855,603.4369506835938,603.4329223632812,0.10738582909107208,0.03340539336204529,0.0003,0.0003,0.10738153010606766
,,,,,353999,6796.5933,1000,,,,,,,,,,
,,,,,354000,,,-603.8102416992188,-6.051597595214844,3.9047985076904297,602.316650390625,602.7379150390625,0.108411505818367,-0.021115168929100037,0.0003,0.0003,0.10840900242328644
,,,,,354999,6910.1777,1000,,,,,,,,,,
6870.0024,54.005672,6950.0796,6786.401,1000.0,355000,,,-605.210693359375,-5.697432518005371,3.53767728805542,604.0992431640625,604.1917724609375,0.10886841267347336,0.027612945064902306,0.0003,0.0003,0.10886239260435104
,,,,,355999,6723.002,1000,,,,,,,,,,
,,,,,356000,,,-602.6090087890625,-6.070162773132324,4.929064750671387,601.4492797851562,601.1312255859375,0.10873577743768692,-0.05043143779039383,0.0003,0.0003,0.10873862355947495
,,,,,356999,6900.493,1000,,,,,,,,,,
,,,,,357000,,,-606.3418579101562,-6.093936443328857,3.6042685508728027,605.643310546875,605.359619140625,0.11104288697242737,-0.00614588800817728,0.0003,0.0003,0.11104530096054077
,,,,,357999,6847.4272,1000,,,,,,,,,,
,,,,,358000,,,-603.2428588867188,-5.661985397338867,3.9122917652130127,601.9493408203125,601.8606567382812,0.11094044893980026,0.011626442894339561,0.0003,0.0003,0.11094003170728683
,,,,,358999,6982.169,1000,,,,,,,,,,
,,,,,359000,,,-602.971435546875,-6.227474212646484,4.269603729248047,601.6932373046875,601.5716552734375,0.11010579019784927,-0.00016941502690315247,0.0003,0.0003,0.11011003702878952
,,,,,359999,6778.416,1000,,,,,,,,,,
6980.6147,106.82208,7095.3423,6740.1763,1000.0,360000,,,-603.0347290039062,-5.885205268859863,4.6308183670043945,601.8173828125,602.2606811523438,0.1102360263466835,-0.007158353924751282,0.0003,0.0003,0.11023160815238953
,,,,,360999,6608.773,1000,,,,,,,,,,
,,,,,361000,,,-610.7088012695312,-6.104935646057129,3.375816583633423,609.653564453125,609.6044921875,0.10978031158447266,0.005763771012425423,0.0003,0.0003,0.10978025943040848
,,,,,361999,6954.2173,1000,,,,,,,,,,
,,,,,362000,,,-604.2409057617188,-5.544078826904297,3.448060989379883,602.432861328125,602.239013671875,0.11003855615854263,-0.0037312298081815243,0.0003,0.0003,0.1100371927022934
,,,,,362999,6959.6646,1000,,,,,,,,,,
,,,,,363000,,,-611.27392578125,-5.963052749633789,5.762790679931641,610.6888427734375,610.180908203125,0.10982055217027664,-0.026350507512688637,0.0003,0.0003,0.10982251167297363
,,,,,363999,6973.404,1000,,,,,,,,,,
,,,,,364000,,,-612.2646484375,-5.961652755737305,3.1927833557128906,610.9744873046875,610.8764038085938,0.10946089029312134,-0.02447075955569744,0.0003,0.0003,0.10946297645568848
,,,,,364999,6510.0527,1000,,,,,,,,,,
7033.7695,55.708866,7151.979,6959.521,1000.0,365000,,,-609.7633056640625,-6.557884216308594,3.30102276802063,608.3502807617188,608.080078125,0.10934390127658844,-0.01415257714688778,0.0003,0.0003,0.10934379696846008
,,,,,365999,6803.43,1000,,,,,,,,,,
,,,,,366000,,,-611.9620971679688,-6.060422897338867,3.1740214824676514,610.9750366210938,611.0317993164062,0.1099841520190239,-0.0028716805391013622,0.0003,0.0003,0.10998347401618958
,,,,,366999,6825.0396,1000,,,,,,,,,,
,,,,,367000,,,-613.4341430664062,-6.236842632293701,3.9475789070129395,612.5392456054688,612.0565185546875,0.10970791429281235,-0.03599406033754349,0.0003,0.0003,0.10971330851316452
,,,,,367999,6955.5117,1000,,,,,,,,,,
,,,,,368000,,,-614.7415161132812,-5.797722339630127,3.5817577838897705,613.4359130859375,613.4426879882812,0.11011027544736862,0.03373819217085838,0.0003,0.0003,0.11010463535785675
,,,,,368999,6997.075,1000,,,,,,,,,,
,,,,,369000,,,-610.8702392578125,-5.999005317687988,3.7021002769470215,609.0576171875,609.1438598632812,0.11067897826433182,-0.00872095488011837,0.0003,0.0003,0.11068002879619598
,,,,,369999,6905.5337,1000,,,,,,,,,,
6606.796,101.5485,6716.2627,6331.6396,1000.0,370000,,,-612.8276977539062,-5.9172868728637695,4.485960006713867,611.5379028320312,611.6961669921875,0.11022898554801941,-0.0011115896049886942,0.0003,0.0003,0.11022685468196869
,,,,,370999,6802.1733,1000,,,,,,,,,,
,,,,,371000,,,-617.8593139648438,-5.904481887817383,5.030891418457031,616.78515625,616.4945068359375,0.10973092913627625,-0.022112177684903145,0.0003,0.0003,0.10973289608955383
,,,,,371999,6905.628,1000,,,,,,,,,,
,,,,,372000,,,-613.4255981445312,-5.8938446044921875,3.855543613433838,612.2703857421875,611.7740478515625,0.11006112396717072,-0.0016148705035448074,0.0003,0.0003,0.110061414539814
,,,,,372999,6967.5273,1000,,,,,,,,,,
,,,,,373000,,,-614.4808959960938,-6.0567426681518555,3.0148017406463623,613.015380859375,612.9691162109375,0.11027093231678009,0.011562519706785679,0.0003,0.0003,0.11027379333972931
,,,,,373999,7007.99,1000,,,,,,,,,,
,,,,,374000,,,-619.96484375,-6.2336602210998535,3.9517648220062256,618.5369873046875,618.3508911132812,0.11063927412033081,-0.01245095580816269,0.0003,0.0003,0.11063998192548752
,,,,,374999,7009.5376,1000,,,,,,,,,,
6939.7866,65.27161,7085.9775,6857.0415,1000.0,375000,,,-620.1604614257812,-6.154840469360352,6.070510387420654,618.79443359375,618.620849609375,0.11024335771799088,-0.038680993020534515,0.0003,0.0003,0.11024977266788483
,,,,,375999,6930.654,1000,,,,,,,,,,
,,,,,376000,,,-620.9478759765625,-5.845215797424316,4.06306266784668,620.0919799804688,619.850341796875,0.11064346134662628,0.02554059773683548,0.0003,0.0003,0.11064191162586212
,,,,,376999,6980.5103,1000,,,,,,,,,,
,,,,,377000,,,-619.7002563476562,-5.710953235626221,3.75285005569458,618.461669921875,618.430908203125,0.11205461621284485,0.02666289359331131,0.0003,0.0003,0.11204729974269867
,,,,,377999,7021.4033,1000,,,,,,,,,,
,,,,,378000,,,-614.9144897460938,-5.929513931274414,3.946256637573242,613.728759765625,613.5408935546875,0.11242258548736572,-0.01701972261071205,0.0003,0.0003,0.11241971701383591
,,,,,378999,6966.0503,1000,,,,,,,,,,
,,,,,379000,,,-615.3110961914062,-6.175760269165039,4.6400861740112305,613.9987182617188,614.093994140625,0.1124228835105896,0.005543689709156752,0.0003,0.0003,0.11242398619651794
,,,,,379999,7037.0137,1000,,,,,,,,,,
6913.061,734.5058,7241.6396,4714.508,1000.0,380000,,,-623.8479614257812,-5.868251323699951,3.6271791458129883,622.4872436523438,622.0878295898438,0.11219470202922821,-0.014984279870986938,0.0003,0.0003,0.11219879239797592
,,,,,380999,7086.1235,1000,,,,,,,,,,
,,,,,381000,,,-616.9608764648438,-5.864774703979492,3.5550928115844727,615.4525146484375,615.667724609375,0.1115269735455513,-0.007352900691330433,0.0003,0.0003,0.11152713000774384
,,,,,381999,7125.434,1000,,,,,,,,,,
,,,,,382000,,,-624.0003662109375,-5.8864288330078125,4.586505889892578,622.741455078125,622.5403442382812,0.11225487291812897,0.016912123188376427,0.0003,0.0003,0.11225800216197968
,,,,,382999,6895.592,1000,,,,,,,,,,
,,,,,383000,,,-616.7035522460938,-6.096715927124023,4.554110527038574,615.33056640625,615.1896362304688,0.11251601576805115,0.01487294863909483,0.0003,0.0003,0.11251794546842575
,,,,,383999,6941.1343,1000,,,,,,,,,,
,,,,,384000,,,-625.4569702148438,-5.838128089904785,4.002095699310303,624.448486328125,624.75830078125,0.11256508529186249,-0.012549620121717453,0.0003,0.0003,0.11256653815507889
,,,,,384999,7106.1533,1000,,,,,,,,,,
7166.6055,64.77891,7312.753,7093.1,1000.0,385000,,,-622.8580932617188,-6.612646102905273,3.6391098499298096,621.521240234375,621.3800659179688,0.11244851350784302,-0.04063539206981659,0.0003,0.0003,0.11245100945234299
,,,,,385999,7108.338,1000,,,,,,,,,,
,,,,,386000,,,-629.21826171875,-5.394216537475586,3.2242634296417236,627.70751953125,627.8411254882812,0.11276407539844513,0.05294894427061081,0.0003,0.0003,0.1127617359161377
,,,,,386999,7239.479,1000,,,,,,,,,,
,,,,,387000,,,-626.23046875,-5.695580005645752,2.8848469257354736,624.99072265625,624.9796752929688,0.11246717721223831,0.012766370549798012,0.0003,0.0003,0.11247245967388153
,,,,,387999,7223.721,1000,,,,,,,,,,
,,,,,388000,,,-629.03662109375,-6.041084289550781,3.7050418853759766,627.4849853515625,627.798095703125,0.11313958466053009,-0.010884024202823639,0.0003,0.0003,0.11314349621534348
,,,,,388999,7208.398,1000,,,,,,,,,,
,,,,,389000,,,-629.793212890625,-6.022890090942383,4.575586318969727,628.2804565429688,628.4879760742188,0.11361579596996307,0.024315688759088516,0.0003,0.0003,0.11361512541770935
,,,,,389999,7104.2144,1000,,,,,,,,,,
7132.3125,222.20958,7329.819,6593.2334,1000.0,390000,,,-624.1633911132812,-5.728014945983887,4.102628707885742,622.5114135742188,622.6046142578125,0.11355459690093994,0.03469836711883545,0.0003,0.0003,0.11355207860469818
,,,,,390999,6967.6025,1000,,,,,,,,,,
,,,,,391000,,,-627.8787231445312,-6.078838348388672,3.158539056777954,626.170654296875,626.345947265625,0.11290401965379715,-0.015807755291461945,0.0003,0.0003,0.11290840804576874
,,,,,391999,7022.262,1000,,,,,,,,,,
,,,,,392000,,,-627.241943359375,-6.337040901184082,3.362027645111084,625.8306884765625,625.468505859375,0.11197623610496521,-0.031183073297142982,0.0003,0.0003,0.11197615414857864
,,,,,392999,7261.38,1000,,,,,,,,,,
,,,,,393000,,,-631.9508666992188,-6.262759685516357,3.6059648990631104,630.592041015625,630.5219116210938,0.11234208196401596,-0.026828931644558907,0.0003,0.0003,0.11234571784734726
,,,,,393999,7167.372,1000,,,,,,,,,,
,,,,,394000,,,-631.774658203125,-6.384856224060059,8.20047378540039,631.4439697265625,630.4739990234375,0.11213768273591995,-0.04678574576973915,0.0003,0.0003,0.11214680224657059
,,,,,394999,7151.2466,1000,,,,,,,,,,
7264.751,56.28164,7360.097,7202.158,1000.0,395000,,,-633.7907104492188,-5.856523036956787,3.9616494178771973,632.0718383789062,632.24267578125,0.11208763718605042,0.03571635112166405,0.0003,0.0003,0.11208841949701309
,,,,,395999,7224.6567,1000,,,,,,,,,,
,,,,,396000,,,-632.0889892578125,-6.341727256774902,4.558391571044922,630.9910278320312,630.96728515625,0.11302263289690018,-0.03334754332900047,0.0003,0.0003,0.11301936954259872
,,,,,396999,6915.063,1000,,,,,,,,,,
,,,,,397000,,,-634.5107421875,-6.206809997558594,3.6000900268554688,633.0777587890625,633.2867431640625,0.11282612383365631,-0.017908629029989243,0.0003,0.0003,0.11282475292682648
,,,,,397999,6933.255,1000,,,,,,,,,,
,,,,,398000,,,-630.5606079101562,-6.530284404754639,4.214654922485352,629.007568359375,628.9656372070312,0.11336396634578705,-0.07196012139320374,0.0003,0.0003,0.1133725568652153
,,,,,398999,7128.417,1000,,,,,,,,,,
,,,,,399000,,,-630.97509765625,-6.262744426727295,4.561205863952637,629.31201171875,629.261474609375,0.1141626387834549,-0.014295831322669983,0.0003,0.0003,0.11416961252689362
,,,,,399999,7211.8154,1000,,,,,,,,,,
7211.382,42.685062,7292.291,7129.915,1000.0,400000,,,-636.21826171875,-6.133617877960205,4.41546630859375,634.6803588867188,634.683349609375,0.11456221342086792,-0.023292914032936096,0.0003,0.0003,0.11455544829368591
,,,,,400999,7210.8115,1000,,,,,,,,,,
,,,,,401000,,,-635.1192016601562,-5.96623420715332,4.914274215698242,633.432373046875,633.5447998046875,0.11472173035144806,0.01674654334783554,0.0003,0.0003,0.11471883952617645
,,,,,401999,7235.4814,1000,,,,,,,,,,
,,,,,402000,,,-641.1353759765625,-5.798132419586182,2.9209513664245605,639.8128662109375,639.610595703125,0.11409012228250504,0.023321857675909996,0.0003,0.0003,0.11408732086420059
,,,,,402999,7138.6094,1000,,,,,,,,,,
,,,,,403000,,,-636.0972290039062,-6.544401168823242,3.737576961517334,634.7396240234375,634.841796875,0.11288754642009735,-0.040460195392370224,0.0003,0.0003,0.11288606375455856
,,,,,403999,7158.7686,1000,,,,,,,,,,
,,,,,404000,,,-637.0552368164062,-5.350986480712891,3.780712842941284,635.6871337890625,635.3462524414062,0.11325746774673462,0.04165797308087349,0.0003,0.0003,0.11325925588607788
,,,,,404999,7248.375,1000,,,,,,,,,,
7282.247,33.169548,7334.3745,7232.7744,1000.0,405000,,,-636.1887817382812,-6.110917091369629,3.949863910675049,634.8230590820312,634.5894775390625,0.1145336776971817,-0.03613312542438507,0.0003,0.0003,0.1145382970571518
,,,,,405999,7180.5454,1000,,,,,,,,,,
,,,,,406000,,,-640.6103515625,-5.653134346008301,3.712804079055786,639.3916625976562,639.5281372070312,0.11425559967756271,0.021383322775363922,0.0003,0.0003,0.11425706744194031
,,,,,406999,7169.0117,1000,,,,,,,,,,
,,,,,407000,,,-639.7877197265625,-6.0276336669921875,4.068439483642578,638.225341796875,638.3953857421875,0.1144724190235138,0.00903431884944439,0.0003,0.0003,0.11447198688983917
,,,,,407999,7191.732,1000,,,,,,,,,,
,,,,,408000,,,-648.3247680664062,-5.27050256729126,3.096060276031494,647.080322265625,647.239990234375,0.11382746696472168,0.08216453343629837,0.0003,0.0003,0.1138194352388382
,,,,,408999,7116.0728,1000,,,,,,,,,,
,,,,,409000,,,-650.322509765625,-5.368332862854004,3.503788471221924,648.9102783203125,649.1193237304688,0.1142924353480339,0.06281261146068573,0.0003,0.0003,0.11429297924041748
,,,,,409999,7319.8633,1000,,,,,,,,,,
6633.621,958.1013,7185.5264,3801.3525,1000.0,410000,,,-641.3097534179688,-6.291068077087402,7.514061450958252,639.9136352539062,639.8036499023438,0.11521092057228088,-0.01724524423480034,0.0003,0.0003,0.11521921306848526
,,,,,410999,7097.9106,1000,,,,,,,,,,
,,,,,411000,,,-646.0691528320312,-5.866438388824463,4.379746437072754,644.7156372070312,644.5938720703125,0.11533256620168686,0.04294133931398392,0.0003,0.0003,0.11532807350158691
,,,,,411999,7110.3345,1000,,,,,,,,,,
,,,,,412000,,,-643.2935180664062,-6.068974018096924,3.2015089988708496,641.9595947265625,641.9418334960938,0.11403396725654602,-0.00513062160462141,0.0003,0.0003,0.11403274536132812
,,,,,412999,7215.3257,1000,,,,,,,,,,
,,,,,413000,,,-636.6346435546875,-6.427096366882324,3.585845470428467,635.072265625,635.455810546875,0.1134292334318161,-0.026567697525024414,0.0003,0.0003,0.11343223601579666
,,,,,413999,7326.5337,1000,,,,,,,,,,
,,,,,414000,,,-648.9169311523438,-5.513158321380615,3.648569107055664,647.4659423828125,647.3407592773438,0.1140623539686203,0.030584827065467834,0.0003,0.0003,0.11405737698078156
,,,,,414999,7228.9653,1000,,,,,,,,,,
7364.3584,54.208725,7450.214,7231.206,1000.0,415000,,,-648.4973754882812,-6.141582489013672,4.169764518737793,646.6153564453125,647.2330322265625,0.11408087611198425,0.011982579715549946,0.0003,0.0003,0.1140788346529007
,,,,,415999,7002.919,1000,,,,,,,,,,
,,,,,416000,,,-636.9454956054688,-5.803290367126465,3.631352663040161,635.45068359375,635.13623046875,0.11444763839244843,-0.04614812508225441,0.0003,0.0003,0.11445309966802597
,,,,,416999,7315.1187,1000,,,,,,,,,,
,,,,,417000,,,-652.4063720703125,-5.630587100982666,4.167285919189453,651.1985473632812,651.0283203125,0.11500752717256546,0.03281669691205025,0.0003,0.0003,0.11500485241413116
,,,,,417999,7301.013,1000,,,,,,,,,,
,,,,,418000,,,-647.8289794921875,-6.14780330657959,3.730790615081787,646.2608032226562,646.15234375,0.11525581777095795,0.0104278065264225,0.0003,0.0003,0.11525699496269226
,,,,,418999,7266.2754,1000,,,,,,,,,,
,,,,,419000,,,-651.2774047851562,-6.130594253540039,3.1362733840942383,649.9718627929688,649.7733764648438,0.11519817262887955,0.009103669784963131,0.0003,0.0003,0.1151946634054184
,,,,,419999,7130.3506,1000,,,,,,,,,,
7214.4624,241.19762,7375.6763,6511.343,1000.0,420000,,,-646.8998413085938,-6.093410015106201,7.304610252380371,645.6067504882812,645.4944458007812,0.11462793499231339,0.012993386946618557,0.0003,0.0003,0.11463057994842529
,,,,,420999,7238.45,1000,,,,,,,,,,
,,,,,421000,,,-650.4735717773438,-5.709035873413086,4.2267746925354,649.2344970703125,649.35302734375,0.11368131637573242,0.02684328518807888,0.0003,0.0003,0.11368288844823837
,,,,,421999,7141.733,1000,,,,,,,,,,
,,,,,422000,,,-652.2128295898438,-6.08927583694458,3.4724080562591553,650.8453369140625,651.3272094726562,0.11415863782167435,0.0008234512060880661,0.0003,0.0003,0.11415544897317886
,,,,,422999,7261.7056,1000,,,,,,,,,,
,,,,,423000,,,-645.5050048828125,-5.977216720581055,5.321968078613281,643.6356201171875,643.9879760742188,0.11448465287685394,0.01598791405558586,0.0003,0.0003,0.11448259651660919
,,,,,423999,7446.7666,1000,,,,,,,,,,
,,,,,424000,,,-645.327880859375,-5.873528003692627,4.632711410522461,643.9544067382812,643.3101806640625,0.11322169750928879,-0.03155900165438652,0.0003,0.0003,0.11321958899497986
,,,,,424999,7244.7153,1000,,,,,,,,,,
7326.9688,60.207703,7423.4155,7223.1436,1000.0,425000,,,-654.847900390625,-5.804692268371582,3.699518918991089,653.1971435546875,653.2258911132812,0.11345470696687698,-0.02072252333164215,0.0003,0.0003,0.11345387995243073
,,,,,425999,7227.6353,1000,,,,,,,,,,
,,,,,426000,,,-655.7509765625,-6.151179313659668,4.307242393493652,654.5079345703125,654.7201538085938,0.11354899406433105,-0.03365950286388397,0.0003,0.0003,0.11355091631412506
,,,,,426999,7229.281,1000,,,,,,,,,,
,,,,,427000,,,-653.7523193359375,-5.7839674949646,3.9098453521728516,652.5419921875,652.5594482421875,0.11445096880197525,-0.0030502104200422764,0.0003,0.0003,0.11445740610361099
,,,,,427999,7455.8135,1000,,,,,,,,,,
,,,,,428000,,,-660.5267944335938,-5.5335283279418945,3.582871913909912,659.2086181640625,659.0294189453125,0.11411719024181366,0.041409365832805634,0.0003,0.0003,0.11411828547716141
,,,,,428999,7289.157,1000,,,,,,,,,,
,,,,,429000,,,-654.8143310546875,-6.226757049560547,3.0851316452026367,653.5313720703125,653.36181640625,0.11550500988960266,0.03499463200569153,0.0003,0.0003,0.11550093442201614
,,,,,429999,7355.0435,1000,,,,,,,,,,
7496.9688,47.57389,7598.441,7432.5737,1000.0,430000,,,-651.3118896484375,-6.190091133117676,5.246747970581055,649.7021484375,649.3811645507812,0.11504800617694855,-0.04257434606552124,0.0003,0.0003,0.1150563433766365
,,,,,430999,7275.92,1000,,,,,,,,,,
,,,,,431000,,,-654.6176147460938,-5.94993782043457,4.338717460632324,653.0927734375,653.1491088867188,0.11375401169061661,-0.01636909507215023,0.0003,0.0003,0.11375401169061661
,,,,,431999,7346.18,1000,,,,,,,,,,
,,,,,432000,,,-649.6328735351562,-6.160785675048828,5.323612213134766,648.2679443359375,647.87548828125,0.11444032937288284,-0.04906792193651199,0.0003,0.0003,0.11444141715765
,,,,,432999,7382.655,1000,,,,,,,,,,
,,,,,433000,,,-655.9988403320312,-6.269160747528076,5.511153221130371,654.7623901367188,654.7918090820312,0.1140979528427124,-0.05322392284870148,0.0003,0.0003,0.11410440504550934
,,,,,433999,7309.757,1000,,,,,,,,,,
,,,,,434000,,,-656.5623168945312,-6.096508026123047,4.7912750244140625,655.05126953125,655.349365234375,0.11506658792495728,0.05843627080321312,0.0003,0.0003,0.11506727337837219
,,,,,434999,7397.825,1000,,,,,,,,,,
7287.4443,102.97216,7460.071,7086.765,1000.0,435000,,,-658.2582397460938,-5.415130138397217,4.117719650268555,656.7841796875,656.50439453125,0.11466160416603088,0.03451419621706009,0.0003,0.0003,0.11466004699468613
,,,,,435999,7450.8623,1000,,,,,,,,,,
,,,,,436000,,,-659.2815551757812,-6.673218727111816,3.6208882331848145,657.4305419921875,657.4803466796875,0.11541574448347092,-0.05917706340551376,0.0003,0.0003,0.11542165279388428
,,,,,436999,7417.6396,1000,,,,,,,,,,
,,,,,437000,,,-654.8154907226562,-6.100408554077148,4.019292831420898,653.511474609375,653.636474609375,0.11596774309873581,0.0018540089949965477,0.0003,0.0003,0.1159663200378418
,,,,,437999,7461.9478,1000,,,,,,,,,,
,,,,,438000,,,-658.6446533203125,-6.081333637237549,3.8527235984802246,657.282470703125,657.5283203125,0.11445539444684982,-0.004385103937238455,0.0003,0.0003,0.11445678770542145
,,,,,438999,7114.7607,1000,,,,,,,,,,
,,,,,439000,,,-666.7643432617188,-5.604724884033203,4.165075302124023,665.8255615234375,666.0597534179688,0.11431857198476791,0.026940880343317986,0.0003,0.0003,0.11431543529033661
,,,,,439999,7447.451,1000,,,,,,,,,,
7235.478,117.1098,7396.249,6975.848,1000.0,440000,,,-663.6519775390625,-6.332694053649902,6.8347272872924805,662.360595703125,662.3326416015625,0.11462032049894333,-0.01974237523972988,0.0003,0.0003,0.11462566256523132
,,,,,440999,7490.937,1000,,,,,,,,,,
,,,,,441000,,,-656.8585205078125,-5.886684417724609,4.021786212921143,655.1824340820312,655.0767211914062,0.11554963886737823,0.007668684236705303,0.0003,0.0003,0.11554746329784393
,,,,,441999,7387.0,1000,,,,,,,,,,
,,,,,442000,,,-661.1924438476562,-5.762011528015137,4.501184940338135,659.3717651367188,659.8914794921875,0.11468536406755447,0.019997581839561462,0.0003,0.0003,0.11468613147735596
,,,,,442999,7169.106,1000,,,,,,,,,,
,,,,,443000,,,-658.7929077148438,-6.046308517456055,5.255862712860107,657.152099609375,657.4560546875,0.11502925306558609,-0.02699297107756138,0.0003,0.0003,0.11502806842327118
,,,,,443999,7482.658,1000,,,,,,,,,,
,,,,,444000,,,-664.1033325195312,-6.111002445220947,3.5056848526000977,662.5677490234375,662.7762451171875,0.11556635797023773,0.024878760799765587,0.0003,0.0003,0.11556195467710495
,,,,,444999,7305.679,1000,,,,,,,,,,
7383.557,154.28421,7555.1963,7147.593,1000.0,445000,,,-662.4935302734375,-5.958996772766113,4.327032089233398,660.7852783203125,661.0860595703125,0.11473918706178665,0.026293179020285606,0.0003,0.0003,0.11473677307367325
,,,,,445999,7490.212,1000,,,,,,,,,,
,,,,,446000,,,-663.6761474609375,-5.934554100036621,3.884305477142334,662.009033203125,661.8001708984375,0.11498740315437317,0.0210246704518795,0.0003,0.0003,0.11499200761318207
,,,,,446999,7294.555,1000,,,,,,,,,,
,,,,,447000,,,-663.7549438476562,-6.351894855499268,6.401556015014648,662.3759155273438,662.8858642578125,0.11555399745702744,-0.030462058261036873,0.0003,0.0003,0.11555814743041992
,,,,,447999,7409.8945,1000,,,,,,,,,,
,,,,,448000,,,-667.35302734375,-5.370049476623535,3.9452404975891113,666.4904174804688,666.261962890625,0.11488695442676544,0.07186047732830048,0.0003,0.0003,0.11488338559865952
,,,,,448999,7322.4575,1000,,,,,,,,,,
,,,,,449000,,,-664.7434692382812,-6.058387279510498,4.385702610015869,663.190673828125,663.2391357421875,0.11486367136240005,-0.006060376763343811,0.0003,0.0003,0.11486399918794632
,,,,,449999,7453.148,1000,,,,,,,,,,
7437.6875,84.12551,7522.944,7244.9683,1000.0,450000,,,-662.7841186523438,-6.012302875518799,4.378681659698486,660.891845703125,661.0615234375,0.1159876137971878,-0.005075367167592049,0.0003,0.0003,0.1159832701086998
,,,,,450999,7572.0054,1000,,,,,,,,,,
,,,,,451000,,,-667.0769653320312,-5.6098313331604,4.404118537902832,665.5623779296875,665.6251220703125,0.11536534130573273,0.009673243388533592,0.0003,0.0003,0.1153620183467865
,,,,,451999,7585.756,1000,,,,,,,,,,
,,,,,452000,,,-670.727294921875,-5.645209312438965,3.738736629486084,669.4365234375,669.655517578125,0.11608563363552094,0.0016913460567593575,0.0003,0.0003,0.11608654260635376
,,,,,452999,7488.482,1000,,,,,,,,,,
,,,,,453000,,,-667.6002197265625,-5.873976707458496,4.745924949645996,665.9165649414062,665.5872192382812,0.11642761528491974,0.014231670647859573,0.0003,0.0003,0.1164255365729332
,,,,,453999,7556.242,1000,,,,,,,,,,
,,,,,454000,,,-668.0551147460938,-6.12632942199707,3.681649684906006,665.822265625,665.9747314453125,0.11482273042201996,-0.028324678540229797,0.0003,0.0003,0.1148248165845871
,,,,,454999,7545.947,1000,,,,,,,,,,
7557.074,57.06458,7657.0874,7480.682,1000.0,455000,,,-669.568359375,-6.088947296142578,4.609126091003418,668.1201782226562,668.4071044921875,0.1166950985789299,0.00851918663829565,0.0003,0.0003,0.11669635027647018
,,,,,455999,7489.6333,1000,,,,,,,,,,
,,,,,456000,,,-669.9380493164062,-5.693439483642578,4.641746520996094,668.3980712890625,668.7227783203125,0.11650533229112625,-0.013127535581588745,0.0003,0.0003,0.11650272458791733
,,,,,456999,7629.123,1000,,,,,,,,,,
,,,,,457000,,,-670.6969604492188,-6.33042049407959,3.9531760215759277,669.0606689453125,668.9183959960938,0.11526224762201309,-0.02282591164112091,0.0003,0.0003,0.11526331305503845
,,,,,457999,7580.553,1000,,,,,,,,,,
,,,,,458000,,,-673.7787475585938,-6.046525001525879,4.013280868530273,672.0177001953125,671.96435546875,0.11471711844205856,-0.049682095646858215,0.0003,0.0003,0.11471788585186005
,,,,,458999,7562.428,1000,,,,,,,,,,
,,,,,459000,,,-674.7486572265625,-5.973276138305664,4.3091936111450195,673.2239990234375,673.3199462890625,0.11505556106567383,-0.02058655023574829,0.0003,0.0003,0.11505215615034103
,,,,,459999,7586.7637,1000,,,,,,,,,,
7461.2163,115.81797,7614.4644,7206.258,1000.0,460000,,,-675.1821899414062,-6.1642537117004395,4.099084377288818,674.1015625,674.24658203125,0.11572694778442383,-0.04676197096705437,0.0003,0.0003,0.11573157459497452
,,,,,460999,7057.6245,1000,,,,,,,,,,
,,,,,461000,,,-678.0119018554688,-6.222960472106934,5.189096450805664,676.5657348632812,676.30712890625,0.11660712212324142,-0.029067110270261765,0.0003,0.0003,0.11661416292190552
,,,,,461999,7507.3916,1000,,,,,,,,,,
,,,,,462000,,,-679.18017578125,-5.803257465362549,3.4897494316101074,678.0336303710938,677.9215087890625,0.11540903151035309,0.0004798863083124161,0.0003,0.0003,0.11540209501981735
,,,,,462999,7630.4653,1000,,,,,,,,,,
,,,,,463000,,,-665.7593383789062,-6.033935070037842,4.928391933441162,664.1581420898438,664.1383056640625,0.11404895037412643,-0.02222825028002262,0.0003,0.0003,0.11405066400766373
,,,,,463999,7452.958,1000,,,,,,,,,,
,,,,,464000,,,-683.8648681640625,-5.830768585205078,4.040528297424316,682.6209716796875,682.5245361328125,0.1140681803226471,0.018017418682575226,0.0003,0.0003,0.11406009644269943
,,,,,464999,7513.3,1000,,,,,,,,,,
7525.825,64.57198,7612.9966,7418.8936,1000.0,465000,,,-678.7434692382812,-5.852507591247559,4.246216773986816,676.9151611328125,677.1968383789062,0.11499442160129547,-0.003324777353554964,0.0003,0.0003,0.11499708890914917
,,,,,465999,7549.2104,1000,,,,,,,,,,
,,,,,466000,,,-674.873046875,-5.709506034851074,4.854434013366699,673.4292602539062,673.6514892578125,0.11512690037488937,-0.0064004044979810715,0.0003,0.0003,0.11513027548789978
,,,,,466999,7606.7974,1000,,,,,,,,,,
,,,,,467000,,,-682.7179565429688,-6.023006439208984,4.573979377746582,681.6541748046875,681.126220703125,0.1159132793545723,0.005671292543411255,0.0003,0.0003,0.1159096285700798
,,,,,467999,7543.2803,1000,,,,,,,,,,
,,,,,468000,,,-672.680908203125,-5.96424674987793,5.59874963760376,671.1248168945312,671.1929931640625,0.11615163832902908,0.0028594471514225006,0.0003,0.0003,0.11614695191383362
,,,,,468999,7645.3086,1000,,,,,,,,,,
,,,,,469000,,,-676.8543090820312,-6.252660751342773,4.270148754119873,675.4534912109375,675.523193359375,0.11515621095895767,-0.0317903533577919,0.0003,0.0003,0.11515086889266968
,,,,,469999,7566.324,1000,,,,,,,,,,
7513.05,89.02214,7659.5127,7391.118,1000.0,470000,,,-688.9328002929688,-5.565561771392822,3.973369598388672,688.1552734375,687.9580688476562,0.11490193009376526,0.05116668716073036,0.0003,0.0003,0.11489557474851608
,,,,,470999,7575.1416,1000,,,,,,,,,,
,,,,,471000,,,-684.408203125,-5.832895278930664,3.5072121620178223,683.1837158203125,682.9744873046875,0.11526463180780411,-0.0017052143812179565,0.0003,0.0003,0.1152658760547638
,,,,,471999,7586.1655,1000,,,,,,,,,,
,,,,,472000,,,-681.700439453125,-5.969446182250977,3.800217628479004,679.8182983398438,679.8658447265625,0.11467685550451279,0.01703689806163311,0.0003,0.0003,0.11467743664979935
,,,,,472999,7697.228,1000,,,,,,,,,,
,,,,,473000,,,-682.3206787109375,-6.2800421714782715,4.4311699867248535,681.0989990234375,681.302734375,0.11416163295507431,-0.03301619738340378,0.0003,0.0003,0.11416304856538773
,,,,,473999,7580.209,1000,,,,,,,,,,
,,,,,474000,,,-686.412841796875,-5.932535171508789,4.233778476715088,684.945556640625,684.6309814453125,0.11432044953107834,0.032921817153692245,0.0003,0.0003,0.11432138085365295
,,,,,474999,7594.868,1000,,,,,,,,,,
7634.374,72.631546,7744.5776,7510.7285,1000.0,475000,,,-680.350830078125,-5.773623466491699,3.404472589492798,678.945556640625,679.189697265625,0.11559838056564331,0.0023930417373776436,0.0003,0.0003,0.11560168862342834
,,,,,475999,7561.5513,1000,,,,,,,,,,
,,,,,476000,,,-677.6354370117188,-5.901253700256348,5.381194591522217,676.2899169921875,676.4488525390625,0.11590778082609177,-0.006999258883297443,0.0003,0.0003,0.1159096285700798
,,,,,476999,7601.533,1000,,,,,,,,,,
,,,,,477000,,,-681.0911865234375,-5.976390838623047,4.490748405456543,679.2515869140625,679.2471313476562,0.1163240373134613,-0.011067165993154049,0.0003,0.0003,0.11632078886032104
,,,,,477999,7540.3203,1000,,,,,,,,,,
,,,,,478000,,,-683.0747680664062,-6.243678092956543,4.589219093322754,681.6437377929688,681.7196044921875,0.1155550628900528,-0.043100133538246155,0.0003,0.0003,0.11555234342813492
,,,,,478999,7536.302,1000,,,,,,,,,,
,,,,,479000,,,-681.916748046875,-6.12601900100708,4.609625816345215,681.287841796875,681.1422119140625,0.11593514680862427,-0.0007042281795293093,0.0003,0.0003,0.11593246459960938
,,,,,479999,7596.085,1000,,,,,,,,,,
7723.306,43.214165,7802.4404,7664.714,1000.0,480000,,,-690.2144165039062,-5.5203447341918945,3.448962926864624,688.87158203125,689.24267578125,0.1160193383693695,0.03463788330554962,0.0003,0.0003,0.11601950228214264
,,,,,480999,1657.2164,1000,,,,,,,,,,
,,,,,481000,,,-686.1693725585938,-5.737074851989746,4.508853435516357,684.8001708984375,685.1021728515625,0.11576444655656815,0.02925088256597519,0.0003,0.0003,0.11576772481203079
,,,,,481999,7645.262,1000,,,,,,,,,,
,,,,,482000,,,-681.3814086914062,-5.717838764190674,4.996218204498291,680.085205078125,680.373291015625,0.11446624994277954,0.049107376486063004,0.0003,0.0003,0.1144605502486229
,,,,,482999,7724.0874,1000,,,,,,,,,,
,,,,,483000,,,-686.7445068359375,-5.750003814697266,5.263125896453857,685.489501953125,685.5450439453125,0.11366671323776245,0.002958923578262329,0.0003,0.0003,0.11366716772317886
,,,,,483999,7574.2446,1000,,,,,,,,,,
,,,,,484000,,,-687.595947265625,-6.01887845993042,5.676368713378906,685.5924072265625,685.838623046875,0.11309029161930084,-0.0006573013961315155,0.0003,0.0003,0.11309099197387695
,,,,,484999,7624.677,1000,,,,,,,,,,
7507.8076,56.153282,7604.8364,7388.9165,1000.0,485000,,,-686.2090454101562,-5.777153968811035,3.6759254932403564,684.7732543945312,684.921875,0.11241356283426285,0.015367463231086731,0.0003,0.0003,0.1124112531542778
,,,,,485999,7431.932,1000,,,,,,,,,,
,,,,,486000,,,-693.6378784179688,-5.720302581787109,3.6484127044677734,692.5571899414062,692.4720458984375,0.11275763064622879,0.0016027269884943962,0.0003,0.0003,0.11276240646839142
,,,,,486999,7723.799,1000,,,,,,,,,,
,,,,,487000,,,-685.4892578125,-5.837569713592529,5.228603363037109,684.18994140625,684.1357421875,0.11129698902368546,0.01610739529132843,0.0003,0.0003,0.11129593104124069
,,,,,487999,7505.701,1000,,,,,,,,,,
,,,,,488000,,,-690.0033569335938,-5.669736385345459,4.7719316482543945,688.7941284179688,689.1074829101562,0.11143060028553009,0.008000196889042854,0.0003,0.0003,0.11142724752426147
,,,,,488999,7670.2007,1000,,,,,,,,,,
,,,,,489000,,,-684.7348022460938,-5.595344543457031,4.934072017669678,683.4348754882812,683.63037109375,0.1113395094871521,-0.019846653565764427,0.0003,0.0003,0.11134330183267593
,,,,,489999,7561.192,1000,,,,,,,,,,
7541.203,91.16775,7657.3535,7368.2563,1000.0,490000,,,-694.118896484375,-6.3846821784973145,3.9845335483551025,692.8727416992188,692.8346557617188,0.11242194473743439,-2.4063512682914734e-05,0.0003,0.0003,0.1124248206615448
,,,,,490999,7628.97,1000,,,,,,,,,,
,,,,,491000,,,-689.2007446289062,-5.853334426879883,6.4510273933410645,688.0298461914062,687.9898681640625,0.11188001185655594,-0.0033010924234986305,0.0003,0.0003,0.11188504844903946
,,,,,491999,7531.867,1000,,,,,,,,,,
,,,,,492000,,,-685.6553955078125,-5.607481002807617,4.847391605377197,684.58447265625,684.30419921875,0.11219827830791473,0.04221746325492859,0.0003,0.0003,0.11219397932291031
,,,,,492999,7637.889,1000,,,,,,,,,,
,,,,,493000,,,-684.4713134765625,-5.821020126342773,7.928943634033203,682.5272216796875,683.3062744140625,0.11185144633054733,0.01660308986902237,0.0003,0.0003,0.11185280233621597
,,,,,493999,7715.03,1000,,,,,,,,,,
,,,,,494000,,,-692.3531494140625,-5.767001152038574,4.594663143157959,691.046630859375,691.4258422851562,0.11089395731687546,-0.00030390266329050064,0.0003,0.0003,0.11089324206113815
,,,,,494999,7570.326,1000,,,,,,,,,,
7714.0767,59.458958,7797.645,7613.7886,1000.0,495000,,,-690.5027465820312,-5.757537841796875,4.315392017364502,689.1746826171875,688.7557373046875,0.11126022040843964,0.0177451279014349,0.0003,0.0003,0.11126279085874557
,,,,,495999,7391.243,1000,,,,,,,,,,
,,,,,496000,,,-687.06787109375,-6.041091442108154,6.526300430297852,685.55517578125,685.4817504882812,0.11195661872625351,-0.023379571735858917,0.0003,0.0003,0.11195839941501617
,,,,,496999,7659.619,1000,,,,,,,,,,
,,,,,497000,,,-693.59228515625,-5.554919242858887,8.305679321289062,692.56396484375,692.4215087890625,0.11262451857328415,0.06298289448022842,0.0003,0.0003,0.11261741071939468
,,,,,497999,7589.0283,1000,,,,,,,,,,
,,,,,498000,,,-692.1104125976562,-5.904027938842773,4.358827590942383,691.0985717773438,690.9299926757812,0.112213633954525,0.019743826240301132,0.0003,0.0003,0.11221238225698471
,,,,,498999,7705.347,1000,,,,,,,,,,
,,,,,499000,,,-696.3702392578125,-5.768124580383301,6.091330528259277,694.9002685546875,695.1185302734375,0.11183591932058334,0.017640026286244392,0.0003,0.0003,0.11183664202690125
,,,,,499999,7639.8325,1000,,,,,,,,,,
7722.314,69.95474,7799.063,7572.0024,1000.0,500000,,,-691.3836669921875,-5.877635955810547,6.094229698181152,689.6915283203125,689.4293823242188,0.11270655691623688,-0.014737327583134174,0.0003,0.0003,0.11270857602357864
,,,,,500999,7648.2476,1000,,,,,,,,,,
,,,,,501000,,,-690.9877319335938,-6.466193675994873,4.2443695068359375,689.3778076171875,689.4803466796875,0.11407388746738434,-0.03756232559680939,0.0003,0.0003,0.11407625675201416
,,,,,501999,7639.6084,1000,,,,,,,,,,
,,,,,502000,,,-692.6436767578125,-6.140357494354248,4.4508562088012695,690.7401123046875,690.7596435546875,0.11430968344211578,0.008207302540540695,0.0003,0.0003,0.11430099606513977
,,,,,502999,7620.8423,1000,,,,,,,,,,
,,,,,503000,,,-691.7186279296875,-5.809715270996094,7.4566144943237305,690.5487060546875,690.4898071289062,0.11396433413028717,-0.01338488981127739,0.0003,0.0003,0.11396101862192154
,,,,,503999,6341.5166,1000,,,,,,,,,,
,,,,,504000,,,-697.75830078125,-5.652716636657715,6.163562774658203,695.753173828125,696.0333251953125,0.11491137742996216,0.03833044692873955,0.0003,0.0003,0.1148996353149414
,,,,,504999,7620.509,1000,,,,,,,,,,
7615.9854,108.01723,7740.6675,7348.021,1000.0,505000,,,-699.126953125,-6.167720317840576,4.83806848526001,697.859619140625,697.8169555664062,0.1150432676076889,-0.007332010194659233,0.0003,0.0003,0.1150437593460083
,,,,,505999,7731.967,1000,,,,,,,,,,
,,,,,506000,,,-699.5941162109375,-5.885900974273682,4.1226277351379395,698.5068359375,698.5252685546875,0.11498203873634338,-0.022527679800987244,0.0003,0.0003,0.11498477309942245
,,,,,506999,7646.5244,1000,,,,,,,,,,
,,,,,507000,,,-700.7310791015625,-5.6834821701049805,4.409465312957764,699.4949951171875,699.6770629882812,0.11539790779352188,0.048106901347637177,0.0003,0.0003,0.11540113389492035
,,,,,507999,7701.0654,1000,,,,,,,,,,
,,,,,508000,,,-690.9318237304688,-6.263525485992432,4.895930767059326,689.4156494140625,689.228759765625,0.11538149416446686,-0.010796100832521915,0.0003,0.0003,0.1153828352689743
,,,,,508999,7392.6284,1000,,,,,,,,,,
,,,,,509000,,,-697.862060546875,-6.049003601074219,5.783442497253418,696.7783813476562,696.70703125,0.1145796999335289,0.007033149246126413,0.0003,0.0003,0.1145789623260498
,,,,,509999,7615.528,1000,,,,,,,,,,
7756.04,65.58547,7860.391,7642.938,1000.0,510000,,,-698.4468383789062,-6.011894226074219,6.090425491333008,697.5037841796875,697.4312744140625,0.11434539407491684,-0.022012993693351746,0.0003,0.0003,0.11435075849294662
,,,,,510999,7653.3394,1000,,,,,,,,,,
,,,,,511000,,,-697.7224731445312,-5.940360069274902,4.27755069732666,696.419677734375,696.6773071289062,0.1149529442191124,0.004127427004277706,0.0003,0.0003,0.11495349556207657
,,,,,511999,7674.7793,1000,,,,,,,,,,
,,,,,512000,,,-698.525634765625,-6.443126678466797,4.68219518661499,697.359375,697.0947875976562,0.11543893814086914,-0.045680493116378784,0.0003,0.0003,0.11543577909469604
,,,,,512999,7766.9087,1000,,,,,,,,,,
,,,,,513000,,,-693.1218872070312,-6.345118999481201,5.876806259155273,691.4387817382812,691.4181518554688,0.11463198065757751,-0.03266128525137901,0.0003,0.0003,0.1146325170993805
,,,,,513999,7742.0005,1000,,,,,,,,,,
,,,,,514000,,,-699.8935546875,-6.110213279724121,4.853559494018555,698.4982299804688,698.514892578125,0.11411161720752716,-0.02066974714398384,0.0003,0.0003,0.11410932242870331
,,,,,514999,7396.819,1000,,,,,,,,,,
7363.759,932.05884,7869.8315,4608.0527,1000.0,515000,,,-701.6075439453125,-6.02249002456665,4.336820602416992,699.7478637695312,699.8565673828125,0.11407345533370972,-0.013600525446236134,0.0003,0.0003,0.11407195776700974
,,,,,515999,7669.8755,1000,,,,,,,,,,
,,,,,516000,,,-696.4160766601562,-6.244029998779297,4.745246887207031,694.9876098632812,695.03076171875,0.11451200395822525,-0.0037287184968590736,0.0003,0.0003,0.11450599133968353
,,,,,516999,7756.631,1000,,,,,,,,,,
,,,,,517000,,,-698.1199951171875,-5.801215171813965,3.804121971130371,696.1207275390625,696.4554443359375,0.1148814707994461,-0.01377730630338192,0.0003,0.0003,0.11488212645053864
,,,,,517999,7740.808,1000,,,,,,,,,,
,,,,,518000,,,-705.2922973632812,-6.119433403015137,6.237490653991699,703.971923828125,703.6626586914062,0.11485717445611954,0.00211930088698864,0.0003,0.0003,0.11485493928194046
,,,,,518999,7767.247,1000,,,,,,,,,,
,,,,,519000,,,-704.1304321289062,-6.450523376464844,5.228802680969238,702.9306030273438,703.08642578125,0.11449873447418213,-0.04875104874372482,0.0003,0.0003,0.11449461430311203
,,,,,519999,7711.971,1000,,,,,,,,,,
7504.142,691.4361,7840.8647,5436.5107,1000.0,520000,,,-705.0438232421875,-6.094533443450928,6.109196662902832,704.0872802734375,703.6287231445312,0.11436504870653152,-0.004913175478577614,0.0003,0.0003,0.11436537653207779
,,,,,520999,7346.779,1000,,,,,,,,,,
,,,,,521000,,,-706.0977172851562,-6.42077112197876,4.328211307525635,704.8035278320312,705.0097045898438,0.11429273337125778,-0.014821238815784454,0.0003,0.0003,0.11430022865533829
,,,,,521999,7679.4526,1000,,,,,,,,,,
,,,,,522000,,,-711.674560546875,-6.070335388183594,5.3462018966674805,710.8150024414062,710.9480590820312,0.11472110450267792,-0.011960775591433048,0.0003,0.0003,0.11473174393177032
,,,,,522999,7863.1177,1000,,,,,,,,,,
,,,,,523000,,,-706.9913940429688,-6.33828067779541,4.021810531616211,705.4083251953125,705.4195556640625,0.11556319147348404,-0.005116511136293411,0.0003,0.0003,0.1155635267496109
,,,,,523999,7807.1294,1000,,,,,,,,,,
,,,,,524000,,,-699.3710327148438,-5.741412162780762,5.290449142456055,698.4965209960938,698.4888305664062,0.1161007434129715,0.01271161250770092,0.0003,0.0003,0.11609753966331482
,,,,,524999,7778.193,1000,,,,,,,,,,
7766.643,85.43894,7867.377,7581.0654,1000.0,525000,,,-709.274658203125,-6.516692161560059,4.88286828994751,708.3380126953125,707.7449340820312,0.11519913375377655,-0.040775127708911896,0.0003,0.0003,0.11519841849803925
,,,,,525999,7812.007,1000,,,,,,,,,,
,,,,,526000,,,-709.9906005859375,-6.157462120056152,3.938516616821289,708.82666015625,708.7625732421875,0.11421997100114822,-0.015179147943854332,0.0003,0.0003,0.11421406269073486
,,,,,526999,7813.6216,1000,,,,,,,,,,
,,,,,527000,,,-709.3606567382812,-5.991143226623535,5.456793785095215,708.274658203125,708.3173217773438,0.11359661817550659,0.015786534175276756,0.0003,0.0003,0.11359160393476486
,,,,,527999,7701.748,1000,,,,,,,,,,
,,,,,528000,,,-700.3087158203125,-6.030252456665039,5.088537693023682,698.6397705078125,698.7553100585938,0.11234898865222931,-0.03108181431889534,0.0003,0.0003,0.11235372722148895
,,,,,528999,7835.471,1000,,,,,,,,,,
,,,,,529000,,,-704.4929809570312,-6.235520362854004,5.052469253540039,702.7578125,702.30517578125,0.11305909603834152,-0.06930389255285263,0.0003,0.0003,0.11306437849998474
,,,,,529999,7856.8394,1000,,,,,,,,,,
7747.367,113.21644,7878.459,7478.6978,1000.0,530000,,,-711.081787109375,-5.934337139129639,4.501283645629883,709.5692138671875,709.4571533203125,0.11374077200889587,-0.011784391477704048,0.0003,0.0003,0.1137397438287735
,,,,,530999,7688.5845,1000,,,,,,,,,,
,,,,,531000,,,-709.6038818359375,-6.0101141929626465,5.471804618835449,708.4837646484375,708.0514526367188,0.11407537758350372,0.01722039096057415,0.0003,0.0003,0.11406809091567993
,,,,,531999,7823.4233,1000,,,,,,,,,,
,,,,,532000,,,-702.5498657226562,-5.774916648864746,7.034091949462891,701.30517578125,700.8162841796875,0.11398150771856308,0.029667552560567856,0.0003,0.0003,0.11397572606801987
,,,,,532999,7713.865,1000,,,,,,,,,,
,,,,,533000,,,-716.4188842773438,-5.708778381347656,4.173394203186035,715.2686157226562,715.6376953125,0.11287040263414383,0.029155392199754715,0.0003,0.0003,0.1128716692328453
,,,,,533999,7713.4707,1000,,,,,,,,,,
,,,,,534000,,,-713.496826171875,-6.320988178253174,5.825325965881348,712.0220947265625,711.8388671875,0.11316944658756256,-0.0443745031952858,0.0003,0.0003,0.11316697299480438
,,,,,534999,7638.4385,1000,,,,,,,,,,
7752.5767,215.89421,7947.708,7249.3433,1000.0,535000,,,-706.570068359375,-6.121204853057861,4.870523929595947,705.0835571289062,705.3656005859375,0.11375563591718674,0.042820632457733154,0.0003,0.0003,0.11375086009502411
,,,,,535999,7881.942,1000,,,,,,,,,,
,,,,,536000,,,-711.7835083007812,-6.0968732833862305,4.954618453979492,710.3443603515625,710.5440063476562,0.11336813122034073,-0.029094958677887917,0.0003,0.0003,0.11337509751319885
,,,,,536999,7595.437,1000,,,,,,,,,,
,,,,,537000,,,-714.5830688476562,-6.113620281219482,4.862907886505127,713.3006591796875,713.28369140625,0.11400879174470901,0.015874706208705902,0.0003,0.0003,0.11400775611400604
,,,,,537999,7717.899,1000,,,,,,,,,,
,,,,,538000,,,-709.593505859375,-5.214338779449463,4.784031867980957,708.40185546875,708.1576538085938,0.11405971646308899,0.04428132623434067,0.0003,0.0003,0.11405808478593826
,,,,,538999,7777.0796,1000,,,,,,,,,,
,,,,,539000,,,-713.1026611328125,-5.577367782592773,5.423882484436035,711.7691650390625,711.7652587890625,0.11354200541973114,0.04755368456244469,0.0003,0.0003,0.11354319751262665
,,,,,539999,7410.2847,1000,,,,,,,,,,
7472.2217,636.12305,7889.767,6032.604,1000.0,540000,,,-710.75927734375,-6.079187393188477,4.56143856048584,709.77978515625,709.6315307617188,0.11164890229701996,-0.0027552498504519463,0.0003,0.0003,0.11164634674787521
,,,,,540999,7865.074,1000,,,,,,,,,,
,,,,,541000,,,-708.1622314453125,-6.203680992126465,5.6134562492370605,706.1437377929688,706.55908203125,0.11113409698009491,-0.008903086185455322,0.0003,0.0003,0.11114208400249481
,,,,,541999,7851.5586,1000,,,,,,,,,,
,,,,,542000,,,-710.68505859375,-6.035860061645508,7.716736793518066,709.5348510742188,709.40673828125,0.11121301352977753,-0.004217884503304958,0.0003,0.0003,0.11121468245983124
,,,,,542999,7840.275,1000,,,,,,,,,,
,,,,,543000,,,-716.5812377929688,-5.776968955993652,4.094052791595459,715.1771850585938,715.015625,0.11134455353021622,0.036174971610307693,0.0003,0.0003,0.11134056746959686
,,,,,543999,7908.4614,1000,,,,,,,,,,
,,,,,544000,,,-715.7352905273438,-6.034270286560059,5.030896186828613,714.3071899414062,714.4647216796875,0.1122836247086525,-0.02629041112959385,0.0003,0.0003,0.11228206008672714
,,,,,544999,7801.121,1000,,,,,,,,,,
7898.6587,51.97435,7971.1636,7799.521,1000.0,545000,,,-711.8829956054688,-6.318719387054443,5.788533687591553,710.6829223632812,711.114013671875,0.11178460717201233,-0.005707809701561928,0.0003,0.0003,0.11179036647081375
,,,,,545999,7881.2476,1000,,,,,,,,,,
,,,,,546000,,,-707.9376831054688,-5.671236991882324,5.5610551834106445,706.9242553710938,706.617431640625,0.11260833591222763,0.06020229682326317,0.0003,0.0003,0.11260994523763657
,,,,,546999,7829.1323,1000,,,,,,,,,,
,,,,,547000,,,-714.7650756835938,-6.668069839477539,3.6523680686950684,713.5894775390625,713.2481689453125,0.11287665367126465,-0.021377868950366974,0.0003,0.0003,0.11287543922662735
,,,,,547999,7852.545,1000,,,,,,,,,,
,,,,,548000,,,-714.3155517578125,-6.109900951385498,3.457973003387451,712.6256103515625,712.7337036132812,0.11271972209215164,0.018353121355175972,0.0003,0.0003,0.11272123456001282
,,,,,548999,7927.856,1000,,,,,,,,,,
,,,,,549000,,,-718.2598266601562,-5.867335319519043,4.657225608825684,716.9193115234375,717.1010131835938,0.11311576515436172,-0.00416733231395483,0.0003,0.0003,0.11311773955821991
,,,,,549999,7814.1562,1000,,,,,,,,,,
7799.215,74.11265,7889.344,7690.031,1000.0,550000,,,-717.3901977539062,-5.810546398162842,4.20460319519043,716.4649658203125,716.032470703125,0.11265548318624496,0.019863655790686607,0.0003,0.0003,0.11265535652637482
,,,,,550999,7779.3184,1000,,,,,,,,,,
,,,,,551000,,,-713.4893798828125,-6.29932975769043,4.531149387359619,712.055908203125,712.2284545898438,0.11301250010728836,-0.01633131131529808,0.0003,0.0003,0.11301130801439285
,,,,,551999,7917.073,1000,,,,,,,,,,
,,,,,552000,,,-720.7451782226562,-5.757002830505371,4.703403472900391,719.556884765625,719.2879638671875,0.1136758103966713,0.06996595859527588,0.0003,0.0003,0.11367122828960419
,,,,,552999,3888.0525,1000,,,,,,,,,,
,,,,,553000,,,-716.202880859375,-5.837545871734619,16.107208251953125,715.677734375,713.9864501953125,0.11429164558649063,-0.0037234583869576454,0.0003,0.0003,0.11429158598184586
,,,,,553999,7563.0386,1000,,,,,,,,,,
,,,,,554000,,,-721.0145263671875,-5.812525749206543,3.304330348968506,719.8285522460938,720.01025390625,0.11214248836040497,0.03292703628540039,0.0003,0.0003,0.11214128881692886
,,,,,554999,7712.8364,1000,,,,,,,,,,
7834.6055,98.60352,7908.456,7583.44,1000.0,555000,,,-715.2085571289062,-5.80747127532959,5.920639991760254,714.086669921875,713.9437255859375,0.11091834306716919,0.003254115581512451,0.0003,0.0003,0.11091939359903336
,,,,,555999,7907.016,1000,,,,,,,,,,
,,,,,556000,,,-720.5317993164062,-6.005332946777344,4.911038398742676,719.291259765625,719.2188720703125,0.11160358041524887,0.03325420990586281,0.0003,0.0003,0.11160866171121597
,,,,,556999,7800.762,1000,,,,,,,,,,
,,,,,557000,,,-716.0842895507812,-5.8569655418396,4.347476482391357,714.61865234375,714.5723876953125,0.11080294102430344,-0.012717483565211296,0.0003,0.0003,0.11080759018659592
,,,,,557999,7767.067,1000,,,,,,,,,,
,,,,,558000,,,-713.4859619140625,-6.232324123382568,4.180838584899902,712.1256103515625,711.8428344726562,0.10925287753343582,-0.0425938256084919,0.0003,0.0003,0.10925407707691193
,,,,,558999,7829.1333,1000,,,,,,,,,,
,,,,,559000,,,-718.2978515625,-5.917686462402344,4.6277852058410645,717.2618408203125,716.964111328125,0.1100049763917923,-0.003073618281632662,0.0003,0.0003,0.1100052148103714
,,,,,559999,7824.693,1000,,,,,,,,,,
7867.708,84.59028,7959.718,7647.172,1000.0,560000,,,-714.3980712890625,-6.2070465087890625,3.8597288131713867,712.8775634765625,712.9072265625,0.10940012335777283,-0.0023007187992334366,0.0003,0.0003,0.1093994751572609
,,,,,560999,7920.5103,1000,,,,,,,,,,
,,,,,561000,,,-727.5526733398438,-6.0486626625061035,4.911153316497803,726.0576171875,725.8703002929688,0.10856069624423981,0.005590509623289108,0.0003,0.0003,0.1085590347647667
,,,,,561999,7818.9424,1000,,,,,,,,,,
,,,,,562000,,,-710.704345703125,-6.505119323730469,4.644437789916992,708.9092407226562,709.1788940429688,0.10863256454467773,-0.045208729803562164,0.0003,0.0003,0.10863238573074341
,,,,,562999,7898.176,1000,,,,,,,,,,
,,,,,563000,,,-719.486083984375,-6.280883312225342,5.2253594398498535,717.95263671875,718.1817626953125,0.10847243666648865,-0.03776310384273529,0.0003,0.0003,0.10847362875938416
,,,,,563999,7907.728,1000,,,,,,,,,,
,,,,,564000,,,-724.334228515625,-6.058285713195801,5.261353969573975,722.89501953125,722.9324951171875,0.10839540511369705,0.0005776043981313705,0.0003,0.0003,0.10839901864528656
,,,,,564999,7734.483,1000,,,,,,,,,,
7894.55,78.2612,7996.156,7713.265,1000.0,565000,,,-721.2007446289062,-5.92447566986084,14.348349571228027,719.9560546875,719.57958984375,0.10791786015033722,-0.0003175102174282074,0.0003,0.0003,0.10791848599910736
,,,,,565999,7795.8057,1000,,,,,,,,,,
,,,,,566000,,,-723.4358520507812,-6.568007469177246,3.7064433097839355,722.0902709960938,722.2175903320312,0.10816331952810287,-0.029864821583032608,0.0003,0.0003,0.10816476494073868
,,,,,566999,7744.6562,1000,,,,,,,,,,
,,,,,567000,,,-721.4876098632812,-6.016170978546143,5.034244537353516,719.821044921875,719.6693725585938,0.10782033950090408,-0.016663948073983192,0.0003,0.0003,0.10782213509082794
,,,,,567999,7809.9673,1000,,,,,,,,,,
,,,,,568000,,,-731.1088256835938,-5.719289302825928,3.8736302852630615,729.90283203125,730.0880126953125,0.10825103521347046,0.01620752364397049,0.0003,0.0003,0.10824897140264511
,,,,,568999,7813.277,1000,,,,,,,,,,
,,,,,569000,,,-725.1314697265625,-6.178342819213867,3.6430206298828125,723.9332275390625,723.7206420898438,0.10722209513187408,-0.03219553828239441,0.0003,0.0003,0.10722081363201141
,,,,,569999,7892.8794,1000,,,,,,,,,,
7865.456,80.50953,7974.931,7686.9375,1000.0,570000,,,-723.85791015625,-5.83657169342041,8.075644493103027,721.737548828125,722.5215454101562,0.1077539324760437,-0.026377081871032715,0.0003,0.0003,0.10775209218263626
,,,,,570999,7656.6074,1000,,,,,,,,,,
,,,,,571000,,,-729.2318725585938,-6.159257888793945,3.940650701522827,728.1907348632812,728.01708984375,0.10916905850172043,-0.016032230108976364,0.0003,0.0003,0.109172523021698
,,,,,571999,7839.5107,1000,,,,,,,,,,
,,,,,572000,,,-729.7100830078125,-6.154606819152832,3.445382595062256,728.881103515625,728.6907958984375,0.10914766788482666,-0.016058072447776794,0.0003,0.0003,0.10914360731840134
,,,,,572999,7865.101,1000,,,,,,,,,,
,,,,,573000,,,-727.0363159179688,-5.767948627471924,4.473306655883789,726.145751953125,725.6468505859375,0.10910627990961075,-0.010969510301947594,0.0003,0.0003,0.10910668969154358
,,,,,573999,7857.2993,1000,,,,,,,,,,
,,,,,574000,,,-722.1259765625,-6.176867961883545,4.94634485244751,720.3670654296875,720.4210205078125,0.10981405526399612,0.013505220413208008,0.0003,0.0003,0.10981767624616623
,,,,,574999,7824.2036,1000,,,,,,,,,,
7688.543,732.6622,8035.017,5496.2744,1000.0,575000,,,-717.7730712890625,-6.732666015625,4.712247848510742,716.3461303710938,716.6082763671875,0.10985158383846283,-0.060544535517692566,0.0003,0.0003,0.10985925793647766
,,,,,575999,7933.5957,1000,,,,,,,,,,
,,,,,576000,,,-720.5592651367188,-6.060784339904785,4.039811611175537,718.888671875,719.0380859375,0.10873173922300339,-0.016709178686141968,0.0003,0.0003,0.10872696340084076
,,,,,576999,7789.178,1000,,,,,,,,,,
,,,,,577000,,,-721.7536010742188,-6.334028244018555,3.3336434364318848,720.5062255859375,720.2861328125,0.1089237704873085,-0.05000317841768265,0.0003,0.0003,0.1089252158999443
,,,,,577999,7752.2207,1000,,,,,,,,,,
,,,,,578000,,,-724.8216552734375,-5.673203468322754,6.525361061096191,723.1971435546875,723.3076171875,0.10902352631092072,0.03042754903435707,0.0003,0.0003,0.1090209111571312
,,,,,578999,7940.819,1000,,,,,,,,,,
,,,,,579000,,,-729.518798828125,-5.575617790222168,4.68712854385376,727.7982788085938,727.9225463867188,0.10824579745531082,0.04659083113074303,0.0003,0.0003,0.10824504494667053
,,,,,579999,8070.1826,1000,,,,,,,,,,
7992.664,46.443707,8111.8516,7947.8354,1000.0,580000,,,-720.6093139648438,-6.790441989898682,6.937435150146484,718.884033203125,718.3831176757812,0.10931025445461273,-0.058421991765499115,0.0003,0.0003,0.10931187123060226
,,,,,580999,7758.5186,1000,,,,,,,,,,
,,,,,581000,,,-733.9454345703125,-5.964776992797852,5.240632057189941,732.9036254882812,732.560546875,0.10958319157361984,-0.0023907236754894257,0.0003,0.0003,0.10958676785230637
,,,,,581999,7882.446,1000,,,,,,,,,,
,,,,,582000,,,-729.4822387695312,-6.394528388977051,5.081355094909668,727.7975463867188,727.6815185546875,0.10998544842004776,-0.05671072006225586,0.0003,0.0003,0.10998140275478363
,,,,,582999,7851.402,1000,,,,,,,,,,
,,,,,583000,,,-725.2262573242188,-6.082752704620361,4.810626029968262,723.6142578125,723.4613037109375,0.11030811816453934,-0.05067051202058792,0.0003,0.0003,0.11031350493431091
,,,,,583999,8016.3086,1000,,,,,,,,,,
,,,,,584000,,,-734.771728515625,-6.151939868927002,3.0392470359802246,733.3795166015625,733.2843017578125,0.11139871925115585,-0.010371529497206211,0.0003,0.0003,0.11139951646327972
,,,,,584999,8006.813,1000,,,,,,,,,,
7961.724,91.33803,8091.074,7802.545,1000.0,585000,,,-727.8333740234375,-6.0934576988220215,4.528533458709717,726.6966552734375,726.0408325195312,0.11154510825872421,0.027594508603215218,0.0003,0.0003,0.11154526472091675
,,,,,585999,7901.1343,1000,,,,,,,,,,
,,,,,586000,,,-732.5084228515625,-5.938233375549316,4.097524166107178,731.1097412109375,731.3659057617188,0.1106690838932991,0.0365714505314827,0.0003,0.0003,0.11066726595163345
,,,,,586999,7817.636,1000,,,,,,,,,,
,,,,,587000,,,-728.1460571289062,-6.152211666107178,3.8213205337524414,726.3394775390625,726.7914428710938,0.1100546345114708,0.0430305153131485,0.0003,0.0003,0.11005529761314392
,,,,,587999,8018.4272,1000,,,,,,,,,,
,,,,,588000,,,-725.2173461914062,-6.069311618804932,6.019416809082031,723.3110961914062,723.3265380859375,0.10904321819543839,-0.04017132520675659,0.0003,0.0003,0.109042227268219
,,,,,588999,7946.6343,1000,,,,,,,,,,
,,,,,589000,,,-732.9091186523438,-5.659852027893066,4.838092803955078,731.8599853515625,731.917724609375,0.10882909595966339,0.07060815393924713,0.0003,0.0003,0.10882528126239777
,,,,,589999,8016.8193,1000,,,,,,,,,,
7951.216,74.64923,8053.339,7836.0566,1000.0,590000,,,-728.0388793945312,-6.1283488273620605,4.4079413414001465,726.567138671875,726.4842529296875,0.10835106670856476,0.005916627123951912,0.0003,0.0003,0.10834985226392746
,,,,,590999,8006.8804,1000,,,,,,,,,,
,,,,,591000,,,-724.5721435546875,-6.267350196838379,6.050955772399902,722.9210205078125,722.900390625,0.10950463265180588,-0.04657368361949921,0.0003,0.0003,0.10950925946235657
,,,,,591999,7986.347,1000,,,,,,,,,,
,,,,,592000,,,-732.0419921875,-5.690054893493652,4.75924015045166,730.9306640625,730.7664794921875,0.11048860102891922,0.02496766299009323,0.0003,0.0003,0.11048167198896408
,,,,,592999,7836.7847,1000,,,,,,,,,,
,,,,,593000,,,-723.5482788085938,-6.27944278717041,5.553961277008057,721.6273193359375,721.5866088867188,0.11023084074258804,-0.017156794667243958,0.0003,0.0003,0.1102331280708313
,,,,,593999,8033.3047,1000,,,,,,,,,,
,,,,,594000,,,-735.8212280273438,-5.321514129638672,3.930446147918701,734.5654907226562,734.5416870117188,0.11064399033784866,0.05433540791273117,0.0003,0.0003,0.11064333468675613
,,,,,594999,7772.8584,1000,,,,,,,,,,
7309.643,1648.8369,7945.3794,2378.1792,1000.0,595000,,,-731.7394409179688,-5.705982208251953,5.487655162811279,730.6411743164062,730.514404296875,0.11008881032466888,0.009826750494539738,0.0003,0.0003,0.11008447408676147
,,,,,595999,8009.504,1000,,,,,,,,,,
,,,,,596000,,,-733.771728515625,-5.975235462188721,4.582024574279785,732.2830810546875,731.9567260742188,0.10970503836870193,-0.0007645189762115479,0.0003,0.0003,0.10970767587423325
,,,,,596999,7989.338,1000,,,,,,,,,,
,,,,,597000,,,-734.9431762695312,-6.306375980377197,5.175108909606934,733.6922607421875,733.4190673828125,0.10950764268636703,-0.008026335388422012,0.0003,0.0003,0.10950499773025513
,,,,,597999,8046.801,1000,,,,,,,,,,
,,,,,598000,,,-727.386474609375,-6.093522071838379,5.7565202713012695,725.88818359375,726.028076171875,0.11008764803409576,0.0185990147292614,0.0003,0.0003,0.11008405685424805
,,,,,598999,7875.7007,1000,,,,,,,,,,
,,,,,599000,,,-735.579833984375,-6.11585807800293,4.961036682128906,733.883544921875,733.8848266601562,0.10891424119472504,0.00421151565387845,0.0003,0.0003,0.10891295969486237
,,,,,599999,8035.311,1000,,,,,,,,,,
7885.853,313.92596,8066.974,6958.312,1000.0,600000,,,-727.6793823242188,-5.693715572357178,6.157895088195801,726.366943359375,726.354736328125,0.10939393937587738,0.04402625560760498,0.0003,0.0003,0.10939595103263855
,,,,,600999,8045.221,1000,,,,,,,,,,
,,,,,601000,,,-742.1920776367188,-5.959383487701416,4.643549919128418,740.9654541015625,740.728515625,0.10974372178316116,0.030867531895637512,0.0003,0.0003,0.10974451154470444
,,,,,601999,7959.0605,1000,,,,,,,,,,
,,,,,602000,,,-733.9647216796875,-6.350247383117676,5.4000244140625,733.0238037109375,732.97509765625,0.10976654291152954,-0.06045727804303169,0.0003,0.0003,0.10977303981781006
,,,,,602999,8144.596,1000,,,,,,,,,,
,,,,,603000,,,-738.3215942382812,-5.834722518920898,5.74568510055542,737.2919921875,737.047119140625,0.11042739450931549,0.014935750514268875,0.0003,0.0003,0.11042176187038422
,,,,,603999,7959.6196,1000,,,,,,,,,,
,,,,,604000,,,-728.6476440429688,-5.758983612060547,7.337657928466797,727.2182006835938,727.677978515625,0.10887131839990616,0.011246506124734879,0.0003,0.0003,0.10887422412633896
,,,,,604999,7961.6655,1000,,,,,,,,,,
7885.94,76.792404,7959.4067,7711.8813,1000.0,605000,,,-730.211669921875,-5.984540939331055,4.883097171783447,728.697021484375,728.801513671875,0.10902296006679535,0.010662026703357697,0.0003,0.0003,0.10902821272611618
,,,,,605999,7918.4614,1000,,,,,,,,,,
,,,,,606000,,,-730.3013305664062,-6.225804328918457,5.6510419845581055,729.5113525390625,728.6453247070312,0.10884575545787811,0.013200882822275162,0.0003,0.0003,0.10884106159210205
,,,,,606999,8057.2324,1000,,,,,,,,,,
,,,,,607000,,,-738.902099609375,-5.986853122711182,3.3857226371765137,737.2117309570312,737.3024291992188,0.10923551023006439,-0.006338956765830517,0.0003,0.0003,0.10923303663730621
,,,,,607999,7882.122,1000,,,,,,,,,,
,,,,,608000,,,-734.8223266601562,-5.995762825012207,6.5147809982299805,733.7672729492188,733.7451171875,0.10858448594808578,-0.03105808049440384,0.0003,0.0003,0.10858424752950668
,,,,,608999,8001.658,1000,,,,,,,,,,
,,,,,609000,,,-744.2947998046875,-5.963692665100098,3.411156415939331,743.141845703125,743.0595703125,0.10893339663743973,-0.010408444330096245,0.0003,0.0003,0.10892807692289352
,,,,,609999,8066.233,1000,,,,,,,,,,
7948.8193,38.749863,8010.8286,7881.501,1000.0,610000,,,-743.18212890625,-5.760166645050049,3.1855878829956055,741.964111328125,742.0396728515625,0.1089305430650711,0.01197296567261219,0.0003,0.0003,0.10893183946609497
,,,,,610999,8010.669,1000,,,,,,,,,,
,,,,,611000,,,-738.2208251953125,-5.746986389160156,4.395207405090332,737.4192504882812,737.4119873046875,0.10882125794887543,0.04680083692073822,0.0003,0.0003,0.10882208496332169
,,,,,611999,8067.004,1000,,,,,,,,,,
,,,,,612000,,,-742.9461059570312,-6.098127365112305,4.747618675231934,742.01171875,742.366943359375,0.10970563441514969,0.05555295944213867,0.0003,0.0003,0.10970339179039001
,,,,,612999,7999.1094,1000,,,,,,,,,,
,,,,,613000,,,-740.2772216796875,-5.954024791717529,4.743095397949219,738.7351684570312,738.2044677734375,0.10950051248073578,-0.01224125362932682,0.0003,0.0003,0.10950131714344025
,,,,,613999,7801.9814,1000,,,,,,,,,,
,,,,,614000,,,-745.7484130859375,-6.240137100219727,5.298027038574219,745.1103515625,744.842529296875,0.10915537923574448,0.004232463426887989,0.0003,0.0003,0.10915641486644745
,,,,,614999,7985.714,1000,,,,,,,,,,
7920.164,77.91506,7985.0,7745.832,1000.0,615000,,,-738.9103393554688,-5.867227554321289,4.593157768249512,737.3672485351562,737.2464599609375,0.10840953886508942,0.017527909949421883,0.0003,0.0003,0.10840708017349243
,,,,,615999,8085.3574,1000,,,,,,,,,,
,,,,,616000,,,-739.6804809570312,-6.123783111572266,3.9743239879608154,737.752685546875,737.708740234375,0.10805416107177734,-0.00532700028270483,0.0003,0.0003,0.1080523356795311
,,,,,616999,8055.5693,1000,,,,,,,,,,
,,,,,617000,,,-734.4397583007812,-6.1757731437683105,4.7022929191589355,732.7781982421875,732.82958984375,0.10783617198467255,-0.02748865634202957,0.0003,0.0003,0.10783571749925613
,,,,,617999,7944.539,1000,,,,,,,,,,
,,,,,618000,,,-741.356201171875,-6.21150016784668,4.963466644287109,739.9489135742188,739.9058837890625,0.10764945298433304,-0.0065014418214559555,0.0003,0.0003,0.10765088349580765
,,,,,618999,6685.3623,1000,,,,,,,,,,
,,,,,619000,,,-741.6563110351562,-6.30450439453125,5.183938503265381,740.3411865234375,740.7402954101562,0.10781746357679367,-0.062498100101947784,0.0003,0.0003,0.10782172530889511
,,,,,619999,8126.576,1000,,,,,,,,,,
8013.4976,89.40143,8144.019,7815.7173,1000.0,620000,,,-740.4656982421875,-5.621667861938477,3.857600688934326,739.247314453125,739.2763671875,0.10772246867418289,0.022012067958712578,0.0003,0.0003,0.10772305727005005
,,,,,620999,8138.881,1000,,,,,,,,,,
,,,,,621000,,,-739.4447631835938,-5.733123779296875,5.355420112609863,737.8624267578125,738.02587890625,0.10749740898609161,0.006732406560331583,0.0003,0.0003,0.1074984148144722
,,,,,621999,8160.813,1000,,,,,,,,,,
,,,,,622000,,,-739.5857543945312,-5.853920936584473,4.667659759521484,738.58203125,738.525634765625,0.10929951071739197,0.015061083249747753,0.0003,0.0003,0.10929518938064575
,,,,,622999,8062.532,1000,,,,,,,,,,
,,,,,623000,,,-739.1712036132812,-6.4110798835754395,4.301906585693359,737.8992919921875,738.0927734375,0.10831508040428162,-0.03509276360273361,0.0003,0.0003,0.1083163246512413
,,,,,623999,7676.988,1000,,,,,,,,,,
,,,,,624000,,,-739.09033203125,-5.800049781799316,3.8436365127563477,737.6348876953125,737.7023315429688,0.1075986921787262,0.045635152608156204,0.0003,0.0003,0.10759013146162033
,,,,,624999,7910.7046,1000,,,,,,,,,,
7942.919,422.6302,8162.4634,6685.941,1000.0,625000,,,-744.6767578125,-5.596715927124023,3.120096445083618,743.3143310546875,743.666259765625,0.10721991956233978,0.05060534179210663,0.0003,0.0003,0.10721534490585327
,,,,,625999,6267.595,1000,,,,,,,,,,
,,,,,626000,,,-740.872314453125,-6.131637096405029,4.316994667053223,739.793701171875,739.8222045898438,0.10717100650072098,0.01016257330775261,0.0003,0.0003,0.1071707233786583
,,,,,626999,7998.285,1000,,,,,,,,,,
,,,,,627000,,,-745.4605102539062,-5.6794633865356445,4.75924825668335,744.308837890625,744.210205078125,0.10707931220531464,0.0038322224281728268,0.0003,0.0003,0.10708551108837128
,,,,,627999,7948.366,1000,,,,,,,,,,
,,,,,628000,,,-741.4009399414062,-6.062614917755127,7.838466167449951,740.001220703125,739.078857421875,0.10623808950185776,0.022655529901385307,0.0003,0.0003,0.10624013841152191
,,,,,628999,7968.7173,1000,,,,,,,,,,
,,,,,629000,,,-743.7647094726562,-5.722190856933594,4.9338812828063965,742.18359375,742.1319580078125,0.1057557761669159,0.02118617482483387,0.0003,0.0003,0.10575375705957413
,,,,,629999,8044.6025,1000,,,,,,,,,,
7914.8516,474.27396,8175.177,6512.057,1000.0,630000,,,-741.5850830078125,-5.900846004486084,5.097706317901611,740.1209106445312,740.1774291992188,0.10573140531778336,0.044666122645139694,0.0003,0.0003,0.10572908073663712
,,,,,630999,7719.5986,1000,,,,,,,,,,
,,,,,631000,,,-748.3001098632812,-5.637246131896973,4.150269985198975,746.8358154296875,746.820068359375,0.10546530783176422,0.04251828417181969,0.0003,0.0003,0.10546470433473587
,,,,,631999,7966.6123,1000,,,,,,,,,,
,,,,,632000,,,-743.2755126953125,-6.24797248840332,5.222387313842773,741.5064697265625,741.8316650390625,0.1052478477358818,-0.045746251940727234,0.0003,0.0003,0.10525251924991608
,,,,,632999,8052.3857,1000,,,,,,,,,,
,,,,,633000,,,-743.5211791992188,-6.003133773803711,4.322916030883789,741.7500610351562,742.2940063476562,0.10590089112520218,0.02646179310977459,0.0003,0.0003,0.10590015351772308
,,,,,633999,7962.6895,1000,,,,,,,,,,
,,,,,634000,,,-750.6818237304688,-6.237490653991699,3.0047736167907715,749.45458984375,749.518310546875,0.10514362156391144,-0.01685544289648533,0.0003,0.0003,0.10514028370380402
,,,,,634999,7894.898,1000,,,,,,,,,,
8088.6274,47.356277,8158.5684,8015.167,1000.0,635000,,,-748.7251586914062,-5.761850357055664,3.8144571781158447,747.1273193359375,747.321533203125,0.10609150677919388,0.034663744270801544,0.0003,0.0003,0.10608907788991928
,,,,,635999,7816.8057,1000,,,,,,,,,,
,,,,,636000,,,-744.1097412109375,-5.908141136169434,4.8217267990112305,742.838134765625,742.724365234375,0.10595697909593582,0.005470316857099533,0.0003,0.0003,0.10595351457595825
,,,,,636999,8139.543,1000,,,,,,,,,,
,,,,,637000,,,-738.4783325195312,-6.505380153656006,4.015438079833984,736.9339599609375,736.8472900390625,0.10593123733997345,-0.03896719589829445,0.0003,0.0003,0.10593091696500778
,,,,,637999,8051.078,1000,,,,,,,,,,
,,,,,638000,,,-743.8465576171875,-6.057948112487793,4.580404281616211,742.3177490234375,742.1074829101562,0.10532170534133911,0.006272950209677219,0.0003,0.0003,0.10532163083553314
,,,,,638999,8121.705,1000,,,,,,,,,,
,,,,,639000,,,-749.5145874023438,-6.08845329284668,4.107992649078369,748.0537719726562,748.1408081054688,0.10492409765720367,0.021248716861009598,0.0003,0.0003,0.10492097586393356
,,,,,639999,7929.9907,1000,,,,,,,,,,
7388.3896,2289.5564,8262.175,521.99097,1000.0,640000,,,-740.853271484375,-6.117458343505859,6.629469871520996,739.1277465820312,739.4706420898438,0.1046462431550026,-0.005941599141806364,0.0003,0.0003,0.10464375466108322
,,,,,640999,8037.7695,1000,,,,,,,,,,
,,,,,641000,,,-744.2958374023438,-6.477124214172363,5.2583513259887695,742.41357421875,742.5167236328125,0.10579181462526321,-0.047131262719631195,0.0003,0.0003,0.1057959794998169
,,,,,641999,8094.687,1000,,,,,,,,,,
,,,,,642000,,,-737.9821166992188,-6.575910568237305,10.060338973999023,736.1522216796875,736.9571533203125,0.10600751638412476,-0.036975037306547165,0.0003,0.0003,0.10600680857896805
,,,,,642999,8203.188,1000,,,,,,,,,,
,,,,,643000,,,-739.2152709960938,-6.022465705871582,6.807312488555908,738.1015014648438,737.6795654296875,0.10604505240917206,0.004249654710292816,0.0003,0.0003,0.10604667663574219
,,,,,643999,8046.9023,1000,,,,,,,,,,
,,,,,644000,,,-750.8726806640625,-5.577468395233154,4.385019302368164,749.62353515625,749.4622192382812,0.10584116727113724,0.01908869296312332,0.0003,0.0003,0.10584376007318497
,,,,,644999,8114.646,1000,,,,,,,,,,
8183.2993,82.70331,8278.374,8028.1475,1000.0,645000,,,-744.0841064453125,-6.143747806549072,6.176792621612549,742.8668212890625,743.145751953125,0.10606452822685242,-0.020127708092331886,0.0003,0.0003,0.10606233030557632
,,,,,645999,8137.112,1000,,,,,,,,,,
,,,,,646000,,,-741.0069580078125,-5.844887733459473,4.034439563751221,740.1475830078125,740.3150634765625,0.10582195967435837,0.01296177413314581,0.0003,0.0003,0.10582390427589417
,,,,,646999,7923.0527,1000,,,,,,,,,,
,,,,,647000,,,-747.127197265625,-6.407143592834473,5.457590579986572,745.4618530273438,745.4390258789062,0.10634559392929077,-0.016760850325226784,0.0003,0.0003,0.10634175688028336
,,,,,647999,8058.248,1000,,,,,,,,,,
,,,,,648000,,,-752.7330932617188,-5.670923709869385,4.21733283996582,751.1282348632812,751.8662109375,0.10617855936288834,0.04538039118051529,0.0003,0.0003,0.10617749392986298
,,,,,648999,8144.116,1000,,,,,,,,,,
,,,,,649000,,,-739.0008544921875,-6.609163284301758,5.206645488739014,737.3731079101562,737.3743896484375,0.10570735484361649,-0.03302890807390213,0.0003,0.0003,0.10570976883172989
,,,,,649999,8058.1187,1000,,,,,,,,,,
7828.2373,645.1163,8283.596,6014.518,1000.0,650000,,,-743.6736450195312,-6.168179512023926,6.25055456161499,742.463134765625,742.0528564453125,0.1063634380698204,-0.012554440647363663,0.0003,0.0003,0.10636724531650543
,,,,,650999,8185.4243,1000,,,,,,,,,,
,,,,,651000,,,-750.674072265625,-5.211215972900391,5.330317497253418,748.9234619140625,749.0174560546875,0.10628574341535568,0.07160940766334534,0.0003,0.0003,0.10628143697977066
,,,,,651999,8224.362,1000,,,,,,,,,,
,,,,,652000,,,-750.1303100585938,-6.185921669006348,4.13028621673584,749.1513671875,748.7844848632812,0.10635468363761902,-0.04380975291132927,0.0003,0.0003,0.10635393112897873
,,,,,652999,8143.8677,1000,,,,,,,,,,
,,,,,653000,,,-748.2650146484375,-6.965176582336426,4.791802406311035,747.0242919921875,747.1322021484375,0.10688067227602005,-0.09904149174690247,0.0003,0.0003,0.10688536614179611
,,,,,653999,8202.071,1000,,,,,,,,,,
,,,,,654000,,,-753.6389770507812,-6.1457319259643555,4.7439165115356445,752.7384033203125,752.4326782226562,0.10723495483398438,0.001905948854982853,0.0003,0.0003,0.1072373315691948
,,,,,654999,8116.546,1000,,,,,,,,,,
8115.9336,91.34149,8257.0205,7961.588,1000.0,655000,,,-748.8967895507812,-5.928012371063232,4.78305721282959,747.23193359375,747.3014526367188,0.10657740384340286,-0.007758958265185356,0.0003,0.0003,0.10657832026481628
,,,,,655999,8190.397,1000,,,,,,,,,,
,,,,,656000,,,-743.2320556640625,-6.1084208488464355,3.549926519393921,741.9798583984375,741.697998046875,0.10644974559545517,-0.013857774436473846,0.0003,0.0003,0.10644713044166565
,,,,,656999,8106.0796,1000,,,,,,,,,,
,,,,,657000,,,-752.8170166015625,-5.603494644165039,3.977670431137085,751.5433349609375,751.4720458984375,0.10543738305568695,0.03514767438173294,0.0003,0.0003,0.10543601959943771
,,,,,657999,7890.019,1000,,,,,,,,,,
,,,,,658000,,,-755.1500854492188,-5.762899875640869,4.104326248168945,753.9404907226562,753.9044189453125,0.10625604540109634,0.03951841592788696,0.0003,0.0003,0.10625536739826202
,,,,,658999,8122.7993,1000,,,,,,,,,,
,,,,,659000,,,-740.3048706054688,-6.454484939575195,5.879307746887207,738.9747314453125,738.8732299804688,0.10676687955856323,-0.05818173289299011,0.0003,0.0003,0.10677128285169601
,,,,,659999,8109.4316,1000,,,,,,,,,,
8108.913,149.00539,8309.268,7839.5312,1000.0,660000,,,-757.1995239257812,-5.9928741455078125,5.075079917907715,755.499267578125,755.4972534179688,0.10652045160531998,-0.023347221314907074,0.0003,0.0003,0.10651913285255432
,,,,,660999,7934.741,1000,,,,,,,,,,
,,,,,661000,,,-758.3220825195312,-5.757293701171875,3.4287915229797363,756.7052001953125,756.9613037109375,0.10654653608798981,0.030501320958137512,0.0003,0.0003,0.10654480755329132
,,,,,661999,8221.549,1000,,,,,,,,,,
,,,,,662000,,,-754.3740234375,-6.075381278991699,3.995471239089966,753.2255859375,753.0694580078125,0.107430100440979,0.006890514865517616,0.0003,0.0003,0.10743135213851929
,,,,,662999,7984.509,1000,,,,,,,,,,
,,,,,663000,,,-750.4309692382812,-6.339509963989258,5.170953750610352,748.5989990234375,748.7191772460938,0.10720611363649368,-0.02219020575284958,0.0003,0.0003,0.10720517486333847
,,,,,663999,8111.5557,1000,,,,,,,,,,
,,,,,664000,,,-755.422607421875,-6.001387596130371,5.390376567840576,753.765380859375,753.99658203125,0.10703426599502563,0.011634137481451035,0.0003,0.0003,0.10703003406524658
,,,,,664999,8010.981,1000,,,,,,,,,,
8046.6963,403.57126,8285.482,6865.804,1000.0,665000,,,-756.2760009765625,-5.7823486328125,4.853116989135742,755.0159912109375,755.0572509765625,0.10642193257808685,-0.0017430726438760757,0.0003,0.0003,0.10642416030168533
,,,,,665999,8186.201,1000,,,,,,,,,,
,,,,,666000,,,-756.2842407226562,-5.6279449462890625,4.168089389801025,755.1737060546875,755.114013671875,0.10676051676273346,0.01842227764427662,0.0003,0.0003,0.10676135867834091
,,,,,666999,8085.6724,1000,,,,,,,,,,
,,,,,667000,,,-761.5342407226562,-5.747373580932617,4.5569562911987305,760.9691162109375,760.3912353515625,0.10707775503396988,0.028302330523729324,0.0003,0.0003,0.10708007961511612
,,,,,667999,8116.9585,1000,,,,,,,,,,
,,,,,668000,,,-755.4295654296875,-5.834604263305664,3.3159542083740234,753.8554077148438,754.0111083984375,0.10664191842079163,0.01005418598651886,0.0003,0.0003,0.10664156079292297
,,,,,668999,8252.154,1000,,,,,,,,,,
,,,,,669000,,,-751.4387817382812,-6.141082286834717,4.495318412780762,750.3309936523438,749.8524169921875,0.10629676282405853,-0.02386278100311756,0.0003,0.0003,0.10629947483539581
,,,,,669999,8054.973,1000,,,,,,,,,,
8195.817,73.152954,8304.6455,8062.6943,1000.0,670000,,,-756.604248046875,-5.416233062744141,4.331601142883301,754.995361328125,754.88623046875,0.1059853583574295,0.054691970348358154,0.0003,0.0003,0.10597982257604599
,,,,,670999,8250.039,1000,,,,,,,,,,
,,,,,671000,,,-749.7037963867188,-5.994431972503662,5.3879852294921875,748.0595703125,747.830810546875,0.10761726647615433,-0.008103671483695507,0.0003,0.0003,0.10761277377605438
,,,,,671999,8202.082,1000,,,,,,,,,,
,,,,,672000,,,-753.9436645507812,-6.229807376861572,6.263513565063477,752.667724609375,752.5810546875,0.1072436198592186,-0.016240432858467102,0.0003,0.0003,0.1072378158569336
,,,,,672999,8272.946,1000,,,,,,,,,,
,,,,,673000,,,-749.48876953125,-5.929847717285156,4.521707534790039,748.3126831054688,748.1919555664062,0.10630568861961365,-0.01946195587515831,0.0003,0.0003,0.10630809515714645
,,,,,673999,8077.234,1000,,,,,,,,,,
,,,,,674000,,,-759.6998291015625,-5.886590957641602,4.963379383087158,759.1134033203125,758.7857666015625,0.10681785643100739,0.04512987285852432,0.0003,0.0003,0.1068204790353775
,,,,,674999,8281.806,1000,,,,,,,,,,
8246.644,70.34179,8335.832,8122.2305,1000.0,675000,,,-763.6008911132812,-5.823141098022461,3.6504836082458496,762.481689453125,762.626953125,0.10735718160867691,0.01299215480685234,0.0003,0.0003,0.1073540598154068
,,,,,675999,8184.6777,1000,,,,,,,,,,
,,,,,676000,,,-756.2435302734375,-5.757291316986084,5.002790451049805,754.4547729492188,754.5283203125,0.10672677308320999,0.03866864740848541,0.0003,0.0003,0.1067243292927742
,,,,,676999,8179.5225,1000,,,,,,,,,,
,,,,,677000,,,-757.0444946289062,-5.9446797370910645,3.5874881744384766,755.9646606445312,755.7357177734375,0.10709723830223083,-0.010446971282362938,0.0003,0.0003,0.10709715634584427
,,,,,677999,8245.762,1000,,,,,,,,,,
,,,,,678000,,,-759.9732055664062,-5.829645156860352,3.7632570266723633,759.299072265625,759.2716064453125,0.10702315717935562,0.038313351571559906,0.0003,0.0003,0.10702479630708694
,,,,,678999,8043.6416,1000,,,,,,,,,,
,,,,,679000,,,-755.1044921875,-5.940537929534912,3.912660598754883,753.178955078125,753.5465087890625,0.10677535831928253,0.025964343920350075,0.0003,0.0003,0.10676998645067215
,,,,,679999,8174.9736,1000,,,,,,,,,,
8272.805,83.32865,8386.018,8083.8857,1000.0,680000,,,-754.9515380859375,-6.383487701416016,4.851409912109375,753.35888671875,753.178466796875,0.10630852729082108,-0.008829258382320404,0.0003,0.0003,0.1063113659620285
,,,,,680999,8288.323,1000,,,,,,,,,,
,,,,,681000,,,-758.8121337890625,-6.252569198608398,8.819098472595215,758.030029296875,757.0405883789062,0.10612432658672333,-0.04551870748400688,0.0003,0.0003,0.10612804442644119
,,,,,681999,8106.6343,1000,,,,,,,,,,
,,,,,682000,,,-749.4893798828125,-6.872501373291016,4.595440864562988,748.017578125,748.0648803710938,0.10550514608621597,-0.07001957297325134,0.0003,0.0003,0.10550881922245026
,,,,,682999,8090.586,1000,,,,,,,,,,
,,,,,683000,,,-763.5420532226562,-6.226649284362793,4.766510009765625,761.9295654296875,762.35693359375,0.10621744394302368,-0.025071052834391594,0.0003,0.0003,0.10621648281812668
,,,,,683999,8210.01,1000,,,,,,,,,,
,,,,,684000,,,-757.7139282226562,-5.820054531097412,4.306350231170654,756.685302734375,756.5889282226562,0.1058274582028389,-0.020304135978221893,0.0003,0.0003,0.10582791268825531
,,,,,684999,8152.9165,1000,,,,,,,,,,
8236.015,85.46548,8364.062,8103.1826,1000.0,685000,,,-757.8572387695312,-6.085214614868164,7.562355995178223,756.6617431640625,756.4324951171875,0.10550225526094437,-0.014080763794481754,0.0003,0.0003,0.10550253093242645
,,,,,685999,8324.465,1000,,,,,,,,,,
,,,,,686000,,,-758.7449340820312,-5.944815158843994,4.112871170043945,757.59716796875,757.5164794921875,0.1063065230846405,0.029223816469311714,0.0003,0.0003,0.10630764067173004
,,,,,686999,8207.982,1000,,,,,,,,,,
,,,,,687000,,,-756.0347290039062,-5.855851173400879,4.290409088134766,754.775146484375,754.7748413085938,0.106865793466568,0.014761539176106453,0.0003,0.0003,0.10686475038528442
,,,,,687999,8178.863,1000,,,,,,,,,,
,,,,,688000,,,-761.654296875,-6.075976371765137,3.5142698287963867,760.4181518554688,760.5087280273438,0.10685835033655167,0.008820531889796257,0.0003,0.0003,0.1068536639213562
,,,,,688999,8148.094,1000,,,,,,,,,,
,,,,,689000,,,-766.7501831054688,-5.458028793334961,4.664670944213867,765.6729125976562,765.095458984375,0.10642878711223602,0.06928050518035889,0.0003,0.0003,0.10642256587743759
,,,,,689999,6977.384,1000,,,,,,,,,,
8074.216,519.8085,8357.398,6553.21,1000.0,690000,,,-763.4187622070312,-6.11820125579834,4.676117420196533,761.6992797851562,761.845947265625,0.10573724657297134,-0.00990326888859272,0.0003,0.0003,0.10574290156364441
,,,,,690999,8141.712,1000,,,,,,,,,,
,,,,,691000,,,-756.310302734375,-5.725371360778809,7.565105438232422,755.4692993164062,755.1819458007812,0.10613410919904709,0.014250066131353378,0.0003,0.0003,0.1061321347951889
,,,,,691999,8250.376,1000,,,,,,,,,,
,,,,,692000,,,-764.3294067382812,-5.761019706726074,3.197249412536621,762.95556640625,763.1926879882812,0.10622623562812805,0.07786884903907776,0.0003,0.0003,0.10623013973236084
,,,,,692999,8276.51,1000,,,,,,,,,,
,,,,,693000,,,-757.2060546875,-6.047809600830078,4.133636951446533,756.02392578125,755.9064331054688,0.10588005185127258,-0.0460689514875412,0.0003,0.0003,0.10588586330413818
,,,,,693999,8294.85,1000,,,,,,,,,,
,,,,,694000,,,-770.3849487304688,-5.307469367980957,2.9930458068847656,768.9241943359375,768.819091796875,0.10538457334041595,0.078335240483284,0.0003,0.0003,0.10538462549448013
,,,,,694999,8260.88,1000,,,,,,,,,,
7872.042,1164.1232,8340.979,4385.9507,1000.0,695000,,,-765.248046875,-6.166436672210693,3.4912426471710205,764.0987548828125,764.435546875,0.10620149224996567,0.02061213180422783,0.0003,0.0003,0.10620519518852234
,,,,,695999,8161.82,1000,,,,,,,,,,
,,,,,696000,,,-755.274169921875,-5.965359687805176,6.6216301918029785,753.8865966796875,754.0060424804688,0.10619856417179108,-0.008393008261919022,0.0003,0.0003,0.10619837790727615
,,,,,696999,7795.647,1000,,,,,,,,,,
,,,,,697000,,,-768.9692993164062,-5.3945770263671875,4.615283966064453,767.61767578125,767.5836181640625,0.10581613332033157,0.05310477316379547,0.0003,0.0003,0.10581505298614502
,,,,,697999,8297.496,1000,,,,,,,,,,
,,,,,698000,,,-766.2536010742188,-5.742496013641357,3.763470411300659,765.4384765625,765.281982421875,0.1060456857085228,0.02186497114598751,0.0003,0.0003,0.10604626685380936
,,,,,698999,7964.517,1000,,,,,,,,,,
,,,,,699000,,,-763.36279296875,-6.28232479095459,4.807974815368652,761.8997802734375,761.977294921875,0.10607552528381348,-0.015720291063189507,0.0003,0.0003,0.1060824766755104
,,,,,699999,7103.203,1000,,,,,,,,,,
8243.795,99.33361,8346.64,7997.9683,1000.0,700000,,,-760.974853515625,-5.81500244140625,3.595810890197754,759.4478759765625,759.6044921875,0.10626116394996643,0.02563740499317646,0.0003,0.0003,0.10625855624675751
,,,,,700999,8050.001,1000,,,,,,,,,,
,,,,,701000,,,-759.4539794921875,-5.576927185058594,4.919805526733398,758.0218505859375,757.9594116210938,0.10631554573774338,0.021479573100805283,0.0003,0.0003,0.10631364583969116
,,,,,701999,8307.336,1000,,,,,,,,,,
,,,,,702000,,,-760.3878173828125,-6.256877899169922,6.271482467651367,758.6244506835938,759.134521484375,0.10684001445770264,-0.0039701517671346664,0.0003,0.0003,0.10684312134981155
,,,,,702999,8277.841,1000,,,,,,,,,,
,,,,,703000,,,-763.6627197265625,-6.721225738525391,5.557048320770264,761.9584350585938,762.4603271484375,0.10692497342824936,-0.06894965469837189,0.0003,0.0003,0.10692178457975388
,,,,,703999,8416.912,1000,,,,,,,,,,
,,,,,704000,,,-764.8291625976562,-6.466477394104004,4.343851566314697,763.265380859375,763.0943603515625,0.10700848698616028,-0.02185162343084812,0.0003,0.0003,0.1070055365562439
,,,,,704999,8323.4795,1000,,,,,,,,,,
7869.7397,278.3201,8089.73,7082.4697,1000.0,705000,,,-765.4790649414062,-5.427779674530029,4.727955341339111,763.9112548828125,763.959716796875,0.10684729367494583,0.06145373359322548,0.0003,0.0003,0.1068422794342041
,,,,,705999,8230.586,1000,,,,,,,,,,
,,,,,706000,,,-762.9462280273438,-6.318078994750977,4.614579677581787,761.8209228515625,762.059326171875,0.1064244955778122,-0.04307233542203903,0.0003,0.0003,0.1064271628856659
,,,,,706999,8261.704,1000,,,,,,,,,,
,,,,,707000,,,-757.0868530273438,-5.613372802734375,5.941223621368408,755.9860229492188,755.731689453125,0.1065778136253357,0.01377513911575079,0.0003,0.0003,0.1065828949213028
,,,,,707999,8278.114,1000,,,,,,,,,,
,,,,,708000,,,-761.711669921875,-5.7474045753479,4.329207420349121,759.923828125,759.8348388671875,0.1060342863202095,0.03238621726632118,0.0003,0.0003,0.10603009164333344
,,,,,708999,8377.233,1000,,,,,,,,,,
,,,,,709000,,,-764.6309204101562,-5.97654390335083,4.502484321594238,763.6903076171875,763.8026123046875,0.10593623667955399,0.024703459814190865,0.0003,0.0003,0.10593919456005096
,,,,,709999,8235.701,1000,,,,,,,,,,
7560.6367,1492.498,8395.406,3648.005,1000.0,710000,,,-769.8301391601562,-5.932931900024414,5.360137462615967,768.37451171875,768.3043212890625,0.10456381738185883,0.033290017396211624,0.0003,0.0003,0.10456174612045288
,,,,,710999,8209.059,1000,,,,,,,,,,
,,,,,711000,,,-766.794677734375,-6.260594367980957,4.773013591766357,765.1334228515625,765.3178100585938,0.10436232388019562,-0.03370891511440277,0.0003,0.0003,0.1043645441532135
,,,,,711999,8159.706,1000,,,,,,,,,,
,,,,,712000,,,-762.7495727539062,-6.127636909484863,4.476500034332275,761.3433837890625,761.637451171875,0.10417570173740387,0.02295582927763462,0.0003,0.0003,0.10417336970567703
,,,,,712999,8355.263,1000,,,,,,,,,,
,,,,,713000,,,-765.89794921875,-6.297407150268555,4.467343330383301,764.8914794921875,764.29150390625,0.10458376258611679,-0.028703995048999786,0.0003,0.0003,0.10458553582429886
,,,,,713999,8206.58,1000,,,,,,,,,,
,,,,,714000,,,-765.6554565429688,-6.055846214294434,4.649393558502197,764.3375244140625,764.3189697265625,0.10497336834669113,-0.031831737607717514,0.0003,0.0003,0.10497835278511047
,,,,,714999,8325.795,1000,,,,,,,,,,
8332.267,46.464325,8390.2295,8244.651,1000.0,715000,,,-763.72412109375,-5.527728080749512,7.17329216003418,762.181396484375,762.3828125,0.10533503443002701,0.0127178393304348,0.0003,0.0003,0.10533136874437332
,,,,,715999,8297.094,1000,,,,,,,,,,
,,,,,716000,,,-768.6187133789062,-6.222404956817627,6.339885711669922,767.4189453125,767.4360961914062,0.10626491159200668,-0.022384507581591606,0.0003,0.0003,0.10626684129238129
,,,,,716999,8308.435,1000,,,,,,,,,,
,,,,,717000,,,-771.8667602539062,-5.737179756164551,3.9206185340881348,770.6974487304688,770.7705078125,0.10542792826890945,-0.000330580398440361,0.0003,0.0003,0.10542052984237671
,,,,,717999,8391.15,1000,,,,,,,,,,
,,,,,718000,,,-764.9771728515625,-6.5174560546875,4.123900890350342,763.6031494140625,763.483642578125,0.10463569313287735,-0.03433027118444443,0.0003,0.0003,0.10463201999664307
,,,,,718999,8488.97,1000,,,,,,,,,,
,,,,,719000,,,-772.1791381835938,-5.353854179382324,3.9706246852874756,771.2279663085938,771.174072265625,0.10523274540901184,0.07409064471721649,0.0003,0.0003,0.10523282736539841
,,,,,719999,8327.066,1000,,,,,,,,,,
7625.4463,2084.169,8454.662,1379.6156,1000.0,720000,,,-767.7977905273438,-5.624828338623047,3.892594337463379,766.1898803710938,766.2522583007812,0.10585583001375198,0.04208609089255333,0.0003,0.0003,0.10585587471723557
,,,,,720999,2468.3257,1000,,,,,,,,,,
,,,,,721000,,,-769.9522705078125,-5.63925838470459,3.8150320053100586,768.7628173828125,768.939208984375,0.10551445186138153,0.04741475358605385,0.0003,0.0003,0.10551666468381882
,,,,,721999,8349.024,1000,,,,,,,,,,
,,,,,722000,,,-765.1024780273438,-5.954492568969727,6.974556922912598,763.5894775390625,763.4971313476562,0.10562603175640106,-0.018095213919878006,0.0003,0.0003,0.10562485456466675
,,,,,722999,8312.491,1000,,,,,,,,,,
,,,,,723000,,,-770.491455078125,-6.372381210327148,5.293346405029297,769.0407104492188,769.2094116210938,0.10474909096956253,-0.051322296261787415,0.0003,0.0003,0.1047498807311058
,,,,,723999,8380.946,1000,,,,,,,,,,
,,,,,724000,,,-771.5967407226562,-6.385173320770264,7.250609874725342,770.3723754882812,770.2562866210938,0.10519544780254364,0.00849489402025938,0.0003,0.0003,0.10520177334547043
,,,,,724999,7870.252,1000,,,,,,,,,,
8177.8193,70.77067,8273.558,8032.6494,1000.0,725000,,,-765.4218139648438,-5.697418212890625,4.620064735412598,764.2111206054688,763.8779296875,0.1035783514380455,0.00385289266705513,0.0003,0.0003,0.10357106477022171
,,,,,725999,8228.634,1000,,,,,,,,,,
,,,,,726000,,,-767.421875,-6.2595415115356445,7.514526844024658,766.052734375,765.8057250976562,0.10279329866170883,0.007833434268832207,0.0003,0.0003,0.1027972474694252
,,,,,726999,8353.465,1000,,,,,,,,,,
,,,,,727000,,,-779.291015625,-5.81076192855835,5.651917457580566,778.1781616210938,778.3916015625,0.10292476415634155,-0.010323913767933846,0.0003,0.0003,0.10293106734752655
,,,,,727999,8279.248,1000,,,,,,,,,,
,,,,,728000,,,-764.73291015625,-5.955481052398682,5.5737104415893555,763.5376586914062,763.5850830078125,0.10260897129774094,-0.0068338792771101,0.0003,0.0003,0.1026085764169693
,,,,,728999,8189.795,1000,,,,,,,,,,
,,,,,729000,,,-768.21630859375,-5.743732452392578,5.133452415466309,766.796630859375,766.6299438476562,0.10200001299381256,0.0153372623026371,0.0003,0.0003,0.10199835896492004
,,,,,729999,7235.683,1000,,,,,,,,,,
7953.138,954.9225,8327.529,5093.3926,1000.0,730000,,,-769.3501586914062,-5.824836730957031,4.367003917694092,768.56640625,768.4147338867188,0.10234431177377701,0.0325491800904274,0.0003,0.0003,0.10234301537275314
,,,,,730999,8303.587,1000,,,,,,,,,,
,,,,,731000,,,-776.2366333007812,-6.587501525878906,2.8178138732910156,775.174072265625,775.5123291015625,0.10188798606395721,0.00647257873788476,0.0003,0.0003,0.10189056396484375
,,,,,731999,8264.696,1000,,,,,,,,,,
,,,,,732000,,,-776.1200561523438,-5.4771246910095215,4.3722147941589355,774.8851318359375,774.9249267578125,0.10275766998529434,0.05009020119905472,0.0003,0.0003,0.10275377333164215
,,,,,732999,8295.05,1000,,,,,,,,,,
,,,,,733000,,,-775.3892211914062,-6.4506449699401855,5.152392387390137,774.0606689453125,773.9105224609375,0.10371094942092896,-0.042426176369190216,0.0003,0.0003,0.10371329635381699
,,,,,733999,8314.205,1000,,,,,,,,,,
,,,,,734000,,,-775.9469604492188,-5.915389060974121,4.92102575302124,774.8157348632812,774.8246459960938,0.10272073745727539,0.041213616728782654,0.0003,0.0003,0.10271888971328735
,,,,,734999,8328.979,1000,,,,,,,,,,
8155.2695,281.94244,8327.677,7326.1323,1000.0,735000,,,-765.59521484375,-6.3105573654174805,4.463966369628906,764.5277099609375,764.575927734375,0.10370410233736038,-0.0665641576051712,0.0003,0.0003,0.1037038266658783
,,,,,735999,8346.017,1000,,,,,,,,,,
,,,,,736000,,,-772.195556640625,-6.026591777801514,6.988141059875488,771.37939453125,771.0702514648438,0.10455586016178131,-0.011790778487920761,0.0003,0.0003,0.10455599427223206
,,,,,736999,8281.682,1000,,,,,,,,,,
,,,,,737000,,,-774.6575927734375,-5.984549522399902,4.851954460144043,773.7984619140625,773.9501953125,0.10467149317264557,-0.01301668118685484,0.0003,0.0003,0.10467551648616791
,,,,,737999,8214.971,1000,,,,,,,,,,
,,,,,738000,,,-764.2449951171875,-5.914874076843262,4.961822509765625,762.5919189453125,762.4730834960938,0.10368180274963379,-0.007538423873484135,0.0003,0.0003,0.10367608815431595
,,,,,738999,8200.232,1000,,,,,,,,,,
,,,,,739000,,,-777.448486328125,-5.885156154632568,4.997254371643066,776.5269165039062,776.5445556640625,0.10271333158016205,0.01229812577366829,0.0003,0.0003,0.10271159559488297
,,,,,739999,8358.31,1000,,,,,,,,,,
8303.028,82.14243,8462.02,8128.7646,1000.0,740000,,,-771.8555297851562,-5.687980651855469,4.899744033813477,771.076416015625,770.68896484375,0.10307326167821884,0.004430626519024372,0.0003,0.0003,0.10307072848081589
,,,,,740999,8204.996,1000,,,,,,,,,,
,,,,,741000,,,-759.4981079101562,-6.072312355041504,5.686315536499023,757.887451171875,757.965087890625,0.10352484881877899,-0.02826494537293911,0.0003,0.0003,0.10352233052253723
,,,,,741999,8277.138,1000,,,,,,,,,,
,,,,,742000,,,-775.4432983398438,-5.856847763061523,8.68280029296875,774.3170166015625,774.0691528320312,0.10340656340122223,-0.011636395007371902,0.0003,0.0003,0.10340648889541626
,,,,,742999,8196.632,1000,,,,,,,,,,
,,,,,743000,,,-769.8997192382812,-5.8295817375183105,4.528151512145996,768.3032836914062,768.2760620117188,0.10431386530399323,-0.0093729542568326,0.0003,0.0003,0.1043098121881485
,,,,,743999,8277.308,1000,,,,,,,,,,
,,,,,744000,,,-775.8054809570312,-5.564146518707275,4.065062522888184,774.328857421875,774.4091186523438,0.10497388988733292,0.03129618614912033,0.0003,0.0003,0.10497091710567474
,,,,,744999,8391.89,1000,,,,,,,,,,
8335.217,83.05175,8416.314,8138.0337,1000.0,745000,,,-774.5780029296875,-5.9412031173706055,4.466217041015625,773.40771484375,773.04443359375,0.10511370003223419,0.0047033680602908134,0.0003,0.0003,0.10510827600955963
,,,,,745999,8449.222,1000,,,,,,,,,,
,,,,,746000,,,-778.3472290039062,-5.574240684509277,3.273817777633667,777.5170288085938,777.3560791015625,0.10476135462522507,0.056904301047325134,0.0003,0.0003,0.10476122051477432
,,,,,746999,8157.408,1000,,,,,,,,,,
,,,,,747000,,,-778.5845336914062,-6.0652265548706055,4.267284393310547,777.583740234375,777.1488037109375,0.1059531643986702,-0.002470593899488449,0.0003,0.0003,0.10595422983169556
,,,,,747999,8263.838,1000,,,,,,,,,,
,,,,,748000,,,-772.5792846679688,-5.689523696899414,4.126313209533691,771.1972045898438,770.8257446289062,0.10624559223651886,-0.023804359138011932,0.0003,0.0003,0.10624736547470093
,,,,,748999,8340.84,1000,,,,,,,,,,
,,,,,749000,,,-772.4295043945312,-6.042104721069336,4.779597759246826,770.975341796875,770.6652221679688,0.10700180381536484,0.017307132482528687,0.0003,0.0003,0.10700104385614395
,,,,,749999,8467.112,1000,,,,,,,,,,
8119.643,932.4482,8520.0205,5327.14,1000.0,750000,,,-781.2955932617188,-5.947086334228516,6.854717254638672,780.2770385742188,779.9091796875,0.10816802084445953,0.021941736340522766,0.0003,0.0003,0.1081656962633133
,,,,,750999,8493.74,1000,,,,,,,,,,
,,,,,751000,,,-775.897216796875,-5.920577049255371,3.677072286605835,774.8002319335938,774.7186279296875,0.1079927384853363,0.033484529703855515,0.0003,0.0003,0.10799448192119598
,,,,,751999,8472.379,1000,,,,,,,,,,
,,,,,752000,,,-771.38623046875,-6.503305435180664,6.1556243896484375,770.05224609375,769.9866943359375,0.10705212503671646,-0.020658278837800026,0.0003,0.0003,0.10705292224884033
,,,,,752999,8429.303,1000,,,,,,,,,,
,,,,,753000,,,-779.8792114257812,-5.625143051147461,5.460813522338867,778.3739013671875,778.4024047851562,0.1066589504480362,0.005964541807770729,0.0003,0.0003,0.10665620863437653
,,,,,753999,8449.428,1000,,,,,,,,,,
,,,,,754000,,,-778.356201171875,-5.266605377197266,4.500337600708008,777.318359375,777.2695922851562,0.10593830794095993,0.03921251744031906,0.0003,0.0003,0.10593469440937042
,,,,,754999,8307.335,1000,,,,,,,,,,
7854.6533,965.96747,8339.11,4996.855,1000.0,755000,,,-777.6149291992188,-6.397095203399658,6.013869285583496,776.1488037109375,776.2919921875,0.10616549104452133,-0.05580885708332062,0.0003,0.0003,0.10616503655910492
,,,,,755999,8439.839,1000,,,,,,,,,,
,,,,,756000,,,-778.5614013671875,-6.384071350097656,4.595222473144531,777.3675537109375,777.2076416015625,0.1077471598982811,-0.03330613672733307,0.0003,0.0003,0.10775018483400345
,,,,,756999,8403.738,1000,,,,,,,,,,
,,,,,757000,,,-782.57666015625,-5.826295852661133,4.789200305938721,781.203125,781.02294921875,0.10566109418869019,0.023210525512695312,0.0003,0.0003,0.10566464066505432
,,,,,757999,8053.5947,1000,,,,,,,,,,
,,,,,758000,,,-786.3776245117188,-5.452275276184082,5.083024024963379,785.319091796875,785.21923828125,0.10745776444673538,0.07523401081562042,0.0003,0.0003,0.1074552834033966
,,,,,758999,8389.386,1000,,,,,,,,,,
,,,,,759000,,,-778.3820190429688,-5.7985334396362305,5.364336013793945,777.38330078125,777.053466796875,0.10600773990154266,0.007161873392760754,0.0003,0.0003,0.1060020849108696
,,,,,759999,8473.858,1000,,,,,,,,,,
8241.08,695.7876,8560.887,6161.4785,1000.0,760000,,,-780.6165771484375,-6.150384426116943,6.686220169067383,779.4443359375,779.440185546875,0.10580697655677795,-0.0028113052248954773,0.0003,0.0003,0.10580473393201828
,,,,,760999,8472.274,1000,,,,,,,,,,
,,,,,761000,,,-774.0902099609375,-5.730365753173828,4.591752529144287,772.1541748046875,771.949462890625,0.10692163556814194,0.03999818488955498,0.0003,0.0003,0.10692440718412399
,,,,,761999,8566.134,1000,,,,,,,,,,
,,,,,762000,,,-782.4482421875,-5.904560565948486,4.152235507965088,780.97412109375,781.054931640625,0.10653413832187653,0.006666265428066254,0.0003,0.0003,0.10654021054506302
,,,,,762999,8315.098,1000,,,,,,,,,,
,,,,,763000,,,-782.2716064453125,-6.48812198638916,5.091945648193359,781.3231811523438,781.4347534179688,0.1078089252114296,-0.05750507116317749,0.0003,0.0003,0.10780724883079529
,,,,,763999,6597.3643,1000,,,,,,,,,,
,,,,,764000,,,-789.1470336914062,-5.7480854988098145,4.985805988311768,788.5076904296875,788.9099731445312,0.10723812878131866,0.0046845413744449615,0.0003,0.0003,0.10724548995494843
,,,,,764999,8482.297,1000,,,,,,,,,,
8322.052,90.808365,8457.151,8165.776,1000.0,765000,,,-779.9907836914062,-5.470861434936523,5.342080593109131,778.8040161132812,779.02978515625,0.10719909518957138,0.02421426586806774,0.0003,0.0003,0.10719490051269531
,,,,,765999,8541.182,1000,,,,,,,,,,
,,,,,766000,,,-777.43408203125,-5.651401519775391,4.903188705444336,775.9882202148438,776.0975341796875,0.10747680813074112,0.04323548823595047,0.0003,0.0003,0.10747411102056503
,,,,,766999,8295.189,1000,,,,,,,,,,
,,,,,767000,,,-778.4290771484375,-6.072413444519043,3.9682087898254395,777.39306640625,777.0711669921875,0.1072707548737526,-0.02257494442164898,0.0003,0.0003,0.10727252066135406
,,,,,767999,8524.279,1000,,,,,,,,,,
,,,,,768000,,,-778.8114013671875,-5.831843852996826,6.957592964172363,777.3526611328125,777.8093872070312,0.106731116771698,0.02716907486319542,0.0003,0.0003,0.10673122107982635
,,,,,768999,8537.369,1000,,,,,,,,,,
,,,,,769000,,,-782.2869262695312,-6.503546714782715,6.11039924621582,781.2305908203125,780.5426025390625,0.10719960927963257,-0.03650150075554848,0.0003,0.0003,0.10720974951982498
,,,,,769999,8482.662,1000,,,,,,,,,,
8441.224,101.626366,8603.188,8214.715,1000.0,770000,,,-786.1671142578125,-6.064876556396484,4.1436004638671875,784.7822265625,784.8093872070312,0.10853054374456406,-0.003471577540040016,0.0003,0.0003,0.10852888226509094
,,,,,770999,8522.226,1000,,,,,,,,,,
,,,,,771000,,,-780.9290771484375,-6.110494613647461,4.648243427276611,779.8662109375,779.72412109375,0.10773205012083054,-0.024100353941321373,0.0003,0.0003,0.10773176699876785
,,,,,771999,8603.923,1000,,,,,,,,,,
,,,,,772000,,,-786.6776733398438,-5.698792457580566,4.838508605957031,785.2529296875,785.2915649414062,0.10766631364822388,0.04258497804403305,0.0003,0.0003,0.10766105353832245
,,,,,772999,8553.729,1000,,,,,,,,,,
,,,,,773000,,,-783.9749755859375,-6.013185024261475,6.149693489074707,783.0613403320312,782.7621459960938,0.10758976638317108,0.00850728154182434,0.0003,0.0003,0.10758589208126068
,,,,,773999,7105.4937,1000,,,,,,,,,,
,,,,,774000,,,-787.7220458984375,-5.5092878341674805,3.14687442779541,786.72802734375,786.6998291015625,0.10793504863977432,0.03559591993689537,0.0003,0.0003,0.10793674737215042
,,,,,774999,8520.971,1000,,,,,,,,,,
8494.478,72.69567,8634.377,8394.833,1000.0,775000,,,-780.2799072265625,-6.16478967666626,4.941158771514893,778.666259765625,779.2604370117188,0.10717175155878067,-0.012239990755915642,0.0003,0.0003,0.10716645419597626
,,,,,775999,8550.2295,1000,,,,,,,,,,
,,,,,776000,,,-793.7568359375,-5.5499091148376465,4.405189514160156,793.1153564453125,792.995849609375,0.10602761059999466,0.01921231485903263,0.0003,0.0003,0.1060258150100708
,,,,,776999,8513.654,1000,,,,,,,,,,
,,,,,777000,,,-787.234375,-6.13751745223999,3.581784725189209,785.878662109375,786.2770385742188,0.10713376104831696,-0.019833212718367577,0.0003,0.0003,0.10713628679513931
,,,,,777999,8427.786,1000,,,,,,,,,,
,,,,,778000,,,-792.48193359375,-5.801652908325195,3.8843042850494385,791.4054565429688,791.763671875,0.10745292901992798,0.0015205079689621925,0.0003,0.0003,0.10745261609554291
,,,,,778999,8522.854,1000,,,,,,,,,,
,,,,,779000,,,-787.2235717773438,-6.001931190490723,8.577838897705078,786.0321044921875,785.7442626953125,0.10776423662900925,0.043081603944301605,0.0003,0.0003,0.10776323825120926
,,,,,779999,8389.668,1000,,,,,,,,,,
8644.795,65.495056,8739.139,8537.324,1000.0,780000,,,-787.195068359375,-6.584748268127441,4.336126804351807,785.7778930664062,785.4855346679688,0.10658108443021774,-0.055973995476961136,0.0003,0.0003,0.10658500343561172
,,,,,780999,8502.165,1000,,,,,,,,,,
,,,,,781000,,,-782.74951171875,-6.213123321533203,5.523036003112793,780.9500732421875,781.4270629882812,0.10675313323736191,-0.013167996890842915,0.0003,0.0003,0.10675664246082306
,,,,,781999,8500.316,1000,,,,,,,,,,
,,,,,782000,,,-791.2420654296875,-5.951831817626953,3.7009754180908203,790.143310546875,790.1719970703125,0.10861547291278839,-0.02804470621049404,0.0003,0.0003,0.10862123221158981
,,,,,782999,8517.367,1000,,,,,,,,,,
,,,,,783000,,,-779.4652709960938,-5.839682579040527,6.763242721557617,778.5540161132812,777.8455200195312,0.10876990109682083,0.023247234523296356,0.0003,0.0003,0.10876663774251938
,,,,,783999,8547.569,1000,,,,,,,,,,
,,,,,784000,,,-776.1029052734375,-6.3085126876831055,6.421106338500977,774.7633056640625,774.9236450195312,0.10820785909891129,-0.04678557068109512,0.0003,0.0003,0.10820747911930084
,,,,,784999,8524.223,1000,,,,,,,,,,
8323.611,480.1447,8598.566,6904.3335,1000.0,785000,,,-785.2994384765625,-5.695406913757324,5.616464614868164,783.9110107421875,783.7420043945312,0.10719228535890579,0.05360130965709686,0.0003,0.0003,0.1071871817111969
,,,,,785999,8638.184,1000,,,,,,,,,,
,,,,,786000,,,-788.9928588867188,-6.274225234985352,3.7848563194274902,787.7333984375,787.5833740234375,0.10853473842144012,-0.022907638922333717,0.0003,0.0003,0.10853797197341919
,,,,,786999,8281.769,1000,,,,,,,,,,
,,,,,787000,,,-788.5811157226562,-5.972440242767334,3.908876895904541,787.2108154296875,787.3989868164062,0.1094670444726944,-0.01088256947696209,0.0003,0.0003,0.10946477949619293
,,,,,787999,8588.1875,1000,,,,,,,,,,
,,,,,788000,,,-786.6895141601562,-5.530566215515137,5.107638359069824,785.3258056640625,785.0802612304688,0.10783455520868301,0.016585450619459152,0.0003,0.0003,0.10783448070287704
,,,,,788999,8471.513,1000,,,,,,,,,,
,,,,,789000,,,-781.726318359375,-5.824429035186768,4.107845306396484,780.2905883789062,780.2736206054688,0.1078622043132782,0.042779166251420975,0.0003,0.0003,0.10786250233650208
,,,,,789999,8491.072,1000,,,,,,,,,,
8655.742,81.83831,8812.181,8531.991,1000.0,790000,,,-782.8975830078125,-6.828525543212891,4.531083106994629,781.0324096679688,780.9285888671875,0.10830798745155334,-0.09526175260543823,0.0003,0.0003,0.10831009596586227
,,,,,790999,8659.114,1000,,,,,,,,,,
,,,,,791000,,,-785.2098999023438,-6.247990131378174,4.878201484680176,783.42822265625,783.2534790039062,0.10803563892841339,-0.022157326340675354,0.0003,0.0003,0.10803525894880295
,,,,,791999,8589.173,1000,,,,,,,,,,
,,,,,792000,,,-791.55322265625,-5.8915791511535645,3.6433498859405518,790.415771484375,790.6268310546875,0.10815885663032532,0.02153957076370716,0.0003,0.0003,0.10815952718257904
,,,,,792999,8636.417,1000,,,,,,,,,,
,,,,,793000,,,-787.9804077148438,-5.915130615234375,6.858730316162109,786.7440185546875,786.5361938476562,0.10863106697797775,0.0025016702711582184,0.0003,0.0003,0.10863808542490005
,,,,,793999,8644.439,1000,,,,,,,,,,
,,,,,794000,,,-784.22900390625,-5.8707990646362305,4.665678024291992,783.1331787109375,783.4722290039062,0.10874967277050018,0.008819110691547394,0.0003,0.0003,0.10874863713979721
,,,,,794999,8595.33,1000,,,,,,,,,,
8512.381,117.935295,8663.684,8296.776,1000.0,795000,,,-781.1428833007812,-5.79550313949585,5.550742149353027,779.3380126953125,779.900634765625,0.1087401807308197,0.01540032122284174,0.0003,0.0003,0.1087418720126152
,,,,,795999,8580.377,1000,,,,,,,,,,
,,,,,796000,,,-793.8743896484375,-6.318199157714844,4.9597487449646,792.6309814453125,792.4901123046875,0.10790721327066422,-0.041536830365657806,0.0003,0.0003,0.10790785402059555
,,,,,796999,8619.556,1000,,,,,,,,,,
,,,,,797000,,,-791.8646240234375,-6.421113014221191,4.202919960021973,790.5313720703125,790.5020751953125,0.1081477701663971,-0.02404279075562954,0.0003,0.0003,0.10815093666315079
,,,,,797999,8581.634,1000,,,,,,,,,,
,,,,,798000,,,-781.707763671875,-6.436160564422607,6.053779602050781,780.444091796875,780.866943359375,0.10878968983888626,-0.0564720556139946,0.0003,0.0003,0.10879083722829819
,,,,,798999,8738.7705,1000,,,,,,,,,,
,,,,,799000,,,-791.4527587890625,-5.471186637878418,4.216477870941162,790.3397216796875,790.678466796875,0.10935182869434357,0.0711531937122345,0.0003,0.0003,0.10934504866600037
,,,,,799999,8645.393,1000,,,,,,,,,,
8708.598,58.542206,8780.343,8626.108,1000.0,800000,,,-790.3577880859375,-5.778100967407227,4.948709487915039,789.2722778320312,789.39697265625,0.10901321470737457,0.030409758910536766,0.0003,0.0003,0.1090141013264656
,,,,,800999,8572.763,1000,,,,,,,,,,
,,,,,801000,,,-789.205810546875,-6.143715858459473,4.795393466949463,788.3358154296875,787.8529663085938,0.10914624482393265,-0.000666826032102108,0.0003,0.0003,0.10915060341358185
,,,,,801999,8573.582,1000,,,,,,,,,,
,,,,,802000,,,-794.6766967773438,-6.299877166748047,3.622163772583008,793.513427734375,793.3919677734375,0.10995935648679733,-0.035618484020233154,0.0003,0.0003,0.10996373742818832
,,,,,802999,8612.232,1000,,,,,,,,,,
,,,,,803000,,,-792.381103515625,-5.828672885894775,3.8430936336517334,790.5435791015625,790.810546875,0.1090259775519371,0.021157842129468918,0.0003,0.0003,0.1090148538351059
,,,,,803999,8614.976,1000,,,,,,,,,,
,,,,,804000,,,-792.9006958007812,-5.770101547241211,5.009520530700684,791.618896484375,791.766357421875,0.10883630812168121,0.003543875180184841,0.0003,0.0003,0.10883589833974838
,,,,,804999,8649.281,1000,,,,,,,,,,
8634.39,60.211174,8774.675,8565.908,1000.0,805000,,,-797.9334716796875,-5.940256118774414,4.63877010345459,797.26953125,797.2723388671875,0.10887422412633896,0.01306540984660387,0.0003,0.0003,0.10887521505355835
,,,,,805999,8679.975,1000,,,,,,,,,,
,,,,,806000,,,-794.2913208007812,-5.7371978759765625,4.9516425132751465,793.070068359375,793.6358642578125,0.10943348705768585,0.033078715205192566,0.0003,0.0003,0.10942910611629486
,,,,,806999,8732.95,1000,,,,,,,,,,
,,,,,807000,,,-792.9102172851562,-5.712456703186035,4.061250686645508,791.5428466796875,791.26611328125,0.110628142952919,0.005195822566747665,0.0003,0.0003,0.11062750965356827
,,,,,807999,8716.003,1000,,,,,,,,,,
,,,,,808000,,,-789.0606079101562,-6.501038551330566,5.271614074707031,787.384521484375,787.4671630859375,0.10926605761051178,-0.04026487469673157,0.0003,0.0003,0.10926681756973267
,,,,,808999,8649.908,1000,,,,,,,,,,
,,,,,809000,,,-793.7018432617188,-6.036009311676025,4.650369644165039,792.4852905273438,792.2337646484375,0.110516756772995,-0.011961987242102623,0.0003,0.0003,0.1105199009180069
,,,,,809999,8580.461,1000,,,,,,,,,,
8673.342,86.69739,8785.519,8501.298,1000.0,810000,,,-794.4058227539062,-6.040855884552002,5.730224609375,793.3496704101562,793.0162963867188,0.11085053533315659,-0.021791594102978706,0.0003,0.0003,0.1108497604727745
,,,,,810999,8552.071,1000,,,,,,,,,,
,,,,,811000,,,-786.0596313476562,-6.142345428466797,4.561402320861816,784.7557373046875,784.849853515625,0.11005432903766632,-0.004918149206787348,0.0003,0.0003,0.11005918681621552
,,,,,811999,8585.627,1000,,,,,,,,,,
,,,,,812000,,,-789.7090454101562,-6.247252464294434,5.232193946838379,788.50537109375,788.611083984375,0.11038648337125778,0.007325616665184498,0.0003,0.0003,0.11038966476917267
,,,,,812999,8627.03,1000,,,,,,,,,,
,,,,,813000,,,-795.4796752929688,-5.832124710083008,5.165457725524902,794.174560546875,794.056640625,0.11003845185041428,0.01933750882744789,0.0003,0.0003,0.11003459244966507
,,,,,813999,7258.7217,1000,,,,,,,,,,
,,,,,814000,,,-799.3361206054688,-5.957215785980225,4.634307861328125,797.872314453125,797.7736206054688,0.1105380728840828,0.018267223611474037,0.0003,0.0003,0.11053604632616043
,,,,,814999,8722.156,1000,,,,,,,,,,
8473.498,517.2716,8823.187,6964.7896,1000.0,815000,,,-801.3800048828125,-5.68691349029541,5.322343826293945,800.411865234375,799.9127807617188,0.11063463240861893,0.03624068945646286,0.0003,0.0003,0.11063019931316376
,,,,,815999,8674.801,1000,,,,,,,,,,
,,,,,816000,,,-791.1553344726562,-5.825727939605713,6.355988502502441,789.802001953125,789.6729736328125,0.1108160987496376,0.0008440883830189705,0.0003,0.0003,0.11081551015377045
,,,,,816999,8698.681,1000,,,,,,,,,,
,,,,,817000,,,-791.1634521484375,-6.069120407104492,6.851921081542969,789.8685913085938,790.04931640625,0.11078088730573654,0.019068647176027298,0.0003,0.0003,0.1107761561870575
,,,,,817999,8618.095,1000,,,,,,,,,,
,,,,,818000,,,-800.619140625,-5.575089454650879,8.106470108032227,799.7887573242188,799.1926879882812,0.10998376458883286,0.03866363316774368,0.0003,0.0003,0.1099780723452568
,,,,,818999,8716.753,1000,,,,,,,,,,
,,,,,819000,,,-797.3837890625,-6.406959056854248,4.059325695037842,795.8648681640625,795.720947265625,0.10877575725317001,-0.026197798550128937,0.0003,0.0003,0.10877259820699692
,,,,,819999,8684.886,1000,,,,,,,,,,
8672.073,140.66808,8781.463,8271.0205,1000.0,820000,,,-800.9022827148438,-5.730374336242676,5.527660369873047,799.6746826171875,799.8027954101562,0.11070196330547333,0.011852128431200981,0.0003,0.0003,0.11070685088634491
,,,,,820999,8838.98,1000,,,,,,,,,,
,,,,,821000,,,-793.52880859375,-5.651329040527344,4.3238372802734375,791.833251953125,792.2113037109375,0.11074110865592957,0.01385694183409214,0.0003,0.0003,0.11073791980743408
,,,,,821999,8741.041,1000,,,,,,,,,,
,,,,,822000,,,-790.6096801757812,-6.163078308105469,6.280172348022461,789.0017700195312,789.3914794921875,0.11072801798582077,-0.025863314047455788,0.0003,0.0003,0.11072666943073273
,,,,,822999,8648.871,1000,,,,,,,,,,
,,,,,823000,,,-794.7267456054688,-6.121253490447998,7.778872489929199,793.3507080078125,792.8406982421875,0.11093185096979141,-0.018726380541920662,0.0003,0.0003,0.11093529313802719
,,,,,823999,8712.572,1000,,,,,,,,,,
,,,,,824000,,,-801.43701171875,-6.248007774353027,5.580968856811523,799.9327392578125,800.4384155273438,0.1102825254201889,-0.03491117060184479,0.0003,0.0003,0.11028599739074707
,,,,,824999,8692.48,1000,,,,,,,,,,
8749.424,152.20323,8921.361,8507.731,1000.0,825000,,,-798.464599609375,-6.028177261352539,4.0735321044921875,797.7464599609375,798.0198974609375,0.11052872240543365,-0.01651458628475666,0.0003,0.0003,0.11052880436182022
,,,,,825999,8744.701,1000,,,,,,,,,,
,,,,,826000,,,-804.5745239257812,-6.0312018394470215,4.830594062805176,803.3712768554688,803.512939453125,0.11056021600961685,-0.008248434402048588,0.0003,0.0003,0.11056631058454514
,,,,,826999,8473.797,1000,,,,,,,,,,
,,,,,827000,,,-799.2874755859375,-5.8167877197265625,6.643864631652832,798.476318359375,798.4418334960938,0.11152216047048569,0.012549178674817085,0.0003,0.0003,0.1115187332034111
,,,,,827999,8511.532,1000,,,,,,,,,,
,,,,,828000,,,-801.0556640625,-5.752373218536377,5.689692497253418,800.1896362304688,800.1649169921875,0.11105313897132874,0.0647578090429306,0.0003,0.0003,0.11105045676231384
,,,,,828999,8534.699,1000,,,,,,,,,,
,,,,,829000,,,-799.57763671875,-5.50084114074707,4.5204362869262695,798.7901611328125,798.2736206054688,0.11099857836961746,0.013295907527208328,0.0003,0.0003,0.11099214851856232
,,,,,829999,8605.898,1000,,,,,,,,,,
8666.427,63.343586,8748.175,8530.74,1000.0,830000,,,-803.466796875,-5.4424729347229,5.9618635177612305,801.9161376953125,802.568115234375,0.1111227422952652,0.05181574448943138,0.0003,0.0003,0.11112186312675476
,,,,,830999,8876.798,1000,,,,,,,,,,
,,,,,831000,,,-805.1893920898438,-5.799406051635742,4.597121715545654,803.8863525390625,803.5695190429688,0.11143341660499573,-0.00802028737962246,0.0003,0.0003,0.11143025010824203
,,,,,831999,8651.721,1000,,,,,,,,,,
,,,,,832000,,,-803.8601684570312,-5.996829032897949,4.601363658905029,802.552001953125,802.6995849609375,0.11146314442157745,0.027757195755839348,0.0003,0.0003,0.11146370321512222
,,,,,832999,8661.366,1000,,,,,,,,,,
,,,,,833000,,,-797.3618774414062,-6.116011619567871,5.129450798034668,795.7918701171875,796.281494140625,0.11120365560054779,0.01202660333365202,0.0003,0.0003,0.1111997589468956
,,,,,833999,8548.106,1000,,,,,,,,,,
,,,,,834000,,,-804.9698486328125,-5.803398132324219,5.154232978820801,803.8695678710938,804.0274658203125,0.11060118675231934,0.044188566505908966,0.0003,0.0003,0.11059904843568802
,,,,,834999,8712.9375,1000,,,,,,,,,,
8702.178,115.64546,8861.352,8496.529,1000.0,835000,,,-802.1309204101562,-6.2629547119140625,5.332300186157227,800.9910888671875,801.224365234375,0.11078505963087082,-0.03966594487428665,0.0003,0.0003,0.11078751087188721
,,,,,835999,8693.824,1000,,,,,,,,,,
,,,,,836000,,,-806.3034057617188,-5.7776994705200195,5.107335567474365,805.2027587890625,805.197998046875,0.10947570949792862,0.017624150961637497,0.0003,0.0003,0.10947936773300171
,,,,,836999,8660.529,1000,,,,,,,,,,
,,,,,837000,,,-801.9293212890625,-6.545530796051025,4.9039459228515625,800.46240234375,800.280029296875,0.11008849740028381,-0.043961621820926666,0.0003,0.0003,0.11009061336517334
,,,,,837999,8778.69,1000,,,,,,,,,,
,,,,,838000,,,-807.0072021484375,-5.631874084472656,5.912542819976807,805.6981201171875,806.0167236328125,0.1101994663476944,0.041837289929389954,0.0003,0.0003,0.11019842326641083
,,,,,838999,8723.171,1000,,,,,,,,,,
,,,,,839000,,,-809.8053588867188,-5.595120429992676,3.2649130821228027,808.7501220703125,808.6756591796875,0.11047021299600601,0.03743215650320053,0.0003,0.0003,0.11047323048114777
,,,,,839999,8701.928,1000,,,,,,,,,,
8800.008,60.014496,8884.343,8690.686,1000.0,840000,,,-808.8677368164062,-6.121890544891357,8.079885482788086,807.3597412109375,807.11865234375,0.11155039817094803,-0.04179634153842926,0.0003,0.0003,0.11155220866203308
,,,,,840999,8586.224,1000,,,,,,,,,,
,,,,,841000,,,-806.1845703125,-5.5316314697265625,4.81962251663208,804.8231811523438,805.1444091796875,0.11124067008495331,0.027481546625494957,0.0003,0.0003,0.11124624311923981
,,,,,841999,8603.811,1000,,,,,,,,,,
,,,,,842000,,,-801.4920043945312,-6.096318244934082,11.405112266540527,800.3478393554688,800.3478393554688,0.11140099912881851,-0.0010432102717459202,0.0003,0.0003,0.11139866709709167
,,,,,842999,8646.559,1000,,,,,,,,,,
,,,,,843000,,,-800.733642578125,-6.407784461975098,4.996213436126709,799.1219482421875,798.8763427734375,0.11133124679327011,-0.0551517978310585,0.0003,0.0003,0.11133279651403427
,,,,,843999,8792.069,1000,,,,,,,,,,
,,,,,844000,,,-814.6768798828125,-6.20408296585083,4.952716827392578,813.3728637695312,813.390625,0.11092733591794968,-0.019757099449634552,0.0003,0.0003,0.11092592775821686
,,,,,844999,8736.206,1000,,,,,,,,,,
8787.708,72.22275,8886.626,8674.223,1000.0,845000,,,-809.5010986328125,-6.196290016174316,5.092102527618408,807.8488159179688,808.0931396484375,0.1127115860581398,-0.01700243540108204,0.0003,0.0003,0.11271671205759048
,,,,,845999,8590.634,1000,,,,,,,,,,
,,,,,846000,,,-802.6284790039062,-6.016814231872559,4.549019813537598,801.1599731445312,801.285400390625,0.11264240741729736,0.015260942280292511,0.0003,0.0003,0.11264646798372269
,,,,,846999,8602.04,1000,,,,,,,,,,
,,,,,847000,,,-815.5084228515625,-5.760025978088379,5.060834884643555,814.290771484375,814.6279907226562,0.11182426661252975,0.04805602878332138,0.0003,0.0003,0.11182264238595963
,,,,,847999,8680.005,1000,,,,,,,,,,
,,,,,848000,,,-809.0558471679688,-5.226161003112793,8.152566909790039,808.0513916015625,807.9049682617188,0.11135702580213547,0.07964123040437698,0.0003,0.0003,0.11135341972112656
,,,,,848999,8778.584,1000,,,,,,,,,,
,,,,,849000,,,-813.4257202148438,-5.588024616241455,5.542121887207031,812.4431762695312,812.3502197265625,0.11292222142219543,0.05798833817243576,0.0003,0.0003,0.11292028427124023
,,,,,849999,8825.149,1000,,,,,,,,,,
8735.6455,59.815063,8831.329,8640.6455,1000.0,850000,,,-807.7620849609375,-5.878212928771973,5.366386413574219,806.7646484375,806.834228515625,0.1137869581580162,-0.005010983441025019,0.0003,0.0003,0.113785520195961
,,,,,850999,8702.1,1000,,,,,,,,,,
,,,,,851000,,,-809.6922607421875,-5.868161201477051,6.298981666564941,809.0624389648438,808.1123657226562,0.11326868087053299,-0.01582270860671997,0.0003,0.0003,0.11325965821743011
,,,,,851999,8890.691,1000,,,,,,,,,,
,,,,,852000,,,-802.4334106445312,-6.059255599975586,4.466122627258301,800.9069213867188,801.4124755859375,0.1134612038731575,0.00616221409291029,0.0003,0.0003,0.11346493661403656
,,,,,852999,8809.958,1000,,,,,,,,,,
,,,,,853000,,,-808.0309448242188,-6.320760250091553,5.972105979919434,806.6070556640625,806.938232421875,0.11366210132837296,-0.055799227207899094,0.0003,0.0003,0.11366289108991623
,,,,,853999,8798.174,1000,,,,,,,,,,
,,,,,854000,,,-802.3230590820312,-5.901422500610352,8.750323295593262,800.7570190429688,801.0026245117188,0.11530651897192001,-0.015372909605503082,0.0003,0.0003,0.11531051248311996
,,,,,854999,8280.463,1000,,,,,,,,,,
8698.338,98.20893,8866.136,8503.99,1000.0,855000,,,-812.1912231445312,-5.796015739440918,5.699646472930908,810.9022216796875,811.3199462890625,0.11404326558113098,0.030923472717404366,0.0003,0.0003,0.11404266208410263
,,,,,855999,8750.861,1000,,,,,,,,,,
,,,,,856000,,,-809.8865356445312,-6.069962501525879,14.557252883911133,808.5740356445312,808.310546875,0.11450397968292236,0.0038086697459220886,0.0003,0.0003,0.11450055986642838
,,,,,856999,8805.036,1000,,,,,,,,,,
,,,,,857000,,,-805.837646484375,-6.153407096862793,4.425755500793457,804.3782348632812,804.494384765625,0.11368844658136368,0.027510620653629303,0.0003,0.0003,0.11368665099143982
,,,,,857999,8658.846,1000,,,,,,,,,,
,,,,,858000,,,-807.6195068359375,-5.846525192260742,4.8686394691467285,806.6214599609375,806.4483642578125,0.11374559253454208,0.023562803864479065,0.0003,0.0003,0.1137472540140152
,,,,,858999,8846.717,1000,,,,,,,,,,
,,,,,859000,,,-806.1211547851562,-5.768120765686035,6.295740127563477,804.9180297851562,804.8571166992188,0.11299964785575867,-0.01061565987765789,0.0003,0.0003,0.1130007803440094
,,,,,859999,8731.905,1000,,,,,,,,,,
8852.864,137.08766,8962.68,8489.483,1000.0,860000,,,-807.0654296875,-5.701575756072998,4.912351131439209,806.2051391601562,805.8169555664062,0.11334893852472305,0.02796260267496109,0.0003,0.0003,0.11334440112113953
,,,,,860999,8204.982,1000,,,,,,,,,,
,,,,,861000,,,-809.6687622070312,-6.407166481018066,5.877415657043457,808.700927734375,808.4608764648438,0.11402516067028046,-0.05296587571501732,0.0003,0.0003,0.1140296682715416
,,,,,861999,8873.532,1000,,,,,,,,,,
,,,,,862000,,,-814.4818725585938,-6.293771743774414,6.935804843902588,813.00927734375,813.0054931640625,0.11413256078958511,-0.036529142409563065,0.0003,0.0003,0.11413510143756866
,,,,,862999,8770.469,1000,,,,,,,,,,
,,,,,863000,,,-809.9630737304688,-5.775176048278809,11.373403549194336,808.1790771484375,808.614990234375,0.1135377511382103,0.022885292768478394,0.0003,0.0003,0.11353415995836258
,,,,,863999,8601.041,1000,,,,,,,,,,
,,,,,864000,,,-812.0309448242188,-6.201784610748291,5.760322570800781,811.1422119140625,810.814453125,0.1131533682346344,0.023703355342149734,0.0003,0.0003,0.11315569281578064
,,,,,864999,8876.416,1000,,,,,,,,,,
8358.629,1137.188,8917.742,4959.6704,1000.0,865000,,,-814.5444946289062,-5.869002342224121,5.163650035858154,813.3787231445312,812.81298828125,0.11302656680345535,0.010804791003465652,0.0003,0.0003,0.11302187293767929
,,,,,865999,8794.436,1000,,,,,,,,,,
,,,,,866000,,,-813.2571411132812,-6.092505931854248,6.685759544372559,812.0523071289062,812.39697265625,0.11351142078638077,-0.028484787791967392,0.0003,0.0003,0.11351729184389114
,,,,,866999,8966.31,1000,,,,,,,,,,
,,,,,867000,,,-811.1036987304688,-5.624231338500977,3.768019676208496,809.6194458007812,809.84033203125,0.1136244386434555,0.06719247251749039,0.0003,0.0003,0.11362157016992569
,,,,,867999,8641.2295,1000,,,,,,,,,,
,,,,,868000,,,-815.4924926757812,-5.840821266174316,4.2066802978515625,814.4244384765625,813.9388427734375,0.11380801349878311,0.02115568332374096,0.0003,0.0003,0.11380159109830856
,,,,,868999,8851.022,1000,,,,,,,,,,
,,,,,869000,,,-809.3902587890625,-6.037708759307861,7.712063789367676,808.3907470703125,808.2642822265625,0.1146511361002922,-0.004450587555766106,0.0003,0.0003,0.11465089023113251
,,,,,869999,8826.235,1000,,,,,,,,,,
8869.142,122.06779,9010.162,8593.94,1000.0,870000,,,-809.7542114257812,-5.925092697143555,4.991077899932861,808.55078125,808.43212890625,0.11468949913978577,0.02210649661719799,0.0003,0.0003,0.11469320952892303
,,,,,870999,8836.946,1000,,,,,,,,,,
,,,,,871000,,,-810.9713134765625,-6.086707592010498,7.033031463623047,809.7337646484375,809.3811645507812,0.11411779373884201,-0.004001280292868614,0.0003,0.0003,0.11411933600902557
,,,,,871999,8937.815,1000,,,,,,,,,,
,,,,,872000,,,-808.950927734375,-6.0723114013671875,7.173731803894043,807.5015258789062,807.135986328125,0.11434108763933182,-0.010032756254076958,0.0003,0.0003,0.11434339731931686
,,,,,872999,8904.317,1000,,,,,,,,,,
,,,,,873000,,,-807.3199462890625,-6.554839134216309,6.323578357696533,805.4566040039062,805.5618286132812,0.11571598798036575,-0.09505343437194824,0.0003,0.0003,0.11572343856096268
,,,,,873999,8959.143,1000,,,,,,,,,,
,,,,,874000,,,-810.9152221679688,-6.398593902587891,7.960441589355469,809.7079467773438,809.9263305664062,0.11603394150733948,-0.05352175980806351,0.0003,0.0003,0.11603613197803497
,,,,,874999,8922.638,1000,,,,,,,,,,
8860.459,53.24841,8985.688,8797.655,1000.0,875000,,,-818.7556762695312,-5.477318286895752,5.903857707977295,817.829833984375,817.8917846679688,0.11601521819829941,0.040862396359443665,0.0003,0.0003,0.11600985378026962
,,,,,875999,8833.602,1000,,,,,,,,,,
,,,,,876000,,,-826.8754272460938,-5.81498908996582,4.712737083435059,826.0810546875,825.7090454101562,0.11538515239953995,0.0127864433452487,0.0003,0.0003,0.11538361012935638
,,,,,876999,8862.284,1000,,,,,,,,,,
,,,,,877000,,,-807.4215087890625,-5.8337483406066895,6.207448959350586,806.0155029296875,806.572265625,0.11520861834287643,0.03773268312215805,0.0003,0.0003,0.11520803719758987
,,,,,877999,8889.515,1000,,,,,,,,,,
,,,,,878000,,,-808.4715576171875,-6.144900321960449,6.691206932067871,806.9381103515625,807.447998046875,0.1166340708732605,-0.026082059368491173,0.0003,0.0003,0.11663179099559784
,,,,,878999,8857.709,1000,,,,,,,,,,
,,,,,879000,,,-817.5438842773438,-5.880123138427734,5.718753337860107,816.1370849609375,816.3527221679688,0.11580566316843033,-0.005581369623541832,0.0003,0.0003,0.11580737680196762
,,,,,879999,8954.526,1000,,,,,,,,,,
8772.781,327.837,8946.027,7807.977,1000.0,880000,,,-812.8146362304688,-5.75057315826416,5.776872158050537,811.7537841796875,811.6698608398438,0.11609964072704315,-0.01618810184299946,0.0003,0.0003,0.11610241234302521
,,,,,880999,8922.647,1000,,,,,,,,,,
,,,,,881000,,,-808.11572265625,-6.281935214996338,5.330150604248047,806.408935546875,806.7373046875,0.11674755811691284,-0.03592618927359581,0.0003,0.0003,0.11674825102090836
,,,,,881999,8897.42,1000,,,,,,,,,,
,,,,,882000,,,-820.7928466796875,-5.9979729652404785,5.6290483474731445,819.5758056640625,819.4060668945312,0.11667345464229584,0.02156839147210121,0.0003,0.0003,0.1166776567697525
,,,,,882999,8930.725,1000,,,,,,,,,,
,,,,,883000,,,-812.1417236328125,-6.323791980743408,7.032222270965576,810.5743408203125,810.4984130859375,0.1173020526766777,-0.024636078625917435,0.0003,0.0003,0.11730600148439407
,,,,,883999,8856.804,1000,,,,,,,,,,
,,,,,884000,,,-812.7550048828125,-5.795331001281738,5.5375823974609375,811.339599609375,811.4420166015625,0.11715593189001083,0.0018916422268375754,0.0003,0.0003,0.11716172099113464
,,,,,884999,8860.303,1000,,,,,,,,,,
8457.32,659.73096,8993.342,7229.174,1000.0,885000,,,-820.8654174804688,-6.513587951660156,6.178136825561523,819.2686157226562,819.0234375,0.11647012829780579,-0.06206986680626869,0.0003,0.0003,0.1164727658033371
,,,,,885999,8841.471,1000,,,,,,,,,,
,,,,,886000,,,-820.1500244140625,-6.034811496734619,5.022068023681641,818.276611328125,818.918212890625,0.11634015291929245,-0.00035014282912015915,0.0003,0.0003,0.11633551865816116
,,,,,886999,8894.694,1000,,,,,,,,,,
,,,,,887000,,,-810.1975708007812,-6.255974769592285,5.448738098144531,809.3580322265625,808.9610595703125,0.11637105792760849,-0.02261277846992016,0.0003,0.0003,0.11637025326490402
,,,,,887999,8955.138,1000,,,,,,,,,,
,,,,,888000,,,-813.3410034179688,-5.584071636199951,5.136691570281982,811.9332275390625,812.4625854492188,0.11571764200925827,0.028410017490386963,0.0003,0.0003,0.11572001129388809
,,,,,888999,8997.252,1000,,,,,,,,,,
,,,,,889000,,,-812.436279296875,-6.110690116882324,4.528419494628906,811.3250732421875,811.155517578125,0.11680246144533157,0.020461294800043106,0.0003,0.0003,0.11680092662572861
,,,,,889999,9001.683,1000,,,,,,,,,,
8800.292,494.42108,9041.751,7323.199,1000.0,890000,,,-813.5513916015625,-6.438661098480225,6.98427152633667,812.4036254882812,811.6380004882812,0.11595545709133148,-0.03575834259390831,0.0003,0.0003,0.11596029251813889
,,,,,890999,9129.263,1000,,,,,,,,,,
,,,,,891000,,,-814.2619018554688,-5.915818214416504,6.4480414390563965,813.0518798828125,813.0186767578125,0.11736872047185898,0.008789774030447006,0.0003,0.0003,0.11737494170665741
,,,,,891999,9055.92,1000,,,,,,,,,,
,,,,,892000,,,-819.1270141601562,-6.292450904846191,6.760708808898926,817.5067749023438,817.3500366210938,0.11845313757658005,-0.015258561819791794,0.0003,0.0003,0.11844921857118607
,,,,,892999,8445.183,1000,,,,,,,,,,
,,,,,893000,,,-807.9838256835938,-6.166623592376709,5.192084312438965,806.55859375,806.3525390625,0.11822781711816788,0.014598095789551735,0.0003,0.0003,0.11822905391454697
,,,,,893999,8988.875,1000,,,,,,,,,,
,,,,,894000,,,-823.396484375,-6.2330217361450195,9.914491653442383,822.114013671875,821.7132568359375,0.117795929312706,-0.019774656742811203,0.0003,0.0003,0.11779435724020004
,,,,,894999,8652.206,1000,,,,,,,,,,
8964.853,67.20813,9079.619,8832.826,1000.0,895000,,,-814.865234375,-6.2250494956970215,4.967226982116699,813.822021484375,813.390625,0.11767351627349854,0.00047384249046444893,0.0003,0.0003,0.11767289787530899
,,,,,895999,8956.508,1000,,,,,,,,,,
,,,,,896000,,,-821.280517578125,-6.358771800994873,5.6732587814331055,819.73828125,819.8571166992188,0.1168336495757103,-0.0685979425907135,0.0003,0.0003,0.11683924496173859
,,,,,896999,8785.314,1000,,,,,,,,,,
,,,,,897000,,,-821.4461669921875,-6.0302581787109375,4.322622776031494,820.6944580078125,820.21337890625,0.11728016287088394,0.0025618132203817368,0.0003,0.0003,0.11728066951036453
,,,,,897999,8883.134,1000,,,,,,,,,,
,,,,,898000,,,-813.944580078125,-6.129103660583496,7.014748573303223,812.2281494140625,812.102294921875,0.11579491943120956,-0.007813733071088791,0.0003,0.0003,0.11579715460538864
,,,,,898999,9186.525,1000,,,,,,,,,,
,,,,,899000,,,-810.6854248046875,-6.555316925048828,5.079877853393555,808.7369384765625,808.7691650390625,0.11658136546611786,-0.055700697004795074,0.0003,0.0003,0.11658500134944916
,,,,,899999,9051.44,1000,,,,,,,,,,
8998.252,69.88798,9104.9,8894.538,1000.0,900000,,,-820.8258666992188,-5.924060344696045,5.474557876586914,819.6327514648438,820.2625732421875,0.11637397110462189,0.014268160797655582,0.0003,0.0003,0.11636994779109955
,,,,,900999,9011.19,1000,,,,,,,,,,
,,,,,901000,,,-823.5734252929688,-5.813259601593018,6.037576198577881,822.5787963867188,822.2003173828125,0.11697456985712051,0.019466184079647064,0.0003,0.0003,0.11697426438331604
,,,,,901999,3427.6687,1000,,,,,,,,,,
,,,,,902000,,,-816.2052001953125,-5.789538383483887,13.285516738891602,814.5811767578125,814.3402099609375,0.11625675112009048,-0.0012803152203559875,0.0003,0.0003,0.1162588819861412
,,,,,902999,9010.247,1000,,,,,,,,,,
,,,,,903000,,,-815.1404418945312,-6.125115394592285,6.418381214141846,813.7177124023438,813.7723388671875,0.11709095537662506,-0.005820976570248604,0.0003,0.0003,0.1170908659696579
,,,,,903999,8951.483,1000,,,,,,,,,,
,,,,,904000,,,-822.653076171875,-6.2569661140441895,5.097466945648193,821.320068359375,821.2005615234375,0.1168036237359047,0.01956336200237274,0.0003,0.0003,0.11680418998003006
,,,,,904999,9051.031,1000,,,,,,,,,,
8391.407,1719.1366,9131.592,3240.155,1000.0,905000,,,-823.2276000976562,-6.481900215148926,4.63448429107666,821.6949462890625,821.4249267578125,0.11708807945251465,-0.0456668995320797,0.0003,0.0003,0.11709382385015488
,,,,,905999,8877.388,1000,,,,,,,,,,
,,,,,906000,,,-828.3013305664062,-5.714597225189209,5.225551605224609,826.798095703125,827.162109375,0.11800878494977951,0.056441958993673325,0.0003,0.0003,0.11800945550203323
,,,,,906999,8842.796,1000,,,,,,,,,,
,,,,,907000,,,-833.6236572265625,-5.35427188873291,4.1122894287109375,832.67626953125,832.7138671875,0.11797800660133362,0.04988618940114975,0.0003,0.0003,0.11797637492418289
,,,,,907999,9082.46,1000,,,,,,,,,,
,,,,,908000,,,-825.7077026367188,-5.651208877563477,8.385014533996582,823.7904052734375,824.3154296875,0.11646956950426102,0.022289596498012543,0.0003,0.0003,0.11647242307662964
,,,,,908999,8908.858,1000,,,,,,,,,,
,,,,,909000,,,-824.2048950195312,-5.997236251831055,5.482752799987793,822.7745361328125,823.0064086914062,0.11624015122652054,0.017008068040013313,0.0003,0.0003,0.11624569445848465
,,,,,909999,9024.763,1000,,,,,,,,,,
8928.338,93.51866,9084.27,8773.743,1000.0,910000,,,-823.3104858398438,-5.412959098815918,5.902176856994629,821.8660888671875,821.867919921875,0.1166173592209816,0.047335997223854065,0.0003,0.0003,0.11661922931671143
,,,,,910999,9146.542,1000,,,,,,,,,,
,,,,,911000,,,-826.8071899414062,-6.190134048461914,3.6160404682159424,825.716796875,825.8236083984375,0.11721863597631454,0.029094479978084564,0.0003,0.0003,0.11721502989530563
,,,,,911999,1701.8525,1000,,,,,,,,,,
,,,,,912000,,,-822.2913818359375,-5.996294975280762,10.484297752380371,820.6520385742188,820.5269775390625,0.11848265677690506,0.022718682885169983,0.0003,0.0003,0.11848750710487366
,,,,,912999,8962.605,1000,,,,,,,,,,
,,,,,913000,,,-821.6658325195312,-5.562187194824219,5.750016212463379,820.1262817382812,820.2513427734375,0.1190742701292038,0.03573007136583328,0.0003,0.0003,0.11906753480434418
,,,,,913999,8765.24,1000,,,,,,,,,,
,,,,,914000,,,-823.5662231445312,-6.114590644836426,5.701424598693848,822.189453125,822.495361328125,0.12035360187292099,-0.011572053655982018,0.0003,0.0003,0.12034796923398972
,,,,,914999,9039.472,1000,,,,,,,,,,
9027.049,94.753365,9131.099,8792.3125,1000.0,915000,,,-824.9221801757812,-6.295755386352539,4.24262809753418,823.642822265625,823.576416015625,0.11988478153944016,-0.020908884704113007,0.0003,0.0003,0.11988360434770584
,,,,,915999,8982.195,1000,,,,,,,,,,
,,,,,916000,,,-827.98388671875,-5.46254825592041,7.778258323669434,826.5841674804688,826.5619506835938,0.12025836855173111,0.03303127363324165,0.0003,0.0003,0.12025664746761322
,,,,,916999,8790.718,1000,,,,,,,,,,
,,,,,917000,,,-825.95849609375,-5.752508163452148,5.135735034942627,824.4356689453125,824.4454345703125,0.11985857039690018,0.011452632024884224,0.0003,0.0003,0.11986063420772552
,,,,,917999,8922.515,1000,,,,,,,,,,
,,,,,918000,,,-820.8762817382812,-5.82139778137207,7.649971008300781,819.2033081054688,819.643310546875,0.11882183700799942,0.01215977594256401,0.0003,0.0003,0.11882192641496658
,,,,,918999,9051.442,1000,,,,,,,,,,
,,,,,919000,,,-822.1641235351562,-6.31730842590332,6.222420692443848,821.007080078125,820.71044921875,0.11985942721366882,-0.036279745399951935,0.0003,0.0003,0.1198607087135315
,,,,,919999,8998.636,1000,,,,,,,,,,
8963.525,68.28555,9055.776,8816.644,1000.0,920000,,,-838.6279296875,-5.521361351013184,5.949417591094971,837.465087890625,837.500244140625,0.11955932527780533,0.0778035894036293,0.0003,0.0003,0.11955895274877548
,,,,,920999,7310.937,1000,,,,,,,,,,
,,,,,921000,,,-825.08837890625,-6.20754337310791,10.678899765014648,822.7821044921875,822.6409912109375,0.11859884113073349,-0.057026468217372894,0.0003,0.0003,0.11860676109790802
,,,,,921999,8947.612,1000,,,,,,,,,,
,,,,,922000,,,-820.4507446289062,-6.105755805969238,6.256476879119873,819.2996826171875,819.0206298828125,0.11830659955739975,0.00411405973136425,0.0003,0.0003,0.11830764263868332
,,,,,922999,8969.259,1000,,,,,,,,,,
,,,,,923000,,,-829.81494140625,-6.21060848236084,8.396860122680664,828.4097290039062,827.9443969726562,0.11856835335493088,0.0028342008590698242,0.0003,0.0003,0.11857220530509949
,,,,,923999,8918.119,1000,,,,,,,,,,
,,,,,924000,,,-821.7203369140625,-5.880031585693359,5.268006324768066,820.1672973632812,820.0975341796875,0.11907508224248886,-0.0033166445791721344,0.0003,0.0003,0.11908363550901413
,,,,,924999,9131.857,1000,,,,,,,,,,
9099.948,45.846012,9164.791,9006.24,1000.0,925000,,,-823.9992065429688,-6.0281877517700195,7.272749423980713,823.1015625,822.8067626953125,0.1189219057559967,-0.002671855501830578,0.0003,0.0003,0.11892485618591309
,,,,,925999,9103.466,1000,,,,,,,,,,
,,,,,926000,,,-821.6021118164062,-6.277908802032471,8.385032653808594,819.5582885742188,819.64306640625,0.11844302713871002,-0.03407850116491318,0.0003,0.0003,0.11844012141227722
,,,,,926999,9018.864,1000,,,,,,,,,,
,,,,,927000,,,-834.2843017578125,-5.649001121520996,4.400208950042725,833.018798828125,833.42822265625,0.11776349693536758,0.07678835839033127,0.0003,0.0003,0.11776035279035568
,,,,,927999,9179.976,1000,,,,,,,,,,
,,,,,928000,,,-835.116943359375,-5.912951469421387,4.7502946853637695,833.8455810546875,834.3858642578125,0.11732040345668793,0.014133187010884285,0.0003,0.0003,0.11731984466314316
,,,,,928999,8865.467,1000,,,,,,,,,,
,,,,,929000,,,-823.5675048828125,-6.896686553955078,7.83375358581543,822.1683959960938,821.501220703125,0.11936374008655548,-0.1153412014245987,0.0003,0.0003,0.11937213689088821
,,,,,929999,8976.371,1000,,,,,,,,,,
8926.198,431.01984,9201.439,7651.764,1000.0,930000,,,-829.65234375,-6.256984233856201,6.380522727966309,828.7904052734375,828.5424194335938,0.11939837783575058,0.009664654731750488,0.0003,0.0003,0.1193912923336029
,,,,,930999,8999.276,1000,,,,,,,,,,
,,,,,931000,,,-829.0809936523438,-6.209319114685059,5.217649936676025,827.6348876953125,827.9498291015625,0.11908110231161118,-0.05615326762199402,0.0003,0.0003,0.11907952278852463
,,,,,931999,9019.5625,1000,,,,,,,,,,
,,,,,932000,,,-834.93408203125,-5.655571460723877,5.797845363616943,833.6243896484375,833.5054931640625,0.11938360333442688,0.024914773181080818,0.0003,0.0003,0.11938075721263885
,,,,,932999,9119.083,1000,,,,,,,,,,
,,,,,933000,,,-823.8776245117188,-5.757926940917969,5.665253162384033,822.2196044921875,822.1719360351562,0.11983499675989151,0.0002952590584754944,0.0003,0.0003,0.11983747780323029
,,,,,933999,9143.974,1000,,,,,,,,,,
,,,,,934000,,,-828.9182739257812,-6.203981876373291,8.908560752868652,827.6080322265625,827.8674926757812,0.11994881927967072,-0.024353142827749252,0.0003,0.0003,0.11994770914316177
,,,,,934999,9113.441,1000,,,,,,,,,,
9027.232,52.61915,9090.22,8947.549,1000.0,935000,,,-823.3684692382812,-5.927501678466797,6.084945201873779,822.0162353515625,821.871337890625,0.11833779513835907,0.02259337157011032,0.0003,0.0003,0.11833494901657104
,,,,,935999,9032.919,1000,,,,,,,,,,
,,,,,936000,,,-831.6348876953125,-6.2437334060668945,4.818974494934082,830.319580078125,830.7200927734375,0.11976619809865952,-0.04451281204819679,0.0003,0.0003,0.11977021396160126
,,,,,936999,9055.442,1000,,,,,,,,,,
,,,,,937000,,,-832.4697265625,-6.135798454284668,6.20932674407959,830.9874267578125,830.8079223632812,0.11859417706727982,-0.011688850820064545,0.0003,0.0003,0.11859753727912903
,,,,,937999,9240.743,1000,,,,,,,,,,
,,,,,938000,,,-825.765625,-6.071412086486816,6.66905403137207,824.635498046875,824.2326049804688,0.1194273829460144,-0.012832090258598328,0.0003,0.0003,0.1194257065653801
,,,,,938999,9088.229,1000,,,,,,,,,,
,,,,,939000,,,-840.1515502929688,-6.024668216705322,5.70028018951416,838.9486694335938,838.4470825195312,0.121500663459301,-0.006572643294930458,0.0003,0.0003,0.12149794399738312
,,,,,939999,9115.962,1000,,,,,,,,,,
9190.877,70.36118,9317.741,9064.591,1000.0,940000,,,-833.6906127929688,-6.225043296813965,4.89341402053833,832.6414184570312,832.6685180664062,0.12225591391324997,-0.051626287400722504,0.0003,0.0003,0.12226361036300659
,,,,,940999,9031.805,1000,,,,,,,,,,
,,,,,941000,,,-838.287353515625,-5.887434005737305,7.812948226928711,837.099609375,836.9580688476562,0.12209831923246384,0.0002490812912583351,0.0003,0.0003,0.12209951132535934
,,,,,941999,9052.265,1000,,,,,,,,,,
,,,,,942000,,,-834.4940795898438,-6.223623275756836,11.763765335083008,832.6377563476562,832.5873413085938,0.12241175025701523,-0.016859520226716995,0.0003,0.0003,0.1224123015999794
,,,,,942999,9109.32,1000,,,,,,,,,,
,,,,,943000,,,-834.5623779296875,-6.287985801696777,6.207088470458984,832.8495483398438,833.075439453125,0.12116146087646484,-0.07376770675182343,0.0003,0.0003,0.12116590887308121
,,,,,943999,9218.103,1000,,,,,,,,,,
,,,,,944000,,,-824.2037353515625,-6.3109540939331055,4.386566638946533,822.2847290039062,822.9616088867188,0.12099466472864151,-0.013687517493963242,0.0003,0.0003,0.12099258601665497
,,,,,944999,8961.519,1000,,,,,,,,,,
9152.082,66.949394,9267.058,9045.447,1000.0,945000,,,-830.7052001953125,-6.444221496582031,7.842579364776611,828.7924194335938,829.279296875,0.12078138440847397,-0.07499311119318008,0.0003,0.0003,0.12078244984149933
,,,,,945999,9182.661,1000,,,,,,,,,,
,,,,,946000,,,-840.9876098632812,-5.9648895263671875,10.209863662719727,839.717041015625,839.9981689453125,0.12164950370788574,0.010790384374558926,0.0003,0.0003,0.12165132910013199
,,,,,946999,9211.057,1000,,,,,,,,,,
,,,,,947000,,,-824.7138061523438,-5.868119239807129,8.34572982788086,824.2152099609375,824.0011596679688,0.12061968445777893,0.015762116760015488,0.0003,0.0003,0.12062095105648041
,,,,,947999,9044.753,1000,,,,,,,,,,
,,,,,948000,,,-846.2549438476562,-5.161882400512695,6.305909156799316,845.1489868164062,844.7083129882812,0.11989375948905945,0.07762335240840912,0.0003,0.0003,0.11988898366689682
,,,,,948999,9088.076,1000,,,,,,,,,,
,,,,,949000,,,-834.1446533203125,-6.328662395477295,7.005703449249268,833.3392333984375,833.0803833007812,0.12068075686693192,-0.056552015244960785,0.0003,0.0003,0.12068397551774979
,,,,,949999,7872.8115,1000,,,,,,,,,,
9214.117,54.800156,9312.117,9125.586,1000.0,950000,,,-828.9375,-5.916521072387695,6.864317893981934,827.828369140625,827.5460205078125,0.12112018465995789,0.058825165033340454,0.0003,0.0003,0.12111908942461014
,,,,,950999,9068.476,1000,,,,,,,,,,
,,,,,951000,,,-840.0724487304688,-5.516253471374512,8.656185150146484,838.5743408203125,838.611328125,0.12142207473516464,0.02526252344250679,0.0003,0.0003,0.12142302095890045
,,,,,951999,9201.444,1000,,,,,,,,,,
,,,,,952000,,,-835.9091186523438,-6.082944869995117,6.09074592590332,834.6851806640625,834.552490234375,0.12120092660188675,0.009432347491383553,0.0003,0.0003,0.12119898945093155
,,,,,952999,9068.932,1000,,,,,,,,,,
,,,,,953000,,,-832.2796630859375,-6.370434284210205,5.84257173538208,830.7041015625,830.593017578125,0.12095912545919418,-0.036345697939395905,0.0003,0.0003,0.12096048891544342
,,,,,953999,9117.613,1000,,,,,,,,,,
,,,,,954000,,,-841.8486938476562,-6.687771797180176,7.194293022155762,841.27978515625,840.775390625,0.11979320645332336,-0.019096609205007553,0.0003,0.0003,0.11979549378156662
,,,,,954999,9168.089,1000,,,,,,,,,,
9091.502,111.45769,9304.241,8874.108,1000.0,955000,,,-830.9916381835938,-6.037562370300293,6.4710893630981445,828.684326171875,828.919921875,0.12086936086416245,0.0010977350175380707,0.0003,0.0003,0.12087264657020569
,,,,,955999,9027.111,1000,,,,,,,,,,
,,,,,956000,,,-840.1851806640625,-5.923665523529053,7.769280433654785,838.9718627929688,839.3572998046875,0.12074044346809387,0.04303724318742752,0.0003,0.0003,0.12073583155870438
,,,,,956999,9174.654,1000,,,,,,,,,,
,,,,,957000,,,-829.971923828125,-6.8137898445129395,19.530065536499023,827.4281005859375,828.24462890625,0.12038728594779968,-0.04786868020892143,0.0003,0.0003,0.12039487063884735
,,,,,957999,8913.79,1000,,,,,,,,,,
,,,,,958000,,,-836.9473266601562,-5.9153032302856445,5.808876991271973,835.7083129882812,835.8338623046875,0.11985474079847336,0.012311229482293129,0.0003,0.0003,0.11985719949007034
,,,,,958999,9230.31,1000,,,,,,,,,,
,,,,,959000,,,-843.7384033203125,-6.05830192565918,6.2181715965271,842.636962890625,842.6553344726562,0.12083268165588379,-0.005465017165988684,0.0003,0.0003,0.12083999812602997
,,,,,959999,9113.206,1000,,,,,,,,,,
9121.703,69.015305,9202.195,8968.769,1000.0,960000,,,-846.0650024414062,-5.969722747802734,7.710874080657959,844.70654296875,844.3662109375,0.12068527191877365,-0.017111988738179207,0.0003,0.0003,0.1206861361861229
,,,,,960999,9243.037,1000,,,,,,,,,,
,,,,,961000,,,-832.3382568359375,-6.1980180740356445,6.6882219314575195,831.1801147460938,831.093505859375,0.12109275162220001,-0.033159904181957245,0.0003,0.0003,0.12109896540641785
,,,,,961999,9329.551,1000,,,,,,,,,,
,,,,,962000,,,-837.6187744140625,-5.843753814697266,7.85858678817749,836.4420776367188,836.2138671875,0.12111969292163849,0.039939913898706436,0.0003,0.0003,0.12111660838127136
,,,,,962999,9236.37,1000,,,,,,,,,,
,,,,,963000,,,-844.0142822265625,-6.542692184448242,14.034553527832031,842.6318969726562,841.9392700195312,0.1212034672498703,-0.038390301167964935,0.0003,0.0003,0.12120864540338516
,,,,,963999,9258.476,1000,,,,,,,,,,
,,,,,964000,,,-834.9000854492188,-6.425766944885254,12.06489086151123,833.6732788085938,833.3230590820312,0.1219484880566597,-0.04275992512702942,0.0003,0.0003,0.12195099145174026
,,,,,964999,9093.102,1000,,,,,,,,,,
9213.666,184.97008,9422.636,8764.286,1000.0,965000,,,-837.6284790039062,-6.322414398193359,5.298199653625488,836.517822265625,836.4632568359375,0.12211861461400986,-0.0034326445311307907,0.0003,0.0003,0.12211782485246658
,,,,,965999,9231.744,1000,,,,,,,,,,
,,,,,966000,,,-845.1510009765625,-5.981390953063965,7.344464302062988,843.4676513671875,844.0081787109375,0.12285353243350983,0.006542830727994442,0.0003,0.0003,0.12285230308771133
,,,,,966999,9150.9375,1000,,,,,,,,,,
,,,,,967000,,,-844.290771484375,-5.902483940124512,7.690462112426758,842.8626708984375,843.187255859375,0.12292545288801193,0.03273452818393707,0.0003,0.0003,0.12292730063199997
,,,,,967999,9019.153,1000,,,,,,,,,,
,,,,,968000,,,-838.1002197265625,-6.316437721252441,16.706533432006836,837.3582763671875,836.585693359375,0.12272217124700546,0.0044694822281599045,0.0003,0.0003,0.12272348999977112
,,,,,968999,9276.1455,1000,,,,,,,,,,
,,,,,969000,,,-835.10498046875,-6.20749044418335,6.528124809265137,833.4129638671875,833.4159545898438,0.12296145409345627,-0.058658894151449203,0.0003,0.0003,0.12295844405889511
,,,,,969999,9236.984,1000,,,,,,,,,,
9136.779,123.18251,9284.77,8912.844,1000.0,970000,,,-843.1570434570312,-5.559566020965576,6.770601272583008,842.156982421875,841.938232421875,0.12360863387584686,0.054335854947566986,0.0003,0.0003,0.12360860407352448
,,,,,970999,9315.136,1000,,,,,,,,,,
,,,,,971000,,,-852.7626342773438,-5.566843032836914,5.771471977233887,851.6141357421875,851.263671875,0.12394537776708603,0.028451763093471527,0.0003,0.0003,0.12394500523805618
,,,,,971999,9170.568,1000,,,,,,,,,,
,,,,,972000,,,-837.5320434570312,-6.368748664855957,8.097221374511719,836.2734375,836.4986572265625,0.12329444289207458,-0.052385542541742325,0.0003,0.0003,0.1232948824763298
,,,,,972999,9268.245,1000,,,,,,,,,,
,,,,,973000,,,-844.6738891601562,-6.1181793212890625,7.129884719848633,843.0515747070312,843.2017822265625,0.12343185395002365,0.0027182558551430702,0.0003,0.0003,0.12343179434537888
,,,,,973999,9256.164,1000,,,,,,,,,,
,,,,,974000,,,-841.6716918945312,-5.8198137283325195,5.998222351074219,840.0504150390625,840.4217529296875,0.12261085957288742,0.019498735666275024,0.0003,0.0003,0.12261267751455307
,,,,,974999,9080.878,1000,,,,,,,,,,
9331.602,31.017426,9388.164,9287.029,1000.0,975000,,,-849.7997436523438,-5.939023971557617,22.417444229125977,848.607666015625,848.60693359375,0.12267815321683884,-0.01889544352889061,0.0003,0.0003,0.12267399579286575
,,,,,975999,9064.98,1000,,,,,,,,,,
,,,,,976000,,,-839.572998046875,-6.182660102844238,6.7579779624938965,838.2350463867188,838.0997924804688,0.12379680573940277,-0.007937637157738209,0.0003,0.0003,0.12379910796880722
,,,,,976999,9113.494,1000,,,,,,,,,,
,,,,,977000,,,-844.2041015625,-5.787060260772705,6.728686332702637,843.123291015625,842.9781494140625,0.12347044050693512,0.027645066380500793,0.0003,0.0003,0.12347140908241272
,,,,,977999,9254.781,1000,,,,,,,,,,
,,,,,978000,,,-851.124267578125,-5.7070512771606445,6.847566604614258,849.4609375,849.16650390625,0.1247844472527504,0.02615240402519703,0.0003,0.0003,0.12478046119213104
,,,,,978999,9136.809,1000,,,,,,,,,,
,,,,,979000,,,-838.466552734375,-5.842364311218262,6.487295150756836,836.817138671875,836.583740234375,0.12481985986232758,-0.004472075030207634,0.0003,0.0003,0.12482006102800369
,,,,,979999,9258.119,1000,,,,,,,,,,
9221.918,70.19133,9321.471,9072.769,1000.0,980000,,,-847.9829711914062,-6.102683067321777,7.171095848083496,846.5773315429688,846.0269775390625,0.12449274957180023,-0.0058995196595788,0.0003,0.0003,0.12449539452791214
,,,,,980999,9124.093,1000,,,,,,,,,,
,,,,,981000,,,-845.5389404296875,-5.529211044311523,4.693434715270996,843.5477294921875,843.7169189453125,0.12341540306806564,0.06697963178157806,0.0003,0.0003,0.1234104335308075
,,,,,981999,9342.055,1000,,,,,,,,,,
,,,,,982000,,,-835.7593383789062,-7.132370948791504,10.094401359558105,833.8455810546875,833.8890380859375,0.12430036067962646,-0.11250430345535278,0.0003,0.0003,0.12430444359779358
,,,,,982999,9378.462,1000,,,,,,,,,,
,,,,,983000,,,-851.9292602539062,-5.234292030334473,6.770412445068359,850.6597290039062,850.7182006835938,0.12459269165992737,0.06233607232570648,0.0003,0.0003,0.12459178268909454
,,,,,983999,9185.267,1000,,,,,,,,,,
,,,,,984000,,,-839.9228515625,-5.520639419555664,7.113114356994629,838.5699462890625,838.310791015625,0.12411145865917206,0.03406081348657608,0.0003,0.0003,0.12411296367645264
,,,,,984999,9305.484,1000,,,,,,,,,,
9346.229,60.29255,9440.335,9266.663,1000.0,985000,,,-841.3358764648438,-6.14166259765625,5.637256622314453,839.930908203125,840.5477294921875,0.12473269551992416,0.00702331168577075,0.0003,0.0003,0.12473266571760178
,,,,,985999,9195.382,1000,,,,,,,,,,
,,,,,986000,,,-850.7807006835938,-6.056125640869141,6.482658863067627,849.4677734375,848.8641357421875,0.12486396729946136,-0.012528812512755394,0.0003,0.0003,0.12486652284860611
,,,,,986999,9312.223,1000,,,,,,,,,,
,,,,,987000,,,-843.8959350585938,-6.451846122741699,6.616458415985107,842.7149658203125,842.6549072265625,0.12374448031187057,-0.014234536327421665,0.0003,0.0003,0.1237407699227333
,,,,,987999,9113.325,1000,,,,,,,,,,
,,,,,988000,,,-843.0692749023438,-5.758424758911133,7.731671333312988,841.45068359375,841.2552490234375,0.1236596331000328,0.016331112012267113,0.0003,0.0003,0.1236577183008194
,,,,,988999,9326.574,1000,,,,,,,,,,
,,,,,989000,,,-843.7372436523438,-5.78705358505249,5.725459098815918,842.9110717773438,842.313232421875,0.12336233258247375,-0.004197821021080017,0.0003,0.0003,0.12336092442274094
,,,,,989999,9244.854,1000,,,,,,,,,,
9278.646,73.638435,9401.506,9154.03,1000.0,990000,,,-851.2821044921875,-5.825091361999512,5.727483749389648,849.8509521484375,849.8829345703125,0.1225317046046257,0.007383148185908794,0.0003,0.0003,0.1225360557436943
,,,,,990999,9135.661,1000,,,,,,,,,,
,,,,,991000,,,-846.8601684570312,-5.7114410400390625,8.230772972106934,845.340087890625,845.4896850585938,0.12333539873361588,0.015751279890537262,0.0003,0.0003,0.12333357334136963
,,,,,991999,9365.744,1000,,,,,,,,,,
,,,,,992000,,,-846.1726684570312,-6.33315372467041,7.060743808746338,845.0051879882812,844.8690185546875,0.12403850257396698,-0.018097903579473495,0.0003,0.0003,0.12404102087020874
,,,,,992999,9301.147,1000,,,,,,,,,,
,,,,,993000,,,-840.6668701171875,-6.265468597412109,9.162371635437012,838.8251953125,839.5319213867188,0.12349917739629745,-0.05515209585428238,0.0003,0.0003,0.123496875166893
,,,,,993999,9276.7705,1000,,,,,,,,,,
,,,,,994000,,,-854.834716796875,-5.768253326416016,6.6202216148376465,853.370361328125,852.5916748046875,0.12299461662769318,0.05692822113633156,0.0003,0.0003,0.12299109995365143
,,,,,994999,9257.127,1000,,,,,,,,,,
9238.8125,132.32677,9347.122,8892.623,1000.0,995000,,,-851.6351318359375,-5.97656774520874,5.588564872741699,850.31298828125,850.6157836914062,0.12358839809894562,0.04005851596593857,0.0003,0.0003,0.1235949918627739
,,,,,995999,9041.5205,1000,,,,,,,,,,
,,,,,996000,,,-840.82275390625,-6.339967727661133,7.855730056762695,839.272705078125,839.0672607421875,0.12347330152988434,-0.029686469584703445,0.0003,0.0003,0.12346897274255753
,,,,,996999,9346.276,1000,,,,,,,,,,
,,,,,997000,,,-850.5018310546875,-5.360565185546875,8.74223518371582,849.2704467773438,849.51953125,0.12397591769695282,0.07236292958259583,0.0003,0.0003,0.12397073954343796
,,,,,997999,9299.602,1000,,,,,,,,,,
,,,,,998000,,,-860.0475463867188,-5.46545934677124,6.1028032302856445,859.0284423828125,858.964599609375,0.12447464466094971,0.01788240298628807,0.0003,0.0003,0.12447066605091095
,,,,,998999,9398.716,1000,,,,,,,,,,
,,,,,999000,,,-852.07080078125,-6.087315559387207,5.656108856201172,850.7774658203125,850.994873046875,0.12374941259622574,0.0017650695517659187,0.0003,0.0003,0.12375029921531677
,,,,,999999,9168.157,1000,,,,,,,,,,
