Eval_AverageReturn,Eval_StdReturn,Eval_MaxReturn,Eval_MinReturn,Eval_AverageEpLen,step,Train_EpisodeReturn,Train_EpisodeLen,actor_loss,entropy,critic_loss,q_values,target_values,actor_lr,critic_lr,temperature
-228.62529,60.24222,-113.94251,-315.79413,1000.0,0,,,,,,,,,,
,,,,,999,-232.61086,1000,,,,,,,,
,,,,,1999,-225.15338,1000,,,,,,,,
,,,,,2999,-117.27438,1000,,,,,,,,
,,,,,3999,-209.2007,1000,,,,,,,,
,,,,,4999,-283.05115,1000,,,,,,,,
-241.00781,66.0511,-159.65231,-366.55652,1000.0,5000,,,,,,,,,,
,,,,,5999,-282.7414,1000,,,,,,,,
,,,,,6999,-181.00294,1000,,,,,,,,
,,,,,7999,-163.63972,1000,,,,,,,,
,,,,,8999,-168.76653,1000,,,,,,,,
,,,,,9999,-213.93166,1000,,,,,,,,
-282.1241,93.93103,-183.44382,-506.5638,1000.0,10000,,,-0.3544656038284302,3.7605631351470947,0.4653036594390869,-0.014490910805761814,0.041096094995737076,0.0003,0.0003,0.1
,,,,,10999,-196.58327,1000,,,,,,,,
,,,,,11000,,,-2.581820011138916,2.43032169342041,0.5805463790893555,1.8733396530151367,1.7758562564849854,0.0003,0.0003,0.1
,,,,,11999,-243.71455,1000,,,,,,,,
,,,,,12000,,,-4.298519611358643,2.98599910736084,0.6935725212097168,3.7164015769958496,3.742516279220581,0.0003,0.0003,0.1
,,,,,12999,-234.34328,1000,,,,,,,,
,,,,,13000,,,-5.8574419021606445,2.469698429107666,0.8065130710601807,5.282222747802734,5.08370304107666,0.0003,0.0003,0.1
,,,,,13999,-259.1444,1000,,,,,,,,
,,,,,14000,,,-8.291884422302246,1.9454691410064697,0.8794678449630737,7.4409589767456055,7.426517009735107,0.0003,0.0003,0.1
,,,,,14999,-103.71807,1000,,,,,,,,
-215.67488,23.93005,-178.91093,-256.8342,1000.0,15000,,,-11.094209671020508,1.728246808052063,0.6757247447967529,10.150510787963867,10.249077796936035,0.0003,0.0003,0.1
,,,,,15999,-114.053085,1000,,,,,,,,
,,,,,16000,,,-13.796664237976074,1.8220787048339844,0.7215484380722046,12.801284790039062,12.916621208190918,0.0003,0.0003,0.1
,,,,,16999,-127.941216,1000,,,,,,,,
,,,,,17000,,,-15.648415565490723,2.048199415206909,0.6164669990539551,14.78681755065918,14.821545600891113,0.0003,0.0003,0.1
,,,,,17999,30.398535,1000,,,,,,,,
,,,,,18000,,,-17.504688262939453,1.7287448644638062,0.47480690479278564,16.705284118652344,16.76520538330078,0.0003,0.0003,0.1
,,,,,18999,92.398315,1000,,,,,,,,
,,,,,19000,,,-19.34806251525879,1.7619388103485107,0.5268309116363525,18.525592803955078,18.481388092041016,0.0003,0.0003,0.1
,,,,,19999,61.50436,1000,,,,,,,,
609.6439,92.30295,800.66547,443.83414,1000.0,20000,,,-20.820695877075195,1.8779269456863403,0.45787984132766724,20.023080825805664,20.016300201416016,0.0003,0.0003,0.1
,,,,,20999,737.09503,1000,,,,,,,,
,,,,,21000,,,-24.194250106811523,1.532299280166626,0.5599648952484131,23.562183380126953,23.44835662841797,0.0003,0.0003,0.1
,,,,,21999,935.67303,1000,,,,,,,,
,,,,,22000,,,-26.994705200195312,1.6684004068374634,0.5293561220169067,26.161163330078125,26.09475326538086,0.0003,0.0003,0.1
,,,,,22999,942.62085,1000,,,,,,,,
,,,,,23000,,,-29.87623405456543,1.4882735013961792,0.5420957803726196,29.054698944091797,29.11166000366211,0.0003,0.0003,0.1
,,,,,23999,1155.1007,1000,,,,,,,,
,,,,,24000,,,-33.34407424926758,0.7929578423500061,0.6418704986572266,32.35444641113281,32.3535270690918,0.0003,0.0003,0.1
,,,,,24999,1134.755,1000,,,,,,,,
1075.5193,350.9584,1347.1987,361.44797,1000.0,25000,,,-37.61240005493164,1.1688206195831299,0.5217471122741699,36.66658020019531,36.74391174316406,0.0003,0.0003,0.1
,,,,,25999,1355.0132,1000,,,,,,,,
,,,,,26000,,,-41.11249923706055,0.28225868940353394,0.5702000856399536,40.029911041259766,40.155609130859375,0.0003,0.0003,0.1
,,,,,26999,1330.2225,1000,,,,,,,,
,,,,,27000,,,-43.56388854980469,0.11765597760677338,0.6198337078094482,42.57904052734375,42.454315185546875,0.0003,0.0003,0.1
,,,,,27999,1112.9233,1000,,,,,,,,
,,,,,28000,,,-46.91680145263672,0.042761191725730896,0.6346703767776489,46.05601501464844,45.981727600097656,0.0003,0.0003,0.1
,,,,,28999,1185.2941,1000,,,,,,,,
,,,,,29000,,,-51.546566009521484,0.16314704716205597,0.6284705400466919,50.54610061645508,50.57902526855469,0.0003,0.0003,0.1
,,,,,29999,1417.3174,1000,,,,,,,,
1589.4519,160.90579,1711.4696,1121.1625,1000.0,30000,,,-58.28537368774414,0.05901055783033371,0.7437769770622253,57.386444091796875,57.20918655395508,0.0003,0.0003,0.1
,,,,,30999,1784.6062,1000,,,,,,,,
,,,,,31000,,,-59.515708923339844,-0.026734668761491776,0.6730242967605591,58.5550537109375,58.541259765625,0.0003,0.0003,0.1
,,,,,31999,1798.5487,1000,,,,,,,,
,,,,,32000,,,-65.25385284423828,0.0641729086637497,0.664217472076416,64.22297668457031,64.16712951660156,0.0003,0.0003,0.1
,,,,,32999,1727.4937,1000,,,,,,,,
,,,,,33000,,,-69.68170166015625,-0.16040249168872833,0.6423208713531494,68.49929809570312,68.49481201171875,0.0003,0.0003,0.1
,,,,,33999,1930.8688,1000,,,,,,,,
,,,,,34000,,,-74.03311920166016,-0.0031234417110681534,0.518222451210022,72.92861938476562,73.00979614257812,0.0003,0.0003,0.1
,,,,,34999,1950.4724,1000,,,,,,,,
1904.721,60.08178,1991.0364,1804.3304,1000.0,35000,,,-79.02954864501953,0.07648377120494843,0.6245369911193848,78.06988525390625,78.01305389404297,0.0003,0.0003,0.1
,,,,,35999,1165.1608,1000,,,,,,,,
,,,,,36000,,,-81.33622741699219,-0.0939762070775032,0.6454521417617798,80.13081359863281,80.23092651367188,0.0003,0.0003,0.1
,,,,,36999,2028.1237,1000,,,,,,,,
,,,,,37000,,,-88.05015563964844,-0.31856569647789,0.9435566067695618,86.9178466796875,87.0351791381836,0.0003,0.0003,0.1
,,,,,37999,2117.2778,1000,,,,,,,,
,,,,,38000,,,-87.95162200927734,-0.14019016921520233,0.7674351334571838,86.73958587646484,86.84992218017578,0.0003,0.0003,0.1
,,,,,38999,1240.8873,1000,,,,,,,,
,,,,,39000,,,-98.43904113769531,-0.6205395460128784,0.8267598748207092,97.32644653320312,97.27813720703125,0.0003,0.0003,0.1
,,,,,39999,2121.0964,1000,,,,,,,,
1922.6221,508.86942,2245.013,661.66156,1000.0,40000,,,-95.17462921142578,-0.3070787489414215,0.7219754457473755,94.12315368652344,94.12200927734375,0.0003,0.0003,0.1
,,,,,40999,2119.2373,1000,,,,,,,,
,,,,,41000,,,-101.84814453125,-0.2546745538711548,0.8300771117210388,100.9474105834961,100.78564453125,0.0003,0.0003,0.1
,,,,,41999,2173.4392,1000,,,,,,,,
,,,,,42000,,,-105.1829605102539,-0.5175796151161194,0.574376106262207,104.19163513183594,104.26197814941406,0.0003,0.0003,0.1
,,,,,42999,2323.6816,1000,,,,,,,,
,,,,,43000,,,-105.70563507080078,-0.35627448558807373,0.8481178283691406,104.42755126953125,104.48385620117188,0.0003,0.0003,0.1
,,,,,43999,1968.5648,1000,,,,,,,,
,,,,,44000,,,-109.7940444946289,-0.43088245391845703,1.12910795211792,108.84329986572266,109.18641662597656,0.0003,0.0003,0.1
,,,,,44999,2078.812,1000,,,,,,,,
2024.358,437.2652,2353.53,1163.3778,1000.0,45000,,,-118.42603302001953,-0.8886706829071045,0.6765855550765991,117.31059265136719,117.39930725097656,0.0003,0.0003,0.1
,,,,,45999,2249.4119,1000,,,,,,,,
,,,,,46000,,,-120.58662414550781,-0.36735132336616516,0.6556576490402222,119.62408447265625,119.57105255126953,0.0003,0.0003,0.1
,,,,,46999,1005.30176,1000,,,,,,,,
,,,,,47000,,,-119.0901870727539,-0.45018303394317627,0.7162070274353027,118.30218505859375,118.32466888427734,0.0003,0.0003,0.1
,,,,,47999,1758.6844,1000,,,,,,,,
,,,,,48000,,,-126.38665771484375,-0.5485301613807678,0.834175705909729,125.56498718261719,125.53716278076172,0.0003,0.0003,0.1
,,,,,48999,1323.1951,1000,,,,,,,,
,,,,,49000,,,-126.95556640625,-0.5169306993484497,0.5920604467391968,125.97879791259766,125.98060607910156,0.0003,0.0003,0.1
,,,,,49999,1496.7385,1000,,,,,,,,
2428.9155,84.28184,2534.5164,2222.0078,1000.0,50000,,,-132.1898956298828,-0.7712982296943665,1.3882663249969482,131.03956604003906,130.97341918945312,0.0003,0.0003,0.1
,,,,,50999,2474.7122,1000,,,,,,,,
,,,,,51000,,,-137.93258666992188,-0.40522873401641846,0.9038567543029785,136.8843994140625,136.9723663330078,0.0003,0.0003,0.1
,,,,,51999,390.5386,1000,,,,,,,,
,,,,,52000,,,-135.1083984375,-0.8215861916542053,0.5287514925003052,134.2532958984375,134.21029663085938,0.0003,0.0003,0.1
,,,,,52999,2491.0796,1000,,,,,,,,
,,,,,53000,,,-135.64195251464844,-0.4755200445652008,0.7855335474014282,134.73265075683594,134.84085083007812,0.0003,0.0003,0.1
,,,,,53999,2573.282,1000,,,,,,,,
,,,,,54000,,,-140.00814819335938,-0.4819248914718628,0.9109507203102112,138.97523498535156,139.04396057128906,0.0003,0.0003,0.1
,,,,,54999,2600.7292,1000,,,,,,,,
2478.3354,337.94437,2648.471,1497.1586,1000.0,55000,,,-150.73635864257812,-0.8286023139953613,0.6276021003723145,149.48873901367188,149.56011962890625,0.0003,0.0003,0.1
,,,,,55999,2371.413,1000,,,,,,,,
,,,,,56000,,,-145.60890197753906,-0.7666215300559998,1.1927926540374756,144.61895751953125,144.59982299804688,0.0003,0.0003,0.1
,,,,,56999,2582.2334,1000,,,,,,,,
,,,,,57000,,,-154.62997436523438,-0.8270200490951538,1.2241640090942383,153.48309326171875,153.45010375976562,0.0003,0.0003,0.1
,,,,,57999,2629.9062,1000,,,,,,,,
,,,,,58000,,,-154.29043579101562,-1.054732322692871,0.8183699250221252,153.30291748046875,153.23599243164062,0.0003,0.0003,0.1
,,,,,58999,2713.3853,1000,,,,,,,,
,,,,,59000,,,-163.01622009277344,-1.0732170343399048,0.667090654373169,162.2088623046875,162.1844024658203,0.0003,0.0003,0.1
,,,,,59999,2783.5234,1000,,,,,,,,
2725.7292,143.62106,2839.5044,2385.2202,1000.0,60000,,,-163.04449462890625,-1.0262093544006348,0.9030638933181763,162.1906280517578,162.22747802734375,0.0003,0.0003,0.1
,,,,,60999,2786.2158,1000,,,,,,,,
,,,,,61000,,,-156.42881774902344,-0.7230696082115173,0.6282438039779663,155.69186401367188,155.69879150390625,0.0003,0.0003,0.1
,,,,,61999,2852.252,1000,,,,,,,,
,,,,,62000,,,-165.5087127685547,-1.1455869674682617,0.7985759973526001,164.40921020507812,164.3498992919922,0.0003,0.0003,0.1
,,,,,62999,2845.2246,1000,,,,,,,,
,,,,,63000,,,-169.63099670410156,-1.1933112144470215,0.8824845552444458,168.76727294921875,168.75155639648438,0.0003,0.0003,0.1
,,,,,63999,2816.9492,1000,,,,,,,,
,,,,,64000,,,-165.0043487548828,-1.2696092128753662,1.768329381942749,163.8432159423828,163.6665802001953,0.0003,0.0003,0.1
,,,,,64999,2973.956,1000,,,,,,,,
2772.743,445.19196,2967.3562,1439.3718,1000.0,65000,,,-173.8784942626953,-0.8024291396141052,0.7034151554107666,173.0211944580078,173.07809448242188,0.0003,0.0003,0.1
,,,,,65999,2980.1057,1000,,,,,,,,
,,,,,66000,,,-179.1192169189453,-1.3597004413604736,0.696158766746521,177.87252807617188,177.88796997070312,0.0003,0.0003,0.1
,,,,,66999,3034.0051,1000,,,,,,,,
,,,,,67000,,,-186.72488403320312,-1.0630720853805542,1.3045885562896729,185.7503662109375,185.66580200195312,0.0003,0.0003,0.1
,,,,,67999,3026.205,1000,,,,,,,,
,,,,,68000,,,-184.2583770751953,-1.3743815422058105,0.9201034307479858,183.41867065429688,183.4184112548828,0.0003,0.0003,0.1
,,,,,68999,3091.2446,1000,,,,,,,,
,,,,,69000,,,-188.55860900878906,-1.3897690773010254,0.772377610206604,187.61376953125,187.70773315429688,0.0003,0.0003,0.1
,,,,,69999,3046.5225,1000,,,,,,,,
2965.945,398.61105,3178.9087,1873.5887,1000.0,70000,,,-199.25640869140625,-1.5139355659484863,0.8804241418838501,198.23654174804688,198.26904296875,0.0003,0.0003,0.1
,,,,,70999,2902.8408,1000,,,,,,,,
,,,,,71000,,,-190.76034545898438,-1.179756760597229,1.2017548084259033,189.6640625,189.68533325195312,0.0003,0.0003,0.1
,,,,,71999,3116.884,1000,,,,,,,,
,,,,,72000,,,-198.78366088867188,-1.6794774532318115,0.8284707069396973,197.908447265625,197.85760498046875,0.0003,0.0003,0.1
,,,,,72999,3222.9817,1000,,,,,,,,
,,,,,73000,,,-202.7192840576172,-1.9509851932525635,0.9423441886901855,201.7632598876953,201.7906036376953,0.0003,0.0003,0.1
,,,,,73999,3211.5051,1000,,,,,,,,
,,,,,74000,,,-198.8675994873047,-1.4427528381347656,0.9740608334541321,197.9320831298828,197.99334716796875,0.0003,0.0003,0.1
,,,,,74999,3236.0554,1000,,,,,,,,
3193.1084,25.758928,3244.621,3152.2761,1000.0,75000,,,-205.3506317138672,-1.3934299945831299,0.908076822757721,204.40066528320312,204.55592346191406,0.0003,0.0003,0.1
,,,,,75999,3295.4885,1000,,,,,,,,
,,,,,76000,,,-198.48719787597656,-1.6762754917144775,0.8586600422859192,197.4029998779297,197.26174926757812,0.0003,0.0003,0.1
,,,,,76999,3187.848,1000,,,,,,,,
,,,,,77000,,,-211.37692260742188,-2.136295795440674,0.8522145748138428,210.44009399414062,210.46890258789062,0.0003,0.0003,0.1
,,,,,77999,3271.6387,1000,,,,,,,,
,,,,,78000,,,-213.7073516845703,-1.9301060438156128,0.8169494867324829,212.52195739746094,212.5194549560547,0.0003,0.0003,0.1
,,,,,78999,3325.6519,1000,,,,,,,,
,,,,,79000,,,-209.74754333496094,-1.7421637773513794,0.8322367668151855,208.67864990234375,208.5919189453125,0.0003,0.0003,0.1
,,,,,79999,3351.2112,1000,,,,,,,,
3356.5786,30.268595,3398.8735,3288.0952,1000.0,80000,,,-218.2301483154297,-2.267301082611084,1.7110494375228882,216.7880096435547,216.8695526123047,0.0003,0.0003,0.1
,,,,,80999,3345.2295,1000,,,,,,,,
,,,,,81000,,,-226.4360809326172,-1.8684799671173096,0.852042555809021,225.57301330566406,225.35882568359375,0.0003,0.0003,0.1
,,,,,81999,3325.2773,1000,,,,,,,,
,,,,,82000,,,-225.9463348388672,-1.8779476881027222,0.866304337978363,224.77786254882812,224.8164520263672,0.0003,0.0003,0.1
,,,,,82999,3415.2683,1000,,,,,,,,
,,,,,83000,,,-227.9180145263672,-2.2307288646698,0.9442527294158936,227.00823974609375,226.95223999023438,0.0003,0.0003,0.1
,,,,,83999,3438.2942,1000,,,,,,,,
,,,,,84000,,,-229.9773712158203,-1.9721143245697021,0.8835815191268921,229.07095336914062,228.95193481445312,0.0003,0.0003,0.1
,,,,,84999,3422.4827,1000,,,,,,,,
3498.4941,42.48268,3564.0388,3442.8757,1000.0,85000,,,-236.43162536621094,-2.0317635536193848,0.9436072111129761,235.39642333984375,235.30116271972656,0.0003,0.0003,0.1
,,,,,85999,3394.6663,1000,,,,,,,,
,,,,,86000,,,-239.58018493652344,-2.2148756980895996,0.870581865310669,238.54788208007812,238.6063690185547,0.0003,0.0003,0.1
,,,,,86999,3412.7095,1000,,,,,,,,
,,,,,87000,,,-234.3905792236328,-1.9688167572021484,1.0973063707351685,233.36257934570312,233.14454650878906,0.0003,0.0003,0.1
,,,,,87999,3549.564,1000,,,,,,,,
,,,,,88000,,,-241.2820281982422,-1.746394157409668,0.9990938901901245,240.25143432617188,240.28758239746094,0.0003,0.0003,0.1
,,,,,88999,3522.1594,1000,,,,,,,,
,,,,,89000,,,-238.3865509033203,-1.7399778366088867,0.9535859823226929,237.158935546875,237.312744140625,0.0003,0.0003,0.1
,,,,,89999,3485.6438,1000,,,,,,,,
3485.2856,37.79582,3542.128,3429.5664,1000.0,90000,,,-243.5449676513672,-2.0215930938720703,0.9129565954208374,242.2464599609375,242.28770446777344,0.0003,0.0003,0.1
,,,,,90999,3503.6465,1000,,,,,,,,
,,,,,91000,,,-243.9783172607422,-2.5856499671936035,1.0045440196990967,242.7876434326172,243.04959106445312,0.0003,0.0003,0.1
,,,,,91999,3519.746,1000,,,,,,,,
,,,,,92000,,,-251.13992309570312,-2.4985170364379883,0.9346929788589478,250.0155792236328,250.00637817382812,0.0003,0.0003,0.1
,,,,,92999,3538.7922,1000,,,,,,,,
,,,,,93000,,,-252.24722290039062,-2.5119152069091797,0.9523776769638062,251.0578155517578,251.13845825195312,0.0003,0.0003,0.1
,,,,,93999,3594.7515,1000,,,,,,,,
,,,,,94000,,,-257.58465576171875,-2.2580883502960205,1.1284271478652954,256.4398498535156,256.2190246582031,0.0003,0.0003,0.1
,,,,,94999,3561.264,1000,,,,,,,,
3507.2258,67.24036,3585.7593,3333.8035,1000.0,95000,,,-256.6009521484375,-2.4073925018310547,0.9759582281112671,255.64559936523438,255.7503662109375,0.0003,0.0003,0.1
,,,,,95999,3588.6672,1000,,,,,,,,
,,,,,96000,,,-256.8147888183594,-2.2445755004882812,1.0682470798492432,255.82498168945312,255.72071838378906,0.0003,0.0003,0.1
,,,,,96999,3657.7375,1000,,,,,,,,
,,,,,97000,,,-262.8095397949219,-2.2179369926452637,0.898351788520813,261.6868896484375,261.7262878417969,0.0003,0.0003,0.1
,,,,,97999,3642.3167,1000,,,,,,,,
,,,,,98000,,,-276.4745788574219,-2.203129768371582,1.2251811027526855,275.5079345703125,275.58984375,0.0003,0.0003,0.1
,,,,,98999,3656.214,1000,,,,,,,,
,,,,,99000,,,-267.5676574707031,-2.410517930984497,1.001705288887024,266.4666442871094,266.4664306640625,0.0003,0.0003,0.1
,,,,,99999,3669.063,1000,,,,,,,,
3701.431,18.969854,3731.2317,3669.603,1000.0,100000,,,-280.4427185058594,-2.9491119384765625,1.374443531036377,279.422607421875,279.32989501953125,0.0003,0.0003,0.1
,,,,,100999,3705.1077,1000,,,,,,,,
,,,,,101000,,,-276.8958740234375,-2.5116748809814453,0.8357090950012207,276.15673828125,276.091796875,0.0003,0.0003,0.1
,,,,,101999,3728.7532,1000,,,,,,,,
,,,,,102000,,,-275.74615478515625,-1.9228336811065674,0.8974997997283936,274.615234375,274.557861328125,0.0003,0.0003,0.1
,,,,,102999,3731.0935,1000,,,,,,,,
,,,,,103000,,,-278.6081237792969,-2.439908981323242,0.8429571390151978,277.5960693359375,277.6291809082031,0.0003,0.0003,0.1
,,,,,103999,3752.821,1000,,,,,,,,
,,,,,104000,,,-276.968505859375,-2.3736796379089355,1.105713963508606,275.7207336425781,275.70123291015625,0.0003,0.0003,0.1
,,,,,104999,3713.038,1000,,,,,,,,
3402.85,1018.18494,3786.137,350.02768,1000.0,105000,,,-274.39178466796875,-2.405308246612549,0.8898032307624817,273.266845703125,273.39056396484375,0.0003,0.0003,0.1
,,,,,105999,3816.3757,1000,,,,,,,,
,,,,,106000,,,-275.40625,-2.639911413192749,1.2694498300552368,274.2435302734375,274.4324645996094,0.0003,0.0003,0.1
,,,,,106999,556.6486,1000,,,,,,,,
,,,,,107000,,,-279.23919677734375,-2.163174867630005,1.1602483987808228,278.06329345703125,277.8753662109375,0.0003,0.0003,0.1
,,,,,107999,3814.99,1000,,,,,,,,
,,,,,108000,,,-292.5988464355469,-2.2958879470825195,0.9953830242156982,291.6947326660156,291.6636962890625,0.0003,0.0003,0.1
,,,,,108999,3756.439,1000,,,,,,,,
,,,,,109000,,,-282.5122375488281,-2.3727121353149414,1.0666618347167969,281.5514831542969,281.8072204589844,0.0003,0.0003,0.1
,,,,,109999,3817.3777,1000,,,,,,,,
3882.0923,22.62972,3941.0752,3857.5813,1000.0,110000,,,-291.6468505859375,-2.3741166591644287,1.0280046463012695,290.7514953613281,290.8270263671875,0.0003,0.0003,0.1
,,,,,110999,3865.3965,1000,,,,,,,,
,,,,,111000,,,-282.95806884765625,-2.4703381061553955,0.9666582345962524,282.142822265625,282.1173095703125,0.0003,0.0003,0.1
,,,,,111999,3914.5244,1000,,,,,,,,
,,,,,112000,,,-283.7688293457031,-2.5263123512268066,1.3455543518066406,282.5907897949219,282.6494140625,0.0003,0.0003,0.1
,,,,,112999,1319.5991,1000,,,,,,,,
,,,,,113000,,,-296.2856140136719,-2.694700002670288,1.0330191850662231,295.31298828125,295.32354736328125,0.0003,0.0003,0.1
,,,,,113999,3777.7053,1000,,,,,,,,
,,,,,114000,,,-297.9973449707031,-2.753466844558716,1.1747618913650513,296.8263244628906,297.0164794921875,0.0003,0.0003,0.1
,,,,,114999,3875.8135,1000,,,,,,,,
3894.607,31.334078,3944.5173,3835.2607,1000.0,115000,,,-299.7919921875,-2.471343994140625,3.1115784645080566,298.6810302734375,298.725341796875,0.0003,0.0003,0.1
,,,,,115999,3865.4043,1000,,,,,,,,
,,,,,116000,,,-292.82861328125,-2.94474196434021,1.566108226776123,291.62261962890625,291.5265197753906,0.0003,0.0003,0.1
,,,,,116999,3834.4036,1000,,,,,,,,
,,,,,117000,,,-293.3022766113281,-2.0967488288879395,1.1488898992538452,292.0836486816406,292.1855163574219,0.0003,0.0003,0.1
,,,,,117999,1771.2673,1000,,,,,,,,
,,,,,118000,,,-295.6826477050781,-2.7858753204345703,1.4173245429992676,294.7470703125,294.75787353515625,0.0003,0.0003,0.1
,,,,,118999,3910.704,1000,,,,,,,,
,,,,,119000,,,-300.7331237792969,-2.7371339797973633,1.6860167980194092,299.57086181640625,299.38134765625,0.0003,0.0003,0.1
,,,,,119999,3922.9585,1000,,,,,,,,
3881.007,28.062378,3941.209,3839.6455,1000.0,120000,,,-300.4338073730469,-2.6229240894317627,1.3060566186904907,299.484130859375,299.6219482421875,0.0003,0.0003,0.1
,,,,,120999,3948.6165,1000,,,,,,,,
,,,,,121000,,,-295.5140686035156,-2.3594589233398438,1.0841090679168701,294.52203369140625,294.6831970214844,0.0003,0.0003,0.1
,,,,,121999,3996.8948,1000,,,,,,,,
,,,,,122000,,,-306.5771179199219,-2.720351457595825,0.9572824835777283,305.60479736328125,305.5126647949219,0.0003,0.0003,0.1
,,,,,122999,4058.3613,1000,,,,,,,,
,,,,,123000,,,-310.25701904296875,-2.2036681175231934,0.8903970718383789,309.3484802246094,309.35528564453125,0.0003,0.0003,0.1
,,,,,123999,4083.5073,1000,,,,,,,,
,,,,,124000,,,-305.091552734375,-2.1838696002960205,0.9735324382781982,304.0802001953125,304.1167907714844,0.0003,0.0003,0.1
,,,,,124999,4107.0654,1000,,,,,,,,
3723.4097,973.80237,4109.645,803.5209,1000.0,125000,,,-307.900146484375,-2.5232791900634766,1.5052670240402222,306.8594665527344,306.74945068359375,0.0003,0.0003,0.1
,,,,,125999,4103.4097,1000,,,,,,,,
,,,,,126000,,,-319.6304016113281,-2.5981059074401855,1.169692039489746,318.56695556640625,318.73211669921875,0.0003,0.0003,0.1
,,,,,126999,3955.1768,1000,,,,,,,,
,,,,,127000,,,-300.2806091308594,-2.310530662536621,2.0639448165893555,299.3267822265625,299.2513732910156,0.0003,0.0003,0.1
,,,,,127999,4127.5884,1000,,,,,,,,
,,,,,128000,,,-313.5406188964844,-2.6746973991394043,1.2735815048217773,312.45880126953125,312.61572265625,0.0003,0.0003,0.1
,,,,,128999,4167.9414,1000,,,,,,,,
,,,,,129000,,,-307.91656494140625,-3.0694966316223145,1.057722806930542,306.8990478515625,306.81756591796875,0.0003,0.0003,0.1
,,,,,129999,4167.4023,1000,,,,,,,,
4063.9116,53.84368,4144.5283,3945.858,1000.0,130000,,,-322.1054382324219,-3.3961243629455566,1.174431562423706,321.23712158203125,321.31658935546875,0.0003,0.0003,0.1
,,,,,130999,4236.47,1000,,,,,,,,
,,,,,131000,,,-324.65386962890625,-2.8811123371124268,1.014327883720398,323.73040771484375,323.69842529296875,0.0003,0.0003,0.1
,,,,,131999,4153.187,1000,,,,,,,,
,,,,,132000,,,-317.87640380859375,-2.746556282043457,1.2672722339630127,317.0922546386719,317.06756591796875,0.0003,0.0003,0.1
,,,,,132999,810.2117,1000,,,,,,,,
,,,,,133000,,,-311.91851806640625,-2.552915334701538,1.2074661254882812,310.98223876953125,310.995361328125,0.0003,0.0003,0.1
,,,,,133999,3903.748,1000,,,,,,,,
,,,,,134000,,,-310.70880126953125,-2.270303249359131,1.0232014656066895,309.61383056640625,309.5361328125,0.0003,0.0003,0.1
,,,,,134999,4261.384,1000,,,,,,,,
3548.6948,1268.9087,4285.924,890.13324,1000.0,135000,,,-319.44927978515625,-2.925386667251587,1.7133493423461914,318.3093566894531,318.3760986328125,0.0003,0.0003,0.1
,,,,,135999,4265.2246,1000,,,,,,,,
,,,,,136000,,,-317.99737548828125,-2.637510061264038,4.51403284072876,316.71539306640625,316.42041015625,0.0003,0.0003,0.1
,,,,,136999,4270.5923,1000,,,,,,,,
,,,,,137000,,,-327.01116943359375,-2.673238754272461,1.9232842922210693,326.42498779296875,326.47088623046875,0.0003,0.0003,0.1
,,,,,137999,4276.653,1000,,,,,,,,
,,,,,138000,,,-316.7357482910156,-2.6788415908813477,2.6067214012145996,315.87744140625,316.16265869140625,0.0003,0.0003,0.1
,,,,,138999,4195.844,1000,,,,,,,,
,,,,,139000,,,-332.45458984375,-3.084841251373291,1.586854100227356,331.48406982421875,331.34356689453125,0.0003,0.0003,0.1
,,,,,139999,4290.2856,1000,,,,,,,,
4329.58,70.73322,4458.1914,4223.1235,1000.0,140000,,,-344.3027038574219,-3.028360366821289,1.3593544960021973,343.3656005859375,343.517578125,0.0003,0.0003,0.1
,,,,,140999,4270.1978,1000,,,,,,,,
,,,,,141000,,,-322.5914306640625,-2.859804630279541,1.7682521343231201,321.3128967285156,321.44195556640625,0.0003,0.0003,0.1
,,,,,141999,4400.8936,1000,,,,,,,,
,,,,,142000,,,-325.7864074707031,-2.978203058242798,1.1306533813476562,324.8291320800781,324.8826599121094,0.0003,0.0003,0.1
,,,,,142999,4359.456,1000,,,,,,,,
,,,,,143000,,,-331.6292419433594,-3.011216163635254,1.2434635162353516,330.777099609375,330.6877746582031,0.0003,0.0003,0.1
,,,,,143999,1796.9298,1000,,,,,,,,
,,,,,144000,,,-328.98046875,-2.880356788635254,1.650234341621399,327.83355712890625,327.9697265625,0.0003,0.0003,0.1
,,,,,144999,4339.5205,1000,,,,,,,,
3906.2085,991.9347,4347.666,943.61755,1000.0,145000,,,-328.8307800292969,-2.859717845916748,1.8528894186019897,327.7164306640625,328.0142822265625,0.0003,0.0003,0.1
,,,,,145999,4330.8687,1000,,,,,,,,
,,,,,146000,,,-330.3524475097656,-2.8133645057678223,1.56087064743042,329.4326171875,329.3463439941406,0.0003,0.0003,0.1
,,,,,146999,4318.6304,1000,,,,,,,,
,,,,,147000,,,-341.8997497558594,-3.2806901931762695,1.329474687576294,341.1290283203125,341.30291748046875,0.0003,0.0003,0.1
,,,,,147999,4443.915,1000,,,,,,,,
,,,,,148000,,,-340.2605285644531,-2.9115676879882812,1.4654700756072998,339.3537902832031,339.4110107421875,0.0003,0.0003,0.1
,,,,,148999,4471.6694,1000,,,,,,,,
,,,,,149000,,,-346.7149963378906,-3.0895094871520996,1.2566787004470825,345.705322265625,345.6182861328125,0.0003,0.0003,0.1
,,,,,149999,4433.495,1000,,,,,,,,
4465.5386,34.18656,4524.7847,4397.628,1000.0,150000,,,-336.6239929199219,-2.927046775817871,1.4517351388931274,335.430908203125,335.8960266113281,0.0003,0.0003,0.1
,,,,,150999,4301.43,1000,,,,,,,,
,,,,,151000,,,-339.7352600097656,-2.927764415740967,3.3039474487304688,338.43182373046875,338.56817626953125,0.0003,0.0003,0.1
,,,,,151999,4508.7134,1000,,,,,,,,
,,,,,152000,,,-346.2694091796875,-2.8051235675811768,1.3863873481750488,345.3203125,345.2206726074219,0.0003,0.0003,0.1
,,,,,152999,4477.373,1000,,,,,,,,
,,,,,153000,,,-347.4600830078125,-3.2874417304992676,1.7216129302978516,346.280517578125,346.3561706542969,0.0003,0.0003,0.1
,,,,,153999,4578.906,1000,,,,,,,,
,,,,,154000,,,-345.0823974609375,-3.309971332550049,1.4769341945648193,343.9432373046875,344.02001953125,0.0003,0.0003,0.1
,,,,,154999,4478.838,1000,,,,,,,,
4646.6953,88.802925,4716.689,4411.9673,1000.0,155000,,,-345.9903259277344,-3.238971710205078,2.292485237121582,344.651123046875,344.6086730957031,0.0003,0.0003,0.1
,,,,,155999,1943.596,1000,,,,,,,,
,,,,,156000,,,-347.7366027832031,-3.486006736755371,1.380140781402588,346.791259765625,346.8599548339844,0.0003,0.0003,0.1
,,,,,156999,4578.294,1000,,,,,,,,
,,,,,157000,,,-358.01800537109375,-3.3807129859924316,2.016387462615967,356.91357421875,357.27978515625,0.0003,0.0003,0.1
,,,,,157999,4542.0073,1000,,,,,,,,
,,,,,158000,,,-352.59033203125,-2.897453784942627,1.8175581693649292,351.83880615234375,351.794677734375,0.0003,0.0003,0.1
,,,,,158999,4523.8306,1000,,,,,,,,
,,,,,159000,,,-353.56646728515625,-3.4721975326538086,1.752251386642456,352.5885009765625,352.5179748535156,0.0003,0.0003,0.1
,,,,,159999,4563.1846,1000,,,,,,,,
4486.0986,375.0067,4671.444,3364.8047,1000.0,160000,,,-352.9507751464844,-3.2464404106140137,2.226475954055786,351.9989013671875,352.0519714355469,0.0003,0.0003,0.1
,,,,,160999,4577.045,1000,,,,,,,,
,,,,,161000,,,-350.3233642578125,-3.3076331615448,1.53217351436615,349.133544921875,349.31805419921875,0.0003,0.0003,0.1
,,,,,161999,4550.792,1000,,,,,,,,
,,,,,162000,,,-348.56524658203125,-3.036489963531494,1.7042778730392456,347.40423583984375,347.3492431640625,0.0003,0.0003,0.1
,,,,,162999,4579.2637,1000,,,,,,,,
,,,,,163000,,,-354.29632568359375,-3.2440810203552246,1.3487772941589355,353.3193664550781,353.1685791015625,0.0003,0.0003,0.1
,,,,,163999,4560.369,1000,,,,,,,,
,,,,,164000,,,-361.1149597167969,-3.1637415885925293,1.5958831310272217,360.2087707519531,360.2400207519531,0.0003,0.0003,0.1
,,,,,164999,4690.925,1000,,,,,,,,
4659.163,49.81986,4707.7803,4542.567,1000.0,165000,,,-357.3236999511719,-3.1520333290100098,1.6989942789077759,356.35614013671875,356.3664855957031,0.0003,0.0003,0.1
,,,,,165999,4739.3823,1000,,,,,,,,
,,,,,166000,,,-360.3126525878906,-3.3876733779907227,1.2029441595077515,359.2318115234375,359.1464538574219,0.0003,0.0003,0.1
,,,,,166999,4633.615,1000,,,,,,,,
,,,,,167000,,,-367.99658203125,-3.278538465499878,1.6543723344802856,366.8189697265625,366.97882080078125,0.0003,0.0003,0.1
,,,,,167999,4697.3247,1000,,,,,,,,
,,,,,168000,,,-359.02471923828125,-3.158701181411743,1.6085360050201416,358.12158203125,358.1431579589844,0.0003,0.0003,0.1
,,,,,168999,4686.53,1000,,,,,,,,
,,,,,169000,,,-375.6368103027344,-3.4322402477264404,3.6591999530792236,374.603515625,374.4628601074219,0.0003,0.0003,0.1
,,,,,169999,4680.534,1000,,,,,,,,
4701.475,65.99341,4821.2905,4594.7456,1000.0,170000,,,-376.1244812011719,-3.080231189727783,1.406026005744934,375.0684509277344,374.97607421875,0.0003,0.0003,0.1
,,,,,170999,4272.598,1000,,,,,,,,
,,,,,171000,,,-365.6750183105469,-3.2064223289489746,1.8267565965652466,364.684326171875,364.662109375,0.0003,0.0003,0.1
,,,,,171999,4669.494,1000,,,,,,,,
,,,,,172000,,,-369.1434631347656,-3.298560619354248,1.5333881378173828,368.0989685058594,368.0296325683594,0.0003,0.0003,0.1
,,,,,172999,4756.0186,1000,,,,,,,,
,,,,,173000,,,-384.9480285644531,-3.5354177951812744,1.5207412242889404,383.7755126953125,383.92236328125,0.0003,0.0003,0.1
,,,,,173999,4745.978,1000,,,,,,,,
,,,,,174000,,,-369.7510986328125,-3.429375648498535,1.7609350681304932,368.7005615234375,368.67559814453125,0.0003,0.0003,0.1
,,,,,174999,4847.394,1000,,,,,,,,
4853.7056,38.647884,4909.2803,4793.695,1000.0,175000,,,-381.921875,-3.999274253845215,2.223611354827881,380.88665771484375,380.76171875,0.0003,0.0003,0.1
,,,,,175999,4701.675,1000,,,,,,,,
,,,,,176000,,,-374.577880859375,-3.516841411590576,1.4706026315689087,373.63629150390625,373.52496337890625,0.0003,0.0003,0.1
,,,,,176999,4775.678,1000,,,,,,,,
,,,,,177000,,,-377.66424560546875,-3.355694055557251,3.4463958740234375,376.69427490234375,376.8441162109375,0.0003,0.0003,0.1
,,,,,177999,4826.0024,1000,,,,,,,,
,,,,,178000,,,-377.6175842285156,-3.2402291297912598,1.8776931762695312,376.1692199707031,376.46453857421875,0.0003,0.0003,0.1
,,,,,178999,4876.9233,1000,,,,,,,,
,,,,,179000,,,-372.7815246582031,-3.3877711296081543,2.200256824493408,371.9425354003906,372.133056640625,0.0003,0.0003,0.1
,,,,,179999,4885.804,1000,,,,,,,,
4820.624,72.17696,4907.741,4670.329,1000.0,180000,,,-379.3881530761719,-2.941209554672241,1.9728890657424927,378.470458984375,378.32855224609375,0.0003,0.0003,0.1
,,,,,180999,4828.2637,1000,,,,,,,,
,,,,,181000,,,-368.7019958496094,-3.4403038024902344,1.7670619487762451,367.7950744628906,367.58160400390625,0.0003,0.0003,0.1
,,,,,181999,4915.655,1000,,,,,,,,
,,,,,182000,,,-388.080322265625,-3.626565933227539,1.7867887020111084,387.0670166015625,386.8874816894531,0.0003,0.0003,0.1
,,,,,182999,4906.161,1000,,,,,,,,
,,,,,183000,,,-385.946533203125,-3.600062370300293,1.405307412147522,384.82989501953125,385.04498291015625,0.0003,0.0003,0.1
,,,,,183999,4920.1294,1000,,,,,,,,
,,,,,184000,,,-383.1229553222656,-2.963590621948242,3.2333366870880127,382.00128173828125,381.8717346191406,0.0003,0.0003,0.1
,,,,,184999,4801.5415,1000,,,,,,,,
4824.287,47.358925,4889.563,4750.9927,1000.0,185000,,,-389.35137939453125,-2.9286577701568604,1.862308382987976,388.54205322265625,388.375,0.0003,0.0003,0.1
,,,,,185999,4875.5474,1000,,,,,,,,
,,,,,186000,,,-389.216552734375,-3.1279637813568115,1.59501314163208,388.3232421875,388.450927734375,0.0003,0.0003,0.1
,,,,,186999,4919.1577,1000,,,,,,,,
,,,,,187000,,,-389.63055419921875,-3.7250170707702637,1.8366011381149292,388.69873046875,388.67578125,0.0003,0.0003,0.1
,,,,,187999,4921.027,1000,,,,,,,,
,,,,,188000,,,-399.2435302734375,-3.395203113555908,7.749873638153076,398.34619140625,398.133056640625,0.0003,0.0003,0.1
,,,,,188999,5012.9062,1000,,,,,,,,
,,,,,189000,,,-403.17864990234375,-3.5371127128601074,1.604205846786499,402.1994934082031,402.2298889160156,0.0003,0.0003,0.1
,,,,,189999,5015.9746,1000,,,,,,,,
4244.8384,1622.3497,5109.474,510.16302,1000.0,190000,,,-384.52130126953125,-3.7381410598754883,1.788766622543335,383.0927734375,383.29730224609375,0.0003,0.0003,0.1
,,,,,190999,4994.2754,1000,,,,,,,,
,,,,,191000,,,-393.7081604003906,-3.67983341217041,1.9895685911178589,392.947021484375,392.945068359375,0.0003,0.0003,0.1
,,,,,191999,4948.028,1000,,,,,,,,
,,,,,192000,,,-394.2876892089844,-3.661733627319336,1.5386779308319092,393.27294921875,393.2286376953125,0.0003,0.0003,0.1
,,,,,192999,4955.2793,1000,,,,,,,,
,,,,,193000,,,-408.3258056640625,-3.685222864151001,1.7438632249832153,407.4214172363281,407.17913818359375,0.0003,0.0003,0.1
,,,,,193999,5018.8667,1000,,,,,,,,
,,,,,194000,,,-397.2006530761719,-3.3707170486450195,1.7105250358581543,396.0588684082031,396.3475036621094,0.0003,0.0003,0.1
,,,,,194999,5017.3877,1000,,,,,,,,
5067.5444,62.57376,5156.5273,4970.6904,1000.0,195000,,,-418.5196533203125,-3.4862165451049805,2.0105814933776855,417.771728515625,417.5155334472656,0.0003,0.0003,0.1
,,,,,195999,5033.968,1000,,,,,,,,
,,,,,196000,,,-401.5176696777344,-3.225095748901367,2.138660192489624,400.6457214355469,400.6831970214844,0.0003,0.0003,0.1
,,,,,196999,5057.4834,1000,,,,,,,,
,,,,,197000,,,-400.912109375,-3.762120246887207,1.7459874153137207,400.08038330078125,399.8186950683594,0.0003,0.0003,0.1
,,,,,197999,5111.5093,1000,,,,,,,,
,,,,,198000,,,-416.7531433105469,-3.8424577713012695,2.4361679553985596,415.1978759765625,415.1819152832031,0.0003,0.0003,0.1
,,,,,198999,5064.4307,1000,,,,,,,,
,,,,,199000,,,-404.1590881347656,-3.5888748168945312,2.2437171936035156,403.0280456542969,403.02838134765625,0.0003,0.0003,0.1
,,,,,199999,4986.1055,1000,,,,,,,,
5084.461,66.8177,5156.9907,4950.362,1000.0,200000,,,-402.3911437988281,-3.9743292331695557,1.9929866790771484,401.4179992675781,401.070068359375,0.0003,0.0003,0.1
,,,,,200999,5149.486,1000,,,,,,,,
,,,,,201000,,,-409.59942626953125,-3.6290178298950195,1.8231871128082275,408.340087890625,408.2978515625,0.0003,0.0003,0.1
,,,,,201999,5129.1357,1000,,,,,,,,
,,,,,202000,,,-418.3392333984375,-3.545222282409668,1.9680931568145752,416.9887390136719,416.9878845214844,0.0003,0.0003,0.1
,,,,,202999,4859.249,1000,,,,,,,,
,,,,,203000,,,-409.7212829589844,-3.95388126373291,1.6787927150726318,408.8828125,408.8271484375,0.0003,0.0003,0.1
,,,,,203999,5161.0664,1000,,,,,,,,
,,,,,204000,,,-405.3940124511719,-3.8290483951568604,2.0607149600982666,404.0938720703125,404.1697998046875,0.0003,0.0003,0.1
,,,,,204999,5198.6816,1000,,,,,,,,
5224.7783,51.920208,5302.4893,5093.8037,1000.0,205000,,,-411.9473571777344,-3.893578052520752,1.571431040763855,411.1494445800781,411.02191162109375,0.0003,0.0003,0.1
,,,,,205999,5186.5786,1000,,,,,,,,
,,,,,206000,,,-416.2763671875,-4.286236763000488,1.8288418054580688,415.1416320800781,414.9473571777344,0.0003,0.0003,0.1
,,,,,206999,5164.5425,1000,,,,,,,,
,,,,,207000,,,-427.7987976074219,-3.9414045810699463,1.8465895652770996,426.43255615234375,426.6734619140625,0.0003,0.0003,0.1
,,,,,207999,5174.039,1000,,,,,,,,
,,,,,208000,,,-418.570556640625,-3.45816707611084,1.9018256664276123,417.5531311035156,417.6390075683594,0.0003,0.0003,0.1
,,,,,208999,5153.077,1000,,,,,,,,
,,,,,209000,,,-425.7256164550781,-4.03712797164917,1.744049072265625,424.3338317871094,424.5407409667969,0.0003,0.0003,0.1
,,,,,209999,5168.2583,1000,,,,,,,,
5152.4775,53.61497,5218.475,5036.008,1000.0,210000,,,-424.20855712890625,-4.032073020935059,1.4874873161315918,423.0958251953125,423.0167236328125,0.0003,0.0003,0.1
,,,,,210999,5254.267,1000,,,,,,,,
,,,,,211000,,,-422.628173828125,-3.856111526489258,1.5038156509399414,421.5663757324219,421.65093994140625,0.0003,0.0003,0.1
,,,,,211999,5252.746,1000,,,,,,,,
,,,,,212000,,,-413.8271789550781,-4.117127418518066,2.3539533615112305,412.9266357421875,412.8217468261719,0.0003,0.0003,0.1
,,,,,212999,5329.468,1000,,,,,,,,
,,,,,213000,,,-422.79327392578125,-3.939629077911377,2.0385661125183105,421.6239013671875,421.65277099609375,0.0003,0.0003,0.1
,,,,,213999,5233.405,1000,,,,,,,,
,,,,,214000,,,-428.9568176269531,-4.105316638946533,2.623157501220703,427.707763671875,427.8554382324219,0.0003,0.0003,0.1
,,,,,214999,5202.2964,1000,,,,,,,,
5250.8657,53.87971,5357.8047,5153.6426,1000.0,215000,,,-429.62652587890625,-4.4701247215271,2.5349478721618652,428.579345703125,428.50042724609375,0.0003,0.0003,0.1
,,,,,215999,5377.1587,1000,,,,,,,,
,,,,,216000,,,-432.6507263183594,-4.26050329208374,2.4089159965515137,431.6624755859375,431.4459228515625,0.0003,0.0003,0.1
,,,,,216999,5316.621,1000,,,,,,,,
,,,,,217000,,,-432.8543395996094,-3.8082947731018066,2.508392572402954,431.4329528808594,431.79052734375,0.0003,0.0003,0.1
,,,,,217999,5285.6616,1000,,,,,,,,
,,,,,218000,,,-440.0367736816406,-4.032914638519287,1.743314504623413,438.77227783203125,438.94097900390625,0.0003,0.0003,0.1
,,,,,218999,5275.1597,1000,,,,,,,,
,,,,,219000,,,-436.0806579589844,-3.753917932510376,2.3105380535125732,434.8371887207031,434.84490966796875,0.0003,0.0003,0.1
,,,,,219999,5331.9224,1000,,,,,,,,
5328.278,51.731346,5400.587,5206.499,1000.0,220000,,,-432.9186096191406,-4.006328105926514,1.6222370862960815,431.6611328125,431.66497802734375,0.0003,0.0003,0.1
,,,,,220999,5423.4604,1000,,,,,,,,
,,,,,221000,,,-430.2083740234375,-3.7304701805114746,1.8584786653518677,429.03094482421875,429.0434265136719,0.0003,0.0003,0.1
,,,,,221999,5419.3677,1000,,,,,,,,
,,,,,222000,,,-442.5500793457031,-4.064398765563965,2.231720447540283,441.4257507324219,441.37384033203125,0.0003,0.0003,0.1
,,,,,222999,5436.2837,1000,,,,,,,,
,,,,,223000,,,-454.2887268066406,-4.1413774490356445,1.9889929294586182,453.2441711425781,453.0308837890625,0.0003,0.0003,0.1
,,,,,223999,5455.272,1000,,,,,,,,
,,,,,224000,,,-435.25958251953125,-3.8611598014831543,1.6846816539764404,434.0897216796875,434.2159423828125,0.0003,0.0003,0.1
,,,,,224999,5450.218,1000,,,,,,,,
5432.042,53.750397,5494.768,5336.2207,1000.0,225000,,,-437.8429260253906,-3.993321418762207,1.289231777191162,436.73883056640625,436.6788330078125,0.0003,0.0003,0.1
,,,,,225999,1064.8346,1000,,,,,,,,
,,,,,226000,,,-429.1692199707031,-3.8433661460876465,2.5824198722839355,428.30596923828125,427.941162109375,0.0003,0.0003,0.1
,,,,,226999,5385.0635,1000,,,,,,,,
,,,,,227000,,,-439.3606262207031,-3.9656753540039062,2.3860697746276855,437.77642822265625,438.27288818359375,0.0003,0.0003,0.1
,,,,,227999,5393.767,1000,,,,,,,,
,,,,,228000,,,-440.8818054199219,-3.7447283267974854,1.8246524333953857,439.64447021484375,439.61492919921875,0.0003,0.0003,0.1
,,,,,228999,5433.282,1000,,,,,,,,
,,,,,229000,,,-455.4320373535156,-4.322869300842285,2.060004234313965,453.9822692871094,453.93548583984375,0.0003,0.0003,0.1
,,,,,229999,5455.6733,1000,,,,,,,,
5498.107,37.33562,5574.591,5446.6323,1000.0,230000,,,-444.456787109375,-4.494062423706055,2.52050518989563,443.59783935546875,443.59381103515625,0.0003,0.0003,0.1
,,,,,230999,5429.485,1000,,,,,,,,
,,,,,231000,,,-452.68109130859375,-4.031728267669678,1.6684198379516602,451.6242370605469,451.49359130859375,0.0003,0.0003,0.1
,,,,,231999,5584.7324,1000,,,,,,,,
,,,,,232000,,,-454.8316345214844,-4.065326690673828,1.6776663064956665,453.7599182128906,453.6402587890625,0.0003,0.0003,0.1
,,,,,232999,5417.1426,1000,,,,,,,,
,,,,,233000,,,-450.6447448730469,-3.9456958770751953,2.1408631801605225,449.6163635253906,449.81060791015625,0.0003,0.0003,0.1
,,,,,233999,5532.7637,1000,,,,,,,,
,,,,,234000,,,-458.24334716796875,-4.284863471984863,1.809889316558838,457.177001953125,457.1370849609375,0.0003,0.0003,0.1
,,,,,234999,5511.4365,1000,,,,,,,,
5515.499,54.444508,5607.446,5420.4814,1000.0,235000,,,-433.2798156738281,-3.704472541809082,2.156684160232544,432.2669677734375,432.068603515625,0.0003,0.0003,0.1
,,,,,235999,5554.714,1000,,,,,,,,
,,,,,236000,,,-451.0697937011719,-4.355590343475342,2.3883652687072754,449.713623046875,449.44171142578125,0.0003,0.0003,0.1
,,,,,236999,5512.151,1000,,,,,,,,
,,,,,237000,,,-458.763427734375,-3.7270610332489014,2.787203073501587,457.11810302734375,457.2459716796875,0.0003,0.0003,0.1
,,,,,237999,5431.5464,1000,,,,,,,,
,,,,,238000,,,-468.9122009277344,-4.534468173980713,2.1577866077423096,467.64642333984375,467.51397705078125,0.0003,0.0003,0.1
,,,,,238999,5669.443,1000,,,,,,,,
,,,,,239000,,,-452.2614440917969,-4.27628755569458,2.5529427528381348,451.20758056640625,451.0038757324219,0.0003,0.0003,0.1
,,,,,239999,5587.8496,1000,,,,,,,,
5566.9663,44.997784,5634.3438,5510.4517,1000.0,240000,,,-445.30084228515625,-3.655071258544922,2.1105568408966064,444.1666259765625,444.4873352050781,0.0003,0.0003,0.1
,,,,,240999,5551.9634,1000,,,,,,,,
,,,,,241000,,,-460.9054260253906,-3.9723520278930664,2.2017862796783447,459.96990966796875,459.7256164550781,0.0003,0.0003,0.1
,,,,,241999,5558.6455,1000,,,,,,,,
,,,,,242000,,,-458.1522216796875,-4.423209190368652,3.1482205390930176,457.231201171875,457.12939453125,0.0003,0.0003,0.1
,,,,,242999,5566.14,1000,,,,,,,,
,,,,,243000,,,-474.1846618652344,-4.6938862800598145,1.8601768016815186,473.15240478515625,473.0447998046875,0.0003,0.0003,0.1
,,,,,243999,5644.7446,1000,,,,,,,,
,,,,,244000,,,-465.8370056152344,-3.945096015930176,2.3008294105529785,464.4532470703125,464.64825439453125,0.0003,0.0003,0.1
,,,,,244999,5504.841,1000,,,,,,,,
5147.866,1187.6334,5578.0293,1585.5635,1000.0,245000,,,-457.0884704589844,-4.191722869873047,4.300473213195801,455.70703125,455.7408752441406,0.0003,0.0003,0.1
,,,,,245999,5673.9907,1000,,,,,,,,
,,,,,246000,,,-470.8567810058594,-4.300344944000244,2.9763948917388916,469.3728332519531,469.8815612792969,0.0003,0.0003,0.1
,,,,,246999,5715.729,1000,,,,,,,,
,,,,,247000,,,-480.5538635253906,-4.151927947998047,1.7977662086486816,479.1028747558594,479.0958251953125,0.0003,0.0003,0.1
,,,,,247999,5647.6865,1000,,,,,,,,
,,,,,248000,,,-466.6427307128906,-4.634178638458252,1.8746169805526733,465.29632568359375,465.2690734863281,0.0003,0.0003,0.1
,,,,,248999,5798.912,1000,,,,,,,,
,,,,,249000,,,-460.90032958984375,-4.140387058258057,2.7726545333862305,459.899658203125,459.77264404296875,0.0003,0.0003,0.1
,,,,,249999,5752.4224,1000,,,,,,,,
5347.277,1287.7688,5862.518,1492.2695,1000.0,250000,,,-475.997314453125,-4.423221588134766,2.1463937759399414,474.67730712890625,475.09625244140625,0.0003,0.0003,0.1
,,,,,250999,5496.365,1000,,,,,,,,
,,,,,251000,,,-459.7275085449219,-4.444294452667236,10.357574462890625,457.627685546875,457.3916015625,0.0003,0.0003,0.1
,,,,,251999,5140.2827,1000,,,,,,,,
,,,,,252000,,,-449.7230224609375,-4.9688920974731445,3.2930006980895996,448.6015625,448.576904296875,0.0003,0.0003,0.1
,,,,,252999,5704.512,1000,,,,,,,,
,,,,,253000,,,-473.2429504394531,-4.659473419189453,2.9236841201782227,472.134033203125,471.9001770019531,0.0003,0.0003,0.1
,,,,,253999,5841.6274,1000,,,,,,,,
,,,,,254000,,,-472.46917724609375,-4.525822162628174,2.880880355834961,471.1441345214844,470.9610900878906,0.0003,0.0003,0.1
,,,,,254999,5746.5264,1000,,,,,,,,
5781.6323,80.955154,5880.8604,5610.7437,1000.0,255000,,,-450.8097229003906,-3.912108898162842,3.1209897994995117,449.44012451171875,449.544189453125,0.0003,0.0003,0.1
,,,,,255999,5763.5806,1000,,,,,,,,
,,,,,256000,,,-484.2659606933594,-4.545453071594238,2.7707643508911133,483.3880920410156,483.171630859375,0.0003,0.0003,0.1
,,,,,256999,5754.691,1000,,,,,,,,
,,,,,257000,,,-479.1356506347656,-4.538474082946777,2.5692079067230225,478.1436462402344,478.0953674316406,0.0003,0.0003,0.1
,,,,,257999,5837.4893,1000,,,,,,,,
,,,,,258000,,,-479.98260498046875,-4.381072998046875,3.3641674518585205,478.84222412109375,478.6004638671875,0.0003,0.0003,0.1
,,,,,258999,5900.918,1000,,,,,,,,
,,,,,259000,,,-480.90594482421875,-4.487764835357666,2.5715575218200684,479.9215393066406,479.93597412109375,0.0003,0.0003,0.1
,,,,,259999,5853.9224,1000,,,,,,,,
5373.8965,1344.7445,5975.569,1351.7578,1000.0,260000,,,-476.8800048828125,-4.498320579528809,3.8008899688720703,475.3396301269531,475.2077331542969,0.0003,0.0003,0.1
,,,,,260999,5851.9863,1000,,,,,,,,
,,,,,261000,,,-492.3564147949219,-3.950596332550049,2.38901424407959,490.9503173828125,491.0462646484375,0.0003,0.0003,0.1
,,,,,261999,5768.3276,1000,,,,,,,,
,,,,,262000,,,-474.0752258300781,-4.460239410400391,2.8343915939331055,472.6564025878906,472.8713073730469,0.0003,0.0003,0.1
,,,,,262999,5944.164,1000,,,,,,,,
,,,,,263000,,,-471.2510070800781,-4.260436058044434,2.284543037414551,469.9700012207031,470.23370361328125,0.0003,0.0003,0.1
,,,,,263999,5872.7256,1000,,,,,,,,
,,,,,264000,,,-495.9621887207031,-4.920843124389648,2.9773409366607666,494.7939147949219,494.9953918457031,0.0003,0.0003,0.1
,,,,,264999,5906.07,1000,,,,,,,,
6056.7646,67.743835,6164.6865,5954.61,1000.0,265000,,,-477.0408630371094,-4.706049919128418,3.7722160816192627,474.8597412109375,475.5733642578125,0.0003,0.0003,0.1
,,,,,265999,5956.566,1000,,,,,,,,
,,,,,266000,,,-484.2853088378906,-4.143926620483398,1.997175693511963,482.81536865234375,482.89434814453125,0.0003,0.0003,0.1
,,,,,266999,5985.158,1000,,,,,,,,
,,,,,267000,,,-484.83978271484375,-4.306703567504883,2.5681283473968506,483.5481262207031,483.56549072265625,0.0003,0.0003,0.1
,,,,,267999,6026.966,1000,,,,,,,,
,,,,,268000,,,-477.62042236328125,-4.778143882751465,3.1853132247924805,476.365478515625,476.21099853515625,0.0003,0.0003,0.1
,,,,,268999,6090.1626,1000,,,,,,,,
,,,,,269000,,,-499.7568664550781,-4.923929214477539,5.005251884460449,498.49578857421875,498.29681396484375,0.0003,0.0003,0.1
,,,,,269999,6038.462,1000,,,,,,,,
6003.6157,39.371716,6064.1133,5924.3906,1000.0,270000,,,-497.9857177734375,-4.719993591308594,2.3759546279907227,496.7103576660156,496.94256591796875,0.0003,0.0003,0.1
,,,,,270999,5880.7144,1000,,,,,,,,
,,,,,271000,,,-492.1706237792969,-4.31604528427124,2.3916449546813965,491.33782958984375,491.38299560546875,0.0003,0.0003,0.1
,,,,,271999,6012.4067,1000,,,,,,,,
,,,,,272000,,,-501.21441650390625,-5.1490678787231445,2.2852108478546143,499.845947265625,499.684814453125,0.0003,0.0003,0.1
,,,,,272999,6072.4995,1000,,,,,,,,
,,,,,273000,,,-494.01641845703125,-4.398684024810791,2.619328498840332,493.009521484375,493.11639404296875,0.0003,0.0003,0.1
,,,,,273999,6102.7275,1000,,,,,,,,
,,,,,274000,,,-494.7099304199219,-5.143299579620361,2.6011152267456055,493.797607421875,493.5352478027344,0.0003,0.0003,0.1
,,,,,274999,6021.8936,1000,,,,,,,,
6188.8706,69.055595,6337.3184,6088.6787,1000.0,275000,,,-488.1045227050781,-4.676939010620117,2.930298328399658,486.7901611328125,486.90435791015625,0.0003,0.0003,0.1
,,,,,275999,6018.315,1000,,,,,,,,
,,,,,276000,,,-496.6341247558594,-4.433138847351074,2.91520357131958,495.02471923828125,495.03619384765625,0.0003,0.0003,0.1
,,,,,276999,6080.8247,1000,,,,,,,,
,,,,,277000,,,-504.00457763671875,-5.010841369628906,4.638007640838623,502.5962829589844,502.6593017578125,0.0003,0.0003,0.1
,,,,,277999,6098.0264,1000,,,,,,,,
,,,,,278000,,,-497.18621826171875,-4.350726127624512,2.8341939449310303,496.25469970703125,495.94683837890625,0.0003,0.0003,0.1
,,,,,278999,5944.877,1000,,,,,,,,
,,,,,279000,,,-507.2428894042969,-4.648866653442383,3.8775887489318848,506.0672302246094,505.905029296875,0.0003,0.0003,0.1
,,,,,279999,6158.2437,1000,,,,,,,,
5915.9775,903.225,6316.4272,3212.675,1000.0,280000,,,-491.54486083984375,-4.626497745513916,2.4391160011291504,489.96002197265625,489.97796630859375,0.0003,0.0003,0.1
,,,,,280999,6168.731,1000,,,,,,,,
,,,,,281000,,,-510.4059753417969,-5.341921806335449,4.867791652679443,509.0060729980469,509.4175109863281,0.0003,0.0003,0.1
,,,,,281999,6155.005,1000,,,,,,,,
,,,,,282000,,,-503.9392395019531,-4.4472126960754395,2.7418293952941895,503.01409912109375,503.18212890625,0.0003,0.0003,0.1
,,,,,282999,6190.971,1000,,,,,,,,
,,,,,283000,,,-499.8065185546875,-4.4902496337890625,2.4602205753326416,498.41375732421875,498.0760803222656,0.0003,0.0003,0.1
,,,,,283999,6156.0317,1000,,,,,,,,
,,,,,284000,,,-505.2869873046875,-4.5399065017700195,3.4726333618164062,504.4020690917969,504.06219482421875,0.0003,0.0003,0.1
,,,,,284999,6253.956,1000,,,,,,,,
6190.951,66.67069,6289.3394,6047.996,1000.0,285000,,,-516.1723022460938,-4.917451858520508,2.7566843032836914,514.865478515625,515.033447265625,0.0003,0.0003,0.1
,,,,,285999,6206.4355,1000,,,,,,,,
,,,,,286000,,,-502.76605224609375,-4.6129045486450195,2.9922523498535156,501.1097412109375,501.78399658203125,0.0003,0.0003,0.1
,,,,,286999,6241.478,1000,,,,,,,,
,,,,,287000,,,-512.820556640625,-4.993824481964111,2.964855432510376,511.07763671875,511.2444763183594,0.0003,0.0003,0.1
,,,,,287999,6272.4106,1000,,,,,,,,
,,,,,288000,,,-518.0358276367188,-4.983094692230225,3.034362554550171,516.72265625,516.6519775390625,0.0003,0.0003,0.1
,,,,,288999,6233.114,1000,,,,,,,,
,,,,,289000,,,-516.2369995117188,-4.982446670532227,2.9004907608032227,514.9256591796875,515.1964721679688,0.0003,0.0003,0.1
,,,,,289999,6361.077,1000,,,,,,,,
6217.717,96.49742,6365.578,6055.9233,1000.0,290000,,,-514.1800537109375,-4.645753860473633,4.281134605407715,512.952392578125,512.4133911132812,0.0003,0.0003,0.1
,,,,,290999,6171.1675,1000,,,,,,,,
,,,,,291000,,,-501.8343505859375,-4.741447448730469,2.9333972930908203,500.4287109375,500.75054931640625,0.0003,0.0003,0.1
,,,,,291999,6209.6987,1000,,,,,,,,
,,,,,292000,,,-521.4141845703125,-4.5577287673950195,3.4044172763824463,520.5064697265625,520.6141357421875,0.0003,0.0003,0.1
,,,,,292999,6388.348,1000,,,,,,,,
,,,,,293000,,,-524.6943969726562,-4.780802249908447,2.622756004333496,523.4852294921875,523.31591796875,0.0003,0.0003,0.1
,,,,,293999,6296.2695,1000,,,,,,,,
,,,,,294000,,,-508.68634033203125,-4.784806251525879,2.7530932426452637,507.67333984375,507.98089599609375,0.0003,0.0003,0.1
,,,,,294999,6382.646,1000,,,,,,,,
6119.7783,721.2148,6435.312,3963.7478,1000.0,295000,,,-513.8335571289062,-4.6257548332214355,3.2513458728790283,512.8109130859375,513.1177978515625,0.0003,0.0003,0.1
,,,,,295999,6428.834,1000,,,,,,,,
,,,,,296000,,,-541.58642578125,-5.282729148864746,7.879893779754639,540.3363037109375,540.0758666992188,0.0003,0.0003,0.1
,,,,,296999,6368.743,1000,,,,,,,,
,,,,,297000,,,-529.5719604492188,-5.05904483795166,3.0297327041625977,528.4971923828125,527.977294921875,0.0003,0.0003,0.1
,,,,,297999,6218.024,1000,,,,,,,,
,,,,,298000,,,-521.502685546875,-4.018485069274902,3.2603707313537598,520.2303466796875,520.1088256835938,0.0003,0.0003,0.1
,,,,,298999,6390.903,1000,,,,,,,,
,,,,,299000,,,-534.6627807617188,-4.9842071533203125,3.1033921241760254,533.72216796875,533.5007934570312,0.0003,0.0003,0.1
,,,,,299999,6497.4233,1000,,,,,,,,
6498.7964,119.228546,6636.4272,6259.799,1000.0,300000,,,-522.4808959960938,-5.041306972503662,4.108313083648682,520.7142944335938,520.65771484375,0.0003,0.0003,0.1
,,,,,300999,6354.6694,1000,,,,,,,,
,,,,,301000,,,-519.5433349609375,-4.907320976257324,3.446430206298828,518.2646484375,518.30517578125,0.0003,0.0003,0.1
,,,,,301999,6462.121,1000,,,,,,,,
,,,,,302000,,,-527.2380981445312,-5.427768230438232,3.0660901069641113,525.822265625,526.0068359375,0.0003,0.0003,0.1
,,,,,302999,6409.9624,1000,,,,,,,,
,,,,,303000,,,-517.2555541992188,-4.189029693603516,3.656245708465576,515.8994140625,516.1512451171875,0.0003,0.0003,0.1
,,,,,303999,6508.6035,1000,,,,,,,,
,,,,,304000,,,-522.4201049804688,-5.228401184082031,3.1019787788391113,520.9708862304688,521.175048828125,0.0003,0.0003,0.1
,,,,,304999,6460.2827,1000,,,,,,,,
6465.4644,140.2068,6606.759,6178.1807,1000.0,305000,,,-535.9019775390625,-5.0018720626831055,2.8062453269958496,534.4628295898438,534.635498046875,0.0003,0.0003,0.1
,,,,,305999,6637.9575,1000,,,,,,,,
,,,,,306000,,,-524.142578125,-4.522069931030273,3.029381275177002,522.6251220703125,522.7720947265625,0.0003,0.0003,0.1
,,,,,306999,6551.648,1000,,,,,,,,
,,,,,307000,,,-531.03125,-5.247901439666748,2.7902350425720215,529.439453125,529.7357788085938,0.0003,0.0003,0.1
,,,,,307999,6523.6606,1000,,,,,,,,
,,,,,308000,,,-542.2767944335938,-4.844147682189941,3.3546910285949707,540.919677734375,540.87939453125,0.0003,0.0003,0.1
,,,,,308999,6613.3755,1000,,,,,,,,
,,,,,309000,,,-549.431884765625,-5.087644577026367,2.8427867889404297,548.4884033203125,547.984375,0.0003,0.0003,0.1
,,,,,309999,6490.2617,1000,,,,,,,,
6572.7485,44.251976,6641.209,6478.351,1000.0,310000,,,-538.24609375,-4.947779655456543,3.968419075012207,536.8175659179688,537.2685546875,0.0003,0.0003,0.1
,,,,,310999,6609.5576,1000,,,,,,,,
,,,,,311000,,,-541.2402954101562,-5.099335670471191,3.8993403911590576,540.269287109375,539.9324340820312,0.0003,0.0003,0.1
,,,,,311999,6616.0015,1000,,,,,,,,
,,,,,312000,,,-526.8184204101562,-4.899456977844238,3.3627238273620605,525.3809814453125,525.5183715820312,0.0003,0.0003,0.1
,,,,,312999,6521.441,1000,,,,,,,,
,,,,,313000,,,-548.0468139648438,-5.20786714553833,4.319211006164551,546.7169189453125,546.51318359375,0.0003,0.0003,0.1
,,,,,313999,6538.3486,1000,,,,,,,,
,,,,,314000,,,-552.1766357421875,-4.767421245574951,2.896176815032959,551.1072998046875,550.76611328125,0.0003,0.0003,0.1
,,,,,314999,6689.678,1000,,,,,,,,
6761.707,64.30551,6859.1045,6655.035,1000.0,315000,,,-545.3120727539062,-5.531329154968262,3.6786158084869385,543.6195068359375,543.8812255859375,0.0003,0.0003,0.1
,,,,,315999,6661.3804,1000,,,,,,,,
,,,,,316000,,,-541.2368774414062,-4.633410453796387,3.719966173171997,540.0115356445312,539.8306274414062,0.0003,0.0003,0.1
,,,,,316999,6566.1084,1000,,,,,,,,
,,,,,317000,,,-534.5574951171875,-4.6704840660095215,2.9702701568603516,533.2880859375,533.2005615234375,0.0003,0.0003,0.1
,,,,,317999,6657.1597,1000,,,,,,,,
,,,,,318000,,,-540.9419555664062,-5.168079853057861,3.6420178413391113,539.5958251953125,539.385986328125,0.0003,0.0003,0.1
,,,,,318999,6571.4663,1000,,,,,,,,
,,,,,319000,,,-548.4725952148438,-4.962024688720703,2.6386594772338867,546.9332275390625,547.0553588867188,0.0003,0.0003,0.1
,,,,,319999,6788.05,1000,,,,,,,,
6749.9814,69.51535,6848.017,6642.3516,1000.0,320000,,,-538.2955322265625,-5.072632312774658,2.9869534969329834,536.731689453125,536.9437866210938,0.0003,0.0003,0.1
,,,,,320999,6691.6826,1000,,,,,,,,
,,,,,321000,,,-540.3016357421875,-5.016108989715576,3.843599319458008,538.9317626953125,538.7079467773438,0.0003,0.0003,0.1
,,,,,321999,6590.274,1000,,,,,,,,
,,,,,322000,,,-568.0667114257812,-5.507977485656738,3.361619472503662,566.7315063476562,566.6051635742188,0.0003,0.0003,0.1
,,,,,322999,6734.909,1000,,,,,,,,
,,,,,323000,,,-549.5416870117188,-4.7428741455078125,3.199702739715576,547.9917602539062,548.068603515625,0.0003,0.0003,0.1
,,,,,323999,6801.3706,1000,,,,,,,,
,,,,,324000,,,-554.3311767578125,-4.95350456237793,4.0253448486328125,552.6217041015625,552.933837890625,0.0003,0.0003,0.1
,,,,,324999,6814.65,1000,,,,,,,,
6722.0063,47.04649,6815.2646,6674.374,1000.0,325000,,,-551.5,-5.730234146118164,5.03562593460083,549.2381591796875,549.508544921875,0.0003,0.0003,0.1
,,,,,325999,6788.106,1000,,,,,,,,
,,,,,326000,,,-562.7438354492188,-5.286384582519531,4.6505126953125,561.6386108398438,561.6357421875,0.0003,0.0003,0.1
,,,,,326999,6809.641,1000,,,,,,,,
,,,,,327000,,,-565.4933471679688,-5.323842525482178,3.4342682361602783,564.1656494140625,564.16796875,0.0003,0.0003,0.1
,,,,,327999,6664.3706,1000,,,,,,,,
,,,,,328000,,,-567.3003540039062,-5.259612560272217,2.389366388320923,565.8832397460938,566.0614013671875,0.0003,0.0003,0.1
,,,,,328999,6840.708,1000,,,,,,,,
,,,,,329000,,,-571.0349731445312,-5.345806121826172,4.211165904998779,569.7039794921875,569.76904296875,0.0003,0.0003,0.1
,,,,,329999,6830.162,1000,,,,,,,,
6973.1,66.249565,7127.4883,6899.547,1000.0,330000,,,-569.6375122070312,-5.4778547286987305,3.6339006423950195,568.2379150390625,568.1822509765625,0.0003,0.0003,0.1
,,,,,330999,6891.188,1000,,,,,,,,
,,,,,331000,,,-573.0740966796875,-5.113228797912598,4.456788063049316,571.4046020507812,571.690673828125,0.0003,0.0003,0.1
,,,,,331999,6607.918,1000,,,,,,,,
,,,,,332000,,,-568.3204956054688,-4.695370674133301,3.5104763507843018,566.5256958007812,566.4564208984375,0.0003,0.0003,0.1
,,,,,332999,6734.512,1000,,,,,,,,
,,,,,333000,,,-550.2931518554688,-4.9519734382629395,3.8281123638153076,549.2142333984375,548.9881591796875,0.0003,0.0003,0.1
,,,,,333999,6753.5977,1000,,,,,,,,
,,,,,334000,,,-566.7315063476562,-5.651177406311035,4.357273101806641,565.228759765625,565.4583740234375,0.0003,0.0003,0.1
,,,,,334999,6864.2236,1000,,,,,,,,
7044.7393,99.33245,7156.773,6834.352,1000.0,335000,,,-573.85595703125,-5.450113773345947,2.9425809383392334,572.629638671875,572.4697875976562,0.0003,0.0003,0.1
,,,,,335999,6981.5757,1000,,,,,,,,
,,,,,336000,,,-558.1918334960938,-4.808786392211914,3.2398557662963867,557.0142211914062,556.7488403320312,0.0003,0.0003,0.1
,,,,,336999,6940.718,1000,,,,,,,,
,,,,,337000,,,-575.7838134765625,-5.215246200561523,3.5076701641082764,574.6338500976562,574.3585815429688,0.0003,0.0003,0.1
,,,,,337999,6857.636,1000,,,,,,,,
,,,,,338000,,,-563.342041015625,-5.197193622589111,5.756865978240967,561.513671875,561.861083984375,0.0003,0.0003,0.1
,,,,,338999,6898.621,1000,,,,,,,,
,,,,,339000,,,-574.4933471679688,-5.6596550941467285,11.792658805847168,572.49658203125,572.4761962890625,0.0003,0.0003,0.1
,,,,,339999,6852.654,1000,,,,,,,,
6842.1045,78.987625,6946.237,6688.241,1000.0,340000,,,-557.1934814453125,-4.960935592651367,4.382808685302734,555.8452758789062,556.2235107421875,0.0003,0.0003,0.1
,,,,,340999,6939.554,1000,,,,,,,,
,,,,,341000,,,-570.6618041992188,-5.67808723449707,3.4022440910339355,568.79052734375,569.070068359375,0.0003,0.0003,0.1
,,,,,341999,6971.03,1000,,,,,,,,
,,,,,342000,,,-578.2774047851562,-5.629280090332031,4.269594192504883,576.865234375,576.4921875,0.0003,0.0003,0.1
,,,,,342999,6828.6196,1000,,,,,,,,
,,,,,343000,,,-586.6768188476562,-5.741701126098633,3.4200382232666016,585.1658935546875,585.2503662109375,0.0003,0.0003,0.1
,,,,,343999,6895.464,1000,,,,,,,,
,,,,,344000,,,-577.1852416992188,-5.329272270202637,4.426080703735352,575.7728271484375,575.5830688476562,0.0003,0.0003,0.1
,,,,,344999,6961.9683,1000,,,,,,,,
7004.8555,74.71522,7116.1045,6897.4214,1000.0,345000,,,-586.594970703125,-5.218664646148682,4.454446315765381,585.05859375,585.123046875,0.0003,0.0003,0.1
,,,,,345999,6946.3657,1000,,,,,,,,
,,,,,346000,,,-590.5274658203125,-5.5503411293029785,3.1271615028381348,588.9476928710938,589.1912231445312,0.0003,0.0003,0.1
,,,,,346999,6934.664,1000,,,,,,,,
,,,,,347000,,,-583.708984375,-5.237884044647217,4.022751331329346,582.3519897460938,582.3316650390625,0.0003,0.0003,0.1
,,,,,347999,7100.7,1000,,,,,,,,
,,,,,348000,,,-579.4808959960938,-5.739166736602783,3.823944568634033,577.5433959960938,577.4710693359375,0.0003,0.0003,0.1
,,,,,348999,7192.9014,1000,,,,,,,,
,,,,,349000,,,-576.7236938476562,-4.747224807739258,2.9377450942993164,575.3737182617188,575.2220458984375,0.0003,0.0003,0.1
,,,,,349999,6934.141,1000,,,,,,,,
7055.572,124.32783,7302.6245,6791.7227,1000.0,350000,,,-574.4697875976562,-5.534365653991699,4.1631317138671875,572.9132080078125,572.7576904296875,0.0003,0.0003,0.1
,,,,,350999,7099.2554,1000,,,,,,,,
,,,,,351000,,,-584.0836791992188,-5.280304908752441,3.1205925941467285,582.78955078125,582.61865234375,0.0003,0.0003,0.1
,,,,,351999,7065.842,1000,,,,,,,,
,,,,,352000,,,-586.896484375,-5.604541778564453,3.669433832168579,585.1386108398438,585.6583251953125,0.0003,0.0003,0.1
,,,,,352999,7079.3843,1000,,,,,,,,
,,,,,353000,,,-596.5986938476562,-5.614410400390625,3.8864364624023438,595.1656494140625,595.3427124023438,0.0003,0.0003,0.1
,,,,,353999,7007.3994,1000,,,,,,,,
,,,,,354000,,,-587.2932739257812,-5.42893123626709,3.384035587310791,585.6611328125,585.6224365234375,0.0003,0.0003,0.1
,,,,,354999,7029.931,1000,,,,,,,,
7137.775,42.009056,7190.7886,7058.4346,1000.0,355000,,,-599.3465576171875,-5.563937187194824,8.785886764526367,597.843994140625,597.5806884765625,0.0003,0.0003,0.1
,,,,,355999,7129.587,1000,,,,,,,,
,,,,,356000,,,-594.18505859375,-5.730165481567383,3.9503896236419678,592.205078125,592.45947265625,0.0003,0.0003,0.1
,,,,,356999,7177.364,1000,,,,,,,,
,,,,,357000,,,-588.0119018554688,-5.757935047149658,4.447681427001953,586.9313354492188,586.333740234375,0.0003,0.0003,0.1
,,,,,357999,7093.0684,1000,,,,,,,,
,,,,,358000,,,-599.2116088867188,-5.756415367126465,3.8158652782440186,597.7455444335938,597.68310546875,0.0003,0.0003,0.1
,,,,,358999,6983.5034,1000,,,,,,,,
,,,,,359000,,,-591.8971557617188,-5.229676246643066,3.491453170776367,590.5620727539062,590.5921020507812,0.0003,0.0003,0.1
,,,,,359999,7251.165,1000,,,,,,,,
7183.8438,92.309654,7263.2705,6924.7095,1000.0,360000,,,-581.5481567382812,-5.080110549926758,3.965829372406006,580.0537719726562,580.18701171875,0.0003,0.0003,0.1
,,,,,360999,7256.6606,1000,,,,,,,,
,,,,,361000,,,-606.2388916015625,-5.917588710784912,3.6703596115112305,605.4737548828125,605.5292358398438,0.0003,0.0003,0.1
,,,,,361999,7224.5825,1000,,,,,,,,
,,,,,362000,,,-577.3828735351562,-5.471643447875977,3.468956232070923,575.7481689453125,575.6683349609375,0.0003,0.0003,0.1
,,,,,362999,7317.4053,1000,,,,,,,,
,,,,,363000,,,-611.85302734375,-5.891394138336182,3.3901376724243164,609.9451904296875,610.061767578125,0.0003,0.0003,0.1
,,,,,363999,7209.3975,1000,,,,,,,,
,,,,,364000,,,-602.8411254882812,-5.41310453414917,5.397764682769775,601.373046875,600.87744140625,0.0003,0.0003,0.1
,,,,,364999,7251.2876,1000,,,,,,,,
6923.5415,158.11435,7221.0503,6641.4346,1000.0,365000,,,-587.47607421875,-5.127182960510254,3.9835684299468994,585.9776611328125,586.15283203125,0.0003,0.0003,0.1
,,,,,365999,7291.84,1000,,,,,,,,
,,,,,366000,,,-593.4776611328125,-5.4271087646484375,3.736245632171631,591.8381958007812,591.8629150390625,0.0003,0.0003,0.1
,,,,,366999,7266.18,1000,,,,,,,,
,,,,,367000,,,-592.3884887695312,-5.861388683319092,5.299681663513184,590.9379272460938,590.7608642578125,0.0003,0.0003,0.1
,,,,,367999,7124.9443,1000,,,,,,,,
,,,,,368000,,,-605.9928588867188,-5.7400031089782715,4.34645414352417,604.442626953125,604.5721435546875,0.0003,0.0003,0.1
,,,,,368999,7265.033,1000,,,,,,,,
,,,,,369000,,,-602.2081298828125,-5.44569730758667,5.04331636428833,600.775146484375,600.83154296875,0.0003,0.0003,0.1
,,,,,369999,7168.0996,1000,,,,,,,,
7277.904,97.6566,7432.799,7030.5835,1000.0,370000,,,-609.8900146484375,-5.42338228225708,4.0742692947387695,608.3485107421875,608.191650390625,0.0003,0.0003,0.1
,,,,,370999,7380.9834,1000,,,,,,,,
,,,,,371000,,,-600.859619140625,-5.841339588165283,5.090460777282715,599.4065551757812,599.05810546875,0.0003,0.0003,0.1
,,,,,371999,7304.4717,1000,,,,,,,,
,,,,,372000,,,-599.2457275390625,-5.534571647644043,3.5827982425689697,598.3521728515625,597.96630859375,0.0003,0.0003,0.1
,,,,,372999,7350.16,1000,,,,,,,,
,,,,,373000,,,-591.9320068359375,-5.809573173522949,21.519943237304688,590.6188354492188,590.144287109375,0.0003,0.0003,0.1
,,,,,373999,7525.9766,1000,,,,,,,,
,,,,,374000,,,-607.6087646484375,-5.506604194641113,5.2818827629089355,606.1082763671875,606.0797729492188,0.0003,0.0003,0.1
,,,,,374999,7429.0884,1000,,,,,,,,
7350.616,118.10015,7501.824,7043.3994,1000.0,375000,,,-619.5427856445312,-5.542630195617676,3.8106400966644287,617.564208984375,617.9088134765625,0.0003,0.0003,0.1
,,,,,375999,7295.172,1000,,,,,,,,
,,,,,376000,,,-617.3944091796875,-5.454916954040527,4.383437156677246,616.0108642578125,616.1808471679688,0.0003,0.0003,0.1
,,,,,376999,7375.2134,1000,,,,,,,,
,,,,,377000,,,-601.766845703125,-5.444263458251953,4.246809959411621,600.1536254882812,600.6373291015625,0.0003,0.0003,0.1
,,,,,377999,7435.5938,1000,,,,,,,,
,,,,,378000,,,-607.8574829101562,-5.588738441467285,4.35800838470459,606.1276245117188,606.1768798828125,0.0003,0.0003,0.1
,,,,,378999,7385.1167,1000,,,,,,,,
,,,,,379000,,,-613.3466186523438,-4.801795959472656,6.278592109680176,612.057861328125,611.767578125,0.0003,0.0003,0.1
,,,,,379999,7372.762,1000,,,,,,,,
6638.1377,1517.6384,7406.1147,2182.7134,1000.0,380000,,,-616.4075317382812,-5.5380144119262695,4.3671088218688965,615.093505859375,614.861328125,0.0003,0.0003,0.1
,,,,,380999,7398.021,1000,,,,,,,,
,,,,,381000,,,-594.013916015625,-5.378406047821045,4.38966178894043,593.0338134765625,593.0767822265625,0.0003,0.0003,0.1
,,,,,381999,7469.337,1000,,,,,,,,
,,,,,382000,,,-615.1668090820312,-5.536576271057129,3.3966643810272217,613.1923217773438,613.2630615234375,0.0003,0.0003,0.1
,,,,,382999,7271.7305,1000,,,,,,,,
,,,,,383000,,,-597.373046875,-5.781253814697266,5.006767749786377,595.5839233398438,595.6705322265625,0.0003,0.0003,0.1
,,,,,383999,7428.7764,1000,,,,,,,,
,,,,,384000,,,-620.6911010742188,-5.337449073791504,3.8128514289855957,618.6307983398438,618.5322265625,0.0003,0.0003,0.1
,,,,,384999,7491.054,1000,,,,,,,,
7564.4546,96.73537,7744.7886,7366.305,1000.0,385000,,,-606.9599609375,-6.026538848876953,4.510405540466309,605.2445678710938,605.542724609375,0.0003,0.0003,0.1
,,,,,385999,7529.0977,1000,,,,,,,,
,,,,,386000,,,-624.12451171875,-5.318660736083984,3.5371861457824707,622.5452880859375,622.265869140625,0.0003,0.0003,0.1
,,,,,386999,7399.8384,1000,,,,,,,,
,,,,,387000,,,-623.374755859375,-5.612773418426514,3.433603286743164,621.1431274414062,621.0457763671875,0.0003,0.0003,0.1
,,,,,387999,7454.3613,1000,,,,,,,,
,,,,,388000,,,-632.4615478515625,-6.405183792114258,4.781097412109375,630.5887451171875,630.980224609375,0.0003,0.0003,0.1
,,,,,388999,7579.281,1000,,,,,,,,
,,,,,389000,,,-631.6520385742188,-5.833788871765137,4.113383769989014,630.2728271484375,630.4232177734375,0.0003,0.0003,0.1
,,,,,389999,7381.071,1000,,,,,,,,
7596.0146,48.39773,7642.9404,7491.0713,1000.0,390000,,,-622.84130859375,-6.068403720855713,4.179703712463379,621.1243286132812,621.3772583007812,0.0003,0.0003,0.1
,,,,,390999,7518.771,1000,,,,,,,,
,,,,,391000,,,-614.9251708984375,-5.662946701049805,3.9301974773406982,613.30810546875,613.2630615234375,0.0003,0.0003,0.1
,,,,,391999,7419.3545,1000,,,,,,,,
,,,,,392000,,,-631.4645385742188,-5.758746147155762,4.394871711730957,629.6607666015625,629.89892578125,0.0003,0.0003,0.1
,,,,,392999,7571.2827,1000,,,,,,,,
,,,,,393000,,,-629.5136108398438,-5.98382568359375,4.173325538635254,627.8179931640625,628.0581665039062,0.0003,0.0003,0.1
,,,,,393999,7612.9023,1000,,,,,,,,
,,,,,394000,,,-632.9901733398438,-5.557489395141602,3.962109327316284,631.6339721679688,631.6333618164062,0.0003,0.0003,0.1
,,,,,394999,7607.1206,1000,,,,,,,,
6832.1367,2067.829,7577.6445,630.795,1000.0,395000,,,-631.7677612304688,-6.573319435119629,4.383124351501465,629.9591674804688,630.28759765625,0.0003,0.0003,0.1
,,,,,395999,7432.1924,1000,,,,,,,,
,,,,,396000,,,-637.0162353515625,-6.215982913970947,4.059673309326172,634.9517211914062,634.87158203125,0.0003,0.0003,0.1
,,,,,396999,7489.1455,1000,,,,,,,,
,,,,,397000,,,-639.390869140625,-6.695691108703613,4.360116004943848,637.7548217773438,637.6605834960938,0.0003,0.0003,0.1
,,,,,397999,7694.8125,1000,,,,,,,,
,,,,,398000,,,-633.2843017578125,-6.2010178565979,5.489764213562012,631.3292236328125,631.5882568359375,0.0003,0.0003,0.1
,,,,,398999,7580.3335,1000,,,,,,,,
,,,,,399000,,,-623.8587036132812,-5.645388603210449,4.8094587326049805,622.499267578125,622.23193359375,0.0003,0.0003,0.1
,,,,,399999,7599.7153,1000,,,,,,,,
7480.432,46.754627,7574.7466,7389.6626,1000.0,400000,,,-636.1103515625,-5.720013618469238,3.634417772293091,634.7293090820312,634.737548828125,0.0003,0.0003,0.1
,,,,,400999,7523.8857,1000,,,,,,,,
,,,,,401000,,,-636.3511962890625,-5.6979475021362305,5.23967981338501,634.5839233398438,635.0563354492188,0.0003,0.0003,0.1
,,,,,401999,7504.0947,1000,,,,,,,,
,,,,,402000,,,-639.8059692382812,-6.121641635894775,4.118728160858154,638.9725341796875,638.7040405273438,0.0003,0.0003,0.1
,,,,,402999,7696.5205,1000,,,,,,,,
,,,,,403000,,,-636.98779296875,-5.939332962036133,4.637326717376709,635.1725463867188,635.3751220703125,0.0003,0.0003,0.1
,,,,,403999,7705.9487,1000,,,,,,,,
,,,,,404000,,,-630.3638305664062,-6.137528419494629,4.969853401184082,628.3657836914062,628.4112548828125,0.0003,0.0003,0.1
,,,,,404999,7474.016,1000,,,,,,,,
7655.458,80.16601,7795.41,7515.531,1000.0,405000,,,-631.676025390625,-5.939169883728027,4.08418083190918,630.38232421875,630.007568359375,0.0003,0.0003,0.1
,,,,,405999,7325.4873,1000,,,,,,,,
,,,,,406000,,,-648.0872802734375,-6.082045555114746,4.667374134063721,646.511474609375,646.6664428710938,0.0003,0.0003,0.1
,,,,,406999,7611.2505,1000,,,,,,,,
,,,,,407000,,,-644.0897827148438,-5.253270626068115,2.9511144161224365,642.3882446289062,642.19189453125,0.0003,0.0003,0.1
,,,,,407999,7640.4614,1000,,,,,,,,
,,,,,408000,,,-650.4234008789062,-5.332754135131836,5.980193138122559,648.7950439453125,649.0745849609375,0.0003,0.0003,0.1
,,,,,408999,7710.9756,1000,,,,,,,,
,,,,,409000,,,-655.6629028320312,-5.978548049926758,4.277036190032959,654.303955078125,654.2966918945312,0.0003,0.0003,0.1
,,,,,409999,7722.25,1000,,,,,,,,
7453.796,684.23596,7948.633,5984.19,1000.0,410000,,,-638.8773193359375,-6.287191390991211,4.2989325523376465,637.4097290039062,637.1052856445312,0.0003,0.0003,0.1
,,,,,410999,7515.872,1000,,,,,,,,
,,,,,411000,,,-640.8136596679688,-5.955450057983398,4.869483947753906,639.611328125,639.0560302734375,0.0003,0.0003,0.1
,,,,,411999,7805.5693,1000,,,,,,,,
,,,,,412000,,,-646.1680908203125,-6.167435646057129,5.240056991577148,644.2546997070312,644.6312866210938,0.0003,0.0003,0.1
,,,,,412999,7654.2905,1000,,,,,,,,
,,,,,413000,,,-628.4646606445312,-5.99960994720459,5.492647171020508,627.0205688476562,626.564453125,0.0003,0.0003,0.1
,,,,,413999,7745.8647,1000,,,,,,,,
,,,,,414000,,,-661.513916015625,-5.731483459472656,5.681147575378418,660.0862426757812,659.4757080078125,0.0003,0.0003,0.1
,,,,,414999,7615.8906,1000,,,,,,,,
7904.4194,50.271854,7989.3994,7810.324,1000.0,415000,,,-650.078857421875,-6.009625434875488,4.9836626052856445,648.4677734375,648.6578369140625,0.0003,0.0003,0.1
,,,,,415999,7654.5576,1000,,,,,,,,
,,,,,416000,,,-636.4197387695312,-5.540129661560059,3.855842113494873,634.9855346679688,634.7120971679688,0.0003,0.0003,0.1
,,,,,416999,7773.4546,1000,,,,,,,,
,,,,,417000,,,-652.7163696289062,-5.885897636413574,4.5030517578125,651.282470703125,651.5321655273438,0.0003,0.0003,0.1
,,,,,417999,7874.4136,1000,,,,,,,,
,,,,,418000,,,-649.9365234375,-5.872800827026367,4.257200717926025,648.56201171875,648.4810791015625,0.0003,0.0003,0.1
,,,,,418999,7750.2905,1000,,,,,,,,
,,,,,419000,,,-664.4321899414062,-5.952535629272461,3.3287386894226074,663.2186889648438,663.0682983398438,0.0003,0.0003,0.1
,,,,,419999,7802.5786,1000,,,,,,,,
7740.84,68.36826,7892.239,7623.9644,1000.0,420000,,,-659.3616333007812,-5.933091163635254,4.078025817871094,657.990234375,657.876220703125,0.0003,0.0003,0.1
,,,,,420999,7721.713,1000,,,,,,,,
,,,,,421000,,,-660.6195068359375,-6.020605087280273,3.3235435485839844,658.958984375,658.986572265625,0.0003,0.0003,0.1
,,,,,421999,7688.7783,1000,,,,,,,,
,,,,,422000,,,-656.2853393554688,-5.965978622436523,9.693132400512695,655.33349609375,654.9525756835938,0.0003,0.0003,0.1
,,,,,422999,7837.833,1000,,,,,,,,
,,,,,423000,,,-645.036376953125,-6.4930524826049805,5.343114852905273,643.7072143554688,643.54052734375,0.0003,0.0003,0.1
,,,,,423999,7838.785,1000,,,,,,,,
,,,,,424000,,,-638.105712890625,-6.157768249511719,4.275296688079834,636.8795776367188,637.1531982421875,0.0003,0.0003,0.1
,,,,,424999,7746.652,1000,,,,,,,,
7294.6704,2052.6418,8104.9385,1141.3132,1000.0,425000,,,-658.8710327148438,-6.185649394989014,3.917794704437256,657.425537109375,657.3557739257812,0.0003,0.0003,0.1
,,,,,425999,7779.939,1000,,,,,,,,
,,,,,426000,,,-666.2273559570312,-5.369948387145996,8.370628356933594,664.7498779296875,664.5555419921875,0.0003,0.0003,0.1
,,,,,426999,7858.1807,1000,,,,,,,,
,,,,,427000,,,-658.4867553710938,-5.168895244598389,11.055596351623535,656.3388671875,656.4583129882812,0.0003,0.0003,0.1
,,,,,427999,6916.2876,1000,,,,,,,,
,,,,,428000,,,-676.5929565429688,-5.867311477661133,4.233861923217773,675.0928955078125,674.8951416015625,0.0003,0.0003,0.1
,,,,,428999,7723.7646,1000,,,,,,,,
,,,,,429000,,,-658.5809326171875,-6.146782398223877,5.221042633056641,656.5452880859375,656.48681640625,0.0003,0.0003,0.1
,,,,,429999,7783.502,1000,,,,,,,,
7051.1123,2299.3105,7887.142,155.30882,1000.0,430000,,,-651.119384765625,-6.012840747833252,4.241565704345703,649.481201171875,649.2678833007812,0.0003,0.0003,0.1
,,,,,430999,7837.7393,1000,,,,,,,,
,,,,,431000,,,-664.5691528320312,-6.3114447593688965,4.870033264160156,663.4368896484375,663.3955078125,0.0003,0.0003,0.1
,,,,,431999,7818.5347,1000,,,,,,,,
,,,,,432000,,,-654.0221557617188,-6.048801422119141,6.586655616760254,652.78564453125,652.5217895507812,0.0003,0.0003,0.1
,,,,,432999,7686.5625,1000,,,,,,,,
,,,,,433000,,,-667.4183959960938,-6.068385124206543,6.274625301361084,665.0430908203125,665.010009765625,0.0003,0.0003,0.1
,,,,,433999,2400.985,1000,,,,,,,,
,,,,,434000,,,-665.7456665039062,-5.989415168762207,3.684115409851074,664.8824462890625,664.3795166015625,0.0003,0.0003,0.1
,,,,,434999,7885.3906,1000,,,,,,,,
7921.4287,33.137535,7971.228,7846.9497,1000.0,435000,,,-669.81591796875,-5.855896472930908,5.381272792816162,668.2086181640625,668.0869750976562,0.0003,0.0003,0.1
,,,,,435999,7819.301,1000,,,,,,,,
,,,,,436000,,,-666.5594482421875,-6.230423927307129,4.58005952835083,664.8782958984375,664.7024536132812,0.0003,0.0003,0.1
,,,,,436999,2231.5142,1000,,,,,,,,
,,,,,437000,,,-660.9720458984375,-6.255819320678711,4.664365291595459,659.3694458007812,659.4266357421875,0.0003,0.0003,0.1
,,,,,437999,7812.611,1000,,,,,,,,
,,,,,438000,,,-664.5121459960938,-5.891157150268555,4.808646202087402,663.1248779296875,662.822998046875,0.0003,0.0003,0.1
,,,,,438999,7855.1035,1000,,,,,,,,
,,,,,439000,,,-687.506103515625,-5.9484052658081055,4.145970344543457,686.0916137695312,685.884521484375,0.0003,0.0003,0.1
,,,,,439999,7991.1543,1000,,,,,,,,
7978.404,51.24543,8082.3203,7912.5376,1000.0,440000,,,-674.3732299804688,-6.745872497558594,7.303141117095947,673.0076293945312,673.0048828125,0.0003,0.0003,0.1
,,,,,440999,7899.9897,1000,,,,,,,,
,,,,,441000,,,-666.5186157226562,-5.7430267333984375,5.061508655548096,664.4537353515625,664.7098388671875,0.0003,0.0003,0.1
,,,,,441999,7852.3174,1000,,,,,,,,
,,,,,442000,,,-671.8770141601562,-6.640264511108398,6.336813926696777,670.015869140625,669.99755859375,0.0003,0.0003,0.1
,,,,,442999,8063.5625,1000,,,,,,,,
,,,,,443000,,,-660.313720703125,-6.184663772583008,5.355500221252441,658.606201171875,658.9214477539062,0.0003,0.0003,0.1
,,,,,443999,7982.984,1000,,,,,,,,
,,,,,444000,,,-677.9068603515625,-6.395509719848633,4.03949499130249,676.4962158203125,676.8514404296875,0.0003,0.0003,0.1
,,,,,444999,8045.3066,1000,,,,,,,,
7912.825,56.471745,7994.9243,7792.9585,1000.0,445000,,,-676.9515991210938,-5.826383590698242,4.932636260986328,675.1439208984375,675.3836669921875,0.0003,0.0003,0.1
,,,,,445999,7906.267,1000,,,,,,,,
,,,,,446000,,,-658.5237426757812,-5.846663475036621,6.088876247406006,656.7633056640625,657.2280883789062,0.0003,0.0003,0.1
,,,,,446999,7919.0137,1000,,,,,,,,
,,,,,447000,,,-665.19189453125,-5.6345720291137695,5.12553596496582,663.5665893554688,663.6776123046875,0.0003,0.0003,0.1
,,,,,447999,7920.4517,1000,,,,,,,,
,,,,,448000,,,-673.9523315429688,-5.486989974975586,5.214188575744629,672.7884521484375,672.5821533203125,0.0003,0.0003,0.1
,,,,,448999,7947.841,1000,,,,,,,,
,,,,,449000,,,-690.0211181640625,-6.315800189971924,5.867485046386719,688.3024291992188,688.049560546875,0.0003,0.0003,0.1
,,,,,449999,7987.9487,1000,,,,,,,,
7511.728,1061.9834,7995.7544,4334.9624,1000.0,450000,,,-675.3639526367188,-5.731667995452881,5.63004207611084,673.6830444335938,673.167724609375,0.0003,0.0003,0.1
,,,,,450999,8095.46,1000,,,,,,,,
,,,,,451000,,,-678.8313598632812,-6.1072998046875,4.887079238891602,677.365966796875,676.9820556640625,0.0003,0.0003,0.1
,,,,,451999,7955.6924,1000,,,,,,,,
,,,,,452000,,,-688.2076416015625,-5.727136611938477,6.199825286865234,686.496337890625,686.9356689453125,0.0003,0.0003,0.1
,,,,,452999,8014.496,1000,,,,,,,,
,,,,,453000,,,-689.3746337890625,-6.081670761108398,24.122663497924805,687.794677734375,687.2745361328125,0.0003,0.0003,0.1
,,,,,453999,7999.185,1000,,,,,,,,
,,,,,454000,,,-683.254150390625,-6.558787822723389,105.53125762939453,680.3602294921875,681.3841552734375,0.0003,0.0003,0.1
,,,,,454999,7934.8047,1000,,,,,,,,
8018.207,67.76258,8149.782,7899.6865,1000.0,455000,,,-690.7758178710938,-5.845512390136719,4.214679718017578,689.3189697265625,689.3085327148438,0.0003,0.0003,0.1
,,,,,455999,8049.943,1000,,,,,,,,
,,,,,456000,,,-690.2109985351562,-6.14800500869751,9.853083610534668,688.412841796875,688.0872802734375,0.0003,0.0003,0.1
,,,,,456999,8096.2383,1000,,,,,,,,
,,,,,457000,,,-682.0183715820312,-6.483419418334961,8.770624160766602,679.8592529296875,680.1124267578125,0.0003,0.0003,0.1
,,,,,457999,7885.7944,1000,,,,,,,,
,,,,,458000,,,-685.0491333007812,-6.131165027618408,4.861923694610596,683.5797119140625,683.457763671875,0.0003,0.0003,0.1
,,,,,458999,8109.46,1000,,,,,,,,
,,,,,459000,,,-693.527099609375,-6.6703290939331055,5.970510482788086,691.7060546875,691.4183349609375,0.0003,0.0003,0.1
,,,,,459999,8087.438,1000,,,,,,,,
8120.698,77.70913,8285.785,7977.537,1000.0,460000,,,-693.2967529296875,-6.4762468338012695,6.373555660247803,692.073974609375,691.9476318359375,0.0003,0.0003,0.1
,,,,,460999,8128.192,1000,,,,,,,,
,,,,,461000,,,-701.6997680664062,-6.389524936676025,4.44809627532959,700.315673828125,700.0621948242188,0.0003,0.0003,0.1
,,,,,461999,8043.927,1000,,,,,,,,
,,,,,462000,,,-693.9396362304688,-6.417257785797119,4.163297653198242,692.00830078125,692.043701171875,0.0003,0.0003,0.1
,,,,,462999,8022.686,1000,,,,,,,,
,,,,,463000,,,-677.8004150390625,-6.243438720703125,5.283204078674316,675.42578125,675.7939453125,0.0003,0.0003,0.1
,,,,,463999,8084.122,1000,,,,,,,,
,,,,,464000,,,-700.2749633789062,-6.10684871673584,5.049530029296875,698.521728515625,698.4327392578125,0.0003,0.0003,0.1
,,,,,464999,7956.145,1000,,,,,,,,
8129.9897,62.635563,8221.468,7988.4453,1000.0,465000,,,-690.697021484375,-5.572405815124512,4.830897331237793,689.3980712890625,689.124267578125,0.0003,0.0003,0.1
,,,,,465999,8136.106,1000,,,,,,,,
,,,,,466000,,,-679.7543334960938,-5.6771240234375,5.802030563354492,678.2362060546875,678.1031494140625,0.0003,0.0003,0.1
,,,,,466999,8147.4976,1000,,,,,,,,
,,,,,467000,,,-697.3524780273438,-6.334920406341553,8.715510368347168,695.5535888671875,695.741943359375,0.0003,0.0003,0.1
,,,,,467999,8098.2456,1000,,,,,,,,
,,,,,468000,,,-685.2787475585938,-5.7845988273620605,5.693609237670898,683.115234375,683.8948974609375,0.0003,0.0003,0.1
,,,,,468999,7924.914,1000,,,,,,,,
,,,,,469000,,,-690.260009765625,-6.389401435852051,4.869143486022949,688.2630615234375,688.7802734375,0.0003,0.0003,0.1
,,,,,469999,8177.858,1000,,,,,,,,
8050.1587,117.418686,8226.3955,7777.662,1000.0,470000,,,-719.899658203125,-5.927849769592285,4.611057281494141,718.7154541015625,718.4187622070312,0.0003,0.0003,0.1
,,,,,470999,8189.8223,1000,,,,,,,,
,,,,,471000,,,-702.8136596679688,-5.866426467895508,4.955950736999512,701.3987426757812,701.1663818359375,0.0003,0.0003,0.1
,,,,,471999,8133.3955,1000,,,,,,,,
,,,,,472000,,,-702.2620239257812,-6.124696731567383,7.021657943725586,700.4100341796875,700.6213989257812,0.0003,0.0003,0.1
,,,,,472999,8102.7593,1000,,,,,,,,
,,,,,473000,,,-708.7364501953125,-6.292872428894043,9.235084533691406,706.1472778320312,706.3439331054688,0.0003,0.0003,0.1
,,,,,473999,8114.253,1000,,,,,,,,
,,,,,474000,,,-696.0906982421875,-6.124406814575195,4.8298845291137695,695.2227172851562,694.9461669921875,0.0003,0.0003,0.1
,,,,,474999,8108.4263,1000,,,,,,,,
8160.354,36.969112,8232.972,8086.8413,1000.0,475000,,,-690.7910766601562,-5.562797546386719,5.98232364654541,689.25048828125,689.6926879882812,0.0003,0.0003,0.1
,,,,,475999,8082.5537,1000,,,,,,,,
,,,,,476000,,,-695.5660400390625,-6.80714750289917,6.30312442779541,693.7152709960938,694.133056640625,0.0003,0.0003,0.1
,,,,,476999,8086.26,1000,,,,,,,,
,,,,,477000,,,-697.8312377929688,-6.233514785766602,4.136936187744141,696.1171875,696.25390625,0.0003,0.0003,0.1
,,,,,477999,8118.0454,1000,,,,,,,,
,,,,,478000,,,-689.6104736328125,-5.9499406814575195,4.65622091293335,687.9129638671875,687.6553344726562,0.0003,0.0003,0.1
,,,,,478999,8112.805,1000,,,,,,,,
,,,,,479000,,,-692.1624145507812,-6.0621843338012695,4.645485877990723,690.159912109375,690.0433349609375,0.0003,0.0003,0.1
,,,,,479999,8185.856,1000,,,,,,,,
8267.354,33.051647,8342.776,8221.508,1000.0,480000,,,-717.3438110351562,-6.168360233306885,3.2001843452453613,715.9157104492188,715.8240966796875,0.0003,0.0003,0.1
,,,,,480999,8211.36,1000,,,,,,,,
,,,,,481000,,,-702.588623046875,-5.937594413757324,4.911535739898682,701.0225830078125,701.2188720703125,0.0003,0.0003,0.1
,,,,,481999,8232.007,1000,,,,,,,,
,,,,,482000,,,-709.911865234375,-6.444055080413818,6.474973678588867,708.5697021484375,708.671630859375,0.0003,0.0003,0.1
,,,,,482999,8168.749,1000,,,,,,,,
,,,,,483000,,,-708.7022705078125,-5.583902359008789,7.512436389923096,707.019287109375,706.8097534179688,0.0003,0.0003,0.1
,,,,,483999,3874.6343,1000,,,,,,,,
,,,,,484000,,,-710.5109252929688,-6.105344772338867,5.610824108123779,708.6141357421875,708.35400390625,0.0003,0.0003,0.1
,,,,,484999,8145.3296,1000,,,,,,,,
8176.0913,187.08853,8366.135,7666.372,1000.0,485000,,,-689.1390380859375,-6.549999237060547,6.728353500366211,687.2573852539062,687.2567138671875,0.0003,0.0003,0.1
,,,,,485999,8184.556,1000,,,,,,,,
,,,,,486000,,,-717.2855224609375,-6.538512229919434,39.05673599243164,716.104736328125,715.7872314453125,0.0003,0.0003,0.1
,,,,,486999,8224.307,1000,,,,,,,,
,,,,,487000,,,-704.8834228515625,-6.219772815704346,5.889267921447754,702.910888671875,703.1243896484375,0.0003,0.0003,0.1
,,,,,487999,8183.6685,1000,,,,,,,,
,,,,,488000,,,-710.9793090820312,-6.120449066162109,5.388497352600098,708.769287109375,709.2014770507812,0.0003,0.0003,0.1
,,,,,488999,8042.2085,1000,,,,,,,,
,,,,,489000,,,-703.0294799804688,-5.922311782836914,6.118074893951416,701.1112670898438,701.31494140625,0.0003,0.0003,0.1
,,,,,489999,8272.547,1000,,,,,,,,
8247.814,67.70043,8387.657,8101.232,1000.0,490000,,,-717.1337890625,-6.589522361755371,3.5737807750701904,715.10791015625,715.4298706054688,0.0003,0.0003,0.1
,,,,,490999,8302.61,1000,,,,,,,,
,,,,,491000,,,-716.7238159179688,-5.700619697570801,5.692797660827637,714.97412109375,715.14208984375,0.0003,0.0003,0.1
,,,,,491999,8240.489,1000,,,,,,,,
,,,,,492000,,,-694.677001953125,-5.941276550292969,5.011106491088867,692.7661743164062,693.014404296875,0.0003,0.0003,0.1
,,,,,492999,8228.965,1000,,,,,,,,
,,,,,493000,,,-718.554443359375,-6.107414245605469,3.738393545150757,716.8517456054688,717.1691284179688,0.0003,0.0003,0.1
,,,,,493999,8132.16,1000,,,,,,,,
,,,,,494000,,,-704.431640625,-6.277863025665283,5.359082221984863,702.9190673828125,702.805419921875,0.0003,0.0003,0.1
,,,,,494999,8209.206,1000,,,,,,,,
8182.366,47.18353,8258.751,8079.538,1000.0,495000,,,-714.4474487304688,-5.897751331329346,6.5343828201293945,712.44287109375,712.8028564453125,0.0003,0.0003,0.1
,,,,,495999,8080.3125,1000,,,,,,,,
,,,,,496000,,,-712.1028442382812,-6.177131652832031,5.072323799133301,710.4442138671875,710.403076171875,0.0003,0.0003,0.1
,,,,,496999,8223.398,1000,,,,,,,,
,,,,,497000,,,-707.4390258789062,-5.170849323272705,7.601971626281738,705.6785888671875,705.4650268554688,0.0003,0.0003,0.1
,,,,,497999,8310.324,1000,,,,,,,,
,,,,,498000,,,-721.0260620117188,-6.382465362548828,5.404111385345459,718.9623413085938,719.1238403320312,0.0003,0.0003,0.1
,,,,,498999,8304.152,1000,,,,,,,,
,,,,,499000,,,-721.0650024414062,-5.749745845794678,4.995110511779785,718.9793701171875,719.4639892578125,0.0003,0.0003,0.1
,,,,,499999,8249.317,1000,,,,,,,,
8327.0,82.69696,8464.927,8232.39,1000.0,500000,,,-707.0789184570312,-6.090657711029053,4.70756721496582,705.6533203125,705.92822265625,0.0003,0.0003,0.1
,,,,,500999,8260.188,1000,,,,,,,,
,,,,,501000,,,-713.2626342773438,-6.992317199707031,7.186924457550049,711.204833984375,711.3424682617188,0.0003,0.0003,0.1
,,,,,501999,8249.437,1000,,,,,,,,
,,,,,502000,,,-713.8890380859375,-6.702968597412109,4.555580139160156,711.4132690429688,712.2112426757812,0.0003,0.0003,0.1
,,,,,502999,5650.9443,1000,,,,,,,,
,,,,,503000,,,-700.5877685546875,-6.264538764953613,6.606767654418945,698.648681640625,698.3147583007812,0.0003,0.0003,0.1
,,,,,503999,8157.5996,1000,,,,,,,,
,,,,,504000,,,-716.8963623046875,-6.078497886657715,3.831399917602539,715.650634765625,715.6349487304688,0.0003,0.0003,0.1
,,,,,504999,8198.203,1000,,,,,,,,
8052.194,60.768753,8136.671,7931.6724,1000.0,505000,,,-725.9436645507812,-5.974537372589111,5.226012229919434,724.338623046875,724.5579223632812,0.0003,0.0003,0.1
,,,,,505999,8017.489,1000,,,,,,,,
,,,,,506000,,,-729.0712890625,-5.930079460144043,5.298282623291016,727.697021484375,727.7586059570312,0.0003,0.0003,0.1
,,,,,506999,8382.708,1000,,,,,,,,
,,,,,507000,,,-723.51806640625,-6.155268669128418,5.156940937042236,722.0252075195312,722.492431640625,0.0003,0.0003,0.1
,,,,,507999,8398.244,1000,,,,,,,,
,,,,,508000,,,-718.7799072265625,-6.934898376464844,4.722827911376953,716.655029296875,717.117431640625,0.0003,0.0003,0.1
,,,,,508999,8311.632,1000,,,,,,,,
,,,,,509000,,,-731.2195434570312,-6.592594146728516,4.477823734283447,729.8162231445312,729.6565551757812,0.0003,0.0003,0.1
,,,,,509999,8387.378,1000,,,,,,,,
8328.658,45.61286,8417.618,8235.697,1000.0,510000,,,-728.9290161132812,-6.245814323425293,4.740189075469971,726.7890625,726.690185546875,0.0003,0.0003,0.1
,,,,,510999,8232.152,1000,,,,,,,,
,,,,,511000,,,-721.3532104492188,-6.390376091003418,5.030727386474609,719.546875,719.7542724609375,0.0003,0.0003,0.1
,,,,,511999,8252.52,1000,,,,,,,,
,,,,,512000,,,-721.619140625,-6.4594035148620605,4.9159088134765625,720.3203125,719.878662109375,0.0003,0.0003,0.1
,,,,,512999,8281.516,1000,,,,,,,,
,,,,,513000,,,-711.743896484375,-6.780176162719727,10.045696258544922,709.6004638671875,709.411865234375,0.0003,0.0003,0.1
,,,,,513999,8278.107,1000,,,,,,,,
,,,,,514000,,,-732.5111083984375,-6.075225830078125,4.858335971832275,730.754638671875,730.749755859375,0.0003,0.0003,0.1
,,,,,514999,8259.47,1000,,,,,,,,
8161.6514,268.07047,8313.975,7372.7524,1000.0,515000,,,-723.3516235351562,-6.082002639770508,4.695852279663086,721.542724609375,721.5401611328125,0.0003,0.0003,0.1
,,,,,515999,8226.521,1000,,,,,,,,
,,,,,516000,,,-711.7295532226562,-6.41157341003418,5.080785751342773,710.8010864257812,710.7156372070312,0.0003,0.0003,0.1
,,,,,516999,8401.478,1000,,,,,,,,
,,,,,517000,,,-711.8275756835938,-6.314419746398926,15.333775520324707,709.1917724609375,709.0718994140625,0.0003,0.0003,0.1
,,,,,517999,8214.942,1000,,,,,,,,
,,,,,518000,,,-736.7342529296875,-5.756084442138672,5.844550132751465,735.5153198242188,735.517578125,0.0003,0.0003,0.1
,,,,,518999,8161.284,1000,,,,,,,,
,,,,,519000,,,-740.65576171875,-6.382275581359863,7.3894944190979,739.2305297851562,739.2314453125,0.0003,0.0003,0.1
,,,,,519999,8338.961,1000,,,,,,,,
8242.345,73.19249,8315.612,8044.8394,1000.0,520000,,,-733.2906494140625,-6.141715049743652,9.822948455810547,731.228759765625,730.5390625,0.0003,0.0003,0.1
,,,,,520999,8244.692,1000,,,,,,,,
,,,,,521000,,,-720.7379760742188,-5.791679382324219,6.087096214294434,719.4295654296875,719.535400390625,0.0003,0.0003,0.1
,,,,,521999,8316.186,1000,,,,,,,,
,,,,,522000,,,-751.4400024414062,-5.89988374710083,5.787844181060791,750.2709350585938,750.2224731445312,0.0003,0.0003,0.1
,,,,,522999,8373.198,1000,,,,,,,,
,,,,,523000,,,-732.558349609375,-6.366044044494629,6.121652603149414,730.9556884765625,730.8593139648438,0.0003,0.0003,0.1
,,,,,523999,8431.921,1000,,,,,,,,
,,,,,524000,,,-727.9771118164062,-5.9668965339660645,4.610902786254883,725.7425537109375,725.5330810546875,0.0003,0.0003,0.1
,,,,,524999,8453.203,1000,,,,,,,,
8338.339,73.52412,8452.035,8202.926,1000.0,525000,,,-738.595947265625,-5.921735763549805,6.671724796295166,737.5135498046875,737.1286010742188,0.0003,0.0003,0.1
,,,,,525999,8442.697,1000,,,,,,,,
,,,,,526000,,,-741.6846313476562,-6.023595809936523,4.936565399169922,739.8145141601562,739.7237548828125,0.0003,0.0003,0.1
,,,,,526999,8398.604,1000,,,,,,,,
,,,,,527000,,,-737.6243896484375,-6.305822372436523,5.5359296798706055,735.436767578125,735.6513671875,0.0003,0.0003,0.1
,,,,,527999,8433.531,1000,,,,,,,,
,,,,,528000,,,-727.6815795898438,-5.774431228637695,5.907261371612549,726.1241455078125,725.9730224609375,0.0003,0.0003,0.1
,,,,,528999,8359.566,1000,,,,,,,,
,,,,,529000,,,-729.2471923828125,-5.705995559692383,4.524946212768555,727.4306640625,727.786865234375,0.0003,0.0003,0.1
,,,,,529999,8208.269,1000,,,,,,,,
8458.464,30.789349,8512.973,8390.099,1000.0,530000,,,-745.3606567382812,-6.541019439697266,5.562408447265625,743.5706787109375,743.56201171875,0.0003,0.0003,0.1
,,,,,530999,8544.768,1000,,,,,,,,
,,,,,531000,,,-729.9417114257812,-5.811202049255371,4.678188323974609,728.8340454101562,728.7720336914062,0.0003,0.0003,0.1
,,,,,531999,3252.4365,1000,,,,,,,,
,,,,,532000,,,-730.5888671875,-7.003306865692139,8.415848731994629,728.3988037109375,728.4320678710938,0.0003,0.0003,0.1
,,,,,532999,8421.71,1000,,,,,,,,
,,,,,533000,,,-729.97119140625,-5.721215724945068,4.633869647979736,728.83935546875,728.8722534179688,0.0003,0.0003,0.1
,,,,,533999,8487.685,1000,,,,,,,,
,,,,,534000,,,-738.5093994140625,-6.4639787673950195,5.3353962898254395,736.4215087890625,736.3275146484375,0.0003,0.0003,0.1
,,,,,534999,1429.6351,1000,,,,,,,,
8356.858,42.03707,8419.258,8297.293,1000.0,535000,,,-723.981689453125,-6.555207252502441,5.1111555099487305,722.431640625,722.3468017578125,0.0003,0.0003,0.1
,,,,,535999,8371.652,1000,,,,,,,,
,,,,,536000,,,-734.337646484375,-5.967618942260742,9.016334533691406,732.2984008789062,732.794189453125,0.0003,0.0003,0.1
,,,,,536999,8324.031,1000,,,,,,,,
,,,,,537000,,,-740.9610595703125,-6.496403694152832,5.463960647583008,739.7586669921875,739.4896240234375,0.0003,0.0003,0.1
,,,,,537999,8254.38,1000,,,,,,,,
,,,,,538000,,,-733.1693115234375,-5.733765125274658,6.4538187980651855,731.650634765625,731.86962890625,0.0003,0.0003,0.1
,,,,,538999,8484.609,1000,,,,,,,,
,,,,,539000,,,-737.6340942382812,-6.044971466064453,6.156269550323486,735.9920654296875,736.28759765625,0.0003,0.0003,0.1
,,,,,539999,8333.641,1000,,,,,,,,
7720.1313,1751.3248,8576.723,2671.976,1000.0,540000,,,-736.0174560546875,-6.284547328948975,6.965409755706787,734.1802978515625,734.002197265625,0.0003,0.0003,0.1
,,,,,540999,8301.897,1000,,,,,,,,
,,,,,541000,,,-723.2352905273438,-6.63160514831543,4.897951126098633,721.4537353515625,721.6029052734375,0.0003,0.0003,0.1
,,,,,541999,8451.037,1000,,,,,,,,
,,,,,542000,,,-729.7303466796875,-6.46724796295166,56.02534866333008,727.568603515625,727.4263305664062,0.0003,0.0003,0.1
,,,,,542999,8423.051,1000,,,,,,,,
,,,,,543000,,,-738.03564453125,-5.9080095291137695,6.234780311584473,735.521484375,735.265380859375,0.0003,0.0003,0.1
,,,,,543999,8331.237,1000,,,,,,,,
,,,,,544000,,,-743.0968017578125,-6.026556491851807,4.676454544067383,740.9654541015625,741.0438842773438,0.0003,0.0003,0.1
,,,,,544999,8480.411,1000,,,,,,,,
7723.8345,1779.8241,8423.044,2387.873,1000.0,545000,,,-728.1358032226562,-5.835385322570801,7.429265022277832,727.0401000976562,726.78173828125,0.0003,0.0003,0.1
,,,,,545999,8416.394,1000,,,,,,,,
,,,,,546000,,,-732.875,-6.112783908843994,4.979977130889893,730.9114990234375,730.666259765625,0.0003,0.0003,0.1
,,,,,546999,8592.275,1000,,,,,,,,
,,,,,547000,,,-755.372802734375,-6.755139350891113,11.03999137878418,753.712890625,753.36865234375,0.0003,0.0003,0.1
,,,,,547999,8540.848,1000,,,,,,,,
,,,,,548000,,,-753.2498168945312,-6.90855598449707,11.204912185668945,750.92529296875,751.0264282226562,0.0003,0.0003,0.1
,,,,,548999,8388.328,1000,,,,,,,,
,,,,,549000,,,-751.5134887695312,-6.032975196838379,4.085813522338867,749.9298095703125,749.9553833007812,0.0003,0.0003,0.1
,,,,,549999,8449.264,1000,,,,,,,,
8417.962,80.24467,8521.926,8214.936,1000.0,550000,,,-744.0706787109375,-6.194116592407227,5.19428825378418,743.275146484375,742.894775390625,0.0003,0.0003,0.1
,,,,,550999,8445.027,1000,,,,,,,,
,,,,,551000,,,-735.7120361328125,-6.144732475280762,4.303994178771973,734.1578369140625,733.8328857421875,0.0003,0.0003,0.1
,,,,,551999,8426.694,1000,,,,,,,,
,,,,,552000,,,-740.2673950195312,-5.972947120666504,9.067636489868164,739.2327880859375,739.2684326171875,0.0003,0.0003,0.1
,,,,,552999,8192.951,1000,,,,,,,,
,,,,,553000,,,-745.5060424804688,-6.320047378540039,4.950240135192871,743.71923828125,743.7304077148438,0.0003,0.0003,0.1
,,,,,553999,8431.41,1000,,,,,,,,
,,,,,554000,,,-745.6976318359375,-6.051015853881836,8.452027320861816,744.4821166992188,744.4967041015625,0.0003,0.0003,0.1
,,,,,554999,8548.0,1000,,,,,,,,
8560.044,80.04547,8694.543,8422.052,1000.0,555000,,,-732.7349243164062,-5.92227029800415,4.91992712020874,731.4471435546875,731.5992431640625,0.0003,0.0003,0.1
,,,,,555999,8532.303,1000,,,,,,,,
,,,,,556000,,,-758.606201171875,-6.425492286682129,6.826648235321045,756.8213500976562,757.018310546875,0.0003,0.0003,0.1
,,,,,556999,8423.929,1000,,,,,,,,
,,,,,557000,,,-759.2081909179688,-6.62969970703125,4.867798328399658,757.905029296875,757.3955078125,0.0003,0.0003,0.1
,,,,,557999,8450.587,1000,,,,,,,,
,,,,,558000,,,-738.4453125,-5.759143352508545,4.878412246704102,736.4559936523438,736.717529296875,0.0003,0.0003,0.1
,,,,,558999,8424.116,1000,,,,,,,,
,,,,,559000,,,-747.4633178710938,-6.51114559173584,4.615653038024902,745.2032470703125,744.9193115234375,0.0003,0.0003,0.1
,,,,,559999,8509.512,1000,,,,,,,,
7780.875,2184.4531,8608.77,1231.1647,1000.0,560000,,,-756.6185913085938,-6.600454330444336,5.818868637084961,755.004638671875,755.23291015625,0.0003,0.0003,0.1
,,,,,560999,8461.65,1000,,,,,,,,
,,,,,561000,,,-757.72705078125,-6.180450439453125,5.221716403961182,756.263916015625,756.1669311523438,0.0003,0.0003,0.1
,,,,,561999,8627.642,1000,,,,,,,,
,,,,,562000,,,-722.0272827148438,-6.051684856414795,4.427161693572998,720.0634765625,719.9661865234375,0.0003,0.0003,0.1
,,,,,562999,8447.244,1000,,,,,,,,
,,,,,563000,,,-756.1743774414062,-6.397585391998291,5.426614761352539,754.2212524414062,754.6716918945312,0.0003,0.0003,0.1
,,,,,563999,8482.672,1000,,,,,,,,
,,,,,564000,,,-756.2859497070312,-5.908707141876221,5.2979302406311035,755.0814208984375,755.1980590820312,0.0003,0.0003,0.1
,,,,,564999,8540.888,1000,,,,,,,,
8437.841,58.54028,8518.647,8351.817,1000.0,565000,,,-753.6109008789062,-5.88223934173584,4.554716110229492,752.0003662109375,751.6639404296875,0.0003,0.0003,0.1
,,,,,565999,8516.394,1000,,,,,,,,
,,,,,566000,,,-757.3954467773438,-5.851828575134277,5.633862495422363,755.45458984375,755.6829833984375,0.0003,0.0003,0.1
,,,,,566999,8383.005,1000,,,,,,,,
,,,,,567000,,,-744.3867797851562,-6.131250381469727,7.118074417114258,742.1534423828125,742.3494873046875,0.0003,0.0003,0.1
,,,,,567999,8514.237,1000,,,,,,,,
,,,,,568000,,,-769.268310546875,-6.820471286773682,20.665908813476562,767.6964721679688,767.3206787109375,0.0003,0.0003,0.1
,,,,,568999,8529.439,1000,,,,,,,,
,,,,,569000,,,-752.189208984375,-6.381974697113037,3.8336029052734375,750.8621215820312,751.021728515625,0.0003,0.0003,0.1
,,,,,569999,8583.836,1000,,,,,,,,
8588.443,84.50181,8690.5625,8450.564,1000.0,570000,,,-762.9978637695312,-6.277393341064453,4.477547645568848,760.7330322265625,760.858642578125,0.0003,0.0003,0.1
,,,,,570999,8586.608,1000,,,,,,,,
,,,,,571000,,,-759.8558349609375,-6.125813007354736,4.764456748962402,758.543701171875,758.4030151367188,0.0003,0.0003,0.1
,,,,,571999,8529.447,1000,,,,,,,,
,,,,,572000,,,-760.410400390625,-5.932696342468262,5.798835754394531,758.9766235351562,758.738525390625,0.0003,0.0003,0.1
,,,,,572999,8484.985,1000,,,,,,,,
,,,,,573000,,,-752.4021606445312,-6.199622631072998,5.514709949493408,750.6810913085938,750.1170654296875,0.0003,0.0003,0.1
,,,,,573999,8549.456,1000,,,,,,,,
,,,,,574000,,,-739.4436645507812,-6.689878463745117,5.562168121337891,737.63916015625,737.2672119140625,0.0003,0.0003,0.1
,,,,,574999,8604.982,1000,,,,,,,,
7480.2407,2225.2021,8630.205,1343.9369,1000.0,575000,,,-750.2545776367188,-6.116155624389648,5.174941062927246,748.6038818359375,748.7796020507812,0.0003,0.0003,0.1
,,,,,575999,8615.646,1000,,,,,,,,
,,,,,576000,,,-764.4263305664062,-6.5698957443237305,4.649446487426758,762.4449462890625,762.7848510742188,0.0003,0.0003,0.1
,,,,,576999,8628.459,1000,,,,,,,,
,,,,,577000,,,-744.7938842773438,-6.23946475982666,4.210237503051758,743.1442260742188,743.2633666992188,0.0003,0.0003,0.1
,,,,,577999,8459.21,1000,,,,,,,,
,,,,,578000,,,-759.4068603515625,-6.289119720458984,5.090723991394043,757.8002319335938,757.57958984375,0.0003,0.0003,0.1
,,,,,578999,8529.875,1000,,,,,,,,
,,,,,579000,,,-762.8552856445312,-6.404313564300537,8.056938171386719,761.1575927734375,760.9901123046875,0.0003,0.0003,0.1
,,,,,579999,8667.909,1000,,,,,,,,
8712.468,52.481922,8784.883,8587.731,1000.0,580000,,,-738.9203491210938,-6.702946186065674,6.852265357971191,736.927490234375,737.3062133789062,0.0003,0.0003,0.1
,,,,,580999,8649.419,1000,,,,,,,,
,,,,,581000,,,-779.4501342773438,-6.010149002075195,4.8110671043396,777.741455078125,778.2839965820312,0.0003,0.0003,0.1
,,,,,581999,8714.448,1000,,,,,,,,
,,,,,582000,,,-749.1904296875,-6.248480796813965,7.556704521179199,747.7808837890625,747.554931640625,0.0003,0.0003,0.1
,,,,,582999,8655.842,1000,,,,,,,,
,,,,,583000,,,-756.0721435546875,-6.626697540283203,7.177892684936523,753.7900390625,754.1619873046875,0.0003,0.0003,0.1
,,,,,583999,8573.638,1000,,,,,,,,
,,,,,584000,,,-767.7105102539062,-5.975795745849609,5.860113143920898,765.8756103515625,766.0694580078125,0.0003,0.0003,0.1
,,,,,584999,8521.722,1000,,,,,,,,
8573.643,80.28823,8680.572,8417.159,1000.0,585000,,,-758.2594604492188,-6.357647895812988,5.718933582305908,756.3168334960938,756.2168579101562,0.0003,0.0003,0.1
,,,,,585999,8615.073,1000,,,,,,,,
,,,,,586000,,,-773.3248291015625,-6.6923627853393555,6.009008407592773,771.8641357421875,772.1068725585938,0.0003,0.0003,0.1
,,,,,586999,8495.081,1000,,,,,,,,
,,,,,587000,,,-756.7769775390625,-6.498230934143066,4.6523895263671875,755.3778076171875,754.9708862304688,0.0003,0.0003,0.1
,,,,,587999,8604.803,1000,,,,,,,,
,,,,,588000,,,-761.2128295898438,-6.913954734802246,7.250319004058838,758.8524169921875,758.9218139648438,0.0003,0.0003,0.1
,,,,,588999,8514.044,1000,,,,,,,,
,,,,,589000,,,-754.8638916015625,-5.5720367431640625,7.660195350646973,753.3189697265625,753.490478515625,0.0003,0.0003,0.1
,,,,,589999,8628.446,1000,,,,,,,,
8616.808,61.54726,8702.859,8467.692,1000.0,590000,,,-756.444580078125,-6.190057754516602,6.148801326751709,754.6719970703125,754.4793701171875,0.0003,0.0003,0.1
,,,,,590999,8640.049,1000,,,,,,,,
,,,,,591000,,,-762.7548217773438,-6.392160415649414,5.995444297790527,760.650634765625,760.7727661132812,0.0003,0.0003,0.1
,,,,,591999,8561.093,1000,,,,,,,,
,,,,,592000,,,-776.5421752929688,-6.294562339782715,5.716226577758789,774.8687744140625,774.9759521484375,0.0003,0.0003,0.1
,,,,,592999,8597.49,1000,,,,,,,,
,,,,,593000,,,-752.8213500976562,-6.017889976501465,5.871240139007568,750.9620971679688,750.8692626953125,0.0003,0.0003,0.1
,,,,,593999,8673.99,1000,,,,,,,,
,,,,,594000,,,-778.1810913085938,-6.413658142089844,5.7201361656188965,776.4970703125,777.0711669921875,0.0003,0.0003,0.1
,,,,,594999,8647.083,1000,,,,,,,,
8096.5967,1879.176,8881.259,2475.801,1000.0,595000,,,-769.9730834960938,-6.263980865478516,5.883647918701172,768.1746826171875,767.8323974609375,0.0003,0.0003,0.1
,,,,,595999,8713.476,1000,,,,,,,,
,,,,,596000,,,-763.9710693359375,-6.550711631774902,4.837155818939209,762.195556640625,762.0487670898438,0.0003,0.0003,0.1
,,,,,596999,8575.863,1000,,,,,,,,
,,,,,597000,,,-770.4653930664062,-6.4400811195373535,6.931128025054932,769.4041137695312,769.225341796875,0.0003,0.0003,0.1
,,,,,597999,8753.186,1000,,,,,,,,
,,,,,598000,,,-758.8543701171875,-6.615753173828125,6.230280876159668,756.9188232421875,756.9007568359375,0.0003,0.0003,0.1
,,,,,598999,8656.038,1000,,,,,,,,
,,,,,599000,,,-770.7085571289062,-6.599658966064453,4.778879165649414,769.010498046875,768.9840698242188,0.0003,0.0003,0.1
,,,,,599999,8732.792,1000,,,,,,,,
8665.611,48.04378,8724.373,8590.966,1000.0,600000,,,-745.6810302734375,-6.001739501953125,7.069126129150391,744.5962524414062,744.4376220703125,0.0003,0.0003,0.1
,,,,,600999,8657.723,1000,,,,,,,,
,,,,,601000,,,-777.2491455078125,-6.125404357910156,6.164336681365967,775.6968994140625,775.6058959960938,0.0003,0.0003,0.1
,,,,,601999,8665.363,1000,,,,,,,,
,,,,,602000,,,-767.039794921875,-6.282311916351318,3.759831428527832,764.9686889648438,765.3616943359375,0.0003,0.0003,0.1
,,,,,602999,8838.763,1000,,,,,,,,
,,,,,603000,,,-781.205810546875,-6.48564338684082,5.896816730499268,779.5364990234375,779.9861450195312,0.0003,0.0003,0.1
,,,,,603999,8814.23,1000,,,,,,,,
,,,,,604000,,,-754.4508666992188,-6.342789649963379,5.8800764083862305,752.6282348632812,752.588623046875,0.0003,0.0003,0.1
,,,,,604999,8663.607,1000,,,,,,,,
8702.162,78.6511,8806.598,8539.231,1000.0,605000,,,-773.8968505859375,-6.198894500732422,5.4661335945129395,772.45458984375,772.4332885742188,0.0003,0.0003,0.1
,,,,,605999,8674.361,1000,,,,,,,,
,,,,,606000,,,-772.7578125,-6.895312309265137,5.5355353355407715,771.2725830078125,771.1463623046875,0.0003,0.0003,0.1
,,,,,606999,8762.129,1000,,,,,,,,
,,,,,607000,,,-780.8767700195312,-6.320075035095215,7.688644886016846,778.9955444335938,778.71142578125,0.0003,0.0003,0.1
,,,,,607999,8776.963,1000,,,,,,,,
,,,,,608000,,,-777.1146850585938,-6.637349605560303,4.301751136779785,775.762451171875,776.0130004882812,0.0003,0.0003,0.1
,,,,,608999,8682.502,1000,,,,,,,,
,,,,,609000,,,-783.43994140625,-6.22202205657959,4.766240119934082,781.54736328125,781.7469482421875,0.0003,0.0003,0.1
,,,,,609999,8750.726,1000,,,,,,,,
8812.17,84.814384,8891.981,8604.102,1000.0,610000,,,-759.19970703125,-6.106152534484863,9.303627014160156,757.6442260742188,757.513916015625,0.0003,0.0003,0.1
,,,,,610999,2324.4902,1000,,,,,,,,
,,,,,611000,,,-773.6819458007812,-5.860771179199219,5.041032314300537,771.927490234375,772.0919799804688,0.0003,0.0003,0.1
,,,,,611999,8637.21,1000,,,,,,,,
,,,,,612000,,,-780.8316650390625,-6.6739912033081055,5.396048069000244,779.6392822265625,780.1446533203125,0.0003,0.0003,0.1
,,,,,612999,8748.802,1000,,,,,,,,
,,,,,613000,,,-782.9613647460938,-6.303650379180908,6.2436933517456055,781.480224609375,781.16943359375,0.0003,0.0003,0.1
,,,,,613999,8746.786,1000,,,,,,,,
,,,,,614000,,,-778.9404907226562,-5.900994300842285,7.573866367340088,777.27294921875,777.4327392578125,0.0003,0.0003,0.1
,,,,,614999,8776.138,1000,,,,,,,,
8796.18,60.881264,8850.32,8632.213,1000.0,615000,,,-772.840576171875,-6.613277912139893,5.9511871337890625,771.1861572265625,771.3138427734375,0.0003,0.0003,0.1
,,,,,615999,8785.562,1000,,,,,,,,
,,,,,616000,,,-772.3955688476562,-6.354626655578613,5.2974700927734375,770.2853393554688,770.06494140625,0.0003,0.0003,0.1
,,,,,616999,8870.139,1000,,,,,,,,
,,,,,617000,,,-781.4212646484375,-7.018050193786621,7.57562255859375,779.9465942382812,779.5245361328125,0.0003,0.0003,0.1
,,,,,617999,8684.234,1000,,,,,,,,
,,,,,618000,,,-772.610107421875,-6.379648208618164,5.110017776489258,771.0277709960938,771.028076171875,0.0003,0.0003,0.1
,,,,,618999,8816.187,1000,,,,,,,,
,,,,,619000,,,-773.8118896484375,-6.484597206115723,5.265127182006836,772.1600952148438,772.1143798828125,0.0003,0.0003,0.1
,,,,,619999,8620.958,1000,,,,,,,,
8859.948,34.979748,8906.273,8789.648,1000.0,620000,,,-769.3281860351562,-5.88763427734375,4.7800397872924805,767.9763793945312,767.91650390625,0.0003,0.0003,0.1
,,,,,620999,8780.826,1000,,,,,,,,
,,,,,621000,,,-775.1400756835938,-6.714690208435059,4.07906436920166,773.2593383789062,773.140869140625,0.0003,0.0003,0.1
,,,,,621999,8615.584,1000,,,,,,,,
,,,,,622000,,,-779.2359619140625,-6.4492292404174805,5.159293174743652,777.5133056640625,777.627197265625,0.0003,0.0003,0.1
,,,,,622999,8733.909,1000,,,,,,,,
,,,,,623000,,,-773.7900390625,-6.278968811035156,5.618177890777588,772.111328125,772.4959106445312,0.0003,0.0003,0.1
,,,,,623999,8892.619,1000,,,,,,,,
,,,,,624000,,,-769.5200805664062,-6.8369951248168945,7.146710395812988,768.2611083984375,768.2909545898438,0.0003,0.0003,0.1
,,,,,624999,8810.702,1000,,,,,,,,
8897.107,44.606293,8955.418,8823.35,1000.0,625000,,,-783.1295776367188,-6.1394548416137695,4.084853649139404,781.997314453125,781.9051513671875,0.0003,0.0003,0.1
,,,,,625999,8868.178,1000,,,,,,,,
,,,,,626000,,,-785.0923461914062,-6.266404628753662,4.291842937469482,783.74951171875,783.9462890625,0.0003,0.0003,0.1
,,,,,626999,8870.611,1000,,,,,,,,
,,,,,627000,,,-784.542724609375,-5.820208549499512,4.476023197174072,782.5745239257812,782.3726196289062,0.0003,0.0003,0.1
,,,,,627999,8790.922,1000,,,,,,,,
,,,,,628000,,,-781.933837890625,-6.227353096008301,19.306629180908203,779.94287109375,779.59619140625,0.0003,0.0003,0.1
,,,,,628999,8733.832,1000,,,,,,,,
,,,,,629000,,,-789.2420654296875,-6.728799343109131,7.165590286254883,787.7347412109375,787.6300048828125,0.0003,0.0003,0.1
,,,,,629999,8787.778,1000,,,,,,,,
7368.71,2570.1511,8755.322,1567.571,1000.0,630000,,,-764.30712890625,-6.444092750549316,5.8635735511779785,762.6468505859375,762.6539306640625,0.0003,0.0003,0.1
,,,,,630999,8883.585,1000,,,,,,,,
,,,,,631000,,,-785.3536376953125,-6.280641555786133,7.703641891479492,783.8410034179688,783.7530517578125,0.0003,0.0003,0.1
,,,,,631999,8833.411,1000,,,,,,,,
,,,,,632000,,,-771.9235229492188,-6.078420639038086,5.9860920906066895,770.4769287109375,770.1512451171875,0.0003,0.0003,0.1
,,,,,632999,8750.4375,1000,,,,,,,,
,,,,,633000,,,-793.8648071289062,-6.534881114959717,7.626354217529297,791.787841796875,791.47607421875,0.0003,0.0003,0.1
,,,,,633999,8770.169,1000,,,,,,,,
,,,,,634000,,,-792.9039306640625,-5.729074478149414,5.34945821762085,791.6282348632812,791.4605102539062,0.0003,0.0003,0.1
,,,,,634999,8641.578,1000,,,,,,,,
8994.918,27.204626,9033.623,8947.097,1000.0,635000,,,-798.7968139648438,-6.150381088256836,5.342949867248535,796.98974609375,796.956787109375,0.0003,0.0003,0.1
,,,,,635999,8839.236,1000,,,,,,,,
,,,,,636000,,,-780.674072265625,-6.459471702575684,5.689410209655762,778.9199829101562,779.0185546875,0.0003,0.0003,0.1
,,,,,636999,8859.134,1000,,,,,,,,
,,,,,637000,,,-780.5245971679688,-6.75374698638916,6.6251044273376465,778.667236328125,778.9921875,0.0003,0.0003,0.1
,,,,,637999,8628.579,1000,,,,,,,,
,,,,,638000,,,-797.2579956054688,-6.060111999511719,5.921779632568359,795.3184814453125,795.3506469726562,0.0003,0.0003,0.1
,,,,,638999,5879.902,1000,,,,,,,,
,,,,,639000,,,-775.28955078125,-5.882017135620117,4.582169532775879,773.7838134765625,773.921875,0.0003,0.0003,0.1
,,,,,639999,8817.395,1000,,,,,,,,
8807.912,71.139824,8930.486,8676.057,1000.0,640000,,,-785.0458984375,-6.673409461975098,4.336249351501465,782.988037109375,783.6287841796875,0.0003,0.0003,0.1
,,,,,640999,8964.634,1000,,,,,,,,
,,,,,641000,,,-773.1951904296875,-6.990787029266357,7.204624652862549,771.341552734375,771.9750366210938,0.0003,0.0003,0.1
,,,,,641999,8797.235,1000,,,,,,,,
,,,,,642000,,,-770.373291015625,-6.240119934082031,7.479250907897949,769.0391845703125,768.8729248046875,0.0003,0.0003,0.1
,,,,,642999,8891.939,1000,,,,,,,,
,,,,,643000,,,-771.1325073242188,-6.163858413696289,50.78001403808594,769.4744262695312,768.83349609375,0.0003,0.0003,0.1
,,,,,643999,9051.046,1000,,,,,,,,
,,,,,644000,,,-799.9657592773438,-6.434528350830078,3.7832655906677246,798.6136474609375,798.4482421875,0.0003,0.0003,0.1
,,,,,644999,8833.091,1000,,,,,,,,
8971.096,85.00638,9070.003,8807.868,1000.0,645000,,,-781.5138549804688,-6.126254081726074,7.235968589782715,779.7352294921875,780.219482421875,0.0003,0.0003,0.1
,,,,,645999,9041.627,1000,,,,,,,,
,,,,,646000,,,-768.77392578125,-6.304272651672363,6.355687141418457,766.4688720703125,766.6865844726562,0.0003,0.0003,0.1
,,,,,646999,9025.717,1000,,,,,,,,
,,,,,647000,,,-784.69384765625,-7.145544052124023,7.347168922424316,783.7518310546875,783.0892333984375,0.0003,0.0003,0.1
,,,,,647999,8985.687,1000,,,,,,,,
,,,,,648000,,,-784.8021240234375,-6.2657470703125,5.827075004577637,783.333251953125,783.049072265625,0.0003,0.0003,0.1
,,,,,648999,8952.43,1000,,,,,,,,
,,,,,649000,,,-777.1093139648438,-6.834538459777832,6.092643737792969,774.948974609375,774.6641845703125,0.0003,0.0003,0.1
,,,,,649999,9094.463,1000,,,,,,,,
8951.095,37.84739,9010.19,8883.282,1000.0,650000,,,-783.5593872070312,-6.214916706085205,5.954567909240723,782.160400390625,781.9215698242188,0.0003,0.0003,0.1
,,,,,650999,8881.37,1000,,,,,,,,
,,,,,651000,,,-798.6036376953125,-6.333932876586914,6.550764083862305,796.9930419921875,796.7652587890625,0.0003,0.0003,0.1
,,,,,651999,8778.618,1000,,,,,,,,
,,,,,652000,,,-790.5667114257812,-6.168596267700195,5.0431623458862305,788.396484375,788.526611328125,0.0003,0.0003,0.1
,,,,,652999,8911.857,1000,,,,,,,,
,,,,,653000,,,-789.9332885742188,-6.945035934448242,6.713822364807129,787.8699951171875,787.6259765625,0.0003,0.0003,0.1
,,,,,653999,8975.723,1000,,,,,,,,
,,,,,654000,,,-796.20751953125,-6.557816028594971,4.877590179443359,794.1354370117188,794.06689453125,0.0003,0.0003,0.1
,,,,,654999,8819.113,1000,,,,,,,,
9045.96,57.86963,9155.686,8958.11,1000.0,655000,,,-796.3426513671875,-6.007017135620117,5.216709136962891,794.9307861328125,794.8194580078125,0.0003,0.0003,0.1
,,,,,655999,8831.907,1000,,,,,,,,
,,,,,656000,,,-770.8853759765625,-5.963763236999512,4.20826530456543,769.5018310546875,769.44775390625,0.0003,0.0003,0.1
,,,,,656999,8935.281,1000,,,,,,,,
,,,,,657000,,,-805.9049072265625,-7.024614334106445,5.04282283782959,803.85009765625,803.8157348632812,0.0003,0.0003,0.1
,,,,,657999,8892.323,1000,,,,,,,,
,,,,,658000,,,-806.2730712890625,-6.775974273681641,5.802290916442871,804.2813720703125,804.67529296875,0.0003,0.0003,0.1
,,,,,658999,8942.417,1000,,,,,,,,
,,,,,659000,,,-772.8624877929688,-6.062702178955078,8.050538063049316,771.2969970703125,771.1881103515625,0.0003,0.0003,0.1
,,,,,659999,8894.755,1000,,,,,,,,
8993.572,119.73959,9090.126,8655.473,1000.0,660000,,,-793.5516357421875,-6.294649124145508,5.09800910949707,792.2147827148438,792.121826171875,0.0003,0.0003,0.1
,,,,,660999,8847.821,1000,,,,,,,,
,,,,,661000,,,-803.8277587890625,-5.997949123382568,4.372735977172852,802.3834228515625,802.39013671875,0.0003,0.0003,0.1
,,,,,661999,8876.162,1000,,,,,,,,
,,,,,662000,,,-798.2855834960938,-5.7266387939453125,5.5601582527160645,796.315673828125,796.5553588867188,0.0003,0.0003,0.1
,,,,,662999,9073.767,1000,,,,,,,,
,,,,,663000,,,-775.8773803710938,-6.671863555908203,14.289840698242188,774.6033325195312,773.8211669921875,0.0003,0.0003,0.1
,,,,,663999,8913.926,1000,,,,,,,,
,,,,,664000,,,-814.026123046875,-6.122069358825684,5.382367134094238,812.454345703125,812.840087890625,0.0003,0.0003,0.1
,,,,,664999,9007.348,1000,,,,,,,,
8890.725,84.18029,9078.866,8775.925,1000.0,665000,,,-794.1480712890625,-5.7845072746276855,5.990025997161865,792.9676513671875,792.6842651367188,0.0003,0.0003,0.1
,,,,,665999,9009.852,1000,,,,,,,,
,,,,,666000,,,-799.2872314453125,-6.756441593170166,4.590458869934082,798.0791015625,798.1502075195312,0.0003,0.0003,0.1
,,,,,666999,8940.5205,1000,,,,,,,,
,,,,,667000,,,-789.2974243164062,-5.983371734619141,5.299905776977539,787.795166015625,788.2108154296875,0.0003,0.0003,0.1
,,,,,667999,9117.379,1000,,,,,,,,
,,,,,668000,,,-795.0078735351562,-6.64240837097168,4.518221855163574,793.3941040039062,793.2314453125,0.0003,0.0003,0.1
,,,,,668999,8974.541,1000,,,,,,,,
,,,,,669000,,,-777.5375366210938,-5.903555870056152,4.980350971221924,775.5169677734375,775.4890747070312,0.0003,0.0003,0.1
,,,,,669999,8954.483,1000,,,,,,,,
9034.714,54.00625,9106.7295,8939.848,1000.0,670000,,,-800.6248779296875,-6.171612739562988,6.4130682945251465,799.3742065429688,799.260009765625,0.0003,0.0003,0.1
,,,,,670999,9022.931,1000,,,,,,,,
,,,,,671000,,,-797.1216430664062,-6.895196914672852,5.156468391418457,795.6134643554688,795.1943359375,0.0003,0.0003,0.1
,,,,,671999,9027.8545,1000,,,,,,,,
,,,,,672000,,,-801.5218505859375,-6.5550432205200195,4.72675085067749,799.7694091796875,799.7774658203125,0.0003,0.0003,0.1
,,,,,672999,8960.705,1000,,,,,,,,
,,,,,673000,,,-792.4890747070312,-6.280877590179443,5.88283634185791,790.8709106445312,790.7792358398438,0.0003,0.0003,0.1
,,,,,673999,8933.434,1000,,,,,,,,
,,,,,674000,,,-795.518310546875,-6.973700523376465,4.20482063293457,793.9344482421875,793.9871215820312,0.0003,0.0003,0.1
,,,,,674999,9018.533,1000,,,,,,,,
9064.715,49.227375,9142.635,8965.663,1000.0,675000,,,-817.2098999023438,-7.080388069152832,6.3163275718688965,815.3985595703125,815.8040771484375,0.0003,0.0003,0.1
,,,,,675999,9077.008,1000,,,,,,,,
,,,,,676000,,,-793.349609375,-6.966939449310303,5.190155029296875,791.1710815429688,791.1920166015625,0.0003,0.0003,0.1
,,,,,676999,9045.087,1000,,,,,,,,
,,,,,677000,,,-807.212646484375,-6.484270095825195,6.195614814758301,805.9701538085938,805.5640869140625,0.0003,0.0003,0.1
,,,,,677999,8832.67,1000,,,,,,,,
,,,,,678000,,,-800.3990478515625,-6.39924430847168,4.356701850891113,798.8348388671875,799.1521606445312,0.0003,0.0003,0.1
,,,,,678999,9071.775,1000,,,,,,,,
,,,,,679000,,,-791.4078369140625,-7.203304290771484,7.666590213775635,789.9841918945312,789.7158813476562,0.0003,0.0003,0.1
,,,,,679999,8941.698,1000,,,,,,,,
9070.217,54.106903,9193.813,8993.6045,1000.0,680000,,,-805.5234375,-6.6868181228637695,4.630270481109619,803.5128173828125,803.6539306640625,0.0003,0.0003,0.1
,,,,,680999,8939.358,1000,,,,,,,,
,,,,,681000,,,-799.1754150390625,-6.6269025802612305,5.908007621765137,797.963134765625,797.9759521484375,0.0003,0.0003,0.1
,,,,,681999,8995.602,1000,,,,,,,,
,,,,,682000,,,-790.91845703125,-6.65217924118042,20.332775115966797,789.3451538085938,788.9151611328125,0.0003,0.0003,0.1
,,,,,682999,6039.3643,1000,,,,,,,,
,,,,,683000,,,-805.0132446289062,-6.5274152755737305,5.599453449249268,803.2828369140625,803.04150390625,0.0003,0.0003,0.1
,,,,,683999,9066.276,1000,,,,,,,,
,,,,,684000,,,-793.7899780273438,-6.748705863952637,7.04440450668335,792.0479736328125,792.5191650390625,0.0003,0.0003,0.1
,,,,,684999,8818.187,1000,,,,,,,,
8997.53,89.21294,9135.713,8892.06,1000.0,685000,,,-799.9317016601562,-6.252490043640137,4.840235710144043,798.3677978515625,798.7734375,0.0003,0.0003,0.1
,,,,,685999,9005.694,1000,,,,,,,,
,,,,,686000,,,-784.566162109375,-6.091843605041504,21.849103927612305,783.157470703125,782.7722778320312,0.0003,0.0003,0.1
,,,,,686999,8970.057,1000,,,,,,,,
,,,,,687000,,,-788.6122436523438,-6.1983866691589355,5.131538391113281,786.8878784179688,787.05322265625,0.0003,0.0003,0.1
,,,,,687999,9046.985,1000,,,,,,,,
,,,,,688000,,,-796.0662231445312,-6.052940368652344,7.065509796142578,794.6844482421875,794.00732421875,0.0003,0.0003,0.1
,,,,,688999,9162.941,1000,,,,,,,,
,,,,,689000,,,-812.5051879882812,-6.328630447387695,5.055507659912109,810.8342895507812,811.2962646484375,0.0003,0.0003,0.1
,,,,,689999,9073.079,1000,,,,,,,,
9164.069,44.67707,9230.35,9092.988,1000.0,690000,,,-820.7583618164062,-6.681623458862305,5.3908538818359375,818.8067626953125,819.0633544921875,0.0003,0.0003,0.1
,,,,,690999,9118.1455,1000,,,,,,,,
,,,,,691000,,,-794.9067993164062,-5.864134788513184,5.441545009613037,793.1256103515625,793.5740356445312,0.0003,0.0003,0.1
,,,,,691999,8971.917,1000,,,,,,,,
,,,,,692000,,,-812.043212890625,-6.679908752441406,3.9272961616516113,810.210205078125,810.531005859375,0.0003,0.0003,0.1
,,,,,692999,9082.609,1000,,,,,,,,
,,,,,693000,,,-790.80419921875,-6.1512603759765625,5.5406694412231445,789.130859375,788.835205078125,0.0003,0.0003,0.1
,,,,,693999,9089.38,1000,,,,,,,,
,,,,,694000,,,-814.1878051757812,-6.415406227111816,5.1606059074401855,812.9296875,812.3756713867188,0.0003,0.0003,0.1
,,,,,694999,9071.063,1000,,,,,,,,
9009.401,56.05434,9110.593,8915.814,1000.0,695000,,,-803.23486328125,-5.774941444396973,5.660815238952637,801.8701782226562,801.7548217773438,0.0003,0.0003,0.1
,,,,,695999,9097.058,1000,,,,,,,,
,,,,,696000,,,-793.1469116210938,-6.393677711486816,27.51628875732422,791.9453735351562,790.7839965820312,0.0003,0.0003,0.1
,,,,,696999,8935.275,1000,,,,,,,,
,,,,,697000,,,-813.826904296875,-6.584760665893555,5.345144271850586,812.279296875,812.408203125,0.0003,0.0003,0.1
,,,,,697999,8990.241,1000,,,,,,,,
,,,,,698000,,,-811.5049438476562,-6.3881025314331055,5.100406646728516,809.6517333984375,810.3323974609375,0.0003,0.0003,0.1
,,,,,698999,9046.426,1000,,,,,,,,
,,,,,699000,,,-800.6030883789062,-6.470875263214111,4.573408126831055,798.5910034179688,798.715576171875,0.0003,0.0003,0.1
,,,,,699999,9025.6,1000,,,,,,,,
9121.669,201.57845,9300.879,8538.922,1000.0,700000,,,-801.7042846679688,-5.977249622344971,5.306215286254883,800.584716796875,800.1271362304688,0.0003,0.0003,0.1
,,,,,700999,9154.649,1000,,,,,,,,
,,,,,701000,,,-812.4363403320312,-6.471318244934082,7.189260005950928,811.3742065429688,811.1596069335938,0.0003,0.0003,0.1
,,,,,701999,9048.565,1000,,,,,,,,
,,,,,702000,,,-800.299072265625,-7.157265663146973,6.276510238647461,798.9354858398438,798.3484497070312,0.0003,0.0003,0.1
,,,,,702999,9034.33,1000,,,,,,,,
,,,,,703000,,,-805.237060546875,-6.636999130249023,5.180031776428223,803.5816650390625,803.4043579101562,0.0003,0.0003,0.1
,,,,,703999,9104.226,1000,,,,,,,,
,,,,,704000,,,-806.4541015625,-6.859520435333252,4.539813041687012,804.75830078125,804.7216796875,0.0003,0.0003,0.1
,,,,,704999,9123.103,1000,,,,,,,,
9138.656,44.273388,9245.009,9083.254,1000.0,705000,,,-809.6483764648438,-6.915162086486816,6.761729717254639,808.1696166992188,807.8306884765625,0.0003,0.0003,0.1
,,,,,705999,8999.535,1000,,,,,,,,
,,,,,706000,,,-799.6634521484375,-6.806572914123535,6.71151065826416,798.3319091796875,798.70703125,0.0003,0.0003,0.1
,,,,,706999,9026.943,1000,,,,,,,,
,,,,,707000,,,-801.5781860351562,-6.183518886566162,5.656430244445801,800.2005004882812,799.9789428710938,0.0003,0.0003,0.1
,,,,,707999,9059.064,1000,,,,,,,,
,,,,,708000,,,-800.59619140625,-6.150001525878906,6.873522758483887,798.3951416015625,798.2517700195312,0.0003,0.0003,0.1
,,,,,708999,9096.024,1000,,,,,,,,
,,,,,709000,,,-817.4290771484375,-5.815431594848633,5.032737731933594,816.0023193359375,816.5360107421875,0.0003,0.0003,0.1
,,,,,709999,9228.603,1000,,,,,,,,
9113.674,66.323456,9232.191,8992.6875,1000.0,710000,,,-810.1817016601562,-6.036770343780518,8.572568893432617,808.6289672851562,808.3690185546875,0.0003,0.0003,0.1
,,,,,710999,9201.257,1000,,,,,,,,
,,,,,711000,,,-793.9351806640625,-6.201909065246582,9.131006240844727,792.1959228515625,792.1224365234375,0.0003,0.0003,0.1
,,,,,711999,9081.169,1000,,,,,,,,
,,,,,712000,,,-798.7978515625,-6.914234161376953,6.035799503326416,797.3355712890625,797.2988891601562,0.0003,0.0003,0.1
,,,,,712999,9259.246,1000,,,,,,,,
,,,,,713000,,,-815.4235229492188,-6.360323905944824,6.6783857345581055,813.9595336914062,813.3096923828125,0.0003,0.0003,0.1
,,,,,713999,9144.108,1000,,,,,,,,
,,,,,714000,,,-819.9512329101562,-6.2503156661987305,4.8974995613098145,818.08740234375,817.7862548828125,0.0003,0.0003,0.1
,,,,,714999,9023.25,1000,,,,,,,,
9238.427,70.860405,9377.801,9130.4795,1000.0,715000,,,-813.60986328125,-6.334225654602051,4.530048370361328,812.505615234375,812.2444458007812,0.0003,0.0003,0.1
,,,,,715999,9134.312,1000,,,,,,,,
,,,,,716000,,,-807.4259033203125,-6.237765312194824,5.85263204574585,805.7125244140625,806.222900390625,0.0003,0.0003,0.1
,,,,,716999,9175.052,1000,,,,,,,,
,,,,,717000,,,-815.1466064453125,-6.2741193771362305,7.7146830558776855,813.609375,813.2425537109375,0.0003,0.0003,0.1
,,,,,717999,9083.574,1000,,,,,,,,
,,,,,718000,,,-813.8367919921875,-7.039538860321045,5.890271186828613,811.696044921875,811.7979736328125,0.0003,0.0003,0.1
,,,,,718999,9212.777,1000,,,,,,,,
,,,,,719000,,,-806.1904296875,-6.01470947265625,6.640588760375977,805.216796875,805.4932861328125,0.0003,0.0003,0.1
,,,,,719999,9104.987,1000,,,,,,,,
9275.837,63.50986,9345.897,9156.423,1000.0,720000,,,-811.1382446289062,-6.457039833068848,7.143794059753418,809.4601440429688,809.393798828125,0.0003,0.0003,0.1
,,,,,720999,9129.159,1000,,,,,,,,
,,,,,721000,,,-828.0997924804688,-6.780240058898926,4.585376739501953,826.7628784179688,826.867919921875,0.0003,0.0003,0.1
,,,,,721999,9051.139,1000,,,,,,,,
,,,,,722000,,,-817.6954345703125,-6.69801139831543,4.239282608032227,815.8211669921875,816.0247802734375,0.0003,0.0003,0.1
,,,,,722999,9143.645,1000,,,,,,,,
,,,,,723000,,,-809.4607543945312,-7.021829128265381,4.805872917175293,807.8119506835938,807.63720703125,0.0003,0.0003,0.1
,,,,,723999,9197.207,1000,,,,,,,,
,,,,,724000,,,-809.7135009765625,-6.081390380859375,5.008033752441406,807.7689208984375,808.2020263671875,0.0003,0.0003,0.1
,,,,,724999,9054.445,1000,,,,,,,,
9131.531,67.011696,9225.364,9028.964,1000.0,725000,,,-794.1611328125,-6.3001203536987305,6.025416851043701,792.9844970703125,793.1300048828125,0.0003,0.0003,0.1
,,,,,725999,9283.347,1000,,,,,,,,
,,,,,726000,,,-807.6724853515625,-6.316568851470947,4.472999572753906,806.255615234375,806.0264282226562,0.0003,0.0003,0.1
,,,,,726999,9147.962,1000,,,,,,,,
,,,,,727000,,,-833.6925048828125,-6.223335266113281,6.616941452026367,832.4627075195312,832.6392822265625,0.0003,0.0003,0.1
,,,,,727999,9112.907,1000,,,,,,,,
,,,,,728000,,,-817.6251220703125,-6.539135932922363,4.575943946838379,815.6098022460938,815.3829345703125,0.0003,0.0003,0.1
,,,,,728999,9299.994,1000,,,,,,,,
,,,,,729000,,,-808.9547729492188,-5.999478340148926,6.398719787597656,807.401611328125,807.3773193359375,0.0003,0.0003,0.1
,,,,,729999,9147.073,1000,,,,,,,,
8516.631,1865.1829,9234.498,2922.7644,1000.0,730000,,,-811.6735229492188,-6.354327201843262,4.605778217315674,810.0223388671875,809.8671264648438,0.0003,0.0003,0.1
,,,,,730999,9214.689,1000,,,,,,,,
,,,,,731000,,,-818.8014526367188,-6.815025329589844,9.869173049926758,817.6209716796875,817.4896850585938,0.0003,0.0003,0.1
,,,,,731999,9141.353,1000,,,,,,,,
,,,,,732000,,,-828.8361206054688,-6.414161682128906,22.56350326538086,827.3917236328125,827.2994995117188,0.0003,0.0003,0.1
,,,,,732999,9232.217,1000,,,,,,,,
,,,,,733000,,,-841.3267822265625,-6.744140625,4.164285182952881,839.6712646484375,840.5635986328125,0.0003,0.0003,0.1
,,,,,733999,9200.7,1000,,,,,,,,
,,,,,734000,,,-818.8256225585938,-6.791149616241455,5.709333419799805,817.5308227539062,817.5147705078125,0.0003,0.0003,0.1
,,,,,734999,9269.3125,1000,,,,,,,,
9212.131,43.994194,9289.247,9159.297,1000.0,735000,,,-826.26611328125,-6.6828293800354,5.962402820587158,824.441162109375,824.1782836914062,0.0003,0.0003,0.1
,,,,,735999,9214.377,1000,,,,,,,,
,,,,,736000,,,-829.9417114257812,-6.487998962402344,5.049459457397461,828.1741943359375,828.1105346679688,0.0003,0.0003,0.1
,,,,,736999,9179.836,1000,,,,,,,,
,,,,,737000,,,-835.4837646484375,-6.776165962219238,4.405949592590332,833.7978515625,833.93310546875,0.0003,0.0003,0.1
,,,,,737999,9085.259,1000,,,,,,,,
,,,,,738000,,,-819.6454467773438,-6.867807388305664,5.968163013458252,817.740478515625,818.1849365234375,0.0003,0.0003,0.1
,,,,,738999,9241.068,1000,,,,,,,,
,,,,,739000,,,-828.6399536132812,-6.521894931793213,5.110538005828857,827.5635986328125,827.087890625,0.0003,0.0003,0.1
,,,,,739999,9141.7,1000,,,,,,,,
9307.752,38.549828,9370.528,9228.835,1000.0,740000,,,-826.0361938476562,-6.231159210205078,4.581410884857178,824.2786865234375,824.1785278320312,0.0003,0.0003,0.1
,,,,,740999,9217.002,1000,,,,,,,,
,,,,,741000,,,-797.5341796875,-6.890663146972656,9.542981147766113,795.4335327148438,795.671630859375,0.0003,0.0003,0.1
,,,,,741999,9134.5205,1000,,,,,,,,
,,,,,742000,,,-814.2861938476562,-6.464101314544678,3.8174960613250732,812.9071044921875,812.5479736328125,0.0003,0.0003,0.1
,,,,,742999,9292.004,1000,,,,,,,,
,,,,,743000,,,-810.07177734375,-6.344390869140625,4.936774253845215,808.3287353515625,808.30322265625,0.0003,0.0003,0.1
,,,,,743999,9360.747,1000,,,,,,,,
,,,,,744000,,,-815.3820190429688,-6.782648086547852,4.914329528808594,813.35107421875,813.2222900390625,0.0003,0.0003,0.1
,,,,,744999,9283.936,1000,,,,,,,,
9239.787,83.943855,9375.86,9140.199,1000.0,745000,,,-830.375732421875,-6.128298759460449,4.643997669219971,829.219482421875,828.8201293945312,0.0003,0.0003,0.1
,,,,,745999,9261.567,1000,,,,,,,,
,,,,,746000,,,-833.939208984375,-6.5675740242004395,4.36175012588501,832.0123291015625,832.1113891601562,0.0003,0.0003,0.1
,,,,,746999,9294.846,1000,,,,,,,,
,,,,,747000,,,-829.1317749023438,-6.511776924133301,4.566152095794678,827.78662109375,827.4910888671875,0.0003,0.0003,0.1
,,,,,747999,9229.35,1000,,,,,,,,
,,,,,748000,,,-824.43017578125,-6.300134658813477,5.442543983459473,822.62841796875,822.9217529296875,0.0003,0.0003,0.1
,,,,,748999,9306.004,1000,,,,,,,,
,,,,,749000,,,-820.4197387695312,-6.774592399597168,4.8717474937438965,817.83544921875,817.8446044921875,0.0003,0.0003,0.1
,,,,,749999,9309.2295,1000,,,,,,,,
9375.681,54.755123,9463.121,9271.366,1000.0,750000,,,-819.851806640625,-6.602019786834717,4.478773593902588,818.168701171875,818.3842163085938,0.0003,0.0003,0.1
,,,,,750999,9273.068,1000,,,,,,,,
,,,,,751000,,,-829.2089233398438,-6.433839321136475,5.736406326293945,827.5272216796875,827.38720703125,0.0003,0.0003,0.1
,,,,,751999,9406.957,1000,,,,,,,,
,,,,,752000,,,-826.8702392578125,-6.688136100769043,5.008890151977539,824.5369873046875,824.7760620117188,0.0003,0.0003,0.1
,,,,,752999,9298.547,1000,,,,,,,,
,,,,,753000,,,-827.4500122070312,-6.83745002746582,4.702369213104248,825.8756713867188,826.277099609375,0.0003,0.0003,0.1
,,,,,753999,9278.656,1000,,,,,,,,
,,,,,754000,,,-836.5177612304688,-6.281307697296143,6.055015563964844,834.6187133789062,835.1948852539062,0.0003,0.0003,0.1
,,,,,754999,9369.744,1000,,,,,,,,
9259.13,56.323837,9332.021,9144.12,1000.0,755000,,,-819.00244140625,-6.909114837646484,4.621660232543945,817.3275146484375,817.4505615234375,0.0003,0.0003,0.1
,,,,,755999,6459.4653,1000,,,,,,,,
,,,,,756000,,,-835.3974609375,-6.754802703857422,6.220911026000977,833.8980102539062,834.4219970703125,0.0003,0.0003,0.1
,,,,,756999,9387.452,1000,,,,,,,,
,,,,,757000,,,-832.5133056640625,-6.068209648132324,30.283153533935547,831.0577392578125,831.2899169921875,0.0003,0.0003,0.1
,,,,,757999,9245.644,1000,,,,,,,,
,,,,,758000,,,-839.048828125,-6.565225601196289,35.90947341918945,837.4517211914062,837.8610229492188,0.0003,0.0003,0.1
,,,,,758999,9391.539,1000,,,,,,,,
,,,,,759000,,,-837.6825561523438,-6.18986177444458,4.936903953552246,835.8383178710938,835.904052734375,0.0003,0.0003,0.1
,,,,,759999,9286.014,1000,,,,,,,,
9242.878,34.573868,9286.462,9173.216,1000.0,760000,,,-832.8825073242188,-6.266529083251953,17.49093246459961,830.5711669921875,830.879638671875,0.0003,0.0003,0.1
,,,,,760999,9056.342,1000,,,,,,,,
,,,,,761000,,,-821.8095703125,-6.542494773864746,5.793646812438965,820.0451049804688,819.8734130859375,0.0003,0.0003,0.1
,,,,,761999,9330.108,1000,,,,,,,,
,,,,,762000,,,-828.8216552734375,-6.236416816711426,5.15093994140625,827.260009765625,827.3912963867188,0.0003,0.0003,0.1
,,,,,762999,9351.137,1000,,,,,,,,
,,,,,763000,,,-835.0894775390625,-6.743370532989502,6.4339070320129395,833.0134887695312,833.187744140625,0.0003,0.0003,0.1
,,,,,763999,9275.999,1000,,,,,,,,
,,,,,764000,,,-839.6656494140625,-6.139456748962402,4.789165496826172,838.4177856445312,838.5764770507812,0.0003,0.0003,0.1
,,,,,764999,9358.887,1000,,,,,,,,
9302.213,61.922756,9407.639,9187.078,1000.0,765000,,,-827.4860229492188,-6.521942615509033,4.873919486999512,826.1438598632812,826.1671142578125,0.0003,0.0003,0.1
,,,,,765999,9346.123,1000,,,,,,,,
,,,,,766000,,,-830.6817626953125,-6.412398338317871,5.780580520629883,828.8190307617188,828.6910400390625,0.0003,0.0003,0.1
,,,,,766999,9232.303,1000,,,,,,,,
,,,,,767000,,,-832.5718383789062,-6.652490139007568,4.094201564788818,831.435302734375,831.693359375,0.0003,0.0003,0.1
,,,,,767999,9454.829,1000,,,,,,,,
,,,,,768000,,,-823.7021484375,-7.070425033569336,7.630650520324707,821.8414306640625,821.4398193359375,0.0003,0.0003,0.1
,,,,,768999,9433.397,1000,,,,,,,,
,,,,,769000,,,-830.88525390625,-6.49160099029541,3.211141586303711,829.125732421875,829.0816040039062,0.0003,0.0003,0.1
,,,,,769999,9389.308,1000,,,,,,,,
9327.579,58.974865,9400.509,9239.09,1000.0,770000,,,-850.119140625,-7.170435428619385,6.782557964324951,848.4555053710938,848.0722045898438,0.0003,0.0003,0.1
,,,,,770999,9323.361,1000,,,,,,,,
,,,,,771000,,,-839.7816772460938,-6.838499069213867,7.12685489654541,838.0248413085938,837.552978515625,0.0003,0.0003,0.1
,,,,,771999,9345.426,1000,,,,,,,,
,,,,,772000,,,-840.6787719726562,-6.216681957244873,4.559084415435791,838.996337890625,839.2498779296875,0.0003,0.0003,0.1
,,,,,772999,9312.76,1000,,,,,,,,
,,,,,773000,,,-829.5974731445312,-6.873341083526611,6.102107048034668,828.114990234375,827.886474609375,0.0003,0.0003,0.1
,,,,,773999,9374.709,1000,,,,,,,,
,,,,,774000,,,-847.1937866210938,-6.749311447143555,5.457087516784668,845.5389404296875,845.5296630859375,0.0003,0.0003,0.1
,,,,,774999,9257.378,1000,,,,,,,,
9417.32,64.19776,9512.282,9292.86,1000.0,775000,,,-831.1954956054688,-6.64857292175293,5.175074577331543,829.6162109375,830.0687866210938,0.0003,0.0003,0.1
,,,,,775999,9342.462,1000,,,,,,,,
,,,,,776000,,,-856.8541870117188,-6.688871383666992,6.016227722167969,855.3538818359375,855.5155029296875,0.0003,0.0003,0.1
,,,,,776999,9278.852,1000,,,,,,,,
,,,,,777000,,,-845.8297729492188,-6.670697212219238,4.3895745277404785,844.1749267578125,844.4522094726562,0.0003,0.0003,0.1
,,,,,777999,9208.223,1000,,,,,,,,
,,,,,778000,,,-850.1936645507812,-6.467823028564453,5.755725860595703,848.958740234375,849.1182861328125,0.0003,0.0003,0.1
,,,,,778999,9386.656,1000,,,,,,,,
,,,,,779000,,,-830.1958618164062,-7.027916431427002,5.798694133758545,827.81005859375,828.0900268554688,0.0003,0.0003,0.1
,,,,,779999,6093.009,1000,,,,,,,,
9363.932,49.66669,9440.858,9267.866,1000.0,780000,,,-826.7396850585938,-6.340841293334961,4.959793567657471,825.1998291015625,825.5364990234375,0.0003,0.0003,0.1
,,,,,780999,9365.842,1000,,,,,,,,
,,,,,781000,,,-826.2889404296875,-6.461888313293457,5.905826568603516,824.1549072265625,824.1600341796875,0.0003,0.0003,0.1
,,,,,781999,9322.03,1000,,,,,,,,
,,,,,782000,,,-844.079833984375,-6.216757774353027,3.52846360206604,842.427490234375,842.5379028320312,0.0003,0.0003,0.1
,,,,,782999,9301.971,1000,,,,,,,,
,,,,,783000,,,-828.9481811523438,-6.178860664367676,7.671367168426514,827.5708618164062,827.674072265625,0.0003,0.0003,0.1
,,,,,783999,9202.322,1000,,,,,,,,
,,,,,784000,,,-825.5465698242188,-6.605916976928711,6.033971786499023,824.074462890625,823.771240234375,0.0003,0.0003,0.1
,,,,,784999,9313.894,1000,,,,,,,,
9482.683,38.64627,9554.821,9420.599,1000.0,785000,,,-844.1849365234375,-6.590596675872803,5.880049705505371,842.5677490234375,842.652587890625,0.0003,0.0003,0.1
,,,,,785999,9349.165,1000,,,,,,,,
,,,,,786000,,,-832.7579956054688,-6.349136829376221,6.821224212646484,831.0884399414062,830.852783203125,0.0003,0.0003,0.1
,,,,,786999,9344.845,1000,,,,,,,,
,,,,,787000,,,-853.705078125,-6.162354469299316,5.559098243713379,852.3981323242188,851.9903564453125,0.0003,0.0003,0.1
,,,,,787999,9364.955,1000,,,,,,,,
,,,,,788000,,,-828.3533325195312,-6.351180076599121,5.460986137390137,826.9874267578125,827.11474609375,0.0003,0.0003,0.1
,,,,,788999,9251.343,1000,,,,,,,,
,,,,,789000,,,-828.4540405273438,-6.683481693267822,4.817546367645264,826.6775512695312,826.54541015625,0.0003,0.0003,0.1
,,,,,789999,9417.0,1000,,,,,,,,
9398.142,65.97234,9477.703,9251.921,1000.0,790000,,,-832.08642578125,-6.2661638259887695,5.1321868896484375,830.7407836914062,830.4063720703125,0.0003,0.0003,0.1
,,,,,790999,9372.363,1000,,,,,,,,
,,,,,791000,,,-845.013671875,-6.474431037902832,5.652547836303711,843.8155517578125,843.2529296875,0.0003,0.0003,0.1
,,,,,791999,9280.333,1000,,,,,,,,
,,,,,792000,,,-846.46240234375,-6.304854393005371,8.005785942077637,845.0048828125,844.9088134765625,0.0003,0.0003,0.1
,,,,,792999,9365.152,1000,,,,,,,,
,,,,,793000,,,-832.3587036132812,-6.3767781257629395,6.557085037231445,830.4403076171875,830.8666381835938,0.0003,0.0003,0.1
,,,,,793999,9293.663,1000,,,,,,,,
,,,,,794000,,,-843.447998046875,-6.897346496582031,5.7162275314331055,841.8466796875,842.7221069335938,0.0003,0.0003,0.1
,,,,,794999,9278.822,1000,,,,,,,,
9471.275,46.916836,9543.251,9387.216,1000.0,795000,,,-824.2257690429688,-6.995258331298828,5.471856117248535,822.3741455078125,822.322509765625,0.0003,0.0003,0.1
,,,,,795999,9333.0,1000,,,,,,,,
,,,,,796000,,,-842.1756591796875,-6.675747394561768,4.571646690368652,840.50927734375,840.5164794921875,0.0003,0.0003,0.1
,,,,,796999,9440.84,1000,,,,,,,,
,,,,,797000,,,-848.26513671875,-6.626567363739014,5.62523078918457,846.5684814453125,846.316650390625,0.0003,0.0003,0.1
,,,,,797999,9425.629,1000,,,,,,,,
,,,,,798000,,,-840.1451416015625,-6.801716327667236,7.302858352661133,838.2274780273438,837.4999389648438,0.0003,0.0003,0.1
,,,,,798999,1429.4934,1000,,,,,,,,
,,,,,799000,,,-840.6421508789062,-6.527336120605469,5.569305896759033,838.8231201171875,838.8179321289062,0.0003,0.0003,0.1
,,,,,799999,9251.674,1000,,,,,,,,
9433.451,54.429478,9502.193,9345.418,1000.0,800000,,,-840.0689697265625,-6.800537586212158,10.111061096191406,838.0723876953125,838.6202392578125,0.0003,0.0003,0.1
,,,,,800999,9226.187,1000,,,,,,,,
,,,,,801000,,,-846.87353515625,-6.946950912475586,7.189226150512695,845.0809936523438,845.47021484375,0.0003,0.0003,0.1
,,,,,801999,9399.893,1000,,,,,,,,
,,,,,802000,,,-853.15576171875,-6.80441951751709,6.280534744262695,851.8440551757812,851.3120727539062,0.0003,0.0003,0.1
,,,,,802999,9478.027,1000,,,,,,,,
,,,,,803000,,,-832.250732421875,-6.716850280761719,36.63810348510742,829.9669189453125,829.387939453125,0.0003,0.0003,0.1
,,,,,803999,9238.887,1000,,,,,,,,
,,,,,804000,,,-823.7540893554688,-6.499915599822998,8.867432594299316,822.366455078125,822.5843505859375,0.0003,0.0003,0.1
,,,,,804999,4322.78,1000,,,,,,,,
9400.322,50.709854,9470.629,9309.511,1000.0,805000,,,-856.1251220703125,-6.424628734588623,4.470485687255859,854.8563232421875,854.802978515625,0.0003,0.0003,0.1
,,,,,805999,9509.43,1000,,,,,,,,
,,,,,806000,,,-844.04296875,-6.114598751068115,6.69287633895874,842.5572509765625,843.0169677734375,0.0003,0.0003,0.1
,,,,,806999,9512.339,1000,,,,,,,,
,,,,,807000,,,-846.2891845703125,-7.028774261474609,4.986641883850098,844.6990356445312,844.6267700195312,0.0003,0.0003,0.1
,,,,,807999,9234.394,1000,,,,,,,,
,,,,,808000,,,-834.20458984375,-6.55387020111084,5.057027816772461,832.5469360351562,832.606201171875,0.0003,0.0003,0.1
,,,,,808999,9429.029,1000,,,,,,,,
,,,,,809000,,,-833.7868041992188,-6.464338302612305,8.699197769165039,832.192138671875,832.0933837890625,0.0003,0.0003,0.1
,,,,,809999,9393.412,1000,,,,,,,,
9372.806,65.790955,9538.334,9297.613,1000.0,810000,,,-829.3226318359375,-6.736804485321045,14.270761489868164,827.1651611328125,827.1173095703125,0.0003,0.0003,0.1
,,,,,810999,9378.851,1000,,,,,,,,
,,,,,811000,,,-842.95654296875,-6.774803161621094,6.752838134765625,840.8718872070312,841.416259765625,0.0003,0.0003,0.1
,,,,,811999,9427.032,1000,,,,,,,,
,,,,,812000,,,-846.4624633789062,-6.461806297302246,4.434633255004883,844.6419067382812,844.7763671875,0.0003,0.0003,0.1
,,,,,812999,9437.367,1000,,,,,,,,
,,,,,813000,,,-853.79833984375,-6.312857151031494,6.1846113204956055,852.5824584960938,852.5362548828125,0.0003,0.0003,0.1
,,,,,813999,9358.41,1000,,,,,,,,
,,,,,814000,,,-842.7908325195312,-6.171276092529297,7.073943138122559,841.8175048828125,841.35791015625,0.0003,0.0003,0.1
,,,,,814999,9397.931,1000,,,,,,,,
9381.248,72.61708,9514.786,9259.58,1000.0,815000,,,-868.59033203125,-6.240900039672852,4.903703689575195,866.958984375,866.8536987304688,0.0003,0.0003,0.1
,,,,,815999,9264.895,1000,,,,,,,,
,,,,,816000,,,-835.0800170898438,-6.486217498779297,6.472243785858154,833.8826904296875,833.679443359375,0.0003,0.0003,0.1
,,,,,816999,9405.257,1000,,,,,,,,
,,,,,817000,,,-853.00537109375,-6.79935359954834,5.318076133728027,851.317138671875,851.010986328125,0.0003,0.0003,0.1
,,,,,817999,9457.411,1000,,,,,,,,
,,,,,818000,,,-838.0012817382812,-5.874535083770752,42.602928161621094,836.5986328125,836.82666015625,0.0003,0.0003,0.1
,,,,,818999,9341.168,1000,,,,,,,,
,,,,,819000,,,-854.1004638671875,-6.383749961853027,5.961816310882568,852.587158203125,852.2044067382812,0.0003,0.0003,0.1
,,,,,819999,9127.472,1000,,,,,,,,
9167.336,300.18802,9395.294,8293.186,1000.0,820000,,,-858.4429321289062,-6.3328857421875,5.888675689697266,856.7691650390625,856.9815673828125,0.0003,0.0003,0.1
,,,,,820999,9323.029,1000,,,,,,,,
,,,,,821000,,,-850.0252685546875,-6.743914604187012,5.644265174865723,847.998779296875,848.5203247070312,0.0003,0.0003,0.1
,,,,,821999,9297.88,1000,,,,,,,,
,,,,,822000,,,-830.0358276367188,-6.247127532958984,7.524171829223633,828.7035522460938,828.7446899414062,0.0003,0.0003,0.1
,,,,,822999,9434.866,1000,,,,,,,,
,,,,,823000,,,-839.3388061523438,-6.53354024887085,6.452932357788086,837.850830078125,837.5557861328125,0.0003,0.0003,0.1
,,,,,823999,9449.423,1000,,,,,,,,
,,,,,824000,,,-856.8230590820312,-6.704752445220947,5.992427825927734,854.962158203125,855.143310546875,0.0003,0.0003,0.1
,,,,,824999,9346.948,1000,,,,,,,,
9330.067,61.11212,9432.175,9210.7,1000.0,825000,,,-856.5866088867188,-6.499015808105469,6.735597610473633,855.4508666992188,855.1083984375,0.0003,0.0003,0.1
,,,,,825999,9414.514,1000,,,,,,,,
,,,,,826000,,,-863.6251831054688,-6.726398468017578,4.670534133911133,862.0297241210938,862.2991943359375,0.0003,0.0003,0.1
,,,,,826999,9308.356,1000,,,,,,,,
,,,,,827000,,,-857.1469116210938,-6.062254905700684,10.965625762939453,855.5135498046875,855.975341796875,0.0003,0.0003,0.1
,,,,,827999,9300.171,1000,,,,,,,,
,,,,,828000,,,-851.7410888671875,-6.076371192932129,6.011364936828613,850.2704467773438,850.755615234375,0.0003,0.0003,0.1
,,,,,828999,9325.209,1000,,,,,,,,
,,,,,829000,,,-835.9819946289062,-5.988074779510498,5.128290176391602,834.26513671875,834.48828125,0.0003,0.0003,0.1
,,,,,829999,9398.957,1000,,,,,,,,
9216.86,66.05907,9337.474,9078.888,1000.0,830000,,,-866.7989501953125,-5.762701988220215,6.4046783447265625,865.1994018554688,865.4407958984375,0.0003,0.0003,0.1
,,,,,830999,9346.835,1000,,,,,,,,
,,,,,831000,,,-860.0722045898438,-5.738276481628418,31.522171020507812,857.7989501953125,857.7701416015625,0.0003,0.0003,0.1
,,,,,831999,9430.235,1000,,,,,,,,
,,,,,832000,,,-864.44140625,-6.156214237213135,6.02706241607666,862.9752197265625,862.75439453125,0.0003,0.0003,0.1
,,,,,832999,9348.744,1000,,,,,,,,
,,,,,833000,,,-845.4266967773438,-6.229644298553467,8.228119850158691,843.6715087890625,843.916748046875,0.0003,0.0003,0.1
,,,,,833999,9263.605,1000,,,,,,,,
,,,,,834000,,,-855.9486083984375,-6.5332818031311035,5.516862869262695,854.4776611328125,854.1044921875,0.0003,0.0003,0.1
,,,,,834999,9364.054,1000,,,,,,,,
9340.052,76.6004,9464.89,9221.072,1000.0,835000,,,-867.4835205078125,-6.131129741668701,3.474069356918335,866.008056640625,865.947021484375,0.0003,0.0003,0.1
,,,,,835999,9498.612,1000,,,,,,,,
,,,,,836000,,,-858.6290893554688,-6.339920997619629,6.379827499389648,856.7810668945312,857.1659545898438,0.0003,0.0003,0.1
,,,,,836999,9371.794,1000,,,,,,,,
,,,,,837000,,,-847.45263671875,-6.528152942657471,8.465217590332031,846.0577392578125,845.6425170898438,0.0003,0.0003,0.1
,,,,,837999,9449.303,1000,,,,,,,,
,,,,,838000,,,-862.46435546875,-6.128962516784668,3.869579553604126,860.7452392578125,860.9100952148438,0.0003,0.0003,0.1
,,,,,838999,9332.097,1000,,,,,,,,
,,,,,839000,,,-867.232177734375,-6.06221342086792,7.449396133422852,865.5093994140625,865.2562255859375,0.0003,0.0003,0.1
,,,,,839999,9430.096,1000,,,,,,,,
9455.437,54.05527,9525.629,9324.192,1000.0,840000,,,-859.31982421875,-6.304666042327881,5.21772575378418,858.032470703125,858.1549072265625,0.0003,0.0003,0.1
,,,,,840999,9064.42,1000,,,,,,,,
,,,,,841000,,,-848.8915405273438,-5.826773643493652,6.549027442932129,847.7681274414062,847.819091796875,0.0003,0.0003,0.1
,,,,,841999,9463.147,1000,,,,,,,,
,,,,,842000,,,-856.42919921875,-6.649345397949219,10.855268478393555,855.4896240234375,855.2899169921875,0.0003,0.0003,0.1
,,,,,842999,9486.508,1000,,,,,,,,
,,,,,843000,,,-844.3049926757812,-6.296773433685303,4.140560626983643,842.9270629882812,843.0699462890625,0.0003,0.0003,0.1
,,,,,843999,9310.322,1000,,,,,,,,
,,,,,844000,,,-866.6439819335938,-6.305741310119629,4.927855014801025,865.4219970703125,865.5604248046875,0.0003,0.0003,0.1
,,,,,844999,9476.876,1000,,,,,,,,
9475.963,72.82727,9595.897,9378.525,1000.0,845000,,,-853.4608154296875,-6.690514087677002,6.86133337020874,851.8699951171875,851.980712890625,0.0003,0.0003,0.1
,,,,,845999,9373.152,1000,,,,,,,,
,,,,,846000,,,-861.95263671875,-6.068411827087402,6.770319938659668,860.3046264648438,860.5499877929688,0.0003,0.0003,0.1
,,,,,846999,9349.652,1000,,,,,,,,
,,,,,847000,,,-860.701416015625,-6.437908172607422,6.790979862213135,859.0789794921875,859.0787353515625,0.0003,0.0003,0.1
,,,,,847999,9556.049,1000,,,,,,,,
,,,,,848000,,,-861.2149047851562,-5.549626350402832,3.35075306892395,860.3118286132812,860.1666259765625,0.0003,0.0003,0.1
,,,,,848999,9543.633,1000,,,,,,,,
,,,,,849000,,,-870.3309326171875,-5.836030960083008,5.736212730407715,868.698486328125,868.9392700195312,0.0003,0.0003,0.1
,,,,,849999,9318.445,1000,,,,,,,,
9142.677,510.27954,9361.026,7614.7583,1000.0,850000,,,-858.3733520507812,-5.856314659118652,5.474725723266602,857.18310546875,856.4859008789062,0.0003,0.0003,0.1
,,,,,850999,9451.894,1000,,,,,,,,
,,,,,851000,,,-862.3244018554688,-7.019738674163818,11.17740249633789,859.4630126953125,859.6683959960938,0.0003,0.0003,0.1
,,,,,851999,7794.2065,1000,,,,,,,,
,,,,,852000,,,-849.565185546875,-6.522204399108887,7.950319290161133,848.4752197265625,848.3546142578125,0.0003,0.0003,0.1
,,,,,852999,9555.594,1000,,,,,,,,
,,,,,853000,,,-858.1686401367188,-6.44724178314209,6.410879135131836,856.219970703125,856.4969482421875,0.0003,0.0003,0.1
,,,,,853999,9378.249,1000,,,,,,,,
,,,,,854000,,,-842.2308959960938,-6.015484809875488,4.758735656738281,840.5973510742188,841.031005859375,0.0003,0.0003,0.1
,,,,,854999,9402.735,1000,,,,,,,,
9512.277,44.100285,9590.697,9430.436,1000.0,855000,,,-868.8074340820312,-7.0695037841796875,5.019713401794434,867.09716796875,867.3807983398438,0.0003,0.0003,0.1
,,,,,855999,9579.727,1000,,,,,,,,
,,,,,856000,,,-869.3450927734375,-6.539061069488525,5.855550289154053,867.435302734375,867.5914306640625,0.0003,0.0003,0.1
,,,,,856999,9622.839,1000,,,,,,,,
,,,,,857000,,,-854.4312133789062,-6.340395927429199,10.163082122802734,852.8921508789062,852.7886352539062,0.0003,0.0003,0.1
,,,,,857999,9542.99,1000,,,,,,,,
,,,,,858000,,,-852.3932495117188,-6.468939781188965,8.216629028320312,851.0299682617188,851.2001342773438,0.0003,0.0003,0.1
,,,,,858999,9549.639,1000,,,,,,,,
,,,,,859000,,,-848.5137939453125,-6.7062907218933105,22.921539306640625,846.8009033203125,847.1529541015625,0.0003,0.0003,0.1
,,,,,859999,9107.222,1000,,,,,,,,
9067.107,1545.3616,9665.124,4433.4243,1000.0,860000,,,-869.7312622070312,-6.625368595123291,5.750468730926514,868.2315673828125,868.0538940429688,0.0003,0.0003,0.1
,,,,,860999,9377.923,1000,,,,,,,,
,,,,,861000,,,-851.5172729492188,-6.581673622131348,6.113226890563965,849.478271484375,849.9056396484375,0.0003,0.0003,0.1
,,,,,861999,9365.008,1000,,,,,,,,
,,,,,862000,,,-858.2666015625,-6.4822306632995605,4.73877477645874,856.3114624023438,856.5523681640625,0.0003,0.0003,0.1
,,,,,862999,9419.123,1000,,,,,,,,
,,,,,863000,,,-861.7339477539062,-6.821794509887695,6.765385627746582,860.2243041992188,860.1212158203125,0.0003,0.0003,0.1
,,,,,863999,9453.334,1000,,,,,,,,
,,,,,864000,,,-864.2145385742188,-6.60237455368042,4.207718849182129,862.7981567382812,863.1278076171875,0.0003,0.0003,0.1
,,,,,864999,9419.627,1000,,,,,,,,
9451.726,84.90471,9623.053,9310.31,1000.0,865000,,,-871.939453125,-6.843578338623047,8.315178871154785,871.3764038085938,871.1683349609375,0.0003,0.0003,0.1
,,,,,865999,9512.3,1000,,,,,,,,
,,,,,866000,,,-874.4147338867188,-6.839259147644043,7.564963340759277,872.7453002929688,872.166259765625,0.0003,0.0003,0.1
,,,,,866999,9413.313,1000,,,,,,,,
,,,,,867000,,,-858.2430419921875,-7.138310432434082,4.613897323608398,856.6080322265625,856.58349609375,0.0003,0.0003,0.1
,,,,,867999,9462.712,1000,,,,,,,,
,,,,,868000,,,-857.478759765625,-6.302447319030762,6.979345321655273,855.824462890625,855.9376220703125,0.0003,0.0003,0.1
,,,,,868999,9502.358,1000,,,,,,,,
,,,,,869000,,,-862.4882202148438,-5.935723304748535,7.699884414672852,861.1057739257812,860.8652954101562,0.0003,0.0003,0.1
,,,,,869999,9520.991,1000,,,,,,,,
9505.839,57.259354,9613.765,9425.866,1000.0,870000,,,-876.71533203125,-6.962313652038574,6.29701042175293,875.220458984375,875.447021484375,0.0003,0.0003,0.1
,,,,,870999,9395.04,1000,,,,,,,,
,,,,,871000,,,-858.892578125,-7.054765224456787,5.428499698638916,857.79833984375,857.6474609375,0.0003,0.0003,0.1
,,,,,871999,9555.959,1000,,,,,,,,
,,,,,872000,,,-840.5079956054688,-6.568922996520996,7.017627239227295,839.606201171875,839.2985229492188,0.0003,0.0003,0.1
,,,,,872999,9564.256,1000,,,,,,,,
,,,,,873000,,,-848.68701171875,-6.085219383239746,5.834848403930664,847.3094482421875,847.251220703125,0.0003,0.0003,0.1
,,,,,873999,9506.853,1000,,,,,,,,
,,,,,874000,,,-870.4252319335938,-6.444671154022217,5.600829124450684,868.2633056640625,869.173095703125,0.0003,0.0003,0.1
,,,,,874999,9503.066,1000,,,,,,,,
9567.29,56.452213,9644.758,9475.783,1000.0,875000,,,-881.6626586914062,-6.268913269042969,6.527750015258789,880.129638671875,880.2643432617188,0.0003,0.0003,0.1
,,,,,875999,9584.686,1000,,,,,,,,
,,,,,876000,,,-873.10595703125,-6.2022705078125,4.256621360778809,871.9825439453125,871.5429077148438,0.0003,0.0003,0.1
,,,,,876999,7534.616,1000,,,,,,,,
,,,,,877000,,,-863.8323364257812,-6.423696994781494,4.952203273773193,862.325927734375,861.8787841796875,0.0003,0.0003,0.1
,,,,,877999,9568.478,1000,,,,,,,,
,,,,,878000,,,-842.8220825195312,-6.566001892089844,6.252434253692627,841.36962890625,841.2586059570312,0.0003,0.0003,0.1
,,,,,878999,9393.548,1000,,,,,,,,
,,,,,879000,,,-865.7286987304688,-7.0467143058776855,7.684101104736328,863.5924072265625,863.7486572265625,0.0003,0.0003,0.1
,,,,,879999,9528.645,1000,,,,,,,,
9541.275,49.279873,9605.229,9458.102,1000.0,880000,,,-871.7205200195312,-6.419297695159912,6.006150245666504,870.2550048828125,870.4959716796875,0.0003,0.0003,0.1
,,,,,880999,9423.614,1000,,,,,,,,
,,,,,881000,,,-846.1590576171875,-6.453096866607666,8.05324935913086,844.723876953125,845.123779296875,0.0003,0.0003,0.1
,,,,,881999,9448.197,1000,,,,,,,,
,,,,,882000,,,-861.9874267578125,-5.741119384765625,9.279098510742188,861.0673828125,861.1840209960938,0.0003,0.0003,0.1
,,,,,882999,9500.087,1000,,,,,,,,
,,,,,883000,,,-857.110595703125,-7.252480506896973,5.6508588790893555,855.85400390625,855.4366455078125,0.0003,0.0003,0.1
,,,,,883999,9544.554,1000,,,,,,,,
,,,,,884000,,,-855.3963012695312,-6.067061424255371,6.898988246917725,854.1775512695312,854.059814453125,0.0003,0.0003,0.1
,,,,,884999,9475.84,1000,,,,,,,,
8743.565,2303.2595,9633.936,1838.5604,1000.0,885000,,,-858.7218627929688,-6.421836853027344,5.601993560791016,857.425537109375,857.154296875,0.0003,0.0003,0.1
,,,,,885999,9601.593,1000,,,,,,,,
,,,,,886000,,,-875.75439453125,-6.92747688293457,6.12313175201416,874.33251953125,874.4908447265625,0.0003,0.0003,0.1
,,,,,886999,9545.29,1000,,,,,,,,
,,,,,887000,,,-861.3110961914062,-6.607965469360352,28.978355407714844,859.478759765625,859.2001342773438,0.0003,0.0003,0.1
,,,,,887999,9429.7705,1000,,,,,,,,
,,,,,888000,,,-830.1227416992188,-6.16121768951416,9.403928756713867,828.9258422851562,828.2723999023438,0.0003,0.0003,0.1
,,,,,888999,9508.33,1000,,,,,,,,
,,,,,889000,,,-859.0884399414062,-6.571859836578369,5.842874526977539,858.2108154296875,857.8375854492188,0.0003,0.0003,0.1
,,,,,889999,9533.554,1000,,,,,,,,
9459.561,64.340004,9572.889,9362.534,1000.0,890000,,,-857.2337646484375,-6.259557723999023,7.520487308502197,856.231201171875,855.81103515625,0.0003,0.0003,0.1
,,,,,890999,9494.817,1000,,,,,,,,
,,,,,891000,,,-863.5590209960938,-6.580050945281982,5.834893226623535,862.0465698242188,862.235595703125,0.0003,0.0003,0.1
,,,,,891999,8599.34,1000,,,,,,,,
,,,,,892000,,,-870.765380859375,-6.735269546508789,11.44343376159668,869.0086669921875,868.7137451171875,0.0003,0.0003,0.1
,,,,,892999,9381.835,1000,,,,,,,,
,,,,,893000,,,-833.3995971679688,-6.302063465118408,5.630101680755615,831.77197265625,831.7938842773438,0.0003,0.0003,0.1
,,,,,893999,9587.021,1000,,,,,,,,
,,,,,894000,,,-875.9517211914062,-6.467686176300049,8.964338302612305,874.738525390625,874.8797607421875,0.0003,0.0003,0.1
,,,,,894999,9565.902,1000,,,,,,,,
9538.737,30.256372,9618.193,9509.128,1000.0,895000,,,-857.8182373046875,-6.549289703369141,6.729409217834473,856.361083984375,856.2354736328125,0.0003,0.0003,0.1
,,,,,895999,9525.187,1000,,,,,,,,
,,,,,896000,,,-873.2164916992188,-6.749915599822998,60.443145751953125,871.4798583984375,872.07177734375,0.0003,0.0003,0.1
,,,,,896999,9409.303,1000,,,,,,,,
,,,,,897000,,,-862.5964965820312,-6.266497611999512,6.307270050048828,861.846923828125,861.6424560546875,0.0003,0.0003,0.1
,,,,,897999,9467.762,1000,,,,,,,,
,,,,,898000,,,-852.2928466796875,-7.199280261993408,6.813117027282715,850.32861328125,850.268310546875,0.0003,0.0003,0.1
,,,,,898999,9462.363,1000,,,,,,,,
,,,,,899000,,,-856.9365234375,-6.401637077331543,15.814668655395508,855.8817138671875,855.4022216796875,0.0003,0.0003,0.1
,,,,,899999,9489.966,1000,,,,,,,,
9615.04,62.208237,9701.846,9465.065,1000.0,900000,,,-861.4749145507812,-6.689877510070801,5.218927383422852,860.1083984375,859.7093505859375,0.0003,0.0003,0.1
,,,,,900999,9540.206,1000,,,,,,,,
,,,,,901000,,,-870.0601196289062,-6.313220977783203,8.580121994018555,868.7152709960938,867.9345092773438,0.0003,0.0003,0.1
,,,,,901999,7540.188,1000,,,,,,,,
,,,,,902000,,,-849.937255859375,-6.667205333709717,6.641887664794922,848.2504272460938,848.0679321289062,0.0003,0.0003,0.1
,,,,,902999,9434.932,1000,,,,,,,,
,,,,,903000,,,-862.9471435546875,-7.036386489868164,8.530590057373047,860.8123168945312,861.46875,0.0003,0.0003,0.1
,,,,,903999,8197.423,1000,,,,,,,,
,,,,,904000,,,-872.9356689453125,-6.780834674835205,19.911909103393555,870.9571533203125,871.1587524414062,0.0003,0.0003,0.1
,,,,,904999,9601.696,1000,,,,,,,,
8932.914,2433.1257,9816.708,1635.447,1000.0,905000,,,-864.603271484375,-6.682084560394287,6.666948318481445,863.3592529296875,863.5318603515625,0.0003,0.0003,0.1
,,,,,905999,9521.492,1000,,,,,,,,
,,,,,906000,,,-875.1660766601562,-6.149299144744873,4.8641357421875,873.9287109375,874.1378173828125,0.0003,0.0003,0.1
,,,,,906999,9546.931,1000,,,,,,,,
,,,,,907000,,,-877.057373046875,-6.469020843505859,11.42669677734375,875.5801391601562,875.5918579101562,0.0003,0.0003,0.1
,,,,,907999,9594.465,1000,,,,,,,,
,,,,,908000,,,-876.4056396484375,-6.284438133239746,5.884840965270996,874.290283203125,875.0909423828125,0.0003,0.0003,0.1
,,,,,908999,9417.848,1000,,,,,,,,
,,,,,909000,,,-864.9007568359375,-6.1663103103637695,8.74136734008789,863.735595703125,863.258056640625,0.0003,0.0003,0.1
,,,,,909999,9393.948,1000,,,,,,,,
9664.596,24.428602,9704.816,9631.421,1000.0,910000,,,-874.366943359375,-6.661440849304199,6.877406120300293,873.079833984375,872.3223266601562,0.0003,0.0003,0.1
,,,,,910999,9426.598,1000,,,,,,,,
,,,,,911000,,,-858.7819213867188,-6.576153755187988,5.676685333251953,857.9500732421875,857.6950073242188,0.0003,0.0003,0.1
,,,,,911999,9564.066,1000,,,,,,,,
,,,,,912000,,,-886.7286987304688,-6.157232284545898,6.187996864318848,885.0491333007812,884.89306640625,0.0003,0.0003,0.1
,,,,,912999,9491.74,1000,,,,,,,,
,,,,,913000,,,-876.045166015625,-5.96695613861084,7.66234016418457,874.8148193359375,874.3883056640625,0.0003,0.0003,0.1
,,,,,913999,9514.408,1000,,,,,,,,
,,,,,914000,,,-874.2535400390625,-7.181546211242676,8.052773475646973,872.975341796875,872.745849609375,0.0003,0.0003,0.1
,,,,,914999,9496.207,1000,,,,,,,,
8694.321,2478.0227,9611.265,1261.6604,1000.0,915000,,,-873.9815063476562,-6.182223796844482,7.553880214691162,872.02001953125,872.6358642578125,0.0003,0.0003,0.1
,,,,,915999,5657.9634,1000,,,,,,,,
,,,,,916000,,,-875.0655517578125,-5.664473056793213,14.878440856933594,873.6229248046875,873.5801391601562,0.0003,0.0003,0.1
,,,,,916999,9400.238,1000,,,,,,,,
,,,,,917000,,,-889.8135375976562,-6.225037574768066,6.877440452575684,888.09814453125,888.092041015625,0.0003,0.0003,0.1
,,,,,917999,9531.578,1000,,,,,,,,
,,,,,918000,,,-876.0499877929688,-6.660825729370117,7.248100280761719,875.0369873046875,874.6302490234375,0.0003,0.0003,0.1
,,,,,918999,9415.548,1000,,,,,,,,
,,,,,919000,,,-870.1349487304688,-5.8586530685424805,4.596302509307861,868.59912109375,868.6578369140625,0.0003,0.0003,0.1
,,,,,919999,9309.6045,1000,,,,,,,,
8981.136,1872.8989,9642.794,3363.1116,1000.0,920000,,,-891.7755126953125,-6.477311134338379,4.45308780670166,890.305419921875,890.0892944335938,0.0003,0.0003,0.1
,,,,,920999,9551.46,1000,,,,,,,,
,,,,,921000,,,-879.4630126953125,-6.732412815093994,5.771821022033691,877.9563598632812,878.0231323242188,0.0003,0.0003,0.1
,,,,,921999,9342.582,1000,,,,,,,,
,,,,,922000,,,-875.3375244140625,-6.8924360275268555,8.62658405303955,873.7579345703125,873.2903442382812,0.0003,0.0003,0.1
,,,,,922999,9595.818,1000,,,,,,,,
,,,,,923000,,,-884.1904907226562,-6.317513465881348,6.504932403564453,883.046630859375,882.5830078125,0.0003,0.0003,0.1
,,,,,923999,9498.201,1000,,,,,,,,
,,,,,924000,,,-875.9609985351562,-6.298039436340332,4.847495079040527,874.8424072265625,874.2591552734375,0.0003,0.0003,0.1
,,,,,924999,9438.793,1000,,,,,,,,
9311.932,108.87794,9464.688,9154.494,1000.0,925000,,,-859.4376220703125,-6.651684761047363,11.416587829589844,857.8726806640625,858.0379028320312,0.0003,0.0003,0.1
,,,,,925999,9538.874,1000,,,,,,,,
,,,,,926000,,,-864.6328735351562,-6.870760440826416,5.002744197845459,863.63427734375,863.4646606445312,0.0003,0.0003,0.1
,,,,,926999,9454.038,1000,,,,,,,,
,,,,,927000,,,-871.6598510742188,-6.229601860046387,5.4949188232421875,870.3446655273438,870.6025390625,0.0003,0.0003,0.1
,,,,,927999,9448.104,1000,,,,,,,,
,,,,,928000,,,-880.7533569335938,-6.1426591873168945,6.873450756072998,879.2646484375,879.2539672851562,0.0003,0.0003,0.1
,,,,,928999,9479.407,1000,,,,,,,,
,,,,,929000,,,-862.6503295898438,-6.351071357727051,8.768451690673828,861.3603515625,861.0584716796875,0.0003,0.0003,0.1
,,,,,929999,9571.991,1000,,,,,,,,
9440.805,84.04667,9603.586,9308.49,1000.0,930000,,,-886.7740478515625,-7.211835861206055,6.408646583557129,885.7992553710938,885.723876953125,0.0003,0.0003,0.1
,,,,,930999,9503.09,1000,,,,,,,,
,,,,,931000,,,-873.73583984375,-6.6895880699157715,10.470852851867676,872.90185546875,872.5946655273438,0.0003,0.0003,0.1
,,,,,931999,9650.431,1000,,,,,,,,
,,,,,932000,,,-879.3284301757812,-6.321303367614746,15.440567016601562,878.39306640625,878.0848999023438,0.0003,0.0003,0.1
,,,,,932999,9439.799,1000,,,,,,,,
,,,,,933000,,,-860.11279296875,-5.908322811126709,6.429409503936768,858.2081909179688,858.2650756835938,0.0003,0.0003,0.1
,,,,,933999,9659.822,1000,,,,,,,,
,,,,,934000,,,-885.1982421875,-6.916772842407227,6.413926124572754,883.57958984375,884.0245361328125,0.0003,0.0003,0.1
,,,,,934999,9570.192,1000,,,,,,,,
9441.86,79.90117,9549.668,9287.298,1000.0,935000,,,-868.5426025390625,-6.289951801300049,7.916723251342773,866.7908935546875,866.656494140625,0.0003,0.0003,0.1
,,,,,935999,9425.276,1000,,,,,,,,
,,,,,936000,,,-871.0173950195312,-6.447622299194336,7.473239898681641,869.4052734375,869.297607421875,0.0003,0.0003,0.1
,,,,,936999,9368.977,1000,,,,,,,,
,,,,,937000,,,-877.4942626953125,-6.228080749511719,5.992268085479736,876.3191528320312,876.16259765625,0.0003,0.0003,0.1
,,,,,937999,9539.958,1000,,,,,,,,
,,,,,938000,,,-871.5744018554688,-6.486536502838135,7.412685394287109,870.2669067382812,870.412353515625,0.0003,0.0003,0.1
,,,,,938999,8620.961,1000,,,,,,,,
,,,,,939000,,,-889.2994384765625,-6.379164695739746,9.986342430114746,887.29443359375,887.6593017578125,0.0003,0.0003,0.1
,,,,,939999,9573.233,1000,,,,,,,,
9564.158,53.75705,9624.365,9443.244,1000.0,940000,,,-892.2218017578125,-6.256023406982422,5.639659881591797,890.068359375,890.8170166015625,0.0003,0.0003,0.1
,,,,,940999,9531.756,1000,,,,,,,,
,,,,,941000,,,-883.4577026367188,-6.250258445739746,7.404651641845703,882.3896484375,881.9775390625,0.0003,0.0003,0.1
,,,,,941999,9516.158,1000,,,,,,,,
,,,,,942000,,,-873.814208984375,-5.9243597984313965,4.888113975524902,872.3710327148438,872.435302734375,0.0003,0.0003,0.1
,,,,,942999,9072.296,1000,,,,,,,,
,,,,,943000,,,-870.7549438476562,-6.977716445922852,14.124357223510742,869.702880859375,870.004150390625,0.0003,0.0003,0.1
,,,,,943999,9636.478,1000,,,,,,,,
,,,,,944000,,,-870.58935546875,-5.89111328125,4.560858726501465,869.0670166015625,869.0836791992188,0.0003,0.0003,0.1
,,,,,944999,9531.019,1000,,,,,,,,
9621.105,80.08099,9732.662,9426.933,1000.0,945000,,,-874.5430908203125,-6.600257873535156,7.064818382263184,873.18310546875,872.8740234375,0.0003,0.0003,0.1
,,,,,945999,9531.19,1000,,,,,,,,
,,,,,946000,,,-870.785888671875,-6.176535606384277,5.863363742828369,869.2431030273438,869.0134887695312,0.0003,0.0003,0.1
,,,,,946999,9535.097,1000,,,,,,,,
,,,,,947000,,,-875.2657470703125,-6.0898518562316895,2.9602298736572266,873.9361572265625,873.9801635742188,0.0003,0.0003,0.1
,,,,,947999,4967.7437,1000,,,,,,,,
,,,,,948000,,,-891.4473266601562,-6.542026519775391,6.584972381591797,890.7588500976562,889.890869140625,0.0003,0.0003,0.1
,,,,,948999,9511.319,1000,,,,,,,,
,,,,,949000,,,-884.8038940429688,-6.768136978149414,6.588007926940918,883.390625,883.62744140625,0.0003,0.0003,0.1
,,,,,949999,9552.288,1000,,,,,,,,
9196.061,751.4133,9512.706,6945.7065,1000.0,950000,,,-875.1626586914062,-6.554836273193359,9.439172744750977,874.0265502929688,873.576416015625,0.0003,0.0003,0.1
,,,,,950999,5258.053,1000,,,,,,,,
,,,,,951000,,,-888.0498046875,-6.3478899002075195,5.519294738769531,886.6773071289062,886.9148559570312,0.0003,0.0003,0.1
,,,,,951999,4539.6616,1000,,,,,,,,
,,,,,952000,,,-866.1963500976562,-6.1526947021484375,6.169564247131348,864.818603515625,864.7103271484375,0.0003,0.0003,0.1
,,,,,952999,9514.09,1000,,,,,,,,
,,,,,953000,,,-873.053955078125,-6.3173065185546875,10.758125305175781,870.8460083007812,871.4301147460938,0.0003,0.0003,0.1
,,,,,953999,9569.008,1000,,,,,,,,
,,,,,954000,,,-896.2783813476562,-7.015713214874268,6.30124044418335,895.3045654296875,895.073486328125,0.0003,0.0003,0.1
,,,,,954999,9697.035,1000,,,,,,,,
9546.044,47.49772,9614.128,9435.03,1000.0,955000,,,-882.2301025390625,-6.41709041595459,5.299172401428223,880.3515625,880.301513671875,0.0003,0.0003,0.1
,,,,,955999,9448.763,1000,,,,,,,,
,,,,,956000,,,-883.8966064453125,-6.3857526779174805,9.930853843688965,882.4364013671875,882.378662109375,0.0003,0.0003,0.1
,,,,,956999,9364.625,1000,,,,,,,,
,,,,,957000,,,-875.614501953125,-6.702632904052734,43.46687698364258,874.2239990234375,873.9963989257812,0.0003,0.0003,0.1
,,,,,957999,6390.221,1000,,,,,,,,
,,,,,958000,,,-864.33544921875,-6.1949615478515625,5.720054626464844,863.0579223632812,862.695068359375,0.0003,0.0003,0.1
,,,,,958999,9395.291,1000,,,,,,,,
,,,,,959000,,,-890.9161987304688,-6.105137348175049,5.79215145111084,889.366943359375,889.393798828125,0.0003,0.0003,0.1
,,,,,959999,9294.519,1000,,,,,,,,
9089.421,1367.5569,9603.338,4989.206,1000.0,960000,,,-898.1643676757812,-6.706015110015869,6.069779872894287,896.0364990234375,896.386474609375,0.0003,0.0003,0.1
,,,,,960999,9428.798,1000,,,,,,,,
,,,,,961000,,,-863.0111694335938,-6.424505710601807,6.197479248046875,861.2339477539062,861.461669921875,0.0003,0.0003,0.1
,,,,,961999,9551.52,1000,,,,,,,,
,,,,,962000,,,-880.3162231445312,-6.368055820465088,10.103994369506836,878.5037231445312,878.1580810546875,0.0003,0.0003,0.1
,,,,,962999,9456.128,1000,,,,,,,,
,,,,,963000,,,-882.1617431640625,-6.447083950042725,4.850215911865234,880.7421875,880.6517944335938,0.0003,0.0003,0.1
,,,,,963999,9480.97,1000,,,,,,,,
,,,,,964000,,,-886.72998046875,-6.589947700500488,5.202023029327393,885.0494384765625,885.51025390625,0.0003,0.0003,0.1
,,,,,964999,9489.759,1000,,,,,,,,
9553.953,94.234055,9725.463,9380.452,1000.0,965000,,,-865.3157348632812,-6.258913516998291,8.407867431640625,863.7745361328125,863.940185546875,0.0003,0.0003,0.1
,,,,,965999,9538.172,1000,,,,,,,,
,,,,,966000,,,-893.438720703125,-5.517036437988281,5.371559143066406,892.4483642578125,892.439697265625,0.0003,0.0003,0.1
,,,,,966999,9509.429,1000,,,,,,,,
,,,,,967000,,,-878.8311767578125,-6.2812933921813965,6.744106769561768,877.390869140625,877.59716796875,0.0003,0.0003,0.1
,,,,,967999,9413.704,1000,,,,,,,,
,,,,,968000,,,-886.64599609375,-6.5174360275268555,47.26323699951172,884.8890380859375,885.528076171875,0.0003,0.0003,0.1
,,,,,968999,9425.33,1000,,,,,,,,
,,,,,969000,,,-866.473388671875,-5.910905838012695,8.793222427368164,864.5899658203125,864.8035888671875,0.0003,0.0003,0.1
,,,,,969999,9483.197,1000,,,,,,,,
9564.087,87.564064,9711.977,9384.733,1000.0,970000,,,-880.965576171875,-6.21823263168335,4.935895919799805,879.74755859375,879.6436767578125,0.0003,0.0003,0.1
,,,,,970999,9433.989,1000,,,,,,,,
,,,,,971000,,,-893.5714111328125,-6.367452621459961,5.4413065910339355,892.1004638671875,892.3468017578125,0.0003,0.0003,0.1
,,,,,971999,9214.848,1000,,,,,,,,
,,,,,972000,,,-872.8385620117188,-6.0643839836120605,4.660497665405273,871.205322265625,871.125244140625,0.0003,0.0003,0.1
,,,,,972999,9479.132,1000,,,,,,,,
,,,,,973000,,,-889.1683959960938,-6.096740245819092,7.624568462371826,887.392333984375,887.65087890625,0.0003,0.0003,0.1
,,,,,973999,9328.878,1000,,,,,,,,
,,,,,974000,,,-883.5949096679688,-6.260324001312256,3.985750913619995,881.8660278320312,881.9517822265625,0.0003,0.0003,0.1
,,,,,974999,9546.282,1000,,,,,,,,
9600.725,45.288773,9681.293,9525.043,1000.0,975000,,,-891.0799560546875,-6.495539665222168,7.197378158569336,890.1192626953125,890.69140625,0.0003,0.0003,0.1
,,,,,975999,9628.948,1000,,,,,,,,
,,,,,976000,,,-889.9874267578125,-6.631434440612793,5.849325180053711,888.3894653320312,889.1332397460938,0.0003,0.0003,0.1
,,,,,976999,8895.611,1000,,,,,,,,
,,,,,977000,,,-892.4775390625,-6.050689220428467,15.48221492767334,891.8311767578125,891.4005126953125,0.0003,0.0003,0.1
,,,,,977999,9472.794,1000,,,,,,,,
,,,,,978000,,,-895.8787231445312,-6.330819129943848,4.710362911224365,894.9279174804688,894.685302734375,0.0003,0.0003,0.1
,,,,,978999,9518.837,1000,,,,,,,,
,,,,,979000,,,-858.2982177734375,-6.022401809692383,6.769908905029297,856.7957763671875,856.8602294921875,0.0003,0.0003,0.1
,,,,,979999,9570.024,1000,,,,,,,,
8857.904,514.7627,9203.949,7363.966,1000.0,980000,,,-888.2421264648438,-5.316926002502441,6.927839756011963,886.119140625,886.20751953125,0.0003,0.0003,0.1
,,,,,980999,9523.695,1000,,,,,,,,
,,,,,981000,,,-871.4613647460938,-6.072871208190918,3.9700021743774414,870.306640625,870.2301025390625,0.0003,0.0003,0.1
,,,,,981999,9490.461,1000,,,,,,,,
,,,,,982000,,,-854.9065551757812,-6.729361534118652,7.135688781738281,853.5220947265625,853.4534912109375,0.0003,0.0003,0.1
,,,,,982999,9182.393,1000,,,,,,,,
,,,,,983000,,,-880.398193359375,-6.251097202301025,6.493516445159912,879.1469116210938,878.728515625,0.0003,0.0003,0.1
,,,,,983999,9525.487,1000,,,,,,,,
,,,,,984000,,,-887.806396484375,-5.902946472167969,5.08514928817749,886.7396240234375,887.01806640625,0.0003,0.0003,0.1
,,,,,984999,9588.156,1000,,,,,,,,
9564.01,39.259445,9620.151,9474.8955,1000.0,985000,,,-871.955078125,-6.2754058837890625,6.983010292053223,870.7111206054688,871.0926513671875,0.0003,0.0003,0.1
,,,,,985999,9364.731,1000,,,,,,,,
,,,,,986000,,,-879.630859375,-6.006933689117432,4.098620891571045,878.2216796875,878.43701171875,0.0003,0.0003,0.1
,,,,,986999,9537.132,1000,,,,,,,,
,,,,,987000,,,-880.0281372070312,-6.940403461456299,7.82737922668457,878.6539306640625,878.26123046875,0.0003,0.0003,0.1
,,,,,987999,9513.471,1000,,,,,,,,
,,,,,988000,,,-870.4724731445312,-5.9225006103515625,7.414473533630371,869.3155517578125,869.8419799804688,0.0003,0.0003,0.1
,,,,,988999,9490.497,1000,,,,,,,,
,,,,,989000,,,-867.3312377929688,-6.288517951965332,6.628142356872559,866.261962890625,865.53759765625,0.0003,0.0003,0.1
,,,,,989999,9678.196,1000,,,,,,,,
9649.83,108.219505,9789.212,9405.194,1000.0,990000,,,-888.8289794921875,-6.500200271606445,31.611793518066406,886.3485717773438,886.7388916015625,0.0003,0.0003,0.1
,,,,,990999,9519.756,1000,,,,,,,,
,,,,,991000,,,-881.8478393554688,-5.559737205505371,6.501276969909668,880.0181884765625,880.2769775390625,0.0003,0.0003,0.1
,,,,,991999,9538.364,1000,,,,,,,,
,,,,,992000,,,-880.2676391601562,-6.272475242614746,10.665342330932617,878.670654296875,878.5203857421875,0.0003,0.0003,0.1
,,,,,992999,9375.242,1000,,,,,,,,
,,,,,993000,,,-895.9124145507812,-6.385124206542969,6.581288814544678,894.7999267578125,894.423583984375,0.0003,0.0003,0.1
,,,,,993999,9639.348,1000,,,,,,,,
,,,,,994000,,,-889.803466796875,-5.99470329284668,4.923846244812012,888.891357421875,888.7398681640625,0.0003,0.0003,0.1
,,,,,994999,9681.111,1000,,,,,,,,
9499.073,53.128082,9569.12,9426.046,1000.0,995000,,,-884.0610961914062,-5.88800573348999,20.18872833251953,883.0157470703125,882.9891357421875,0.0003,0.0003,0.1
,,,,,995999,9472.635,1000,,,,,,,,
,,,,,996000,,,-865.6343383789062,-6.436611652374268,5.211275100708008,864.1778564453125,863.90283203125,0.0003,0.0003,0.1
,,,,,996999,9687.917,1000,,,,,,,,
,,,,,997000,,,-888.4320068359375,-6.403896808624268,7.657760143280029,886.8531494140625,887.349853515625,0.0003,0.0003,0.1
,,,,,997999,9563.552,1000,,,,,,,,
,,,,,998000,,,-883.6634521484375,-6.124298095703125,33.60903549194336,882.0704345703125,882.6990966796875,0.0003,0.0003,0.1
,,,,,998999,9641.521,1000,,,,,,,,
,,,,,999000,,,-866.7214965820312,-6.266868591308594,5.558506488800049,865.1771240234375,865.218505859375,0.0003,0.0003,0.1
,,,,,999999,9667.304,1000,,,,,,,,
