Eval_AverageReturn,Eval_StdReturn,Eval_MaxReturn,Eval_MinReturn,Eval_AverageEpLen,step,Train_EpisodeReturn,Train_EpisodeLen,critic_loss,q_values,target_values,actor_lr,critic_lr,temperature
5.4,2.0099752,10.0,3.0,5.4,0,,,,,,,,
,,,,,2,3.0,3,,,,,,
,,,,,5,3.0,3,,,,,,
,,,,,9,4.0,4,,,,,,
,,,,,12,3.0,3,,,,,,
,,,,,16,4.0,4,,,,,,
,,,,,20,4.0,4,,,,,,
,,,,,25,5.0,5,,,,,,
,,,,,29,4.0,4,,,,,,
,,,,,33,4.0,4,,,,,,
,,,,,37,4.0,4,,,,,,
,,,,,40,3.0,3,,,,,,
,,,,,48,8.0,8,,,,,,
,,,,,52,4.0,4,,,,,,
,,,,,56,4.0,4,,,,,,
,,,,,63,7.0,7,,,,,,
,,,,,70,7.0,7,,,,,,
,,,,,78,8.0,8,,,,,,
,,,,,85,7.0,7,,,,,,
,,,,,88,3.0,3,,,,,,
,,,,,92,4.0,4,,,,,,
,,,,,96,4.0,4,,,,,,
,,,,,101,5.0,5,,,,,,
,,,,,106,5.0,5,,,,,,
,,,,,110,4.0,4,,,,,,
,,,,,115,5.0,5,,,,,,
,,,,,121,6.0,6,,,,,,
,,,,,124,3.0,3,,,,,,
,,,,,129,5.0,5,,,,,,
,,,,,132,3.0,3,,,,,,
,,,,,146,14.0,14,,,,,,
,,,,,156,10.0,10,,,,,,
,,,,,160,4.0,4,,,,,,
,,,,,163,3.0,3,,,,,,
,,,,,166,3.0,3,,,,,,
,,,,,169,3.0,3,,,,,,
,,,,,172,3.0,3,,,,,,
,,,,,177,5.0,5,,,,,,
,,,,,187,10.0,10,,,,,,
,,,,,193,6.0,6,,,,,,
,,,,,198,5.0,5,,,,,,
,,,,,202,4.0,4,,,,,,
,,,,,208,6.0,6,,,,,,
,,,,,211,3.0,3,,,,,,
,,,,,216,5.0,5,,,,,,
,,,,,220,4.0,4,,,,,,
,,,,,224,4.0,4,,,,,,
,,,,,228,4.0,4,,,,,,
,,,,,232,4.0,4,,,,,,
,,,,,240,8.0,8,,,,,,
,,,,,251,11.0,11,,,,,,
,,,,,257,6.0,6,,,,,,
,,,,,263,6.0,6,,,,,,
,,,,,275,12.0,12,,,,,,
,,,,,284,9.0,9,,,,,,
,,,,,288,4.0,4,,,,,,
,,,,,292,4.0,4,,,,,,
,,,,,304,12.0,12,,,,,,
,,,,,307,3.0,3,,,,,,
,,,,,310,3.0,3,,,,,,
,,,,,321,11.0,11,,,,,,
,,,,,329,8.0,8,,,,,,
,,,,,334,5.0,5,,,,,,
,,,,,341,7.0,7,,,,,,
,,,,,344,3.0,3,,,,,,
,,,,,348,4.0,4,,,,,,
,,,,,351,3.0,3,,,,,,
,,,,,361,10.0,10,,,,,,
,,,,,367,6.0,6,,,,,,
,,,,,377,10.0,10,,,,,,
,,,,,387,10.0,10,,,,,,
,,,,,390,3.0,3,,,,,,
,,,,,394,4.0,4,,,,,,
,,,,,407,13.0,13,,,,,,
,,,,,411,4.0,4,,,,,,
,,,,,415,4.0,4,,,,,,
,,,,,427,12.0,12,,,,,,
,,,,,432,5.0,5,,,,,,
,,,,,452,20.0,20,,,,,,
,,,,,455,3.0,3,,,,,,
,,,,,461,6.0,6,,,,,,
,,,,,465,4.0,4,,,,,,
,,,,,469,4.0,4,,,,,,
,,,,,475,6.0,6,,,,,,
,,,,,479,4.0,4,,,,,,
,,,,,482,3.0,3,,,,,,
,,,,,489,7.0,7,,,,,,
,,,,,501,12.0,12,,,,,,
,,,,,505,4.0,4,,,,,,
,,,,,512,7.0,7,,,,,,
,,,,,523,11.0,11,,,,,,
,,,,,526,3.0,3,,,,,,
,,,,,530,4.0,4,,,,,,
,,,,,547,17.0,17,,,,,,
,,,,,552,5.0,5,,,,,,
,,,,,557,5.0,5,,,,,,
,,,,,564,7.0,7,,,,,,
,,,,,572,8.0,8,,,,,,
,,,,,578,6.0,6,,,,,,
,,,,,583,5.0,5,,,,,,
,,,,,589,6.0,6,,,,,,
,,,,,593,4.0,4,,,,,,
,,,,,597,4.0,4,,,,,,
,,,,,605,8.0,8,,,,,,
,,,,,609,4.0,4,,,,,,
,,,,,614,5.0,5,,,,,,
,,,,,617,3.0,3,,,,,,
,,,,,621,4.0,4,,,,,,
,,,,,627,6.0,6,,,,,,
,,,,,633,6.0,6,,,,,,
,,,,,637,4.0,4,,,,,,
,,,,,641,4.0,4,,,,,,
,,,,,645,4.0,4,,,,,,
,,,,,649,4.0,4,,,,,,
,,,,,654,5.0,5,,,,,,
,,,,,659,5.0,5,,,,,,
,,,,,666,7.0,7,,,,,,
,,,,,669,3.0,3,,,,,,
,,,,,678,9.0,9,,,,,,
,,,,,686,8.0,8,,,,,,
,,,,,689,3.0,3,,,,,,
,,,,,692,3.0,3,,,,,,
,,,,,696,4.0,4,,,,,,
,,,,,699,3.0,3,,,,,,
,,,,,705,6.0,6,,,,,,
,,,,,710,5.0,5,,,,,,
,,,,,719,9.0,9,,,,,,
,,,,,723,4.0,4,,,,,,
,,,,,728,5.0,5,,,,,,
,,,,,732,4.0,4,,,,,,
,,,,,737,5.0,5,,,,,,
,,,,,741,4.0,4,,,,,,
,,,,,744,3.0,3,,,,,,
,,,,,748,4.0,4,,,,,,
,,,,,751,3.0,3,,,,,,
,,,,,755,4.0,4,,,,,,
,,,,,758,3.0,3,,,,,,
,,,,,773,15.0,15,,,,,,
,,,,,778,5.0,5,,,,,,
,,,,,783,5.0,5,,,,,,
,,,,,806,23.0,23,,,,,,
,,,,,811,5.0,5,,,,,,
,,,,,816,5.0,5,,,,,,
,,,,,825,9.0,9,,,,,,
,,,,,831,6.0,6,,,,,,
,,,,,835,4.0,4,,,,,,
,,,,,839,4.0,4,,,,,,
,,,,,844,5.0,5,,,,,,
,,,,,849,5.0,5,,,,,,
,,,,,860,11.0,11,,,,,,
,,,,,865,5.0,5,,,,,,
,,,,,873,8.0,8,,,,,,
,,,,,880,7.0,7,,,,,,
,,,,,885,5.0,5,,,,,,
,,,,,890,5.0,5,,,,,,
,,,,,903,13.0,13,,,,,,
,,,,,907,4.0,4,,,,,,
,,,,,911,4.0,4,,,,,,
,,,,,915,4.0,4,,,,,,
,,,,,920,5.0,5,,,,,,
,,,,,940,20.0,20,,,,,,
,,,,,947,7.0,7,,,,,,
,,,,,958,11.0,11,,,,,,
,,,,,964,6.0,6,,,,,,
,,,,,968,4.0,4,,,,,,
,,,,,973,5.0,5,,,,,,
,,,,,977,4.0,4,,,,,,
,,,,,980,3.0,3,,,,,,
,,,,,984,4.0,4,,,,,,
,,,,,991,7.0,7,,,,,,
,,,,,1011,20.0,20,,,,,,
,,,,,1017,6.0,6,,,,,,
,,,,,1022,5.0,5,,,,,,
,,,,,1028,6.0,6,,,,,,
,,,,,1040,12.0,12,,,,,,
,,,,,1044,4.0,4,,,,,,
,,,,,1047,3.0,3,,,,,,
,,,,,1054,7.0,7,,,,,,
,,,,,1059,5.0,5,,,,,,
,,,,,1063,4.0,4,,,,,,
,,,,,1066,3.0,3,,,,,,
,,,,,1074,8.0,8,,,,,,
,,,,,1079,5.0,5,,,,,,
,,,,,1096,17.0,17,,,,,,
,,,,,1101,5.0,5,,,,,,
,,,,,1109,8.0,8,,,,,,
,,,,,1117,8.0,8,,,,,,
,,,,,1124,7.0,7,,,,,,
,,,,,1128,4.0,4,,,,,,
,,,,,1131,3.0,3,,,,,,
,,,,,1153,22.0,22,,,,,,
,,,,,1162,9.0,9,,,,,,
,,,,,1170,8.0,8,,,,,,
,,,,,1175,5.0,5,,,,,,
,,,,,1183,8.0,8,,,,,,
,,,,,1198,15.0,15,,,,,,
,,,,,1203,5.0,5,,,,,,
,,,,,1214,11.0,11,,,,,,
,,,,,1222,8.0,8,,,,,,
,,,,,1230,8.0,8,,,,,,
,,,,,1233,3.0,3,,,,,,
,,,,,1237,4.0,4,,,,,,
,,,,,1245,8.0,8,,,,,,
,,,,,1248,3.0,3,,,,,,
,,,,,1251,3.0,3,,,,,,
,,,,,1263,12.0,12,,,,,,
,,,,,1268,5.0,5,,,,,,
,,,,,1272,4.0,4,,,,,,
,,,,,1277,5.0,5,,,,,,
,,,,,1287,10.0,10,,,,,,
,,,,,1290,3.0,3,,,,,,
,,,,,1297,7.0,7,,,,,,
,,,,,1302,5.0,5,,,,,,
,,,,,1305,3.0,3,,,,,,
,,,,,1325,20.0,20,,,,,,
,,,,,1336,11.0,11,,,,,,
,,,,,1346,10.0,10,,,,,,
,,,,,1349,3.0,3,,,,,,
,,,,,1358,9.0,9,,,,,,
,,,,,1367,9.0,9,,,,,,
,,,,,1377,10.0,10,,,,,,
,,,,,1381,4.0,4,,,,,,
,,,,,1386,5.0,5,,,,,,
,,,,,1393,7.0,7,,,,,,
,,,,,1397,4.0,4,,,,,,
,,,,,1403,6.0,6,,,,,,
,,,,,1416,13.0,13,,,,,,
,,,,,1419,3.0,3,,,,,,
,,,,,1422,3.0,3,,,,,,
,,,,,1426,4.0,4,,,,,,
,,,,,1431,5.0,5,,,,,,
,,,,,1439,8.0,8,,,,,,
,,,,,1447,8.0,8,,,,,,
,,,,,1452,5.0,5,,,,,,
,,,,,1460,8.0,8,,,,,,
,,,,,1473,13.0,13,,,,,,
,,,,,1478,5.0,5,,,,,,
,,,,,1488,10.0,10,,,,,,
,,,,,1492,4.0,4,,,,,,
,,,,,1500,8.0,8,,,,,,
,,,,,1512,12.0,12,,,,,,
,,,,,1518,6.0,6,,,,,,
,,,,,1521,3.0,3,,,,,,
,,,,,1526,5.0,5,,,,,,
,,,,,1546,20.0,20,,,,,,
,,,,,1557,11.0,11,,,,,,
,,,,,1566,9.0,9,,,,,,
,,,,,1571,5.0,5,,,,,,
,,,,,1582,11.0,11,,,,,,
,,,,,1586,4.0,4,,,,,,
,,,,,1590,4.0,4,,,,,,
,,,,,1596,6.0,6,,,,,,
,,,,,1602,6.0,6,,,,,,
,,,,,1606,4.0,4,,,,,,
,,,,,1617,11.0,11,,,,,,
,,,,,1622,5.0,5,,,,,,
,,,,,1627,5.0,5,,,,,,
,,,,,1632,5.0,5,,,,,,
,,,,,1636,4.0,4,,,,,,
,,,,,1644,8.0,8,,,,,,
,,,,,1666,22.0,22,,,,,,
,,,,,1676,10.0,10,,,,,,
,,,,,1680,4.0,4,,,,,,
,,,,,1696,16.0,16,,,,,,
,,,,,1704,8.0,8,,,,,,
,,,,,1709,5.0,5,,,,,,
,,,,,1714,5.0,5,,,,,,
,,,,,1724,10.0,10,,,,,,
,,,,,1731,7.0,7,,,,,,
,,,,,1737,6.0,6,,,,,,
,,,,,1741,4.0,4,,,,,,
,,,,,1746,5.0,5,,,,,,
,,,,,1759,13.0,13,,,,,,
,,,,,1762,3.0,3,,,,,,
,,,,,1769,7.0,7,,,,,,
,,,,,1774,5.0,5,,,,,,
,,,,,1779,5.0,5,,,,,,
,,,,,1793,14.0,14,,,,,,
,,,,,1802,9.0,9,,,,,,
,,,,,1805,3.0,3,,,,,,
,,,,,1808,3.0,3,,,,,,
,,,,,1817,9.0,9,,,,,,
,,,,,1823,6.0,6,,,,,,
,,,,,1831,8.0,8,,,,,,
,,,,,1835,4.0,4,,,,,,
,,,,,1838,3.0,3,,,,,,
,,,,,1848,10.0,10,,,,,,
,,,,,1855,7.0,7,,,,,,
,,,,,1862,7.0,7,,,,,,
,,,,,1867,5.0,5,,,,,,
,,,,,1872,5.0,5,,,,,,
,,,,,1881,9.0,9,,,,,,
,,,,,1886,5.0,5,,,,,,
,,,,,1900,14.0,14,,,,,,
,,,,,1907,7.0,7,,,,,,
,,,,,1912,5.0,5,,,,,,
,,,,,1918,6.0,6,,,,,,
,,,,,1922,4.0,4,,,,,,
,,,,,1925,3.0,3,,,,,,
,,,,,1934,9.0,9,,,,,,
,,,,,1943,9.0,9,,,,,,
,,,,,1948,5.0,5,,,,,,
,,,,,1953,5.0,5,,,,,,
,,,,,1962,9.0,9,,,,,,
,,,,,1979,17.0,17,,,,,,
,,,,,1982,3.0,3,,,,,,
,,,,,1986,4.0,4,,,,,,
,,,,,1990,4.0,4,,,,,,
,,,,,1993,3.0,3,,,,,,
,,,,,2014,21.0,21,,,,,,
,,,,,2028,14.0,14,,,,,,
,,,,,2033,5.0,5,,,,,,
,,,,,2044,11.0,11,,,,,,
,,,,,2054,10.0,10,,,,,,
,,,,,2057,3.0,3,,,,,,
,,,,,2060,3.0,3,,,,,,
,,,,,2065,5.0,5,,,,,,
,,,,,2069,4.0,4,,,,,,
,,,,,2075,6.0,6,,,,,,
,,,,,2079,4.0,4,,,,,,
,,,,,2083,4.0,4,,,,,,
,,,,,2088,5.0,5,,,,,,
,,,,,2096,8.0,8,,,,,,
,,,,,2102,6.0,6,,,,,,
,,,,,2107,5.0,5,,,,,,
,,,,,2114,7.0,7,,,,,,
,,,,,2120,6.0,6,,,,,,
,,,,,2127,7.0,7,,,,,,
,,,,,2132,5.0,5,,,,,,
,,,,,2141,9.0,9,,,,,,
,,,,,2144,3.0,3,,,,,,
,,,,,2147,3.0,3,,,,,,
,,,,,2156,9.0,9,,,,,,
,,,,,2162,6.0,6,,,,,,
,,,,,2168,6.0,6,,,,,,
,,,,,2185,17.0,17,,,,,,
,,,,,2193,8.0,8,,,,,,
,,,,,2199,6.0,6,,,,,,
,,,,,2205,6.0,6,,,,,,
,,,,,2209,4.0,4,,,,,,
,,,,,2217,8.0,8,,,,,,
,,,,,2224,7.0,7,,,,,,
,,,,,2231,7.0,7,,,,,,
,,,,,2237,6.0,6,,,,,,
,,,,,2241,4.0,4,,,,,,
,,,,,2246,5.0,5,,,,,,
,,,,,2251,5.0,5,,,,,,
,,,,,2262,11.0,11,,,,,,
,,,,,2268,6.0,6,,,,,,
,,,,,2271,3.0,3,,,,,,
,,,,,2276,5.0,5,,,,,,
,,,,,2279,3.0,3,,,,,,
,,,,,2284,5.0,5,,,,,,
,,,,,2290,6.0,6,,,,,,
,,,,,2294,4.0,4,,,,,,
,,,,,2300,6.0,6,,,,,,
,,,,,2308,8.0,8,,,,,,
,,,,,2320,12.0,12,,,,,,
,,,,,2325,5.0,5,,,,,,
,,,,,2332,7.0,7,,,,,,
,,,,,2338,6.0,6,,,,,,
,,,,,2348,10.0,10,,,,,,
,,,,,2353,5.0,5,,,,,,
,,,,,2358,5.0,5,,,,,,
,,,,,2365,7.0,7,,,,,,
,,,,,2368,3.0,3,,,,,,
,,,,,2371,3.0,3,,,,,,
,,,,,2375,4.0,4,,,,,,
,,,,,2380,5.0,5,,,,,,
,,,,,2390,10.0,10,,,,,,
,,,,,2393,3.0,3,,,,,,
,,,,,2415,22.0,22,,,,,,
,,,,,2420,5.0,5,,,,,,
,,,,,2425,5.0,5,,,,,,
,,,,,2430,5.0,5,,,,,,
,,,,,2435,5.0,5,,,,,,
,,,,,2443,8.0,8,,,,,,
,,,,,2447,4.0,4,,,,,,
,,,,,2453,6.0,6,,,,,,
,,,,,2467,14.0,14,,,,,,
,,,,,2473,6.0,6,,,,,,
,,,,,2492,19.0,19,,,,,,
,,,,,2496,4.0,4,,,,,,
,,,,,2504,8.0,8,,,,,,
,,,,,2512,8.0,8,,,,,,
,,,,,2517,5.0,5,,,,,,
,,,,,2521,4.0,4,,,,,,
,,,,,2534,13.0,13,,,,,,
,,,,,2540,6.0,6,,,,,,
,,,,,2552,12.0,12,,,,,,
,,,,,2555,3.0,3,,,,,,
,,,,,2578,23.0,23,,,,,,
,,,,,2583,5.0,5,,,,,,
,,,,,2587,4.0,4,,,,,,
,,,,,2592,5.0,5,,,,,,
,,,,,2607,15.0,15,,,,,,
,,,,,2620,13.0,13,,,,,,
,,,,,2624,4.0,4,,,,,,
,,,,,2627,3.0,3,,,,,,
,,,,,2630,3.0,3,,,,,,
,,,,,2633,3.0,3,,,,,,
,,,,,2637,4.0,4,,,,,,
,,,,,2640,3.0,3,,,,,,
,,,,,2646,6.0,6,,,,,,
,,,,,2650,4.0,4,,,,,,
,,,,,2653,3.0,3,,,,,,
,,,,,2663,10.0,10,,,,,,
,,,,,2666,3.0,3,,,,,,
,,,,,2671,5.0,5,,,,,,
,,,,,2694,23.0,23,,,,,,
,,,,,2703,9.0,9,,,,,,
,,,,,2714,11.0,11,,,,,,
,,,,,2718,4.0,4,,,,,,
,,,,,2725,7.0,7,,,,,,
,,,,,2731,6.0,6,,,,,,
,,,,,2736,5.0,5,,,,,,
,,,,,2740,4.0,4,,,,,,
,,,,,2748,8.0,8,,,,,,
,,,,,2752,4.0,4,,,,,,
,,,,,2759,7.0,7,,,,,,
,,,,,2769,10.0,10,,,,,,
,,,,,2787,18.0,18,,,,,,
,,,,,2790,3.0,3,,,,,,
,,,,,2804,14.0,14,,,,,,
,,,,,2808,4.0,4,,,,,,
,,,,,2815,7.0,7,,,,,,
,,,,,2819,4.0,4,,,,,,
,,,,,2827,8.0,8,,,,,,
,,,,,2830,3.0,3,,,,,,
,,,,,2838,8.0,8,,,,,,
,,,,,2843,5.0,5,,,,,,
,,,,,2850,7.0,7,,,,,,
,,,,,2856,6.0,6,,,,,,
,,,,,2862,6.0,6,,,,,,
,,,,,2867,5.0,5,,,,,,
,,,,,2870,3.0,3,,,,,,
,,,,,2875,5.0,5,,,,,,
,,,,,2881,6.0,6,,,,,,
,,,,,2895,14.0,14,,,,,,
,,,,,2899,4.0,4,,,,,,
,,,,,2906,7.0,7,,,,,,
,,,,,2910,4.0,4,,,,,,
,,,,,2914,4.0,4,,,,,,
,,,,,2921,7.0,7,,,,,,
,,,,,2932,11.0,11,,,,,,
,,,,,2941,9.0,9,,,,,,
,,,,,2945,4.0,4,,,,,,
,,,,,2949,4.0,4,,,,,,
,,,,,2960,11.0,11,,,,,,
,,,,,2971,11.0,11,,,,,,
,,,,,2979,8.0,8,,,,,,
,,,,,2982,3.0,3,,,,,,
,,,,,2988,6.0,6,,,,,,
,,,,,3001,13.0,13,,,,,,
,,,,,3005,4.0,4,,,,,,
,,,,,3010,5.0,5,,,,,,
,,,,,3014,4.0,4,,,,,,
,,,,,3023,9.0,9,,,,,,
,,,,,3026,3.0,3,,,,,,
,,,,,3038,12.0,12,,,,,,
,,,,,3050,12.0,12,,,,,,
,,,,,3054,4.0,4,,,,,,
,,,,,3060,6.0,6,,,,,,
,,,,,3065,5.0,5,,,,,,
,,,,,3073,8.0,8,,,,,,
,,,,,3085,12.0,12,,,,,,
,,,,,3096,11.0,11,,,,,,
,,,,,3102,6.0,6,,,,,,
,,,,,3106,4.0,4,,,,,,
,,,,,3111,5.0,5,,,,,,
,,,,,3117,6.0,6,,,,,,
,,,,,3123,6.0,6,,,,,,
,,,,,3130,7.0,7,,,,,,
,,,,,3134,4.0,4,,,,,,
,,,,,3137,3.0,3,,,,,,
,,,,,3143,6.0,6,,,,,,
,,,,,3147,4.0,4,,,,,,
,,,,,3154,7.0,7,,,,,,
,,,,,3162,8.0,8,,,,,,
,,,,,3165,3.0,3,,,,,,
,,,,,3171,6.0,6,,,,,,
,,,,,3176,5.0,5,,,,,,
,,,,,3179,3.0,3,,,,,,
,,,,,3184,5.0,5,,,,,,
,,,,,3187,3.0,3,,,,,,
,,,,,3193,6.0,6,,,,,,
,,,,,3200,7.0,7,,,,,,
,,,,,3213,13.0,13,,,,,,
,,,,,3234,21.0,21,,,,,,
,,,,,3241,7.0,7,,,,,,
,,,,,3244,3.0,3,,,,,,
,,,,,3249,5.0,5,,,,,,
,,,,,3255,6.0,6,,,,,,
,,,,,3268,13.0,13,,,,,,
,,,,,3274,6.0,6,,,,,,
,,,,,3281,7.0,7,,,,,,
,,,,,3295,14.0,14,,,,,,
,,,,,3298,3.0,3,,,,,,
,,,,,3304,6.0,6,,,,,,
,,,,,3314,10.0,10,,,,,,
,,,,,3324,10.0,10,,,,,,
,,,,,3328,4.0,4,,,,,,
,,,,,3339,11.0,11,,,,,,
,,,,,3343,4.0,4,,,,,,
,,,,,3351,8.0,8,,,,,,
,,,,,3356,5.0,5,,,,,,
,,,,,3360,4.0,4,,,,,,
,,,,,3373,13.0,13,,,,,,
,,,,,3393,20.0,20,,,,,,
,,,,,3397,4.0,4,,,,,,
,,,,,3403,6.0,6,,,,,,
,,,,,3407,4.0,4,,,,,,
,,,,,3412,5.0,5,,,,,,
,,,,,3418,6.0,6,,,,,,
,,,,,3421,3.0,3,,,,,,
,,,,,3431,10.0,10,,,,,,
,,,,,3452,21.0,21,,,,,,
,,,,,3461,9.0,9,,,,,,
,,,,,3465,4.0,4,,,,,,
,,,,,3471,6.0,6,,,,,,
,,,,,3476,5.0,5,,,,,,
,,,,,3480,4.0,4,,,,,,
,,,,,3490,10.0,10,,,,,,
,,,,,3493,3.0,3,,,,,,
,,,,,3496,3.0,3,,,,,,
,,,,,3511,15.0,15,,,,,,
,,,,,3515,4.0,4,,,,,,
,,,,,3518,3.0,3,,,,,,
,,,,,3521,3.0,3,,,,,,
,,,,,3526,5.0,5,,,,,,
,,,,,3535,9.0,9,,,,,,
,,,,,3539,4.0,4,,,,,,
,,,,,3546,7.0,7,,,,,,
,,,,,3551,5.0,5,,,,,,
,,,,,3560,9.0,9,,,,,,
,,,,,3568,8.0,8,,,,,,
,,,,,3572,4.0,4,,,,,,
,,,,,3581,9.0,9,,,,,,
,,,,,3602,21.0,21,,,,,,
,,,,,3614,12.0,12,,,,,,
,,,,,3626,12.0,12,,,,,,
,,,,,3638,12.0,12,,,,,,
,,,,,3660,22.0,22,,,,,,
,,,,,3665,5.0,5,,,,,,
,,,,,3669,4.0,4,,,,,,
,,,,,3679,10.0,10,,,,,,
,,,,,3684,5.0,5,,,,,,
,,,,,3690,6.0,6,,,,,,
,,,,,3694,4.0,4,,,,,,
,,,,,3698,4.0,4,,,,,,
,,,,,3704,6.0,6,,,,,,
,,,,,3710,6.0,6,,,,,,
,,,,,3713,3.0,3,,,,,,
,,,,,3718,5.0,5,,,,,,
,,,,,3725,7.0,7,,,,,,
,,,,,3731,6.0,6,,,,,,
,,,,,3738,7.0,7,,,,,,
,,,,,3746,8.0,8,,,,,,
,,,,,3749,3.0,3,,,,,,
,,,,,3754,5.0,5,,,,,,
,,,,,3761,7.0,7,,,,,,
,,,,,3773,12.0,12,,,,,,
,,,,,3780,7.0,7,,,,,,
,,,,,3790,10.0,10,,,,,,
,,,,,3793,3.0,3,,,,,,
,,,,,3806,13.0,13,,,,,,
,,,,,3810,4.0,4,,,,,,
,,,,,3824,14.0,14,,,,,,
,,,,,3830,6.0,6,,,,,,
,,,,,3840,10.0,10,,,,,,
,,,,,3845,5.0,5,,,,,,
,,,,,3868,23.0,23,,,,,,
,,,,,3875,7.0,7,,,,,,
,,,,,3881,6.0,6,,,,,,
,,,,,3885,4.0,4,,,,,,
,,,,,3896,11.0,11,,,,,,
,,,,,3905,9.0,9,,,,,,
,,,,,3908,3.0,3,,,,,,
,,,,,3911,3.0,3,,,,,,
,,,,,3917,6.0,6,,,,,,
,,,,,3928,11.0,11,,,,,,
,,,,,3931,3.0,3,,,,,,
,,,,,3936,5.0,5,,,,,,
,,,,,3943,7.0,7,,,,,,
,,,,,3948,5.0,5,,,,,,
,,,,,3953,5.0,5,,,,,,
,,,,,3965,12.0,12,,,,,,
,,,,,3969,4.0,4,,,,,,
,,,,,3983,14.0,14,,,,,,
,,,,,3987,4.0,4,,,,,,
,,,,,3991,4.0,4,,,,,,
,,,,,4000,9.0,9,,,,,,
,,,,,4008,8.0,8,,,,,,
,,,,,4012,4.0,4,,,,,,
,,,,,4015,3.0,3,,,,,,
,,,,,4023,8.0,8,,,,,,
,,,,,4029,6.0,6,,,,,,
,,,,,4040,11.0,11,,,,,,
,,,,,4044,4.0,4,,,,,,
,,,,,4060,16.0,16,,,,,,
,,,,,4063,3.0,3,,,,,,
,,,,,4069,6.0,6,,,,,,
,,,,,4082,13.0,13,,,,,,
,,,,,4096,14.0,14,,,,,,
,,,,,4104,8.0,8,,,,,,
,,,,,4108,4.0,4,,,,,,
,,,,,4111,3.0,3,,,,,,
,,,,,4118,7.0,7,,,,,,
,,,,,4124,6.0,6,,,,,,
,,,,,4131,7.0,7,,,,,,
,,,,,4138,7.0,7,,,,,,
,,,,,4142,4.0,4,,,,,,
,,,,,4146,4.0,4,,,,,,
,,,,,4149,3.0,3,,,,,,
,,,,,4153,4.0,4,,,,,,
,,,,,4157,4.0,4,,,,,,
,,,,,4172,15.0,15,,,,,,
,,,,,4176,4.0,4,,,,,,
,,,,,4180,4.0,4,,,,,,
,,,,,4183,3.0,3,,,,,,
,,,,,4188,5.0,5,,,,,,
,,,,,4198,10.0,10,,,,,,
,,,,,4209,11.0,11,,,,,,
,,,,,4217,8.0,8,,,,,,
,,,,,4226,9.0,9,,,,,,
,,,,,4229,3.0,3,,,,,,
,,,,,4242,13.0,13,,,,,,
,,,,,4247,5.0,5,,,,,,
,,,,,4250,3.0,3,,,,,,
,,,,,4255,5.0,5,,,,,,
,,,,,4261,6.0,6,,,,,,
,,,,,4264,3.0,3,,,,,,
,,,,,4269,5.0,5,,,,,,
,,,,,4273,4.0,4,,,,,,
,,,,,4277,4.0,4,,,,,,
,,,,,4282,5.0,5,,,,,,
,,,,,4287,5.0,5,,,,,,
,,,,,4297,10.0,10,,,,,,
,,,,,4302,5.0,5,,,,,,
,,,,,4305,3.0,3,,,,,,
,,,,,4309,4.0,4,,,,,,
,,,,,4313,4.0,4,,,,,,
,,,,,4317,4.0,4,,,,,,
,,,,,4335,18.0,18,,,,,,
,,,,,4342,7.0,7,,,,,,
,,,,,4354,12.0,12,,,,,,
,,,,,4358,4.0,4,,,,,,
,,,,,4361,3.0,3,,,,,,
,,,,,4369,8.0,8,,,,,,
,,,,,4378,9.0,9,,,,,,
,,,,,4386,8.0,8,,,,,,
,,,,,4409,23.0,23,,,,,,
,,,,,4413,4.0,4,,,,,,
,,,,,4418,5.0,5,,,,,,
,,,,,4423,5.0,5,,,,,,
,,,,,4426,3.0,3,,,,,,
,,,,,4431,5.0,5,,,,,,
,,,,,4437,6.0,6,,,,,,
,,,,,4441,4.0,4,,,,,,
,,,,,4448,7.0,7,,,,,,
,,,,,4454,6.0,6,,,,,,
,,,,,4464,10.0,10,,,,,,
,,,,,4471,7.0,7,,,,,,
,,,,,4483,12.0,12,,,,,,
,,,,,4488,5.0,5,,,,,,
,,,,,4499,11.0,11,,,,,,
,,,,,4502,3.0,3,,,,,,
,,,,,4506,4.0,4,,,,,,
,,,,,4513,7.0,7,,,,,,
,,,,,4518,5.0,5,,,,,,
,,,,,4522,4.0,4,,,,,,
,,,,,4533,11.0,11,,,,,,
,,,,,4537,4.0,4,,,,,,
,,,,,4543,6.0,6,,,,,,
,,,,,4547,4.0,4,,,,,,
,,,,,4552,5.0,5,,,,,,
,,,,,4558,6.0,6,,,,,,
,,,,,4562,4.0,4,,,,,,
,,,,,4566,4.0,4,,,,,,
,,,,,4571,5.0,5,,,,,,
,,,,,4576,5.0,5,,,,,,
,,,,,4593,17.0,17,,,,,,
,,,,,4599,6.0,6,,,,,,
,,,,,4605,6.0,6,,,,,,
,,,,,4622,17.0,17,,,,,,
,,,,,4631,9.0,9,,,,,,
,,,,,4635,4.0,4,,,,,,
,,,,,4641,6.0,6,,,,,,
,,,,,4644,3.0,3,,,,,,
,,,,,4648,4.0,4,,,,,,
,,,,,4661,13.0,13,,,,,,
,,,,,4690,29.0,29,,,,,,
,,,,,4695,5.0,5,,,,,,
,,,,,4712,17.0,17,,,,,,
,,,,,4728,16.0,16,,,,,,
,,,,,4732,4.0,4,,,,,,
,,,,,4737,5.0,5,,,,,,
,,,,,4744,7.0,7,,,,,,
,,,,,4757,13.0,13,,,,,,
,,,,,4764,7.0,7,,,,,,
,,,,,4776,12.0,12,,,,,,
,,,,,4787,11.0,11,,,,,,
,,,,,4800,13.0,13,,,,,,
,,,,,4815,15.0,15,,,,,,
,,,,,4823,8.0,8,,,,,,
,,,,,4829,6.0,6,,,,,,
,,,,,4833,4.0,4,,,,,,
,,,,,4838,5.0,5,,,,,,
,,,,,4858,20.0,20,,,,,,
,,,,,4871,13.0,13,,,,,,
,,,,,4878,7.0,7,,,,,,
,,,,,4881,3.0,3,,,,,,
,,,,,4888,7.0,7,,,,,,
,,,,,4897,9.0,9,,,,,,
,,,,,4902,5.0,5,,,,,,
,,,,,4908,6.0,6,,,,,,
,,,,,4917,9.0,9,,,,,,
,,,,,4931,14.0,14,,,,,,
,,,,,4937,6.0,6,,,,,,
,,,,,4955,18.0,18,,,,,,
,,,,,4958,3.0,3,,,,,,
,,,,,4965,7.0,7,,,,,,
,,,,,4969,4.0,4,,,,,,
,,,,,4980,11.0,11,,,,,,
,,,,,4986,6.0,6,,,,,,
,,,,,4990,4.0,4,,,,,,
,,,,,4993,3.0,3,,,,,,
,,,,,4997,4.0,4,,,,,,
5.9,4.4373417,19.0,3.0,5.9,5000,,,1.0980217456817627,0.055535994470119476,1.101862907409668,0.0003,0.0003,0.1
,,,,,5002,5.0,5,,,,,,
,,,,,5014,12.0,12,,,,,,
,,,,,5017,3.0,3,,,,,,
,,,,,5032,15.0,15,,,,,,
,,,,,5037,5.0,5,,,,,,
,,,,,5041,4.0,4,,,,,,
,,,,,5046,5.0,5,,,,,,
,,,,,5049,3.0,3,,,,,,
,,,,,5053,4.0,4,,,,,,
,,,,,5061,8.0,8,,,,,,
,,,,,5066,5.0,5,,,,,,
,,,,,5070,4.0,4,,,,,,
,,,,,5075,5.0,5,,,,,,
,,,,,5079,4.0,4,,,,,,
,,,,,5082,3.0,3,,,,,,
,,,,,5088,6.0,6,,,,,,
,,,,,5091,3.0,3,,,,,,
,,,,,5095,4.0,4,,,,,,
,,,,,5102,7.0,7,,,,,,
,,,,,5106,4.0,4,,,,,,
,,,,,5111,5.0,5,,,,,,
,,,,,5117,6.0,6,,,,,,
,,,,,5120,3.0,3,,,,,,
,,,,,5125,5.0,5,,,,,,
,,,,,5129,4.0,4,,,,,,
,,,,,5132,3.0,3,,,,,,
,,,,,5153,21.0,21,,,,,,
,,,,,5157,4.0,4,,,,,,
,,,,,5162,5.0,5,,,,,,
,,,,,5168,6.0,6,,,,,,
,,,,,5171,3.0,3,,,,,,
,,,,,5184,13.0,13,,,,,,
,,,,,5209,25.0,25,,,,,,
,,,,,5221,12.0,12,,,,,,
,,,,,5224,3.0,3,,,,,,
,,,,,5227,3.0,3,,,,,,
,,,,,5242,15.0,15,,,,,,
,,,,,5254,12.0,12,,,,,,
,,,,,5260,6.0,6,,,,,,
,,,,,5269,9.0,9,,,,,,
,,,,,5277,8.0,8,,,,,,
,,,,,5282,5.0,5,,,,,,
,,,,,5286,4.0,4,,,,,,
,,,,,5291,5.0,5,,,,,,
,,,,,5307,16.0,16,,,,,,
,,,,,5311,4.0,4,,,,,,
,,,,,5318,7.0,7,,,,,,
,,,,,5322,4.0,4,,,,,,
,,,,,5328,6.0,6,,,,,,
,,,,,5337,9.0,9,,,,,,
,,,,,5345,8.0,8,,,,,,
,,,,,5353,8.0,8,,,,,,
,,,,,5359,6.0,6,,,,,,
,,,,,5364,5.0,5,,,,,,
,,,,,5372,8.0,8,,,,,,
,,,,,5377,5.0,5,,,,,,
,,,,,5382,5.0,5,,,,,,
,,,,,5385,3.0,3,,,,,,
,,,,,5406,21.0,21,,,,,,
,,,,,5413,7.0,7,,,,,,
,,,,,5417,4.0,4,,,,,,
,,,,,5422,5.0,5,,,,,,
,,,,,5427,5.0,5,,,,,,
,,,,,5440,13.0,13,,,,,,
,,,,,5444,4.0,4,,,,,,
,,,,,5449,5.0,5,,,,,,
,,,,,5465,16.0,16,,,,,,
,,,,,5469,4.0,4,,,,,,
,,,,,5483,14.0,14,,,,,,
,,,,,5491,8.0,8,,,,,,
,,,,,5501,10.0,10,,,,,,
,,,,,5506,5.0,5,,,,,,
,,,,,5512,6.0,6,,,,,,
,,,,,5518,6.0,6,,,,,,
,,,,,5523,5.0,5,,,,,,
,,,,,5532,9.0,9,,,,,,
,,,,,5540,8.0,8,,,,,,
,,,,,5545,5.0,5,,,,,,
,,,,,5552,7.0,7,,,,,,
,,,,,5555,3.0,3,,,,,,
,,,,,5560,5.0,5,,,,,,
,,,,,5564,4.0,4,,,,,,
,,,,,5569,5.0,5,,,,,,
,,,,,5574,5.0,5,,,,,,
,,,,,5584,10.0,10,,,,,,
,,,,,5589,5.0,5,,,,,,
,,,,,5593,4.0,4,,,,,,
,,,,,5603,10.0,10,,,,,,
,,,,,5611,8.0,8,,,,,,
,,,,,5615,4.0,4,,,,,,
,,,,,5618,3.0,3,,,,,,
,,,,,5623,5.0,5,,,,,,
,,,,,5632,9.0,9,,,,,,
,,,,,5649,17.0,17,,,,,,
,,,,,5653,4.0,4,,,,,,
,,,,,5662,9.0,9,,,,,,
,,,,,5665,3.0,3,,,,,,
,,,,,5680,15.0,15,,,,,,
,,,,,5683,3.0,3,,,,,,
,,,,,5686,3.0,3,,,,,,
,,,,,5689,3.0,3,,,,,,
,,,,,5700,11.0,11,,,,,,
,,,,,5705,5.0,5,,,,,,
,,,,,5724,19.0,19,,,,,,
,,,,,5734,10.0,10,,,,,,
,,,,,5738,4.0,4,,,,,,
,,,,,5748,10.0,10,,,,,,
,,,,,5755,7.0,7,,,,,,
,,,,,5763,8.0,8,,,,,,
,,,,,5769,6.0,6,,,,,,
,,,,,5772,3.0,3,,,,,,
,,,,,5778,6.0,6,,,,,,
,,,,,5782,4.0,4,,,,,,
,,,,,5785,3.0,3,,,,,,
,,,,,5794,9.0,9,,,,,,
,,,,,5800,6.0,6,,,,,,
,,,,,5809,9.0,9,,,,,,
,,,,,5815,6.0,6,,,,,,
,,,,,5825,10.0,10,,,,,,
,,,,,5829,4.0,4,,,,,,
,,,,,5835,6.0,6,,,,,,
,,,,,5839,4.0,4,,,,,,
,,,,,5844,5.0,5,,,,,,
,,,,,5849,5.0,5,,,,,,
,,,,,5855,6.0,6,,,,,,
,,,,,5858,3.0,3,,,,,,
,,,,,5863,5.0,5,,,,,,
,,,,,5878,15.0,15,,,,,,
,,,,,5885,7.0,7,,,,,,
,,,,,5890,5.0,5,,,,,,
,,,,,5893,3.0,3,,,,,,
,,,,,5898,5.0,5,,,,,,
,,,,,5903,5.0,5,,,,,,
,,,,,5908,5.0,5,,,,,,
,,,,,5914,6.0,6,,,,,,
,,,,,5921,7.0,7,,,,,,
,,,,,5931,10.0,10,,,,,,
,,,,,5954,23.0,23,,,,,,
,,,,,5957,3.0,3,,,,,,
,,,,,5967,10.0,10,,,,,,
,,,,,5970,3.0,3,,,,,,
,,,,,5974,4.0,4,,,,,,
,,,,,5979,5.0,5,,,,,,
,,,,,5985,6.0,6,,,,,,
,,,,,5998,13.0,13,,,,,,
,,,,,6000,,,0.6810327172279358,3.7697181701660156,3.7640762329101562,0.0003,0.0003,0.1
,,,,,6003,5.0,5,,,,,,
,,,,,6011,8.0,8,,,,,,
,,,,,6016,5.0,5,,,,,,
,,,,,6020,4.0,4,,,,,,
,,,,,6029,9.0,9,,,,,,
,,,,,6036,7.0,7,,,,,,
,,,,,6049,13.0,13,,,,,,
,,,,,6061,12.0,12,,,,,,
,,,,,6072,11.0,11,,,,,,
,,,,,6080,8.0,8,,,,,,
,,,,,6085,5.0,5,,,,,,
,,,,,6088,3.0,3,,,,,,
,,,,,6098,10.0,10,,,,,,
,,,,,6121,23.0,23,,,,,,
,,,,,6128,7.0,7,,,,,,
,,,,,6140,12.0,12,,,,,,
,,,,,6145,5.0,5,,,,,,
,,,,,6150,5.0,5,,,,,,
,,,,,6160,10.0,10,,,,,,
,,,,,6164,4.0,4,,,,,,
,,,,,6168,4.0,4,,,,,,
,,,,,6174,6.0,6,,,,,,
,,,,,6178,4.0,4,,,,,,
,,,,,6182,4.0,4,,,,,,
,,,,,6186,4.0,4,,,,,,
,,,,,6192,6.0,6,,,,,,
,,,,,6199,7.0,7,,,,,,
,,,,,6204,5.0,5,,,,,,
,,,,,6211,7.0,7,,,,,,
,,,,,6217,6.0,6,,,,,,
,,,,,6222,5.0,5,,,,,,
,,,,,6226,4.0,4,,,,,,
,,,,,6238,12.0,12,,,,,,
,,,,,6264,26.0,26,,,,,,
,,,,,6267,3.0,3,,,,,,
,,,,,6272,5.0,5,,,,,,
,,,,,6275,3.0,3,,,,,,
,,,,,6284,9.0,9,,,,,,
,,,,,6295,11.0,11,,,,,,
,,,,,6301,6.0,6,,,,,,
,,,,,6306,5.0,5,,,,,,
,,,,,6310,4.0,4,,,,,,
,,,,,6315,5.0,5,,,,,,
,,,,,6320,5.0,5,,,,,,
,,,,,6329,9.0,9,,,,,,
,,,,,6336,7.0,7,,,,,,
,,,,,6341,5.0,5,,,,,,
,,,,,6345,4.0,4,,,,,,
,,,,,6351,6.0,6,,,,,,
,,,,,6355,4.0,4,,,,,,
,,,,,6361,6.0,6,,,,,,
,,,,,6366,5.0,5,,,,,,
,,,,,6369,3.0,3,,,,,,
,,,,,6381,12.0,12,,,,,,
,,,,,6388,7.0,7,,,,,,
,,,,,6394,6.0,6,,,,,,
,,,,,6399,5.0,5,,,,,,
,,,,,6403,4.0,4,,,,,,
,,,,,6407,4.0,4,,,,,,
,,,,,6420,13.0,13,,,,,,
,,,,,6431,11.0,11,,,,,,
,,,,,6435,4.0,4,,,,,,
,,,,,6440,5.0,5,,,,,,
,,,,,6445,5.0,5,,,,,,
,,,,,6453,8.0,8,,,,,,
,,,,,6458,5.0,5,,,,,,
,,,,,6470,12.0,12,,,,,,
,,,,,6485,15.0,15,,,,,,
,,,,,6490,5.0,5,,,,,,
,,,,,6498,8.0,8,,,,,,
,,,,,6518,20.0,20,,,,,,
,,,,,6527,9.0,9,,,,,,
,,,,,6530,3.0,3,,,,,,
,,,,,6534,4.0,4,,,,,,
,,,,,6549,15.0,15,,,,,,
,,,,,6553,4.0,4,,,,,,
,,,,,6559,6.0,6,,,,,,
,,,,,6568,9.0,9,,,,,,
,,,,,6572,4.0,4,,,,,,
,,,,,6581,9.0,9,,,,,,
,,,,,6584,3.0,3,,,,,,
,,,,,6592,8.0,8,,,,,,
,,,,,6595,3.0,3,,,,,,
,,,,,6598,3.0,3,,,,,,
,,,,,6605,7.0,7,,,,,,
,,,,,6615,10.0,10,,,,,,
,,,,,6622,7.0,7,,,,,,
,,,,,6626,4.0,4,,,,,,
,,,,,6636,10.0,10,,,,,,
,,,,,6641,5.0,5,,,,,,
,,,,,6645,4.0,4,,,,,,
,,,,,6651,6.0,6,,,,,,
,,,,,6658,7.0,7,,,,,,
,,,,,6683,25.0,25,,,,,,
,,,,,6691,8.0,8,,,,,,
,,,,,6695,4.0,4,,,,,,
,,,,,6700,5.0,5,,,,,,
,,,,,6704,4.0,4,,,,,,
,,,,,6714,10.0,10,,,,,,
,,,,,6719,5.0,5,,,,,,
,,,,,6726,7.0,7,,,,,,
,,,,,6732,6.0,6,,,,,,
,,,,,6736,4.0,4,,,,,,
,,,,,6743,7.0,7,,,,,,
,,,,,6748,5.0,5,,,,,,
,,,,,6752,4.0,4,,,,,,
,,,,,6763,11.0,11,,,,,,
,,,,,6767,4.0,4,,,,,,
,,,,,6770,3.0,3,,,,,,
,,,,,6788,18.0,18,,,,,,
,,,,,6791,3.0,3,,,,,,
,,,,,6799,8.0,8,,,,,,
,,,,,6802,3.0,3,,,,,,
,,,,,6806,4.0,4,,,,,,
,,,,,6817,11.0,11,,,,,,
,,,,,6823,6.0,6,,,,,,
,,,,,6832,9.0,9,,,,,,
,,,,,6837,5.0,5,,,,,,
,,,,,6853,16.0,16,,,,,,
,,,,,6856,3.0,3,,,,,,
,,,,,6859,3.0,3,,,,,,
,,,,,6865,6.0,6,,,,,,
,,,,,6872,7.0,7,,,,,,
,,,,,6879,7.0,7,,,,,,
,,,,,6883,4.0,4,,,,,,
,,,,,6889,6.0,6,,,,,,
,,,,,6897,8.0,8,,,,,,
,,,,,6900,3.0,3,,,,,,
,,,,,6916,16.0,16,,,,,,
,,,,,6940,24.0,24,,,,,,
,,,,,6947,7.0,7,,,,,,
,,,,,6950,3.0,3,,,,,,
,,,,,6955,5.0,5,,,,,,
,,,,,6965,10.0,10,,,,,,
,,,,,6976,11.0,11,,,,,,
,,,,,6984,8.0,8,,,,,,
,,,,,6988,4.0,4,,,,,,
,,,,,6999,11.0,11,,,,,,
,,,,,7000,,,1.9704360961914062,5.098195552825928,5.014101982116699,0.0003,0.0003,0.1
,,,,,7005,6.0,6,,,,,,
,,,,,7026,21.0,21,,,,,,
,,,,,7038,12.0,12,,,,,,
,,,,,7043,5.0,5,,,,,,
,,,,,7051,8.0,8,,,,,,
,,,,,7055,4.0,4,,,,,,
,,,,,7058,3.0,3,,,,,,
,,,,,7063,5.0,5,,,,,,
,,,,,7078,15.0,15,,,,,,
,,,,,7082,4.0,4,,,,,,
,,,,,7088,6.0,6,,,,,,
,,,,,7091,3.0,3,,,,,,
,,,,,7094,3.0,3,,,,,,
,,,,,7097,3.0,3,,,,,,
,,,,,7104,7.0,7,,,,,,
,,,,,7110,6.0,6,,,,,,
,,,,,7121,11.0,11,,,,,,
,,,,,7125,4.0,4,,,,,,
,,,,,7131,6.0,6,,,,,,
,,,,,7146,15.0,15,,,,,,
,,,,,7153,7.0,7,,,,,,
,,,,,7173,20.0,20,,,,,,
,,,,,7184,11.0,11,,,,,,
,,,,,7195,11.0,11,,,,,,
,,,,,7198,3.0,3,,,,,,
,,,,,7202,4.0,4,,,,,,
,,,,,7207,5.0,5,,,,,,
,,,,,7214,7.0,7,,,,,,
,,,,,7218,4.0,4,,,,,,
,,,,,7221,3.0,3,,,,,,
,,,,,7236,15.0,15,,,,,,
,,,,,7241,5.0,5,,,,,,
,,,,,7262,21.0,21,,,,,,
,,,,,7269,7.0,7,,,,,,
,,,,,7272,3.0,3,,,,,,
,,,,,7276,4.0,4,,,,,,
,,,,,7279,3.0,3,,,,,,
,,,,,7282,3.0,3,,,,,,
,,,,,7292,10.0,10,,,,,,
,,,,,7299,7.0,7,,,,,,
,,,,,7303,4.0,4,,,,,,
,,,,,7309,6.0,6,,,,,,
,,,,,7312,3.0,3,,,,,,
,,,,,7315,3.0,3,,,,,,
,,,,,7328,13.0,13,,,,,,
,,,,,7336,8.0,8,,,,,,
,,,,,7343,7.0,7,,,,,,
,,,,,7347,4.0,4,,,,,,
,,,,,7355,8.0,8,,,,,,
,,,,,7359,4.0,4,,,,,,
,,,,,7363,4.0,4,,,,,,
,,,,,7386,23.0,23,,,,,,
,,,,,7389,3.0,3,,,,,,
,,,,,7395,6.0,6,,,,,,
,,,,,7400,5.0,5,,,,,,
,,,,,7403,3.0,3,,,,,,
,,,,,7406,3.0,3,,,,,,
,,,,,7410,4.0,4,,,,,,
,,,,,7414,4.0,4,,,,,,
,,,,,7423,9.0,9,,,,,,
,,,,,7433,10.0,10,,,,,,
,,,,,7444,11.0,11,,,,,,
,,,,,7449,5.0,5,,,,,,
,,,,,7452,3.0,3,,,,,,
,,,,,7457,5.0,5,,,,,,
,,,,,7473,16.0,16,,,,,,
,,,,,7478,5.0,5,,,,,,
,,,,,7487,9.0,9,,,,,,
,,,,,7494,7.0,7,,,,,,
,,,,,7497,3.0,3,,,,,,
,,,,,7507,10.0,10,,,,,,
,,,,,7516,9.0,9,,,,,,
,,,,,7520,4.0,4,,,,,,
,,,,,7533,13.0,13,,,,,,
,,,,,7536,3.0,3,,,,,,
,,,,,7539,3.0,3,,,,,,
,,,,,7542,3.0,3,,,,,,
,,,,,7548,6.0,6,,,,,,
,,,,,7551,3.0,3,,,,,,
,,,,,7570,19.0,19,,,,,,
,,,,,7574,4.0,4,,,,,,
,,,,,7585,11.0,11,,,,,,
,,,,,7590,5.0,5,,,,,,
,,,,,7602,12.0,12,,,,,,
,,,,,7605,3.0,3,,,,,,
,,,,,7610,5.0,5,,,,,,
,,,,,7615,5.0,5,,,,,,
,,,,,7624,9.0,9,,,,,,
,,,,,7630,6.0,6,,,,,,
,,,,,7635,5.0,5,,,,,,
,,,,,7648,13.0,13,,,,,,
,,,,,7655,7.0,7,,,,,,
,,,,,7664,9.0,9,,,,,,
,,,,,7673,9.0,9,,,,,,
,,,,,7677,4.0,4,,,,,,
,,,,,7703,26.0,26,,,,,,
,,,,,7707,4.0,4,,,,,,
,,,,,7710,3.0,3,,,,,,
,,,,,7713,3.0,3,,,,,,
,,,,,7720,7.0,7,,,,,,
,,,,,7726,6.0,6,,,,,,
,,,,,7733,7.0,7,,,,,,
,,,,,7737,4.0,4,,,,,,
,,,,,7740,3.0,3,,,,,,
,,,,,7743,3.0,3,,,,,,
,,,,,7754,11.0,11,,,,,,
,,,,,7768,14.0,14,,,,,,
,,,,,7794,26.0,26,,,,,,
,,,,,7797,3.0,3,,,,,,
,,,,,7812,15.0,15,,,,,,
,,,,,7815,3.0,3,,,,,,
,,,,,7818,3.0,3,,,,,,
,,,,,7824,6.0,6,,,,,,
,,,,,7827,3.0,3,,,,,,
,,,,,7834,7.0,7,,,,,,
,,,,,7838,4.0,4,,,,,,
,,,,,7844,6.0,6,,,,,,
,,,,,7849,5.0,5,,,,,,
,,,,,7855,6.0,6,,,,,,
,,,,,7859,4.0,4,,,,,,
,,,,,7873,14.0,14,,,,,,
,,,,,7876,3.0,3,,,,,,
,,,,,7880,4.0,4,,,,,,
,,,,,7884,4.0,4,,,,,,
,,,,,7888,4.0,4,,,,,,
,,,,,7893,5.0,5,,,,,,
,,,,,7901,8.0,8,,,,,,
,,,,,7905,4.0,4,,,,,,
,,,,,7911,6.0,6,,,,,,
,,,,,7916,5.0,5,,,,,,
,,,,,7919,3.0,3,,,,,,
,,,,,7923,4.0,4,,,,,,
,,,,,7934,11.0,11,,,,,,
,,,,,7938,4.0,4,,,,,,
,,,,,7941,3.0,3,,,,,,
,,,,,7944,3.0,3,,,,,,
,,,,,7948,4.0,4,,,,,,
,,,,,7964,16.0,16,,,,,,
,,,,,7967,3.0,3,,,,,,
,,,,,7972,5.0,5,,,,,,
,,,,,7978,6.0,6,,,,,,
,,,,,7982,4.0,4,,,,,,
,,,,,7988,6.0,6,,,,,,
,,,,,7995,7.0,7,,,,,,
,,,,,8000,5.0,5,,,,,,
,,,,,8000,,,2.1419222354888916,5.504323482513428,5.43821382522583,0.0003,0.0003,0.1
,,,,,8007,7.0,7,,,,,,
,,,,,8011,4.0,4,,,,,,
,,,,,8021,10.0,10,,,,,,
,,,,,8026,5.0,5,,,,,,
,,,,,8030,4.0,4,,,,,,
,,,,,8038,8.0,8,,,,,,
,,,,,8044,6.0,6,,,,,,
,,,,,8048,4.0,4,,,,,,
,,,,,8053,5.0,5,,,,,,
,,,,,8073,20.0,20,,,,,,
,,,,,8077,4.0,4,,,,,,
,,,,,8084,7.0,7,,,,,,
,,,,,8097,13.0,13,,,,,,
,,,,,8122,25.0,25,,,,,,
,,,,,8126,4.0,4,,,,,,
,,,,,8140,14.0,14,,,,,,
,,,,,8146,6.0,6,,,,,,
,,,,,8151,5.0,5,,,,,,
,,,,,8160,9.0,9,,,,,,
,,,,,8173,13.0,13,,,,,,
,,,,,8178,5.0,5,,,,,,
,,,,,8184,6.0,6,,,,,,
,,,,,8189,5.0,5,,,,,,
,,,,,8192,3.0,3,,,,,,
,,,,,8198,6.0,6,,,,,,
,,,,,8202,4.0,4,,,,,,
,,,,,8208,6.0,6,,,,,,
,,,,,8212,4.0,4,,,,,,
,,,,,8217,5.0,5,,,,,,
,,,,,8224,7.0,7,,,,,,
,,,,,8232,8.0,8,,,,,,
,,,,,8238,6.0,6,,,,,,
,,,,,8242,4.0,4,,,,,,
,,,,,8260,18.0,18,,,,,,
,,,,,8266,6.0,6,,,,,,
,,,,,8274,8.0,8,,,,,,
,,,,,8280,6.0,6,,,,,,
,,,,,8284,4.0,4,,,,,,
,,,,,8289,5.0,5,,,,,,
,,,,,8295,6.0,6,,,,,,
,,,,,8302,7.0,7,,,,,,
,,,,,8311,9.0,9,,,,,,
,,,,,8317,6.0,6,,,,,,
,,,,,8320,3.0,3,,,,,,
,,,,,8324,4.0,4,,,,,,
,,,,,8328,4.0,4,,,,,,
,,,,,8334,6.0,6,,,,,,
,,,,,8340,6.0,6,,,,,,
,,,,,8344,4.0,4,,,,,,
,,,,,8348,4.0,4,,,,,,
,,,,,8352,4.0,4,,,,,,
,,,,,8362,10.0,10,,,,,,
,,,,,8372,10.0,10,,,,,,
,,,,,8377,5.0,5,,,,,,
,,,,,8380,3.0,3,,,,,,
,,,,,8384,4.0,4,,,,,,
,,,,,8389,5.0,5,,,,,,
,,,,,8397,8.0,8,,,,,,
,,,,,8410,13.0,13,,,,,,
,,,,,8418,8.0,8,,,,,,
,,,,,8422,4.0,4,,,,,,
,,,,,8426,4.0,4,,,,,,
,,,,,8429,3.0,3,,,,,,
,,,,,8433,4.0,4,,,,,,
,,,,,8437,4.0,4,,,,,,
,,,,,8444,7.0,7,,,,,,
,,,,,8448,4.0,4,,,,,,
,,,,,8463,15.0,15,,,,,,
,,,,,8469,6.0,6,,,,,,
,,,,,8477,8.0,8,,,,,,
,,,,,8481,4.0,4,,,,,,
,,,,,8489,8.0,8,,,,,,
,,,,,8498,9.0,9,,,,,,
,,,,,8501,3.0,3,,,,,,
,,,,,8523,22.0,22,,,,,,
,,,,,8527,4.0,4,,,,,,
,,,,,8533,6.0,6,,,,,,
,,,,,8544,11.0,11,,,,,,
,,,,,8551,7.0,7,,,,,,
,,,,,8555,4.0,4,,,,,,
,,,,,8559,4.0,4,,,,,,
,,,,,8572,13.0,13,,,,,,
,,,,,8577,5.0,5,,,,,,
,,,,,8601,24.0,24,,,,,,
,,,,,8608,7.0,7,,,,,,
,,,,,8612,4.0,4,,,,,,
,,,,,8618,6.0,6,,,,,,
,,,,,8623,5.0,5,,,,,,
,,,,,8628,5.0,5,,,,,,
,,,,,8646,18.0,18,,,,,,
,,,,,8653,7.0,7,,,,,,
,,,,,8656,3.0,3,,,,,,
,,,,,8670,14.0,14,,,,,,
,,,,,8674,4.0,4,,,,,,
,,,,,8678,4.0,4,,,,,,
,,,,,8682,4.0,4,,,,,,
,,,,,8692,10.0,10,,,,,,
,,,,,8697,5.0,5,,,,,,
,,,,,8701,4.0,4,,,,,,
,,,,,8706,5.0,5,,,,,,
,,,,,8712,6.0,6,,,,,,
,,,,,8718,6.0,6,,,,,,
,,,,,8724,6.0,6,,,,,,
,,,,,8728,4.0,4,,,,,,
,,,,,8733,5.0,5,,,,,,
,,,,,8755,22.0,22,,,,,,
,,,,,8758,3.0,3,,,,,,
,,,,,8764,6.0,6,,,,,,
,,,,,8767,3.0,3,,,,,,
,,,,,8770,3.0,3,,,,,,
,,,,,8782,12.0,12,,,,,,
,,,,,8787,5.0,5,,,,,,
,,,,,8791,4.0,4,,,,,,
,,,,,8795,4.0,4,,,,,,
,,,,,8801,6.0,6,,,,,,
,,,,,8813,12.0,12,,,,,,
,,,,,8818,5.0,5,,,,,,
,,,,,8825,7.0,7,,,,,,
,,,,,8841,16.0,16,,,,,,
,,,,,8847,6.0,6,,,,,,
,,,,,8863,16.0,16,,,,,,
,,,,,8881,18.0,18,,,,,,
,,,,,8885,4.0,4,,,,,,
,,,,,8889,4.0,4,,,,,,
,,,,,8894,5.0,5,,,,,,
,,,,,8903,9.0,9,,,,,,
,,,,,8909,6.0,6,,,,,,
,,,,,8914,5.0,5,,,,,,
,,,,,8922,8.0,8,,,,,,
,,,,,8925,3.0,3,,,,,,
,,,,,8937,12.0,12,,,,,,
,,,,,8942,5.0,5,,,,,,
,,,,,8953,11.0,11,,,,,,
,,,,,8957,4.0,4,,,,,,
,,,,,8972,15.0,15,,,,,,
,,,,,8976,4.0,4,,,,,,
,,,,,8982,6.0,6,,,,,,
,,,,,8989,7.0,7,,,,,,
,,,,,8992,3.0,3,,,,,,
,,,,,8999,7.0,7,,,,,,
,,,,,9000,,,1.7623119354248047,5.182730674743652,5.312588214874268,0.0003,0.0003,0.1
,,,,,9013,14.0,14,,,,,,
,,,,,9019,6.0,6,,,,,,
,,,,,9028,9.0,9,,,,,,
,,,,,9031,3.0,3,,,,,,
,,,,,9040,9.0,9,,,,,,
,,,,,9045,5.0,5,,,,,,
,,,,,9048,3.0,3,,,,,,
,,,,,9052,4.0,4,,,,,,
,,,,,9055,3.0,3,,,,,,
,,,,,9059,4.0,4,,,,,,
,,,,,9063,4.0,4,,,,,,
,,,,,9070,7.0,7,,,,,,
,,,,,9076,6.0,6,,,,,,
,,,,,9081,5.0,5,,,,,,
,,,,,9089,8.0,8,,,,,,
,,,,,9092,3.0,3,,,,,,
,,,,,9097,5.0,5,,,,,,
,,,,,9106,9.0,9,,,,,,
,,,,,9113,7.0,7,,,,,,
,,,,,9120,7.0,7,,,,,,
,,,,,9139,19.0,19,,,,,,
,,,,,9144,5.0,5,,,,,,
,,,,,9150,6.0,6,,,,,,
,,,,,9160,10.0,10,,,,,,
,,,,,9163,3.0,3,,,,,,
,,,,,9166,3.0,3,,,,,,
,,,,,9178,12.0,12,,,,,,
,,,,,9183,5.0,5,,,,,,
,,,,,9189,6.0,6,,,,,,
,,,,,9197,8.0,8,,,,,,
,,,,,9202,5.0,5,,,,,,
,,,,,9210,8.0,8,,,,,,
,,,,,9224,14.0,14,,,,,,
,,,,,9234,10.0,10,,,,,,
,,,,,9251,17.0,17,,,,,,
,,,,,9254,3.0,3,,,,,,
,,,,,9259,5.0,5,,,,,,
,,,,,9262,3.0,3,,,,,,
,,,,,9279,17.0,17,,,,,,
,,,,,9285,6.0,6,,,,,,
,,,,,9294,9.0,9,,,,,,
,,,,,9313,19.0,19,,,,,,
,,,,,9317,4.0,4,,,,,,
,,,,,9322,5.0,5,,,,,,
,,,,,9330,8.0,8,,,,,,
,,,,,9349,19.0,19,,,,,,
,,,,,9352,3.0,3,,,,,,
,,,,,9356,4.0,4,,,,,,
,,,,,9362,6.0,6,,,,,,
,,,,,9367,5.0,5,,,,,,
,,,,,9371,4.0,4,,,,,,
,,,,,9379,8.0,8,,,,,,
,,,,,9382,3.0,3,,,,,,
,,,,,9385,3.0,3,,,,,,
,,,,,9394,9.0,9,,,,,,
,,,,,9401,7.0,7,,,,,,
,,,,,9411,10.0,10,,,,,,
,,,,,9414,3.0,3,,,,,,
,,,,,9427,13.0,13,,,,,,
,,,,,9432,5.0,5,,,,,,
,,,,,9440,8.0,8,,,,,,
,,,,,9453,13.0,13,,,,,,
,,,,,9457,4.0,4,,,,,,
,,,,,9462,5.0,5,,,,,,
,,,,,9465,3.0,3,,,,,,
,,,,,9468,3.0,3,,,,,,
,,,,,9479,11.0,11,,,,,,
,,,,,9483,4.0,4,,,,,,
,,,,,9486,3.0,3,,,,,,
,,,,,9494,8.0,8,,,,,,
,,,,,9500,6.0,6,,,,,,
,,,,,9506,6.0,6,,,,,,
,,,,,9511,5.0,5,,,,,,
,,,,,9517,6.0,6,,,,,,
,,,,,9520,3.0,3,,,,,,
,,,,,9528,8.0,8,,,,,,
,,,,,9533,5.0,5,,,,,,
,,,,,9537,4.0,4,,,,,,
,,,,,9541,4.0,4,,,,,,
,,,,,9549,8.0,8,,,,,,
,,,,,9560,11.0,11,,,,,,
,,,,,9563,3.0,3,,,,,,
,,,,,9573,10.0,10,,,,,,
,,,,,9576,3.0,3,,,,,,
,,,,,9581,5.0,5,,,,,,
,,,,,9584,3.0,3,,,,,,
,,,,,9587,3.0,3,,,,,,
,,,,,9593,6.0,6,,,,,,
,,,,,9605,12.0,12,,,,,,
,,,,,9608,3.0,3,,,,,,
,,,,,9611,3.0,3,,,,,,
,,,,,9618,7.0,7,,,,,,
,,,,,9623,5.0,5,,,,,,
,,,,,9630,7.0,7,,,,,,
,,,,,9634,4.0,4,,,,,,
,,,,,9638,4.0,4,,,,,,
,,,,,9642,4.0,4,,,,,,
,,,,,9664,22.0,22,,,,,,
,,,,,9678,14.0,14,,,,,,
,,,,,9686,8.0,8,,,,,,
,,,,,9692,6.0,6,,,,,,
,,,,,9702,10.0,10,,,,,,
,,,,,9711,9.0,9,,,,,,
,,,,,9715,4.0,4,,,,,,
,,,,,9721,6.0,6,,,,,,
,,,,,9728,7.0,7,,,,,,
,,,,,9736,8.0,8,,,,,,
,,,,,9753,17.0,17,,,,,,
,,,,,9758,5.0,5,,,,,,
,,,,,9762,4.0,4,,,,,,
,,,,,9767,5.0,5,,,,,,
,,,,,9787,20.0,20,,,,,,
,,,,,9791,4.0,4,,,,,,
,,,,,9798,7.0,7,,,,,,
,,,,,9806,8.0,8,,,,,,
,,,,,9810,4.0,4,,,,,,
,,,,,9822,12.0,12,,,,,,
,,,,,9827,5.0,5,,,,,,
,,,,,9831,4.0,4,,,,,,
,,,,,9834,3.0,3,,,,,,
,,,,,9838,4.0,4,,,,,,
,,,,,9841,3.0,3,,,,,,
,,,,,9845,4.0,4,,,,,,
,,,,,9858,13.0,13,,,,,,
,,,,,9863,5.0,5,,,,,,
,,,,,9866,3.0,3,,,,,,
,,,,,9871,5.0,5,,,,,,
,,,,,9880,9.0,9,,,,,,
,,,,,9886,6.0,6,,,,,,
,,,,,9891,5.0,5,,,,,,
,,,,,9895,4.0,4,,,,,,
,,,,,9901,6.0,6,,,,,,
,,,,,9909,8.0,8,,,,,,
,,,,,9922,13.0,13,,,,,,
,,,,,9933,11.0,11,,,,,,
,,,,,9941,8.0,8,,,,,,
,,,,,9950,9.0,9,,,,,,
,,,,,9968,18.0,18,,,,,,
,,,,,9972,4.0,4,,,,,,
,,,,,9978,6.0,6,,,,,,
,,,,,9982,4.0,4,,,,,,
,,,,,9998,16.0,16,,,,,,
7.7,3.1,15.0,4.0,7.7,10000,,,2.218855381011963,5.2545166015625,5.353838920593262,0.0003,0.0003,0.1
,,,,,10005,7.0,7,,,,,,
,,,,,10010,5.0,5,,,,,,
,,,,,10014,4.0,4,,,,,,
,,,,,10018,4.0,4,,,,,,
,,,,,10026,8.0,8,,,,,,
,,,,,10031,5.0,5,,,,,,
,,,,,10040,9.0,9,,,,,,
,,,,,10047,7.0,7,,,,,,
,,,,,10052,5.0,5,,,,,,
,,,,,10058,6.0,6,,,,,,
,,,,,10062,4.0,4,,,,,,
,,,,,10070,8.0,8,,,,,,
,,,,,10073,3.0,3,,,,,,
,,,,,10079,6.0,6,,,,,,
,,,,,10082,3.0,3,,,,,,
,,,,,10086,4.0,4,,,,,,
,,,,,10091,5.0,5,,,,,,
,,,,,10095,4.0,4,,,,,,
,,,,,10098,3.0,3,,,,,,
,,,,,10103,5.0,5,,,,,,
,,,,,10112,9.0,9,,,,,,
,,,,,10116,4.0,4,,,,,,
,,,,,10122,6.0,6,,,,,,
,,,,,10125,3.0,3,,,,,,
,,,,,10131,6.0,6,,,,,,
,,,,,10135,4.0,4,,,,,,
,,,,,10143,8.0,8,,,,,,
,,,,,10146,3.0,3,,,,,,
,,,,,10150,4.0,4,,,,,,
,,,,,10158,8.0,8,,,,,,
,,,,,10161,3.0,3,,,,,,
,,,,,10173,12.0,12,,,,,,
,,,,,10176,3.0,3,,,,,,
,,,,,10180,4.0,4,,,,,,
,,,,,10191,11.0,11,,,,,,
,,,,,10196,5.0,5,,,,,,
,,,,,10207,11.0,11,,,,,,
,,,,,10221,14.0,14,,,,,,
,,,,,10224,3.0,3,,,,,,
,,,,,10229,5.0,5,,,,,,
,,,,,10240,11.0,11,,,,,,
,,,,,10249,9.0,9,,,,,,
,,,,,10259,10.0,10,,,,,,
,,,,,10266,7.0,7,,,,,,
,,,,,10270,4.0,4,,,,,,
,,,,,10279,9.0,9,,,,,,
,,,,,10295,16.0,16,,,,,,
,,,,,10308,13.0,13,,,,,,
,,,,,10311,3.0,3,,,,,,
,,,,,10317,6.0,6,,,,,,
,,,,,10323,6.0,6,,,,,,
,,,,,10327,4.0,4,,,,,,
,,,,,10334,7.0,7,,,,,,
,,,,,10340,6.0,6,,,,,,
,,,,,10343,3.0,3,,,,,,
,,,,,10359,16.0,16,,,,,,
,,,,,10364,5.0,5,,,,,,
,,,,,10367,3.0,3,,,,,,
,,,,,10377,10.0,10,,,,,,
,,,,,10383,6.0,6,,,,,,
,,,,,10388,5.0,5,,,,,,
,,,,,10393,5.0,5,,,,,,
,,,,,10397,4.0,4,,,,,,
,,,,,10401,4.0,4,,,,,,
,,,,,10406,5.0,5,,,,,,
,,,,,10411,5.0,5,,,,,,
,,,,,10418,7.0,7,,,,,,
,,,,,10424,6.0,6,,,,,,
,,,,,10428,4.0,4,,,,,,
,,,,,10454,26.0,26,,,,,,
,,,,,10463,9.0,9,,,,,,
,,,,,10467,4.0,4,,,,,,
,,,,,10471,4.0,4,,,,,,
,,,,,10479,8.0,8,,,,,,
,,,,,10483,4.0,4,,,,,,
,,,,,10501,18.0,18,,,,,,
,,,,,10505,4.0,4,,,,,,
,,,,,10510,5.0,5,,,,,,
,,,,,10522,12.0,12,,,,,,
,,,,,10526,4.0,4,,,,,,
,,,,,10531,5.0,5,,,,,,
,,,,,10538,7.0,7,,,,,,
,,,,,10543,5.0,5,,,,,,
,,,,,10547,4.0,4,,,,,,
,,,,,10550,3.0,3,,,,,,
,,,,,10556,6.0,6,,,,,,
,,,,,10561,5.0,5,,,,,,
,,,,,10566,5.0,5,,,,,,
,,,,,10570,4.0,4,,,,,,
,,,,,10591,21.0,21,,,,,,
,,,,,10604,13.0,13,,,,,,
,,,,,10616,12.0,12,,,,,,
,,,,,10620,4.0,4,,,,,,
,,,,,10629,9.0,9,,,,,,
,,,,,10632,3.0,3,,,,,,
,,,,,10639,7.0,7,,,,,,
,,,,,10650,11.0,11,,,,,,
,,,,,10654,4.0,4,,,,,,
,,,,,10659,5.0,5,,,,,,
,,,,,10663,4.0,4,,,,,,
,,,,,10668,5.0,5,,,,,,
,,,,,10678,10.0,10,,,,,,
,,,,,10685,7.0,7,,,,,,
,,,,,10697,12.0,12,,,,,,
,,,,,10702,5.0,5,,,,,,
,,,,,10707,5.0,5,,,,,,
,,,,,10710,3.0,3,,,,,,
,,,,,10720,10.0,10,,,,,,
,,,,,10725,5.0,5,,,,,,
,,,,,10730,5.0,5,,,,,,
,,,,,10737,7.0,7,,,,,,
,,,,,10740,3.0,3,,,,,,
,,,,,10743,3.0,3,,,,,,
,,,,,10748,5.0,5,,,,,,
,,,,,10754,6.0,6,,,,,,
,,,,,10777,23.0,23,,,,,,
,,,,,10783,6.0,6,,,,,,
,,,,,10788,5.0,5,,,,,,
,,,,,10792,4.0,4,,,,,,
,,,,,10803,11.0,11,,,,,,
,,,,,10812,9.0,9,,,,,,
,,,,,10817,5.0,5,,,,,,
,,,,,10821,4.0,4,,,,,,
,,,,,10830,9.0,9,,,,,,
,,,,,10833,3.0,3,,,,,,
,,,,,10836,3.0,3,,,,,,
,,,,,10843,7.0,7,,,,,,
,,,,,10850,7.0,7,,,,,,
,,,,,10855,5.0,5,,,,,,
,,,,,10858,3.0,3,,,,,,
,,,,,10861,3.0,3,,,,,,
,,,,,10864,3.0,3,,,,,,
,,,,,10869,5.0,5,,,,,,
,,,,,10876,7.0,7,,,,,,
,,,,,10887,11.0,11,,,,,,
,,,,,10896,9.0,9,,,,,,
,,,,,10901,5.0,5,,,,,,
,,,,,10904,3.0,3,,,,,,
,,,,,10908,4.0,4,,,,,,
,,,,,10920,12.0,12,,,,,,
,,,,,10924,4.0,4,,,,,,
,,,,,10933,9.0,9,,,,,,
,,,,,10944,11.0,11,,,,,,
,,,,,10947,3.0,3,,,,,,
,,,,,10976,29.0,29,,,,,,
,,,,,10979,3.0,3,,,,,,
,,,,,10983,4.0,4,,,,,,
,,,,,11000,,,2.452622413635254,5.008569240570068,5.1183013916015625,0.0003,0.0003,0.1
,,,,,11012,29.0,29,,,,,,
,,,,,11016,4.0,4,,,,,,
,,,,,11023,7.0,7,,,,,,
,,,,,11027,4.0,4,,,,,,
,,,,,11032,5.0,5,,,,,,
,,,,,11039,7.0,7,,,,,,
,,,,,11044,5.0,5,,,,,,
,,,,,11049,5.0,5,,,,,,
,,,,,11054,5.0,5,,,,,,
,,,,,11061,7.0,7,,,,,,
,,,,,11071,10.0,10,,,,,,
,,,,,11076,5.0,5,,,,,,
,,,,,11089,13.0,13,,,,,,
,,,,,11116,27.0,27,,,,,,
,,,,,11125,9.0,9,,,,,,
,,,,,11130,5.0,5,,,,,,
,,,,,11137,7.0,7,,,,,,
,,,,,11144,7.0,7,,,,,,
,,,,,11149,5.0,5,,,,,,
,,,,,11154,5.0,5,,,,,,
,,,,,11186,32.0,32,,,,,,
,,,,,11191,5.0,5,,,,,,
,,,,,11203,12.0,12,,,,,,
,,,,,11207,4.0,4,,,,,,
,,,,,11212,5.0,5,,,,,,
,,,,,11216,4.0,4,,,,,,
,,,,,11222,6.0,6,,,,,,
,,,,,11230,8.0,8,,,,,,
,,,,,11234,4.0,4,,,,,,
,,,,,11241,7.0,7,,,,,,
,,,,,11246,5.0,5,,,,,,
,,,,,11251,5.0,5,,,,,,
,,,,,11256,5.0,5,,,,,,
,,,,,11266,10.0,10,,,,,,
,,,,,11269,3.0,3,,,,,,
,,,,,11278,9.0,9,,,,,,
,,,,,11283,5.0,5,,,,,,
,,,,,11291,8.0,8,,,,,,
,,,,,11299,8.0,8,,,,,,
,,,,,11302,3.0,3,,,,,,
,,,,,11307,5.0,5,,,,,,
,,,,,11313,6.0,6,,,,,,
,,,,,11318,5.0,5,,,,,,
,,,,,11327,9.0,9,,,,,,
,,,,,11330,3.0,3,,,,,,
,,,,,11339,9.0,9,,,,,,
,,,,,11365,26.0,26,,,,,,
,,,,,11375,10.0,10,,,,,,
,,,,,11379,4.0,4,,,,,,
,,,,,11387,8.0,8,,,,,,
,,,,,11392,5.0,5,,,,,,
,,,,,11403,11.0,11,,,,,,
,,,,,11406,3.0,3,,,,,,
,,,,,11410,4.0,4,,,,,,
,,,,,11415,5.0,5,,,,,,
,,,,,11425,10.0,10,,,,,,
,,,,,11429,4.0,4,,,,,,
,,,,,11441,12.0,12,,,,,,
,,,,,11447,6.0,6,,,,,,
,,,,,11453,6.0,6,,,,,,
,,,,,11462,9.0,9,,,,,,
,,,,,11465,3.0,3,,,,,,
,,,,,11470,5.0,5,,,,,,
,,,,,11481,11.0,11,,,,,,
,,,,,11486,5.0,5,,,,,,
,,,,,11491,5.0,5,,,,,,
,,,,,11495,4.0,4,,,,,,
,,,,,11522,27.0,27,,,,,,
,,,,,11535,13.0,13,,,,,,
,,,,,11546,11.0,11,,,,,,
,,,,,11554,8.0,8,,,,,,
,,,,,11559,5.0,5,,,,,,
,,,,,11568,9.0,9,,,,,,
,,,,,11572,4.0,4,,,,,,
,,,,,11578,6.0,6,,,,,,
,,,,,11588,10.0,10,,,,,,
,,,,,11592,4.0,4,,,,,,
,,,,,11603,11.0,11,,,,,,
,,,,,11615,12.0,12,,,,,,
,,,,,11620,5.0,5,,,,,,
,,,,,11626,6.0,6,,,,,,
,,,,,11629,3.0,3,,,,,,
,,,,,11642,13.0,13,,,,,,
,,,,,11647,5.0,5,,,,,,
,,,,,11651,4.0,4,,,,,,
,,,,,11656,5.0,5,,,,,,
,,,,,11661,5.0,5,,,,,,
,,,,,11669,8.0,8,,,,,,
,,,,,11682,13.0,13,,,,,,
,,,,,11695,13.0,13,,,,,,
,,,,,11698,3.0,3,,,,,,
,,,,,11701,3.0,3,,,,,,
,,,,,11717,16.0,16,,,,,,
,,,,,11725,8.0,8,,,,,,
,,,,,11735,10.0,10,,,,,,
,,,,,11743,8.0,8,,,,,,
,,,,,11748,5.0,5,,,,,,
,,,,,11753,5.0,5,,,,,,
,,,,,11756,3.0,3,,,,,,
,,,,,11770,14.0,14,,,,,,
,,,,,11774,4.0,4,,,,,,
,,,,,11786,12.0,12,,,,,,
,,,,,11793,7.0,7,,,,,,
,,,,,11800,7.0,7,,,,,,
,,,,,11803,3.0,3,,,,,,
,,,,,11806,3.0,3,,,,,,
,,,,,11816,10.0,10,,,,,,
,,,,,11821,5.0,5,,,,,,
,,,,,11826,5.0,5,,,,,,
,,,,,11838,12.0,12,,,,,,
,,,,,11845,7.0,7,,,,,,
,,,,,11853,8.0,8,,,,,,
,,,,,11861,8.0,8,,,,,,
,,,,,11869,8.0,8,,,,,,
,,,,,11882,13.0,13,,,,,,
,,,,,11892,10.0,10,,,,,,
,,,,,11896,4.0,4,,,,,,
,,,,,11899,3.0,3,,,,,,
,,,,,11910,11.0,11,,,,,,
,,,,,11913,3.0,3,,,,,,
,,,,,11919,6.0,6,,,,,,
,,,,,11937,18.0,18,,,,,,
,,,,,11940,3.0,3,,,,,,
,,,,,11946,6.0,6,,,,,,
,,,,,11949,3.0,3,,,,,,
,,,,,11958,9.0,9,,,,,,
,,,,,11965,7.0,7,,,,,,
,,,,,11969,4.0,4,,,,,,
,,,,,11978,9.0,9,,,,,,
,,,,,11981,3.0,3,,,,,,
,,,,,11985,4.0,4,,,,,,
,,,,,11992,7.0,7,,,,,,
,,,,,11997,5.0,5,,,,,,
,,,,,12000,,,2.8648390769958496,5.130541801452637,5.147971153259277,0.0003,0.0003,0.1
,,,,,12002,5.0,5,,,,,,
,,,,,12012,10.0,10,,,,,,
,,,,,12017,5.0,5,,,,,,
,,,,,12022,5.0,5,,,,,,
,,,,,12026,4.0,4,,,,,,
,,,,,12032,6.0,6,,,,,,
,,,,,12038,6.0,6,,,,,,
,,,,,12042,4.0,4,,,,,,
,,,,,12046,4.0,4,,,,,,
,,,,,12050,4.0,4,,,,,,
,,,,,12053,3.0,3,,,,,,
,,,,,12056,3.0,3,,,,,,
,,,,,12063,7.0,7,,,,,,
,,,,,12068,5.0,5,,,,,,
,,,,,12082,14.0,14,,,,,,
,,,,,12087,5.0,5,,,,,,
,,,,,12096,9.0,9,,,,,,
,,,,,12110,14.0,14,,,,,,
,,,,,12123,13.0,13,,,,,,
,,,,,12130,7.0,7,,,,,,
,,,,,12139,9.0,9,,,,,,
,,,,,12144,5.0,5,,,,,,
,,,,,12147,3.0,3,,,,,,
,,,,,12151,4.0,4,,,,,,
,,,,,12156,5.0,5,,,,,,
,,,,,12162,6.0,6,,,,,,
,,,,,12170,8.0,8,,,,,,
,,,,,12175,5.0,5,,,,,,
,,,,,12179,4.0,4,,,,,,
,,,,,12185,6.0,6,,,,,,
,,,,,12191,6.0,6,,,,,,
,,,,,12195,4.0,4,,,,,,
,,,,,12199,4.0,4,,,,,,
,,,,,12206,7.0,7,,,,,,
,,,,,12216,10.0,10,,,,,,
,,,,,12220,4.0,4,,,,,,
,,,,,12224,4.0,4,,,,,,
,,,,,12240,16.0,16,,,,,,
,,,,,12247,7.0,7,,,,,,
,,,,,12264,17.0,17,,,,,,
,,,,,12269,5.0,5,,,,,,
,,,,,12283,14.0,14,,,,,,
,,,,,12305,22.0,22,,,,,,
,,,,,12320,15.0,15,,,,,,
,,,,,12324,4.0,4,,,,,,
,,,,,12336,12.0,12,,,,,,
,,,,,12340,4.0,4,,,,,,
,,,,,12345,5.0,5,,,,,,
,,,,,12350,5.0,5,,,,,,
,,,,,12359,9.0,9,,,,,,
,,,,,12363,4.0,4,,,,,,
,,,,,12370,7.0,7,,,,,,
,,,,,12377,7.0,7,,,,,,
,,,,,12385,8.0,8,,,,,,
,,,,,12389,4.0,4,,,,,,
,,,,,12395,6.0,6,,,,,,
,,,,,12401,6.0,6,,,,,,
,,,,,12405,4.0,4,,,,,,
,,,,,12413,8.0,8,,,,,,
,,,,,12416,3.0,3,,,,,,
,,,,,12420,4.0,4,,,,,,
,,,,,12424,4.0,4,,,,,,
,,,,,12427,3.0,3,,,,,,
,,,,,12430,3.0,3,,,,,,
,,,,,12442,12.0,12,,,,,,
,,,,,12448,6.0,6,,,,,,
,,,,,12452,4.0,4,,,,,,
,,,,,12458,6.0,6,,,,,,
,,,,,12464,6.0,6,,,,,,
,,,,,12468,4.0,4,,,,,,
,,,,,12473,5.0,5,,,,,,
,,,,,12480,7.0,7,,,,,,
,,,,,12483,3.0,3,,,,,,
,,,,,12489,6.0,6,,,,,,
,,,,,12492,3.0,3,,,,,,
,,,,,12499,7.0,7,,,,,,
,,,,,12505,6.0,6,,,,,,
,,,,,12508,3.0,3,,,,,,
,,,,,12511,3.0,3,,,,,,
,,,,,12520,9.0,9,,,,,,
,,,,,12525,5.0,5,,,,,,
,,,,,12531,6.0,6,,,,,,
,,,,,12538,7.0,7,,,,,,
,,,,,12550,12.0,12,,,,,,
,,,,,12555,5.0,5,,,,,,
,,,,,12558,3.0,3,,,,,,
,,,,,12575,17.0,17,,,,,,
,,,,,12591,16.0,16,,,,,,
,,,,,12595,4.0,4,,,,,,
,,,,,12598,3.0,3,,,,,,
,,,,,12604,6.0,6,,,,,,
,,,,,12607,3.0,3,,,,,,
,,,,,12612,5.0,5,,,,,,
,,,,,12617,5.0,5,,,,,,
,,,,,12621,4.0,4,,,,,,
,,,,,12627,6.0,6,,,,,,
,,,,,12642,15.0,15,,,,,,
,,,,,12648,6.0,6,,,,,,
,,,,,12655,7.0,7,,,,,,
,,,,,12660,5.0,5,,,,,,
,,,,,12664,4.0,4,,,,,,
,,,,,12668,4.0,4,,,,,,
,,,,,12673,5.0,5,,,,,,
,,,,,12679,6.0,6,,,,,,
,,,,,12690,11.0,11,,,,,,
,,,,,12696,6.0,6,,,,,,
,,,,,12701,5.0,5,,,,,,
,,,,,12706,5.0,5,,,,,,
,,,,,12709,3.0,3,,,,,,
,,,,,12713,4.0,4,,,,,,
,,,,,12719,6.0,6,,,,,,
,,,,,12722,3.0,3,,,,,,
,,,,,12728,6.0,6,,,,,,
,,,,,12732,4.0,4,,,,,,
,,,,,12736,4.0,4,,,,,,
,,,,,12741,5.0,5,,,,,,
,,,,,12750,9.0,9,,,,,,
,,,,,12754,4.0,4,,,,,,
,,,,,12759,5.0,5,,,,,,
,,,,,12762,3.0,3,,,,,,
,,,,,12767,5.0,5,,,,,,
,,,,,12776,9.0,9,,,,,,
,,,,,12781,5.0,5,,,,,,
,,,,,12790,9.0,9,,,,,,
,,,,,12797,7.0,7,,,,,,
,,,,,12802,5.0,5,,,,,,
,,,,,12806,4.0,4,,,,,,
,,,,,12814,8.0,8,,,,,,
,,,,,12817,3.0,3,,,,,,
,,,,,12822,5.0,5,,,,,,
,,,,,12840,18.0,18,,,,,,
,,,,,12843,3.0,3,,,,,,
,,,,,12847,4.0,4,,,,,,
,,,,,12850,3.0,3,,,,,,
,,,,,12859,9.0,9,,,,,,
,,,,,12875,16.0,16,,,,,,
,,,,,12883,8.0,8,,,,,,
,,,,,12891,8.0,8,,,,,,
,,,,,12898,7.0,7,,,,,,
,,,,,12902,4.0,4,,,,,,
,,,,,12905,3.0,3,,,,,,
,,,,,12911,6.0,6,,,,,,
,,,,,12915,4.0,4,,,,,,
,,,,,12920,5.0,5,,,,,,
,,,,,12927,7.0,7,,,,,,
,,,,,12934,7.0,7,,,,,,
,,,,,12948,14.0,14,,,,,,
,,,,,12954,6.0,6,,,,,,
,,,,,12960,6.0,6,,,,,,
,,,,,12964,4.0,4,,,,,,
,,,,,12969,5.0,5,,,,,,
,,,,,12975,6.0,6,,,,,,
,,,,,12979,4.0,4,,,,,,
,,,,,12983,4.0,4,,,,,,
,,,,,12990,7.0,7,,,,,,
,,,,,13000,10.0,10,,,,,,
,,,,,13000,,,2.097334861755371,5.529027938842773,5.420807838439941,0.0003,0.0003,0.1
,,,,,13011,11.0,11,,,,,,
,,,,,13020,9.0,9,,,,,,
,,,,,13030,10.0,10,,,,,,
,,,,,13041,11.0,11,,,,,,
,,,,,13047,6.0,6,,,,,,
,,,,,13051,4.0,4,,,,,,
,,,,,13056,5.0,5,,,,,,
,,,,,13085,29.0,29,,,,,,
,,,,,13094,9.0,9,,,,,,
,,,,,13098,4.0,4,,,,,,
,,,,,13102,4.0,4,,,,,,
,,,,,13111,9.0,9,,,,,,
,,,,,13121,10.0,10,,,,,,
,,,,,13126,5.0,5,,,,,,
,,,,,13137,11.0,11,,,,,,
,,,,,13147,10.0,10,,,,,,
,,,,,13150,3.0,3,,,,,,
,,,,,13155,5.0,5,,,,,,
,,,,,13178,23.0,23,,,,,,
,,,,,13181,3.0,3,,,,,,
,,,,,13192,11.0,11,,,,,,
,,,,,13200,8.0,8,,,,,,
,,,,,13221,21.0,21,,,,,,
,,,,,13224,3.0,3,,,,,,
,,,,,13248,24.0,24,,,,,,
,,,,,13252,4.0,4,,,,,,
,,,,,13257,5.0,5,,,,,,
,,,,,13261,4.0,4,,,,,,
,,,,,13266,5.0,5,,,,,,
,,,,,13272,6.0,6,,,,,,
,,,,,13275,3.0,3,,,,,,
,,,,,13281,6.0,6,,,,,,
,,,,,13286,5.0,5,,,,,,
,,,,,13292,6.0,6,,,,,,
,,,,,13300,8.0,8,,,,,,
,,,,,13309,9.0,9,,,,,,
,,,,,13321,12.0,12,,,,,,
,,,,,13326,5.0,5,,,,,,
,,,,,13330,4.0,4,,,,,,
,,,,,13337,7.0,7,,,,,,
,,,,,13340,3.0,3,,,,,,
,,,,,13348,8.0,8,,,,,,
,,,,,13359,11.0,11,,,,,,
,,,,,13363,4.0,4,,,,,,
,,,,,13367,4.0,4,,,,,,
,,,,,13373,6.0,6,,,,,,
,,,,,13377,4.0,4,,,,,,
,,,,,13381,4.0,4,,,,,,
,,,,,13389,8.0,8,,,,,,
,,,,,13404,15.0,15,,,,,,
,,,,,13409,5.0,5,,,,,,
,,,,,13417,8.0,8,,,,,,
,,,,,13423,6.0,6,,,,,,
,,,,,13427,4.0,4,,,,,,
,,,,,13434,7.0,7,,,,,,
,,,,,13448,14.0,14,,,,,,
,,,,,13464,16.0,16,,,,,,
,,,,,13467,3.0,3,,,,,,
,,,,,13472,5.0,5,,,,,,
,,,,,13480,8.0,8,,,,,,
,,,,,13487,7.0,7,,,,,,
,,,,,13493,6.0,6,,,,,,
,,,,,13500,7.0,7,,,,,,
,,,,,13515,15.0,15,,,,,,
,,,,,13524,9.0,9,,,,,,
,,,,,13530,6.0,6,,,,,,
,,,,,13557,27.0,27,,,,,,
,,,,,13562,5.0,5,,,,,,
,,,,,13570,8.0,8,,,,,,
,,,,,13575,5.0,5,,,,,,
,,,,,13578,3.0,3,,,,,,
,,,,,13592,14.0,14,,,,,,
,,,,,13598,6.0,6,,,,,,
,,,,,13602,4.0,4,,,,,,
,,,,,13610,8.0,8,,,,,,
,,,,,13615,5.0,5,,,,,,
,,,,,13622,7.0,7,,,,,,
,,,,,13627,5.0,5,,,,,,
,,,,,13631,4.0,4,,,,,,
,,,,,13643,12.0,12,,,,,,
,,,,,13648,5.0,5,,,,,,
,,,,,13657,9.0,9,,,,,,
,,,,,13662,5.0,5,,,,,,
,,,,,13665,3.0,3,,,,,,
,,,,,13683,18.0,18,,,,,,
,,,,,13687,4.0,4,,,,,,
,,,,,13693,6.0,6,,,,,,
,,,,,13697,4.0,4,,,,,,
,,,,,13715,18.0,18,,,,,,
,,,,,13723,8.0,8,,,,,,
,,,,,13737,14.0,14,,,,,,
,,,,,13742,5.0,5,,,,,,
,,,,,13745,3.0,3,,,,,,
,,,,,13750,5.0,5,,,,,,
,,,,,13754,4.0,4,,,,,,
,,,,,13757,3.0,3,,,,,,
,,,,,13777,20.0,20,,,,,,
,,,,,13783,6.0,6,,,,,,
,,,,,13794,11.0,11,,,,,,
,,,,,13799,5.0,5,,,,,,
,,,,,13805,6.0,6,,,,,,
,,,,,13809,4.0,4,,,,,,
,,,,,13815,6.0,6,,,,,,
,,,,,13829,14.0,14,,,,,,
,,,,,13834,5.0,5,,,,,,
,,,,,13843,9.0,9,,,,,,
,,,,,13846,3.0,3,,,,,,
,,,,,13853,7.0,7,,,,,,
,,,,,13862,9.0,9,,,,,,
,,,,,13867,5.0,5,,,,,,
,,,,,13873,6.0,6,,,,,,
,,,,,13876,3.0,3,,,,,,
,,,,,13881,5.0,5,,,,,,
,,,,,13885,4.0,4,,,,,,
,,,,,13888,3.0,3,,,,,,
,,,,,13894,6.0,6,,,,,,
,,,,,13904,10.0,10,,,,,,
,,,,,13909,5.0,5,,,,,,
,,,,,13913,4.0,4,,,,,,
,,,,,13919,6.0,6,,,,,,
,,,,,13923,4.0,4,,,,,,
,,,,,13939,16.0,16,,,,,,
,,,,,13945,6.0,6,,,,,,
,,,,,13948,3.0,3,,,,,,
,,,,,13952,4.0,4,,,,,,
,,,,,13958,6.0,6,,,,,,
,,,,,13963,5.0,5,,,,,,
,,,,,13967,4.0,4,,,,,,
,,,,,13971,4.0,4,,,,,,
,,,,,13975,4.0,4,,,,,,
,,,,,13979,4.0,4,,,,,,
,,,,,13985,6.0,6,,,,,,
,,,,,13992,7.0,7,,,,,,
,,,,,13995,3.0,3,,,,,,
,,,,,13999,4.0,4,,,,,,
,,,,,14000,,,2.547032117843628,5.545771598815918,5.6921539306640625,0.0003,0.0003,0.1
,,,,,14003,4.0,4,,,,,,
,,,,,14011,8.0,8,,,,,,
,,,,,14018,7.0,7,,,,,,
,,,,,14029,11.0,11,,,,,,
,,,,,14032,3.0,3,,,,,,
,,,,,14036,4.0,4,,,,,,
,,,,,14039,3.0,3,,,,,,
,,,,,14043,4.0,4,,,,,,
,,,,,14051,8.0,8,,,,,,
,,,,,14054,3.0,3,,,,,,
,,,,,14064,10.0,10,,,,,,
,,,,,14068,4.0,4,,,,,,
,,,,,14074,6.0,6,,,,,,
,,,,,14078,4.0,4,,,,,,
,,,,,14085,7.0,7,,,,,,
,,,,,14089,4.0,4,,,,,,
,,,,,14095,6.0,6,,,,,,
,,,,,14104,9.0,9,,,,,,
,,,,,14113,9.0,9,,,,,,
,,,,,14124,11.0,11,,,,,,
,,,,,14134,10.0,10,,,,,,
,,,,,14137,3.0,3,,,,,,
,,,,,14146,9.0,9,,,,,,
,,,,,14150,4.0,4,,,,,,
,,,,,14156,6.0,6,,,,,,
,,,,,14175,19.0,19,,,,,,
,,,,,14188,13.0,13,,,,,,
,,,,,14192,4.0,4,,,,,,
,,,,,14196,4.0,4,,,,,,
,,,,,14204,8.0,8,,,,,,
,,,,,14212,8.0,8,,,,,,
,,,,,14215,3.0,3,,,,,,
,,,,,14220,5.0,5,,,,,,
,,,,,14224,4.0,4,,,,,,
,,,,,14231,7.0,7,,,,,,
,,,,,14234,3.0,3,,,,,,
,,,,,14239,5.0,5,,,,,,
,,,,,14242,3.0,3,,,,,,
,,,,,14247,5.0,5,,,,,,
,,,,,14251,4.0,4,,,,,,
,,,,,14254,3.0,3,,,,,,
,,,,,14259,5.0,5,,,,,,
,,,,,14267,8.0,8,,,,,,
,,,,,14286,19.0,19,,,,,,
,,,,,14302,16.0,16,,,,,,
,,,,,14310,8.0,8,,,,,,
,,,,,14315,5.0,5,,,,,,
,,,,,14322,7.0,7,,,,,,
,,,,,14331,9.0,9,,,,,,
,,,,,14334,3.0,3,,,,,,
,,,,,14345,11.0,11,,,,,,
,,,,,14353,8.0,8,,,,,,
,,,,,14359,6.0,6,,,,,,
,,,,,14367,8.0,8,,,,,,
,,,,,14370,3.0,3,,,,,,
,,,,,14378,8.0,8,,,,,,
,,,,,14383,5.0,5,,,,,,
,,,,,14388,5.0,5,,,,,,
,,,,,14394,6.0,6,,,,,,
,,,,,14406,12.0,12,,,,,,
,,,,,14409,3.0,3,,,,,,
,,,,,14414,5.0,5,,,,,,
,,,,,14418,4.0,4,,,,,,
,,,,,14425,7.0,7,,,,,,
,,,,,14438,13.0,13,,,,,,
,,,,,14443,5.0,5,,,,,,
,,,,,14447,4.0,4,,,,,,
,,,,,14454,7.0,7,,,,,,
,,,,,14458,4.0,4,,,,,,
,,,,,14465,7.0,7,,,,,,
,,,,,14473,8.0,8,,,,,,
,,,,,14479,6.0,6,,,,,,
,,,,,14485,6.0,6,,,,,,
,,,,,14489,4.0,4,,,,,,
,,,,,14499,10.0,10,,,,,,
,,,,,14502,3.0,3,,,,,,
,,,,,14505,3.0,3,,,,,,
,,,,,14511,6.0,6,,,,,,
,,,,,14517,6.0,6,,,,,,
,,,,,14528,11.0,11,,,,,,
,,,,,14532,4.0,4,,,,,,
,,,,,14537,5.0,5,,,,,,
,,,,,14543,6.0,6,,,,,,
,,,,,14548,5.0,5,,,,,,
,,,,,14552,4.0,4,,,,,,
,,,,,14563,11.0,11,,,,,,
,,,,,14573,10.0,10,,,,,,
,,,,,14580,7.0,7,,,,,,
,,,,,14590,10.0,10,,,,,,
,,,,,14593,3.0,3,,,,,,
,,,,,14606,13.0,13,,,,,,
,,,,,14618,12.0,12,,,,,,
,,,,,14624,6.0,6,,,,,,
,,,,,14632,8.0,8,,,,,,
,,,,,14644,12.0,12,,,,,,
,,,,,14648,4.0,4,,,,,,
,,,,,14657,9.0,9,,,,,,
,,,,,14661,4.0,4,,,,,,
,,,,,14665,4.0,4,,,,,,
,,,,,14670,5.0,5,,,,,,
,,,,,14673,3.0,3,,,,,,
,,,,,14679,6.0,6,,,,,,
,,,,,14683,4.0,4,,,,,,
,,,,,14687,4.0,4,,,,,,
,,,,,14691,4.0,4,,,,,,
,,,,,14699,8.0,8,,,,,,
,,,,,14704,5.0,5,,,,,,
,,,,,14712,8.0,8,,,,,,
,,,,,14715,3.0,3,,,,,,
,,,,,14719,4.0,4,,,,,,
,,,,,14722,3.0,3,,,,,,
,,,,,14725,3.0,3,,,,,,
,,,,,14729,4.0,4,,,,,,
,,,,,14739,10.0,10,,,,,,
,,,,,14750,11.0,11,,,,,,
,,,,,14753,3.0,3,,,,,,
,,,,,14765,12.0,12,,,,,,
,,,,,14770,5.0,5,,,,,,
,,,,,14785,15.0,15,,,,,,
,,,,,14796,11.0,11,,,,,,
,,,,,14814,18.0,18,,,,,,
,,,,,14819,5.0,5,,,,,,
,,,,,14822,3.0,3,,,,,,
,,,,,14830,8.0,8,,,,,,
,,,,,14841,11.0,11,,,,,,
,,,,,14846,5.0,5,,,,,,
,,,,,14854,8.0,8,,,,,,
,,,,,14860,6.0,6,,,,,,
,,,,,14870,10.0,10,,,,,,
,,,,,14880,10.0,10,,,,,,
,,,,,14884,4.0,4,,,,,,
,,,,,14891,7.0,7,,,,,,
,,,,,14894,3.0,3,,,,,,
,,,,,14906,12.0,12,,,,,,
,,,,,14911,5.0,5,,,,,,
,,,,,14919,8.0,8,,,,,,
,,,,,14923,4.0,4,,,,,,
,,,,,14927,4.0,4,,,,,,
,,,,,14939,12.0,12,,,,,,
,,,,,14943,4.0,4,,,,,,
,,,,,14946,3.0,3,,,,,,
,,,,,14951,5.0,5,,,,,,
,,,,,14955,4.0,4,,,,,,
,,,,,14974,19.0,19,,,,,,
,,,,,14987,13.0,13,,,,,,
,,,,,14992,5.0,5,,,,,,
,,,,,15000,8.0,8,,,,,,
5.9,2.2113345,11.0,4.0,5.9,15000,,,2.0101237297058105,4.9931864738464355,5.063100337982178,0.0003,0.0003,0.1
,,,,,15006,6.0,6,,,,,,
,,,,,15026,20.0,20,,,,,,
,,,,,15029,3.0,3,,,,,,
,,,,,15033,4.0,4,,,,,,
,,,,,15045,12.0,12,,,,,,
,,,,,15060,15.0,15,,,,,,
,,,,,15074,14.0,14,,,,,,
,,,,,15078,4.0,4,,,,,,
,,,,,15104,26.0,26,,,,,,
,,,,,15115,11.0,11,,,,,,
,,,,,15124,9.0,9,,,,,,
,,,,,15128,4.0,4,,,,,,
,,,,,15131,3.0,3,,,,,,
,,,,,15135,4.0,4,,,,,,
,,,,,15141,6.0,6,,,,,,
,,,,,15147,6.0,6,,,,,,
,,,,,15160,13.0,13,,,,,,
,,,,,15176,16.0,16,,,,,,
,,,,,15179,3.0,3,,,,,,
,,,,,15183,4.0,4,,,,,,
,,,,,15189,6.0,6,,,,,,
,,,,,15197,8.0,8,,,,,,
,,,,,15201,4.0,4,,,,,,
,,,,,15205,4.0,4,,,,,,
,,,,,15211,6.0,6,,,,,,
,,,,,15216,5.0,5,,,,,,
,,,,,15221,5.0,5,,,,,,
,,,,,15225,4.0,4,,,,,,
,,,,,15230,5.0,5,,,,,,
,,,,,15234,4.0,4,,,,,,
,,,,,15240,6.0,6,,,,,,
,,,,,15250,10.0,10,,,,,,
,,,,,15256,6.0,6,,,,,,
,,,,,15269,13.0,13,,,,,,
,,,,,15273,4.0,4,,,,,,
,,,,,15279,6.0,6,,,,,,
,,,,,15289,10.0,10,,,,,,
,,,,,15294,5.0,5,,,,,,
,,,,,15302,8.0,8,,,,,,
,,,,,15311,9.0,9,,,,,,
,,,,,15315,4.0,4,,,,,,
,,,,,15319,4.0,4,,,,,,
,,,,,15324,5.0,5,,,,,,
,,,,,15338,14.0,14,,,,,,
,,,,,15341,3.0,3,,,,,,
,,,,,15351,10.0,10,,,,,,
,,,,,15361,10.0,10,,,,,,
,,,,,15374,13.0,13,,,,,,
,,,,,15381,7.0,7,,,,,,
,,,,,15412,31.0,31,,,,,,
,,,,,15416,4.0,4,,,,,,
,,,,,15420,4.0,4,,,,,,
,,,,,15425,5.0,5,,,,,,
,,,,,15432,7.0,7,,,,,,
,,,,,15438,6.0,6,,,,,,
,,,,,15443,5.0,5,,,,,,
,,,,,15449,6.0,6,,,,,,
,,,,,15453,4.0,4,,,,,,
,,,,,15464,11.0,11,,,,,,
,,,,,15473,9.0,9,,,,,,
,,,,,15476,3.0,3,,,,,,
,,,,,15493,17.0,17,,,,,,
,,,,,15499,6.0,6,,,,,,
,,,,,15505,6.0,6,,,,,,
,,,,,15510,5.0,5,,,,,,
,,,,,15516,6.0,6,,,,,,
,,,,,15529,13.0,13,,,,,,
,,,,,15538,9.0,9,,,,,,
,,,,,15541,3.0,3,,,,,,
,,,,,15545,4.0,4,,,,,,
,,,,,15556,11.0,11,,,,,,
,,,,,15561,5.0,5,,,,,,
,,,,,15575,14.0,14,,,,,,
,,,,,15579,4.0,4,,,,,,
,,,,,15583,4.0,4,,,,,,
,,,,,15590,7.0,7,,,,,,
,,,,,15594,4.0,4,,,,,,
,,,,,15597,3.0,3,,,,,,
,,,,,15602,5.0,5,,,,,,
,,,,,15614,12.0,12,,,,,,
,,,,,15619,5.0,5,,,,,,
,,,,,15624,5.0,5,,,,,,
,,,,,15629,5.0,5,,,,,,
,,,,,15636,7.0,7,,,,,,
,,,,,15639,3.0,3,,,,,,
,,,,,15645,6.0,6,,,,,,
,,,,,15650,5.0,5,,,,,,
,,,,,15656,6.0,6,,,,,,
,,,,,15663,7.0,7,,,,,,
,,,,,15669,6.0,6,,,,,,
,,,,,15672,3.0,3,,,,,,
,,,,,15678,6.0,6,,,,,,
,,,,,15684,6.0,6,,,,,,
,,,,,15687,3.0,3,,,,,,
,,,,,15693,6.0,6,,,,,,
,,,,,15698,5.0,5,,,,,,
,,,,,15704,6.0,6,,,,,,
,,,,,15712,8.0,8,,,,,,
,,,,,15719,7.0,7,,,,,,
,,,,,15722,3.0,3,,,,,,
,,,,,15730,8.0,8,,,,,,
,,,,,15734,4.0,4,,,,,,
,,,,,15737,3.0,3,,,,,,
,,,,,15740,3.0,3,,,,,,
,,,,,15746,6.0,6,,,,,,
,,,,,15749,3.0,3,,,,,,
,,,,,15761,12.0,12,,,,,,
,,,,,15772,11.0,11,,,,,,
,,,,,15777,5.0,5,,,,,,
,,,,,15795,18.0,18,,,,,,
,,,,,15799,4.0,4,,,,,,
,,,,,15803,4.0,4,,,,,,
,,,,,15807,4.0,4,,,,,,
,,,,,15812,5.0,5,,,,,,
,,,,,15832,20.0,20,,,,,,
,,,,,15838,6.0,6,,,,,,
,,,,,15849,11.0,11,,,,,,
,,,,,15853,4.0,4,,,,,,
,,,,,15867,14.0,14,,,,,,
,,,,,15871,4.0,4,,,,,,
,,,,,15875,4.0,4,,,,,,
,,,,,15878,3.0,3,,,,,,
,,,,,15885,7.0,7,,,,,,
,,,,,15888,3.0,3,,,,,,
,,,,,15891,3.0,3,,,,,,
,,,,,15905,14.0,14,,,,,,
,,,,,15912,7.0,7,,,,,,
,,,,,15918,6.0,6,,,,,,
,,,,,15922,4.0,4,,,,,,
,,,,,15928,6.0,6,,,,,,
,,,,,15934,6.0,6,,,,,,
,,,,,15942,8.0,8,,,,,,
,,,,,15945,3.0,3,,,,,,
,,,,,15948,3.0,3,,,,,,
,,,,,15959,11.0,11,,,,,,
,,,,,15966,7.0,7,,,,,,
,,,,,15977,11.0,11,,,,,,
,,,,,15983,6.0,6,,,,,,
,,,,,15987,4.0,4,,,,,,
,,,,,15991,4.0,4,,,,,,
,,,,,15999,8.0,8,,,,,,
,,,,,16000,,,2.130614757537842,5.128500938415527,5.2968034744262695,0.0003,0.0003,0.1
,,,,,16004,5.0,5,,,,,,
,,,,,16009,5.0,5,,,,,,
,,,,,16024,15.0,15,,,,,,
,,,,,16027,3.0,3,,,,,,
,,,,,16032,5.0,5,,,,,,
,,,,,16036,4.0,4,,,,,,
,,,,,16039,3.0,3,,,,,,
,,,,,16046,7.0,7,,,,,,
,,,,,16050,4.0,4,,,,,,
,,,,,16058,8.0,8,,,,,,
,,,,,16068,10.0,10,,,,,,
,,,,,16077,9.0,9,,,,,,
,,,,,16089,12.0,12,,,,,,
,,,,,16097,8.0,8,,,,,,
,,,,,16102,5.0,5,,,,,,
,,,,,16111,9.0,9,,,,,,
,,,,,16115,4.0,4,,,,,,
,,,,,16120,5.0,5,,,,,,
,,,,,16127,7.0,7,,,,,,
,,,,,16133,6.0,6,,,,,,
,,,,,16136,3.0,3,,,,,,
,,,,,16143,7.0,7,,,,,,
,,,,,16148,5.0,5,,,,,,
,,,,,16154,6.0,6,,,,,,
,,,,,16157,3.0,3,,,,,,
,,,,,16162,5.0,5,,,,,,
,,,,,16165,3.0,3,,,,,,
,,,,,16171,6.0,6,,,,,,
,,,,,16179,8.0,8,,,,,,
,,,,,16186,7.0,7,,,,,,
,,,,,16192,6.0,6,,,,,,
,,,,,16199,7.0,7,,,,,,
,,,,,16203,4.0,4,,,,,,
,,,,,16206,3.0,3,,,,,,
,,,,,16217,11.0,11,,,,,,
,,,,,16221,4.0,4,,,,,,
,,,,,16224,3.0,3,,,,,,
,,,,,16232,8.0,8,,,,,,
,,,,,16236,4.0,4,,,,,,
,,,,,16240,4.0,4,,,,,,
,,,,,16252,12.0,12,,,,,,
,,,,,16256,4.0,4,,,,,,
,,,,,16266,10.0,10,,,,,,
,,,,,16277,11.0,11,,,,,,
,,,,,16287,10.0,10,,,,,,
,,,,,16291,4.0,4,,,,,,
,,,,,16295,4.0,4,,,,,,
,,,,,16301,6.0,6,,,,,,
,,,,,16311,10.0,10,,,,,,
,,,,,16315,4.0,4,,,,,,
,,,,,16322,7.0,7,,,,,,
,,,,,16327,5.0,5,,,,,,
,,,,,16330,3.0,3,,,,,,
,,,,,16337,7.0,7,,,,,,
,,,,,16345,8.0,8,,,,,,
,,,,,16349,4.0,4,,,,,,
,,,,,16356,7.0,7,,,,,,
,,,,,16362,6.0,6,,,,,,
,,,,,16368,6.0,6,,,,,,
,,,,,16383,15.0,15,,,,,,
,,,,,16390,7.0,7,,,,,,
,,,,,16397,7.0,7,,,,,,
,,,,,16406,9.0,9,,,,,,
,,,,,16412,6.0,6,,,,,,
,,,,,16421,9.0,9,,,,,,
,,,,,16426,5.0,5,,,,,,
,,,,,16430,4.0,4,,,,,,
,,,,,16451,21.0,21,,,,,,
,,,,,16457,6.0,6,,,,,,
,,,,,16464,7.0,7,,,,,,
,,,,,16468,4.0,4,,,,,,
,,,,,16471,3.0,3,,,,,,
,,,,,16476,5.0,5,,,,,,
,,,,,16482,6.0,6,,,,,,
,,,,,16488,6.0,6,,,,,,
,,,,,16496,8.0,8,,,,,,
,,,,,16506,10.0,10,,,,,,
,,,,,16523,17.0,17,,,,,,
,,,,,16528,5.0,5,,,,,,
,,,,,16533,5.0,5,,,,,,
,,,,,16549,16.0,16,,,,,,
,,,,,16557,8.0,8,,,,,,
,,,,,16562,5.0,5,,,,,,
,,,,,16566,4.0,4,,,,,,
,,,,,16570,4.0,4,,,,,,
,,,,,16579,9.0,9,,,,,,
,,,,,16588,9.0,9,,,,,,
,,,,,16593,5.0,5,,,,,,
,,,,,16614,21.0,21,,,,,,
,,,,,16620,6.0,6,,,,,,
,,,,,16624,4.0,4,,,,,,
,,,,,16635,11.0,11,,,,,,
,,,,,16643,8.0,8,,,,,,
,,,,,16659,16.0,16,,,,,,
,,,,,16672,13.0,13,,,,,,
,,,,,16676,4.0,4,,,,,,
,,,,,16688,12.0,12,,,,,,
,,,,,16692,4.0,4,,,,,,
,,,,,16715,23.0,23,,,,,,
,,,,,16720,5.0,5,,,,,,
,,,,,16724,4.0,4,,,,,,
,,,,,16729,5.0,5,,,,,,
,,,,,16735,6.0,6,,,,,,
,,,,,16738,3.0,3,,,,,,
,,,,,16745,7.0,7,,,,,,
,,,,,16769,24.0,24,,,,,,
,,,,,16783,14.0,14,,,,,,
,,,,,16790,7.0,7,,,,,,
,,,,,16804,14.0,14,,,,,,
,,,,,16808,4.0,4,,,,,,
,,,,,16817,9.0,9,,,,,,
,,,,,16824,7.0,7,,,,,,
,,,,,16828,4.0,4,,,,,,
,,,,,16836,8.0,8,,,,,,
,,,,,16839,3.0,3,,,,,,
,,,,,16843,4.0,4,,,,,,
,,,,,16846,3.0,3,,,,,,
,,,,,16851,5.0,5,,,,,,
,,,,,16861,10.0,10,,,,,,
,,,,,16865,4.0,4,,,,,,
,,,,,16884,19.0,19,,,,,,
,,,,,16890,6.0,6,,,,,,
,,,,,16894,4.0,4,,,,,,
,,,,,16899,5.0,5,,,,,,
,,,,,16902,3.0,3,,,,,,
,,,,,16906,4.0,4,,,,,,
,,,,,16909,3.0,3,,,,,,
,,,,,16914,5.0,5,,,,,,
,,,,,16928,14.0,14,,,,,,
,,,,,16933,5.0,5,,,,,,
,,,,,16938,5.0,5,,,,,,
,,,,,16943,5.0,5,,,,,,
,,,,,16946,3.0,3,,,,,,
,,,,,16957,11.0,11,,,,,,
,,,,,16963,6.0,6,,,,,,
,,,,,16974,11.0,11,,,,,,
,,,,,16979,5.0,5,,,,,,
,,,,,16986,7.0,7,,,,,,
,,,,,16989,3.0,3,,,,,,
,,,,,16996,7.0,7,,,,,,
,,,,,16999,3.0,3,,,,,,
,,,,,17000,,,1.7115490436553955,5.394916534423828,5.514142036437988,0.0003,0.0003,0.1
,,,,,17005,6.0,6,,,,,,
,,,,,17010,5.0,5,,,,,,
,,,,,17014,4.0,4,,,,,,
,,,,,17017,3.0,3,,,,,,
,,,,,17021,4.0,4,,,,,,
,,,,,17034,13.0,13,,,,,,
,,,,,17039,5.0,5,,,,,,
,,,,,17047,8.0,8,,,,,,
,,,,,17051,4.0,4,,,,,,
,,,,,17059,8.0,8,,,,,,
,,,,,17065,6.0,6,,,,,,
,,,,,17069,4.0,4,,,,,,
,,,,,17072,3.0,3,,,,,,
,,,,,17082,10.0,10,,,,,,
,,,,,17086,4.0,4,,,,,,
,,,,,17089,3.0,3,,,,,,
,,,,,17094,5.0,5,,,,,,
,,,,,17105,11.0,11,,,,,,
,,,,,17111,6.0,6,,,,,,
,,,,,17116,5.0,5,,,,,,
,,,,,17124,8.0,8,,,,,,
,,,,,17127,3.0,3,,,,,,
,,,,,17134,7.0,7,,,,,,
,,,,,17138,4.0,4,,,,,,
,,,,,17149,11.0,11,,,,,,
,,,,,17168,19.0,19,,,,,,
,,,,,17175,7.0,7,,,,,,
,,,,,17192,17.0,17,,,,,,
,,,,,17196,4.0,4,,,,,,
,,,,,17203,7.0,7,,,,,,
,,,,,17208,5.0,5,,,,,,
,,,,,17221,13.0,13,,,,,,
,,,,,17224,3.0,3,,,,,,
,,,,,17235,11.0,11,,,,,,
,,,,,17246,11.0,11,,,,,,
,,,,,17255,9.0,9,,,,,,
,,,,,17266,11.0,11,,,,,,
,,,,,17276,10.0,10,,,,,,
,,,,,17291,15.0,15,,,,,,
,,,,,17296,5.0,5,,,,,,
,,,,,17306,10.0,10,,,,,,
,,,,,17309,3.0,3,,,,,,
,,,,,17314,5.0,5,,,,,,
,,,,,17326,12.0,12,,,,,,
,,,,,17329,3.0,3,,,,,,
,,,,,17335,6.0,6,,,,,,
,,,,,17342,7.0,7,,,,,,
,,,,,17357,15.0,15,,,,,,
,,,,,17360,3.0,3,,,,,,
,,,,,17370,10.0,10,,,,,,
,,,,,17375,5.0,5,,,,,,
,,,,,17383,8.0,8,,,,,,
,,,,,17392,9.0,9,,,,,,
,,,,,17395,3.0,3,,,,,,
,,,,,17404,9.0,9,,,,,,
,,,,,17411,7.0,7,,,,,,
,,,,,17419,8.0,8,,,,,,
,,,,,17425,6.0,6,,,,,,
,,,,,17430,5.0,5,,,,,,
,,,,,17437,7.0,7,,,,,,
,,,,,17442,5.0,5,,,,,,
,,,,,17454,12.0,12,,,,,,
,,,,,17459,5.0,5,,,,,,
,,,,,17463,4.0,4,,,,,,
,,,,,17470,7.0,7,,,,,,
,,,,,17473,3.0,3,,,,,,
,,,,,17483,10.0,10,,,,,,
,,,,,17487,4.0,4,,,,,,
,,,,,17492,5.0,5,,,,,,
,,,,,17495,3.0,3,,,,,,
,,,,,17504,9.0,9,,,,,,
,,,,,17508,4.0,4,,,,,,
,,,,,17514,6.0,6,,,,,,
,,,,,17525,11.0,11,,,,,,
,,,,,17529,4.0,4,,,,,,
,,,,,17532,3.0,3,,,,,,
,,,,,17537,5.0,5,,,,,,
,,,,,17543,6.0,6,,,,,,
,,,,,17546,3.0,3,,,,,,
,,,,,17553,7.0,7,,,,,,
,,,,,17562,9.0,9,,,,,,
,,,,,17565,3.0,3,,,,,,
,,,,,17573,8.0,8,,,,,,
,,,,,17576,3.0,3,,,,,,
,,,,,17579,3.0,3,,,,,,
,,,,,17583,4.0,4,,,,,,
,,,,,17590,7.0,7,,,,,,
,,,,,17594,4.0,4,,,,,,
,,,,,17598,4.0,4,,,,,,
,,,,,17613,15.0,15,,,,,,
,,,,,17616,3.0,3,,,,,,
,,,,,17621,5.0,5,,,,,,
,,,,,17630,9.0,9,,,,,,
,,,,,17635,5.0,5,,,,,,
,,,,,17644,9.0,9,,,,,,
,,,,,17652,8.0,8,,,,,,
,,,,,17657,5.0,5,,,,,,
,,,,,17661,4.0,4,,,,,,
,,,,,17667,6.0,6,,,,,,
,,,,,17691,24.0,24,,,,,,
,,,,,17701,10.0,10,,,,,,
,,,,,17711,10.0,10,,,,,,
,,,,,17717,6.0,6,,,,,,
,,,,,17730,13.0,13,,,,,,
,,,,,17735,5.0,5,,,,,,
,,,,,17743,8.0,8,,,,,,
,,,,,17748,5.0,5,,,,,,
,,,,,17752,4.0,4,,,,,,
,,,,,17759,7.0,7,,,,,,
,,,,,17765,6.0,6,,,,,,
,,,,,17769,4.0,4,,,,,,
,,,,,17775,6.0,6,,,,,,
,,,,,17778,3.0,3,,,,,,
,,,,,17784,6.0,6,,,,,,
,,,,,17797,13.0,13,,,,,,
,,,,,17800,3.0,3,,,,,,
,,,,,17805,5.0,5,,,,,,
,,,,,17813,8.0,8,,,,,,
,,,,,17822,9.0,9,,,,,,
,,,,,17833,11.0,11,,,,,,
,,,,,17839,6.0,6,,,,,,
,,,,,17843,4.0,4,,,,,,
,,,,,17848,5.0,5,,,,,,
,,,,,17851,3.0,3,,,,,,
,,,,,17862,11.0,11,,,,,,
,,,,,17866,4.0,4,,,,,,
,,,,,17879,13.0,13,,,,,,
,,,,,17885,6.0,6,,,,,,
,,,,,17889,4.0,4,,,,,,
,,,,,17897,8.0,8,,,,,,
,,,,,17904,7.0,7,,,,,,
,,,,,17907,3.0,3,,,,,,
,,,,,17912,5.0,5,,,,,,
,,,,,17926,14.0,14,,,,,,
,,,,,17942,16.0,16,,,,,,
,,,,,17947,5.0,5,,,,,,
,,,,,17964,17.0,17,,,,,,
,,,,,17967,3.0,3,,,,,,
,,,,,17970,3.0,3,,,,,,
,,,,,17979,9.0,9,,,,,,
,,,,,17983,4.0,4,,,,,,
,,,,,17992,9.0,9,,,,,,
,,,,,17995,3.0,3,,,,,,
,,,,,18000,5.0,5,,,,,,
,,,,,18000,,,2.091675281524658,5.317906856536865,5.107756614685059,0.0003,0.0003,0.1
,,,,,18006,6.0,6,,,,,,
,,,,,18018,12.0,12,,,,,,
,,,,,18025,7.0,7,,,,,,
,,,,,18033,8.0,8,,,,,,
,,,,,18043,10.0,10,,,,,,
,,,,,18050,7.0,7,,,,,,
,,,,,18056,6.0,6,,,,,,
,,,,,18059,3.0,3,,,,,,
,,,,,18063,4.0,4,,,,,,
,,,,,18073,10.0,10,,,,,,
,,,,,18078,5.0,5,,,,,,
,,,,,18101,23.0,23,,,,,,
,,,,,18109,8.0,8,,,,,,
,,,,,18112,3.0,3,,,,,,
,,,,,18116,4.0,4,,,,,,
,,,,,18119,3.0,3,,,,,,
,,,,,18123,4.0,4,,,,,,
,,,,,18128,5.0,5,,,,,,
,,,,,18135,7.0,7,,,,,,
,,,,,18143,8.0,8,,,,,,
,,,,,18149,6.0,6,,,,,,
,,,,,18154,5.0,5,,,,,,
,,,,,18159,5.0,5,,,,,,
,,,,,18162,3.0,3,,,,,,
,,,,,18165,3.0,3,,,,,,
,,,,,18168,3.0,3,,,,,,
,,,,,18171,3.0,3,,,,,,
,,,,,18174,3.0,3,,,,,,
,,,,,18187,13.0,13,,,,,,
,,,,,18194,7.0,7,,,,,,
,,,,,18197,3.0,3,,,,,,
,,,,,18201,4.0,4,,,,,,
,,,,,18212,11.0,11,,,,,,
,,,,,18216,4.0,4,,,,,,
,,,,,18229,13.0,13,,,,,,
,,,,,18233,4.0,4,,,,,,
,,,,,18237,4.0,4,,,,,,
,,,,,18243,6.0,6,,,,,,
,,,,,18253,10.0,10,,,,,,
,,,,,18261,8.0,8,,,,,,
,,,,,18268,7.0,7,,,,,,
,,,,,18276,8.0,8,,,,,,
,,,,,18279,3.0,3,,,,,,
,,,,,18286,7.0,7,,,,,,
,,,,,18289,3.0,3,,,,,,
,,,,,18292,3.0,3,,,,,,
,,,,,18296,4.0,4,,,,,,
,,,,,18300,4.0,4,,,,,,
,,,,,18306,6.0,6,,,,,,
,,,,,18315,9.0,9,,,,,,
,,,,,18321,6.0,6,,,,,,
,,,,,18326,5.0,5,,,,,,
,,,,,18331,5.0,5,,,,,,
,,,,,18343,12.0,12,,,,,,
,,,,,18369,26.0,26,,,,,,
,,,,,18376,7.0,7,,,,,,
,,,,,18381,5.0,5,,,,,,
,,,,,18384,3.0,3,,,,,,
,,,,,18390,6.0,6,,,,,,
,,,,,18395,5.0,5,,,,,,
,,,,,18398,3.0,3,,,,,,
,,,,,18402,4.0,4,,,,,,
,,,,,18410,8.0,8,,,,,,
,,,,,18413,3.0,3,,,,,,
,,,,,18416,3.0,3,,,,,,
,,,,,18424,8.0,8,,,,,,
,,,,,18427,3.0,3,,,,,,
,,,,,18433,6.0,6,,,,,,
,,,,,18447,14.0,14,,,,,,
,,,,,18452,5.0,5,,,,,,
,,,,,18458,6.0,6,,,,,,
,,,,,18474,16.0,16,,,,,,
,,,,,18496,22.0,22,,,,,,
,,,,,18505,9.0,9,,,,,,
,,,,,18509,4.0,4,,,,,,
,,,,,18512,3.0,3,,,,,,
,,,,,18519,7.0,7,,,,,,
,,,,,18527,8.0,8,,,,,,
,,,,,18535,8.0,8,,,,,,
,,,,,18540,5.0,5,,,,,,
,,,,,18550,10.0,10,,,,,,
,,,,,18560,10.0,10,,,,,,
,,,,,18563,3.0,3,,,,,,
,,,,,18566,3.0,3,,,,,,
,,,,,18573,7.0,7,,,,,,
,,,,,18580,7.0,7,,,,,,
,,,,,18586,6.0,6,,,,,,
,,,,,18594,8.0,8,,,,,,
,,,,,18599,5.0,5,,,,,,
,,,,,18603,4.0,4,,,,,,
,,,,,18609,6.0,6,,,,,,
,,,,,18615,6.0,6,,,,,,
,,,,,18619,4.0,4,,,,,,
,,,,,18626,7.0,7,,,,,,
,,,,,18629,3.0,3,,,,,,
,,,,,18634,5.0,5,,,,,,
,,,,,18649,15.0,15,,,,,,
,,,,,18652,3.0,3,,,,,,
,,,,,18656,4.0,4,,,,,,
,,,,,18660,4.0,4,,,,,,
,,,,,18665,5.0,5,,,,,,
,,,,,18674,9.0,9,,,,,,
,,,,,18681,7.0,7,,,,,,
,,,,,18687,6.0,6,,,,,,
,,,,,18692,5.0,5,,,,,,
,,,,,18696,4.0,4,,,,,,
,,,,,18703,7.0,7,,,,,,
,,,,,18708,5.0,5,,,,,,
,,,,,18719,11.0,11,,,,,,
,,,,,18724,5.0,5,,,,,,
,,,,,18727,3.0,3,,,,,,
,,,,,18731,4.0,4,,,,,,
,,,,,18735,4.0,4,,,,,,
,,,,,18740,5.0,5,,,,,,
,,,,,18752,12.0,12,,,,,,
,,,,,18761,9.0,9,,,,,,
,,,,,18773,12.0,12,,,,,,
,,,,,18778,5.0,5,,,,,,
,,,,,18782,4.0,4,,,,,,
,,,,,18785,3.0,3,,,,,,
,,,,,18792,7.0,7,,,,,,
,,,,,18797,5.0,5,,,,,,
,,,,,18805,8.0,8,,,,,,
,,,,,18817,12.0,12,,,,,,
,,,,,18825,8.0,8,,,,,,
,,,,,18832,7.0,7,,,,,,
,,,,,18836,4.0,4,,,,,,
,,,,,18841,5.0,5,,,,,,
,,,,,18847,6.0,6,,,,,,
,,,,,18852,5.0,5,,,,,,
,,,,,18856,4.0,4,,,,,,
,,,,,18867,11.0,11,,,,,,
,,,,,18872,5.0,5,,,,,,
,,,,,18880,8.0,8,,,,,,
,,,,,18895,15.0,15,,,,,,
,,,,,18898,3.0,3,,,,,,
,,,,,18908,10.0,10,,,,,,
,,,,,18913,5.0,5,,,,,,
,,,,,18926,13.0,13,,,,,,
,,,,,18930,4.0,4,,,,,,
,,,,,18952,22.0,22,,,,,,
,,,,,18955,3.0,3,,,,,,
,,,,,18968,13.0,13,,,,,,
,,,,,18974,6.0,6,,,,,,
,,,,,18979,5.0,5,,,,,,
,,,,,18998,19.0,19,,,,,,
,,,,,19000,,,2.44478178024292,4.840951919555664,4.846227645874023,0.0003,0.0003,0.1
,,,,,19002,4.0,4,,,,,,
,,,,,19018,16.0,16,,,,,,
,,,,,19022,4.0,4,,,,,,
,,,,,19026,4.0,4,,,,,,
,,,,,19030,4.0,4,,,,,,
,,,,,19038,8.0,8,,,,,,
,,,,,19042,4.0,4,,,,,,
,,,,,19059,17.0,17,,,,,,
,,,,,19063,4.0,4,,,,,,
,,,,,19067,4.0,4,,,,,,
,,,,,19074,7.0,7,,,,,,
,,,,,19080,6.0,6,,,,,,
,,,,,19085,5.0,5,,,,,,
,,,,,19090,5.0,5,,,,,,
,,,,,19099,9.0,9,,,,,,
,,,,,19126,27.0,27,,,,,,
,,,,,19131,5.0,5,,,,,,
,,,,,19142,11.0,11,,,,,,
,,,,,19150,8.0,8,,,,,,
,,,,,19155,5.0,5,,,,,,
,,,,,19159,4.0,4,,,,,,
,,,,,19164,5.0,5,,,,,,
,,,,,19170,6.0,6,,,,,,
,,,,,19173,3.0,3,,,,,,
,,,,,19177,4.0,4,,,,,,
,,,,,19190,13.0,13,,,,,,
,,,,,19195,5.0,5,,,,,,
,,,,,19198,3.0,3,,,,,,
,,,,,19202,4.0,4,,,,,,
,,,,,19220,18.0,18,,,,,,
,,,,,19232,12.0,12,,,,,,
,,,,,19237,5.0,5,,,,,,
,,,,,19249,12.0,12,,,,,,
,,,,,19254,5.0,5,,,,,,
,,,,,19263,9.0,9,,,,,,
,,,,,19267,4.0,4,,,,,,
,,,,,19294,27.0,27,,,,,,
,,,,,19303,9.0,9,,,,,,
,,,,,19309,6.0,6,,,,,,
,,,,,19324,15.0,15,,,,,,
,,,,,19328,4.0,4,,,,,,
,,,,,19332,4.0,4,,,,,,
,,,,,19337,5.0,5,,,,,,
,,,,,19349,12.0,12,,,,,,
,,,,,19352,3.0,3,,,,,,
,,,,,19355,3.0,3,,,,,,
,,,,,19360,5.0,5,,,,,,
,,,,,19367,7.0,7,,,,,,
,,,,,19387,20.0,20,,,,,,
,,,,,19395,8.0,8,,,,,,
,,,,,19401,6.0,6,,,,,,
,,,,,19404,3.0,3,,,,,,
,,,,,19408,4.0,4,,,,,,
,,,,,19411,3.0,3,,,,,,
,,,,,19418,7.0,7,,,,,,
,,,,,19428,10.0,10,,,,,,
,,,,,19435,7.0,7,,,,,,
,,,,,19439,4.0,4,,,,,,
,,,,,19445,6.0,6,,,,,,
,,,,,19454,9.0,9,,,,,,
,,,,,19457,3.0,3,,,,,,
,,,,,19461,4.0,4,,,,,,
,,,,,19466,5.0,5,,,,,,
,,,,,19473,7.0,7,,,,,,
,,,,,19485,12.0,12,,,,,,
,,,,,19494,9.0,9,,,,,,
,,,,,19501,7.0,7,,,,,,
,,,,,19506,5.0,5,,,,,,
,,,,,19510,4.0,4,,,,,,
,,,,,19518,8.0,8,,,,,,
,,,,,19524,6.0,6,,,,,,
,,,,,19527,3.0,3,,,,,,
,,,,,19531,4.0,4,,,,,,
,,,,,19535,4.0,4,,,,,,
,,,,,19543,8.0,8,,,,,,
,,,,,19549,6.0,6,,,,,,
,,,,,19552,3.0,3,,,,,,
,,,,,19566,14.0,14,,,,,,
,,,,,19579,13.0,13,,,,,,
,,,,,19586,7.0,7,,,,,,
,,,,,19594,8.0,8,,,,,,
,,,,,19598,4.0,4,,,,,,
,,,,,19605,7.0,7,,,,,,
,,,,,19615,10.0,10,,,,,,
,,,,,19619,4.0,4,,,,,,
,,,,,19623,4.0,4,,,,,,
,,,,,19629,6.0,6,,,,,,
,,,,,19632,3.0,3,,,,,,
,,,,,19641,9.0,9,,,,,,
,,,,,19658,17.0,17,,,,,,
,,,,,19664,6.0,6,,,,,,
,,,,,19667,3.0,3,,,,,,
,,,,,19687,20.0,20,,,,,,
,,,,,19694,7.0,7,,,,,,
,,,,,19701,7.0,7,,,,,,
,,,,,19704,3.0,3,,,,,,
,,,,,19707,3.0,3,,,,,,
,,,,,19711,4.0,4,,,,,,
,,,,,19716,5.0,5,,,,,,
,,,,,19721,5.0,5,,,,,,
,,,,,19726,5.0,5,,,,,,
,,,,,19742,16.0,16,,,,,,
,,,,,19752,10.0,10,,,,,,
,,,,,19756,4.0,4,,,,,,
,,,,,19760,4.0,4,,,,,,
,,,,,19763,3.0,3,,,,,,
,,,,,19767,4.0,4,,,,,,
,,,,,19774,7.0,7,,,,,,
,,,,,19779,5.0,5,,,,,,
,,,,,19787,8.0,8,,,,,,
,,,,,19792,5.0,5,,,,,,
,,,,,19796,4.0,4,,,,,,
,,,,,19806,10.0,10,,,,,,
,,,,,19810,4.0,4,,,,,,
,,,,,19819,9.0,9,,,,,,
,,,,,19822,3.0,3,,,,,,
,,,,,19830,8.0,8,,,,,,
,,,,,19835,5.0,5,,,,,,
,,,,,19852,17.0,17,,,,,,
,,,,,19856,4.0,4,,,,,,
,,,,,19859,3.0,3,,,,,,
,,,,,19863,4.0,4,,,,,,
,,,,,19868,5.0,5,,,,,,
,,,,,19876,8.0,8,,,,,,
,,,,,19882,6.0,6,,,,,,
,,,,,19885,3.0,3,,,,,,
,,,,,19896,11.0,11,,,,,,
,,,,,19908,12.0,12,,,,,,
,,,,,19916,8.0,8,,,,,,
,,,,,19925,9.0,9,,,,,,
,,,,,19932,7.0,7,,,,,,
,,,,,19946,14.0,14,,,,,,
,,,,,19950,4.0,4,,,,,,
,,,,,19956,6.0,6,,,,,,
,,,,,19959,3.0,3,,,,,,
,,,,,19964,5.0,5,,,,,,
,,,,,19967,3.0,3,,,,,,
,,,,,19973,6.0,6,,,,,,
,,,,,19980,7.0,7,,,,,,
,,,,,19986,6.0,6,,,,,,
,,,,,19990,4.0,4,,,,,,
,,,,,19994,4.0,4,,,,,,
,,,,,19997,3.0,3,,,,,,
8.2,4.3772135,19.0,4.0,8.2,20000,,,1.7169688940048218,5.188033103942871,5.191084861755371,0.0003,0.0003,0.1
,,,,,20006,9.0,9,,,,,,
,,,,,20017,11.0,11,,,,,,
,,,,,20022,5.0,5,,,,,,
,,,,,20034,12.0,12,,,,,,
,,,,,20043,9.0,9,,,,,,
,,,,,20046,3.0,3,,,,,,
,,,,,20049,3.0,3,,,,,,
,,,,,20054,5.0,5,,,,,,
,,,,,20067,13.0,13,,,,,,
,,,,,20078,11.0,11,,,,,,
,,,,,20085,7.0,7,,,,,,
,,,,,20089,4.0,4,,,,,,
,,,,,20098,9.0,9,,,,,,
,,,,,20107,9.0,9,,,,,,
,,,,,20112,5.0,5,,,,,,
,,,,,20119,7.0,7,,,,,,
,,,,,20123,4.0,4,,,,,,
,,,,,20128,5.0,5,,,,,,
,,,,,20136,8.0,8,,,,,,
,,,,,20140,4.0,4,,,,,,
,,,,,20144,4.0,4,,,,,,
,,,,,20149,5.0,5,,,,,,
,,,,,20159,10.0,10,,,,,,
,,,,,20166,7.0,7,,,,,,
,,,,,20176,10.0,10,,,,,,
,,,,,20181,5.0,5,,,,,,
,,,,,20191,10.0,10,,,,,,
,,,,,20194,3.0,3,,,,,,
,,,,,20215,21.0,21,,,,,,
,,,,,20221,6.0,6,,,,,,
,,,,,20232,11.0,11,,,,,,
,,,,,20236,4.0,4,,,,,,
,,,,,20249,13.0,13,,,,,,
,,,,,20253,4.0,4,,,,,,
,,,,,20258,5.0,5,,,,,,
,,,,,20265,7.0,7,,,,,,
,,,,,20269,4.0,4,,,,,,
,,,,,20272,3.0,3,,,,,,
,,,,,20276,4.0,4,,,,,,
,,,,,20280,4.0,4,,,,,,
,,,,,20284,4.0,4,,,,,,
,,,,,20288,4.0,4,,,,,,
,,,,,20308,20.0,20,,,,,,
,,,,,20311,3.0,3,,,,,,
,,,,,20317,6.0,6,,,,,,
,,,,,20320,3.0,3,,,,,,
,,,,,20324,4.0,4,,,,,,
,,,,,20328,4.0,4,,,,,,
,,,,,20337,9.0,9,,,,,,
,,,,,20341,4.0,4,,,,,,
,,,,,20355,14.0,14,,,,,,
,,,,,20363,8.0,8,,,,,,
,,,,,20368,5.0,5,,,,,,
,,,,,20372,4.0,4,,,,,,
,,,,,20380,8.0,8,,,,,,
,,,,,20386,6.0,6,,,,,,
,,,,,20390,4.0,4,,,,,,
,,,,,20394,4.0,4,,,,,,
,,,,,20399,5.0,5,,,,,,
,,,,,20403,4.0,4,,,,,,
,,,,,20408,5.0,5,,,,,,
,,,,,20413,5.0,5,,,,,,
,,,,,20420,7.0,7,,,,,,
,,,,,20427,7.0,7,,,,,,
,,,,,20434,7.0,7,,,,,,
,,,,,20437,3.0,3,,,,,,
,,,,,20446,9.0,9,,,,,,
,,,,,20454,8.0,8,,,,,,
,,,,,20457,3.0,3,,,,,,
,,,,,20461,4.0,4,,,,,,
,,,,,20471,10.0,10,,,,,,
,,,,,20477,6.0,6,,,,,,
,,,,,20481,4.0,4,,,,,,
,,,,,20484,3.0,3,,,,,,
,,,,,20500,16.0,16,,,,,,
,,,,,20503,3.0,3,,,,,,
,,,,,20507,4.0,4,,,,,,
,,,,,20510,3.0,3,,,,,,
,,,,,20513,3.0,3,,,,,,
,,,,,20517,4.0,4,,,,,,
,,,,,20521,4.0,4,,,,,,
,,,,,20527,6.0,6,,,,,,
,,,,,20530,3.0,3,,,,,,
,,,,,20547,17.0,17,,,,,,
,,,,,20562,15.0,15,,,,,,
,,,,,20574,12.0,12,,,,,,
,,,,,20579,5.0,5,,,,,,
,,,,,20582,3.0,3,,,,,,
,,,,,20593,11.0,11,,,,,,
,,,,,20600,7.0,7,,,,,,
,,,,,20606,6.0,6,,,,,,
,,,,,20611,5.0,5,,,,,,
,,,,,20625,14.0,14,,,,,,
,,,,,20631,6.0,6,,,,,,
,,,,,20637,6.0,6,,,,,,
,,,,,20653,16.0,16,,,,,,
,,,,,20668,15.0,15,,,,,,
,,,,,20674,6.0,6,,,,,,
,,,,,20681,7.0,7,,,,,,
,,,,,20685,4.0,4,,,,,,
,,,,,20689,4.0,4,,,,,,
,,,,,20692,3.0,3,,,,,,
,,,,,20718,26.0,26,,,,,,
,,,,,20721,3.0,3,,,,,,
,,,,,20740,19.0,19,,,,,,
,,,,,20744,4.0,4,,,,,,
,,,,,20748,4.0,4,,,,,,
,,,,,20756,8.0,8,,,,,,
,,,,,20775,19.0,19,,,,,,
,,,,,20780,5.0,5,,,,,,
,,,,,20783,3.0,3,,,,,,
,,,,,20789,6.0,6,,,,,,
,,,,,20794,5.0,5,,,,,,
,,,,,20803,9.0,9,,,,,,
,,,,,20820,17.0,17,,,,,,
,,,,,20827,7.0,7,,,,,,
,,,,,20837,10.0,10,,,,,,
,,,,,20841,4.0,4,,,,,,
,,,,,20845,4.0,4,,,,,,
,,,,,20856,11.0,11,,,,,,
,,,,,20870,14.0,14,,,,,,
,,,,,20874,4.0,4,,,,,,
,,,,,20881,7.0,7,,,,,,
,,,,,20888,7.0,7,,,,,,
,,,,,20892,4.0,4,,,,,,
,,,,,20896,4.0,4,,,,,,
,,,,,20905,9.0,9,,,,,,
,,,,,20908,3.0,3,,,,,,
,,,,,20911,3.0,3,,,,,,
,,,,,20916,5.0,5,,,,,,
,,,,,20920,4.0,4,,,,,,
,,,,,20924,4.0,4,,,,,,
,,,,,20934,10.0,10,,,,,,
,,,,,20940,6.0,6,,,,,,
,,,,,20944,4.0,4,,,,,,
,,,,,20954,10.0,10,,,,,,
,,,,,20957,3.0,3,,,,,,
,,,,,20961,4.0,4,,,,,,
,,,,,20965,4.0,4,,,,,,
,,,,,20970,5.0,5,,,,,,
,,,,,20990,20.0,20,,,,,,
,,,,,20993,3.0,3,,,,,,
,,,,,21000,,,2.4608871936798096,5.868335723876953,6.267964839935303,0.0003,0.0003,0.1
,,,,,21013,20.0,20,,,,,,
,,,,,21016,3.0,3,,,,,,
,,,,,21020,4.0,4,,,,,,
,,,,,21023,3.0,3,,,,,,
,,,,,21033,10.0,10,,,,,,
,,,,,21037,4.0,4,,,,,,
,,,,,21043,6.0,6,,,,,,
,,,,,21049,6.0,6,,,,,,
,,,,,21053,4.0,4,,,,,,
,,,,,21057,4.0,4,,,,,,
,,,,,21062,5.0,5,,,,,,
,,,,,21065,3.0,3,,,,,,
,,,,,21078,13.0,13,,,,,,
,,,,,21082,4.0,4,,,,,,
,,,,,21086,4.0,4,,,,,,
,,,,,21094,8.0,8,,,,,,
,,,,,21101,7.0,7,,,,,,
,,,,,21105,4.0,4,,,,,,
,,,,,21117,12.0,12,,,,,,
,,,,,21137,20.0,20,,,,,,
,,,,,21140,3.0,3,,,,,,
,,,,,21144,4.0,4,,,,,,
,,,,,21147,3.0,3,,,,,,
,,,,,21154,7.0,7,,,,,,
,,,,,21160,6.0,6,,,,,,
,,,,,21164,4.0,4,,,,,,
,,,,,21171,7.0,7,,,,,,
,,,,,21180,9.0,9,,,,,,
,,,,,21184,4.0,4,,,,,,
,,,,,21188,4.0,4,,,,,,
,,,,,21210,22.0,22,,,,,,
,,,,,21215,5.0,5,,,,,,
,,,,,21218,3.0,3,,,,,,
,,,,,21222,4.0,4,,,,,,
,,,,,21225,3.0,3,,,,,,
,,,,,21230,5.0,5,,,,,,
,,,,,21242,12.0,12,,,,,,
,,,,,21250,8.0,8,,,,,,
,,,,,21254,4.0,4,,,,,,
,,,,,21262,8.0,8,,,,,,
,,,,,21270,8.0,8,,,,,,
,,,,,21275,5.0,5,,,,,,
,,,,,21280,5.0,5,,,,,,
,,,,,21283,3.0,3,,,,,,
,,,,,21291,8.0,8,,,,,,
,,,,,21306,15.0,15,,,,,,
,,,,,21311,5.0,5,,,,,,
,,,,,21317,6.0,6,,,,,,
,,,,,21322,5.0,5,,,,,,
,,,,,21332,10.0,10,,,,,,
,,,,,21339,7.0,7,,,,,,
,,,,,21346,7.0,7,,,,,,
,,,,,21355,9.0,9,,,,,,
,,,,,21363,8.0,8,,,,,,
,,,,,21372,9.0,9,,,,,,
,,,,,21393,21.0,21,,,,,,
,,,,,21400,7.0,7,,,,,,
,,,,,21412,12.0,12,,,,,,
,,,,,21415,3.0,3,,,,,,
,,,,,21419,4.0,4,,,,,,
,,,,,21423,4.0,4,,,,,,
,,,,,21427,4.0,4,,,,,,
,,,,,21431,4.0,4,,,,,,
,,,,,21447,16.0,16,,,,,,
,,,,,21451,4.0,4,,,,,,
,,,,,21459,8.0,8,,,,,,
,,,,,21469,10.0,10,,,,,,
,,,,,21475,6.0,6,,,,,,
,,,,,21480,5.0,5,,,,,,
,,,,,21486,6.0,6,,,,,,
,,,,,21489,3.0,3,,,,,,
,,,,,21494,5.0,5,,,,,,
,,,,,21500,6.0,6,,,,,,
,,,,,21504,4.0,4,,,,,,
,,,,,21522,18.0,18,,,,,,
,,,,,21530,8.0,8,,,,,,
,,,,,21543,13.0,13,,,,,,
,,,,,21552,9.0,9,,,,,,
,,,,,21568,16.0,16,,,,,,
,,,,,21574,6.0,6,,,,,,
,,,,,21579,5.0,5,,,,,,
,,,,,21584,5.0,5,,,,,,
,,,,,21593,9.0,9,,,,,,
,,,,,21597,4.0,4,,,,,,
,,,,,21602,5.0,5,,,,,,
,,,,,21609,7.0,7,,,,,,
,,,,,21623,14.0,14,,,,,,
,,,,,21640,17.0,17,,,,,,
,,,,,21649,9.0,9,,,,,,
,,,,,21656,7.0,7,,,,,,
,,,,,21665,9.0,9,,,,,,
,,,,,21669,4.0,4,,,,,,
,,,,,21673,4.0,4,,,,,,
,,,,,21679,6.0,6,,,,,,
,,,,,21682,3.0,3,,,,,,
,,,,,21685,3.0,3,,,,,,
,,,,,21698,13.0,13,,,,,,
,,,,,21701,3.0,3,,,,,,
,,,,,21706,5.0,5,,,,,,
,,,,,21709,3.0,3,,,,,,
,,,,,21713,4.0,4,,,,,,
,,,,,21717,4.0,4,,,,,,
,,,,,21722,5.0,5,,,,,,
,,,,,21729,7.0,7,,,,,,
,,,,,21739,10.0,10,,,,,,
,,,,,21757,18.0,18,,,,,,
,,,,,21764,7.0,7,,,,,,
,,,,,21768,4.0,4,,,,,,
,,,,,21773,5.0,5,,,,,,
,,,,,21790,17.0,17,,,,,,
,,,,,21794,4.0,4,,,,,,
,,,,,21799,5.0,5,,,,,,
,,,,,21803,4.0,4,,,,,,
,,,,,21809,6.0,6,,,,,,
,,,,,21812,3.0,3,,,,,,
,,,,,21816,4.0,4,,,,,,
,,,,,21821,5.0,5,,,,,,
,,,,,21831,10.0,10,,,,,,
,,,,,21834,3.0,3,,,,,,
,,,,,21842,8.0,8,,,,,,
,,,,,21856,14.0,14,,,,,,
,,,,,21873,17.0,17,,,,,,
,,,,,21876,3.0,3,,,,,,
,,,,,21882,6.0,6,,,,,,
,,,,,21888,6.0,6,,,,,,
,,,,,21892,4.0,4,,,,,,
,,,,,21899,7.0,7,,,,,,
,,,,,21903,4.0,4,,,,,,
,,,,,21906,3.0,3,,,,,,
,,,,,21912,6.0,6,,,,,,
,,,,,21928,16.0,16,,,,,,
,,,,,21942,14.0,14,,,,,,
,,,,,21956,14.0,14,,,,,,
,,,,,21960,4.0,4,,,,,,
,,,,,21968,8.0,8,,,,,,
,,,,,21977,9.0,9,,,,,,
,,,,,21981,4.0,4,,,,,,
,,,,,21984,3.0,3,,,,,,
,,,,,22000,,,2.2441492080688477,5.337541580200195,5.222458839416504,0.0003,0.0003,0.1
,,,,,22002,18.0,18,,,,,,
,,,,,22006,4.0,4,,,,,,
,,,,,22012,6.0,6,,,,,,
,,,,,22016,4.0,4,,,,,,
,,,,,22024,8.0,8,,,,,,
,,,,,22029,5.0,5,,,,,,
,,,,,22036,7.0,7,,,,,,
,,,,,22041,5.0,5,,,,,,
,,,,,22046,5.0,5,,,,,,
,,,,,22060,14.0,14,,,,,,
,,,,,22064,4.0,4,,,,,,
,,,,,22081,17.0,17,,,,,,
,,,,,22087,6.0,6,,,,,,
,,,,,22098,11.0,11,,,,,,
,,,,,22101,3.0,3,,,,,,
,,,,,22105,4.0,4,,,,,,
,,,,,22109,4.0,4,,,,,,
,,,,,22114,5.0,5,,,,,,
,,,,,22120,6.0,6,,,,,,
,,,,,22137,17.0,17,,,,,,
,,,,,22143,6.0,6,,,,,,
,,,,,22147,4.0,4,,,,,,
,,,,,22167,20.0,20,,,,,,
,,,,,22170,3.0,3,,,,,,
,,,,,22176,6.0,6,,,,,,
,,,,,22181,5.0,5,,,,,,
,,,,,22185,4.0,4,,,,,,
,,,,,22201,16.0,16,,,,,,
,,,,,22207,6.0,6,,,,,,
,,,,,22212,5.0,5,,,,,,
,,,,,22223,11.0,11,,,,,,
,,,,,22232,9.0,9,,,,,,
,,,,,22237,5.0,5,,,,,,
,,,,,22244,7.0,7,,,,,,
,,,,,22250,6.0,6,,,,,,
,,,,,22253,3.0,3,,,,,,
,,,,,22257,4.0,4,,,,,,
,,,,,22261,4.0,4,,,,,,
,,,,,22276,15.0,15,,,,,,
,,,,,22279,3.0,3,,,,,,
,,,,,22286,7.0,7,,,,,,
,,,,,22298,12.0,12,,,,,,
,,,,,22302,4.0,4,,,,,,
,,,,,22306,4.0,4,,,,,,
,,,,,22312,6.0,6,,,,,,
,,,,,22320,8.0,8,,,,,,
,,,,,22324,4.0,4,,,,,,
,,,,,22328,4.0,4,,,,,,
,,,,,22332,4.0,4,,,,,,
,,,,,22339,7.0,7,,,,,,
,,,,,22347,8.0,8,,,,,,
,,,,,22354,7.0,7,,,,,,
,,,,,22362,8.0,8,,,,,,
,,,,,22367,5.0,5,,,,,,
,,,,,22370,3.0,3,,,,,,
,,,,,22376,6.0,6,,,,,,
,,,,,22388,12.0,12,,,,,,
,,,,,22391,3.0,3,,,,,,
,,,,,22398,7.0,7,,,,,,
,,,,,22403,5.0,5,,,,,,
,,,,,22407,4.0,4,,,,,,
,,,,,22421,14.0,14,,,,,,
,,,,,22441,20.0,20,,,,,,
,,,,,22445,4.0,4,,,,,,
,,,,,22449,4.0,4,,,,,,
,,,,,22455,6.0,6,,,,,,
,,,,,22468,13.0,13,,,,,,
,,,,,22475,7.0,7,,,,,,
,,,,,22487,12.0,12,,,,,,
,,,,,22495,8.0,8,,,,,,
,,,,,22501,6.0,6,,,,,,
,,,,,22505,4.0,4,,,,,,
,,,,,22508,3.0,3,,,,,,
,,,,,22513,5.0,5,,,,,,
,,,,,22516,3.0,3,,,,,,
,,,,,22523,7.0,7,,,,,,
,,,,,22546,23.0,23,,,,,,
,,,,,22550,4.0,4,,,,,,
,,,,,22555,5.0,5,,,,,,
,,,,,22562,7.0,7,,,,,,
,,,,,22568,6.0,6,,,,,,
,,,,,22582,14.0,14,,,,,,
,,,,,22592,10.0,10,,,,,,
,,,,,22598,6.0,6,,,,,,
,,,,,22605,7.0,7,,,,,,
,,,,,22611,6.0,6,,,,,,
,,,,,22620,9.0,9,,,,,,
,,,,,22637,17.0,17,,,,,,
,,,,,22649,12.0,12,,,,,,
,,,,,22668,19.0,19,,,,,,
,,,,,22680,12.0,12,,,,,,
,,,,,22685,5.0,5,,,,,,
,,,,,22695,10.0,10,,,,,,
,,,,,22702,7.0,7,,,,,,
,,,,,22709,7.0,7,,,,,,
,,,,,22712,3.0,3,,,,,,
,,,,,22724,12.0,12,,,,,,
,,,,,22739,15.0,15,,,,,,
,,,,,22742,3.0,3,,,,,,
,,,,,22754,12.0,12,,,,,,
,,,,,22766,12.0,12,,,,,,
,,,,,22770,4.0,4,,,,,,
,,,,,22777,7.0,7,,,,,,
,,,,,22783,6.0,6,,,,,,
,,,,,22792,9.0,9,,,,,,
,,,,,22802,10.0,10,,,,,,
,,,,,22809,7.0,7,,,,,,
,,,,,22813,4.0,4,,,,,,
,,,,,22819,6.0,6,,,,,,
,,,,,22824,5.0,5,,,,,,
,,,,,22827,3.0,3,,,,,,
,,,,,22846,19.0,19,,,,,,
,,,,,22852,6.0,6,,,,,,
,,,,,22855,3.0,3,,,,,,
,,,,,22872,17.0,17,,,,,,
,,,,,22878,6.0,6,,,,,,
,,,,,22890,12.0,12,,,,,,
,,,,,22897,7.0,7,,,,,,
,,,,,22904,7.0,7,,,,,,
,,,,,22907,3.0,3,,,,,,
,,,,,22911,4.0,4,,,,,,
,,,,,22915,4.0,4,,,,,,
,,,,,22918,3.0,3,,,,,,
,,,,,22954,36.0,36,,,,,,
,,,,,22957,3.0,3,,,,,,
,,,,,22960,3.0,3,,,,,,
,,,,,22967,7.0,7,,,,,,
,,,,,22971,4.0,4,,,,,,
,,,,,22978,7.0,7,,,,,,
,,,,,22983,5.0,5,,,,,,
,,,,,22986,3.0,3,,,,,,
,,,,,22998,12.0,12,,,,,,
,,,,,23000,,,2.512185573577881,5.335000038146973,5.560197830200195,0.0003,0.0003,0.1
,,,,,23002,4.0,4,,,,,,
,,,,,23007,5.0,5,,,,,,
,,,,,23017,10.0,10,,,,,,
,,,,,23030,13.0,13,,,,,,
,,,,,23033,3.0,3,,,,,,
,,,,,23039,6.0,6,,,,,,
,,,,,23060,21.0,21,,,,,,
,,,,,23065,5.0,5,,,,,,
,,,,,23073,8.0,8,,,,,,
,,,,,23078,5.0,5,,,,,,
,,,,,23086,8.0,8,,,,,,
,,,,,23093,7.0,7,,,,,,
,,,,,23097,4.0,4,,,,,,
,,,,,23102,5.0,5,,,,,,
,,,,,23105,3.0,3,,,,,,
,,,,,23111,6.0,6,,,,,,
,,,,,23116,5.0,5,,,,,,
,,,,,23123,7.0,7,,,,,,
,,,,,23127,4.0,4,,,,,,
,,,,,23132,5.0,5,,,,,,
,,,,,23140,8.0,8,,,,,,
,,,,,23143,3.0,3,,,,,,
,,,,,23155,12.0,12,,,,,,
,,,,,23164,9.0,9,,,,,,
,,,,,23167,3.0,3,,,,,,
,,,,,23174,7.0,7,,,,,,
,,,,,23186,12.0,12,,,,,,
,,,,,23200,14.0,14,,,,,,
,,,,,23204,4.0,4,,,,,,
,,,,,23219,15.0,15,,,,,,
,,,,,23225,6.0,6,,,,,,
,,,,,23231,6.0,6,,,,,,
,,,,,23236,5.0,5,,,,,,
,,,,,23247,11.0,11,,,,,,
,,,,,23266,19.0,19,,,,,,
,,,,,23276,10.0,10,,,,,,
,,,,,23282,6.0,6,,,,,,
,,,,,23289,7.0,7,,,,,,
,,,,,23297,8.0,8,,,,,,
,,,,,23304,7.0,7,,,,,,
,,,,,23308,4.0,4,,,,,,
,,,,,23325,17.0,17,,,,,,
,,,,,23333,8.0,8,,,,,,
,,,,,23339,6.0,6,,,,,,
,,,,,23353,14.0,14,,,,,,
,,,,,23359,6.0,6,,,,,,
,,,,,23366,7.0,7,,,,,,
,,,,,23370,4.0,4,,,,,,
,,,,,23374,4.0,4,,,,,,
,,,,,23377,3.0,3,,,,,,
,,,,,23380,3.0,3,,,,,,
,,,,,23386,6.0,6,,,,,,
,,,,,23391,5.0,5,,,,,,
,,,,,23395,4.0,4,,,,,,
,,,,,23399,4.0,4,,,,,,
,,,,,23402,3.0,3,,,,,,
,,,,,23406,4.0,4,,,,,,
,,,,,23413,7.0,7,,,,,,
,,,,,23420,7.0,7,,,,,,
,,,,,23425,5.0,5,,,,,,
,,,,,23430,5.0,5,,,,,,
,,,,,23435,5.0,5,,,,,,
,,,,,23439,4.0,4,,,,,,
,,,,,23447,8.0,8,,,,,,
,,,,,23450,3.0,3,,,,,,
,,,,,23461,11.0,11,,,,,,
,,,,,23464,3.0,3,,,,,,
,,,,,23471,7.0,7,,,,,,
,,,,,23475,4.0,4,,,,,,
,,,,,23478,3.0,3,,,,,,
,,,,,23482,4.0,4,,,,,,
,,,,,23508,26.0,26,,,,,,
,,,,,23518,10.0,10,,,,,,
,,,,,23522,4.0,4,,,,,,
,,,,,23525,3.0,3,,,,,,
,,,,,23534,9.0,9,,,,,,
,,,,,23538,4.0,4,,,,,,
,,,,,23541,3.0,3,,,,,,
,,,,,23548,7.0,7,,,,,,
,,,,,23553,5.0,5,,,,,,
,,,,,23557,4.0,4,,,,,,
,,,,,23561,4.0,4,,,,,,
,,,,,23571,10.0,10,,,,,,
,,,,,23574,3.0,3,,,,,,
,,,,,23582,8.0,8,,,,,,
,,,,,23590,8.0,8,,,,,,
,,,,,23595,5.0,5,,,,,,
,,,,,23598,3.0,3,,,,,,
,,,,,23613,15.0,15,,,,,,
,,,,,23617,4.0,4,,,,,,
,,,,,23620,3.0,3,,,,,,
,,,,,23624,4.0,4,,,,,,
,,,,,23635,11.0,11,,,,,,
,,,,,23639,4.0,4,,,,,,
,,,,,23643,4.0,4,,,,,,
,,,,,23657,14.0,14,,,,,,
,,,,,23660,3.0,3,,,,,,
,,,,,23664,4.0,4,,,,,,
,,,,,23668,4.0,4,,,,,,
,,,,,23674,6.0,6,,,,,,
,,,,,23682,8.0,8,,,,,,
,,,,,23696,14.0,14,,,,,,
,,,,,23702,6.0,6,,,,,,
,,,,,23707,5.0,5,,,,,,
,,,,,23710,3.0,3,,,,,,
,,,,,23713,3.0,3,,,,,,
,,,,,23724,11.0,11,,,,,,
,,,,,23731,7.0,7,,,,,,
,,,,,23738,7.0,7,,,,,,
,,,,,23742,4.0,4,,,,,,
,,,,,23748,6.0,6,,,,,,
,,,,,23759,11.0,11,,,,,,
,,,,,23765,6.0,6,,,,,,
,,,,,23770,5.0,5,,,,,,
,,,,,23776,6.0,6,,,,,,
,,,,,23782,6.0,6,,,,,,
,,,,,23785,3.0,3,,,,,,
,,,,,23796,11.0,11,,,,,,
,,,,,23802,6.0,6,,,,,,
,,,,,23806,4.0,4,,,,,,
,,,,,23809,3.0,3,,,,,,
,,,,,23814,5.0,5,,,,,,
,,,,,23819,5.0,5,,,,,,
,,,,,23828,9.0,9,,,,,,
,,,,,23836,8.0,8,,,,,,
,,,,,23844,8.0,8,,,,,,
,,,,,23850,6.0,6,,,,,,
,,,,,23863,13.0,13,,,,,,
,,,,,23868,5.0,5,,,,,,
,,,,,23871,3.0,3,,,,,,
,,,,,23879,8.0,8,,,,,,
,,,,,23889,10.0,10,,,,,,
,,,,,23892,3.0,3,,,,,,
,,,,,23901,9.0,9,,,,,,
,,,,,23915,14.0,14,,,,,,
,,,,,23923,8.0,8,,,,,,
,,,,,23928,5.0,5,,,,,,
,,,,,23947,19.0,19,,,,,,
,,,,,23950,3.0,3,,,,,,
,,,,,23961,11.0,11,,,,,,
,,,,,23974,13.0,13,,,,,,
,,,,,23987,13.0,13,,,,,,
,,,,,23993,6.0,6,,,,,,
,,,,,24000,,,2.275421142578125,4.9731292724609375,5.01177978515625,0.0003,0.0003,0.1
,,,,,24004,11.0,11,,,,,,
,,,,,24014,10.0,10,,,,,,
,,,,,24017,3.0,3,,,,,,
,,,,,24023,6.0,6,,,,,,
,,,,,24029,6.0,6,,,,,,
,,,,,24048,19.0,19,,,,,,
,,,,,24052,4.0,4,,,,,,
,,,,,24058,6.0,6,,,,,,
,,,,,24072,14.0,14,,,,,,
,,,,,24085,13.0,13,,,,,,
,,,,,24090,5.0,5,,,,,,
,,,,,24094,4.0,4,,,,,,
,,,,,24099,5.0,5,,,,,,
,,,,,24105,6.0,6,,,,,,
,,,,,24117,12.0,12,,,,,,
,,,,,24122,5.0,5,,,,,,
,,,,,24131,9.0,9,,,,,,
,,,,,24136,5.0,5,,,,,,
,,,,,24141,5.0,5,,,,,,
,,,,,24158,17.0,17,,,,,,
,,,,,24163,5.0,5,,,,,,
,,,,,24167,4.0,4,,,,,,
,,,,,24180,13.0,13,,,,,,
,,,,,24187,7.0,7,,,,,,
,,,,,24192,5.0,5,,,,,,
,,,,,24196,4.0,4,,,,,,
,,,,,24199,3.0,3,,,,,,
,,,,,24207,8.0,8,,,,,,
,,,,,24219,12.0,12,,,,,,
,,,,,24227,8.0,8,,,,,,
,,,,,24231,4.0,4,,,,,,
,,,,,24239,8.0,8,,,,,,
,,,,,24245,6.0,6,,,,,,
,,,,,24255,10.0,10,,,,,,
,,,,,24265,10.0,10,,,,,,
,,,,,24277,12.0,12,,,,,,
,,,,,24287,10.0,10,,,,,,
,,,,,24291,4.0,4,,,,,,
,,,,,24295,4.0,4,,,,,,
,,,,,24300,5.0,5,,,,,,
,,,,,24304,4.0,4,,,,,,
,,,,,24309,5.0,5,,,,,,
,,,,,24315,6.0,6,,,,,,
,,,,,24321,6.0,6,,,,,,
,,,,,24324,3.0,3,,,,,,
,,,,,24328,4.0,4,,,,,,
,,,,,24333,5.0,5,,,,,,
,,,,,24357,24.0,24,,,,,,
,,,,,24365,8.0,8,,,,,,
,,,,,24371,6.0,6,,,,,,
,,,,,24377,6.0,6,,,,,,
,,,,,24381,4.0,4,,,,,,
,,,,,24385,4.0,4,,,,,,
,,,,,24390,5.0,5,,,,,,
,,,,,24394,4.0,4,,,,,,
,,,,,24404,10.0,10,,,,,,
,,,,,24407,3.0,3,,,,,,
,,,,,24415,8.0,8,,,,,,
,,,,,24418,3.0,3,,,,,,
,,,,,24422,4.0,4,,,,,,
,,,,,24432,10.0,10,,,,,,
,,,,,24447,15.0,15,,,,,,
,,,,,24458,11.0,11,,,,,,
,,,,,24473,15.0,15,,,,,,
,,,,,24478,5.0,5,,,,,,
,,,,,24481,3.0,3,,,,,,
,,,,,24489,8.0,8,,,,,,
,,,,,24502,13.0,13,,,,,,
,,,,,24505,3.0,3,,,,,,
,,,,,24510,5.0,5,,,,,,
,,,,,24519,9.0,9,,,,,,
,,,,,24534,15.0,15,,,,,,
,,,,,24540,6.0,6,,,,,,
,,,,,24548,8.0,8,,,,,,
,,,,,24557,9.0,9,,,,,,
,,,,,24566,9.0,9,,,,,,
,,,,,24570,4.0,4,,,,,,
,,,,,24573,3.0,3,,,,,,
,,,,,24577,4.0,4,,,,,,
,,,,,24585,8.0,8,,,,,,
,,,,,24592,7.0,7,,,,,,
,,,,,24596,4.0,4,,,,,,
,,,,,24606,10.0,10,,,,,,
,,,,,24611,5.0,5,,,,,,
,,,,,24615,4.0,4,,,,,,
,,,,,24620,5.0,5,,,,,,
,,,,,24627,7.0,7,,,,,,
,,,,,24636,9.0,9,,,,,,
,,,,,24650,14.0,14,,,,,,
,,,,,24654,4.0,4,,,,,,
,,,,,24664,10.0,10,,,,,,
,,,,,24673,9.0,9,,,,,,
,,,,,24688,15.0,15,,,,,,
,,,,,24692,4.0,4,,,,,,
,,,,,24699,7.0,7,,,,,,
,,,,,24715,16.0,16,,,,,,
,,,,,24728,13.0,13,,,,,,
,,,,,24733,5.0,5,,,,,,
,,,,,24737,4.0,4,,,,,,
,,,,,24747,10.0,10,,,,,,
,,,,,24752,5.0,5,,,,,,
,,,,,24757,5.0,5,,,,,,
,,,,,24765,8.0,8,,,,,,
,,,,,24768,3.0,3,,,,,,
,,,,,24774,6.0,6,,,,,,
,,,,,24796,22.0,22,,,,,,
,,,,,24808,12.0,12,,,,,,
,,,,,24813,5.0,5,,,,,,
,,,,,24819,6.0,6,,,,,,
,,,,,24822,3.0,3,,,,,,
,,,,,24826,4.0,4,,,,,,
,,,,,24833,7.0,7,,,,,,
,,,,,24841,8.0,8,,,,,,
,,,,,24844,3.0,3,,,,,,
,,,,,24850,6.0,6,,,,,,
,,,,,24868,18.0,18,,,,,,
,,,,,24880,12.0,12,,,,,,
,,,,,24883,3.0,3,,,,,,
,,,,,24891,8.0,8,,,,,,
,,,,,24894,3.0,3,,,,,,
,,,,,24911,17.0,17,,,,,,
,,,,,24918,7.0,7,,,,,,
,,,,,24933,15.0,15,,,,,,
,,,,,24950,17.0,17,,,,,,
,,,,,24954,4.0,4,,,,,,
,,,,,24958,4.0,4,,,,,,
,,,,,24962,4.0,4,,,,,,
,,,,,24974,12.0,12,,,,,,
,,,,,24978,4.0,4,,,,,,
,,,,,24983,5.0,5,,,,,,
,,,,,24990,7.0,7,,,,,,
9.2,6.997142,27.0,4.0,9.2,25000,,,2.744370460510254,5.257114410400391,5.160109043121338,0.0003,0.0003,0.1
,,,,,25002,12.0,12,,,,,,
,,,,,25008,6.0,6,,,,,,
,,,,,25022,14.0,14,,,,,,
,,,,,25026,4.0,4,,,,,,
,,,,,25029,3.0,3,,,,,,
,,,,,25062,33.0,33,,,,,,
,,,,,25069,7.0,7,,,,,,
,,,,,25081,12.0,12,,,,,,
,,,,,25085,4.0,4,,,,,,
,,,,,25094,9.0,9,,,,,,
,,,,,25098,4.0,4,,,,,,
,,,,,25103,5.0,5,,,,,,
,,,,,25114,11.0,11,,,,,,
,,,,,25117,3.0,3,,,,,,
,,,,,25122,5.0,5,,,,,,
,,,,,25127,5.0,5,,,,,,
,,,,,25142,15.0,15,,,,,,
,,,,,25145,3.0,3,,,,,,
,,,,,25148,3.0,3,,,,,,
,,,,,25154,6.0,6,,,,,,
,,,,,25161,7.0,7,,,,,,
,,,,,25167,6.0,6,,,,,,
,,,,,25171,4.0,4,,,,,,
,,,,,25175,4.0,4,,,,,,
,,,,,25179,4.0,4,,,,,,
,,,,,25183,4.0,4,,,,,,
,,,,,25186,3.0,3,,,,,,
,,,,,25190,4.0,4,,,,,,
,,,,,25197,7.0,7,,,,,,
,,,,,25204,7.0,7,,,,,,
,,,,,25216,12.0,12,,,,,,
,,,,,25220,4.0,4,,,,,,
,,,,,25223,3.0,3,,,,,,
,,,,,25227,4.0,4,,,,,,
,,,,,25235,8.0,8,,,,,,
,,,,,25247,12.0,12,,,,,,
,,,,,25252,5.0,5,,,,,,
,,,,,25258,6.0,6,,,,,,
,,,,,25265,7.0,7,,,,,,
,,,,,25268,3.0,3,,,,,,
,,,,,25271,3.0,3,,,,,,
,,,,,25278,7.0,7,,,,,,
,,,,,25285,7.0,7,,,,,,
,,,,,25291,6.0,6,,,,,,
,,,,,25300,9.0,9,,,,,,
,,,,,25317,17.0,17,,,,,,
,,,,,25332,15.0,15,,,,,,
,,,,,25336,4.0,4,,,,,,
,,,,,25344,8.0,8,,,,,,
,,,,,25352,8.0,8,,,,,,
,,,,,25357,5.0,5,,,,,,
,,,,,25363,6.0,6,,,,,,
,,,,,25371,8.0,8,,,,,,
,,,,,25375,4.0,4,,,,,,
,,,,,25382,7.0,7,,,,,,
,,,,,25388,6.0,6,,,,,,
,,,,,25393,5.0,5,,,,,,
,,,,,25396,3.0,3,,,,,,
,,,,,25400,4.0,4,,,,,,
,,,,,25403,3.0,3,,,,,,
,,,,,25406,3.0,3,,,,,,
,,,,,25412,6.0,6,,,,,,
,,,,,25420,8.0,8,,,,,,
,,,,,25424,4.0,4,,,,,,
,,,,,25428,4.0,4,,,,,,
,,,,,25432,4.0,4,,,,,,
,,,,,25439,7.0,7,,,,,,
,,,,,25445,6.0,6,,,,,,
,,,,,25455,10.0,10,,,,,,
,,,,,25458,3.0,3,,,,,,
,,,,,25463,5.0,5,,,,,,
,,,,,25472,9.0,9,,,,,,
,,,,,25484,12.0,12,,,,,,
,,,,,25487,3.0,3,,,,,,
,,,,,25491,4.0,4,,,,,,
,,,,,25495,4.0,4,,,,,,
,,,,,25501,6.0,6,,,,,,
,,,,,25506,5.0,5,,,,,,
,,,,,25518,12.0,12,,,,,,
,,,,,25522,4.0,4,,,,,,
,,,,,25525,3.0,3,,,,,,
,,,,,25528,3.0,3,,,,,,
,,,,,25531,3.0,3,,,,,,
,,,,,25537,6.0,6,,,,,,
,,,,,25541,4.0,4,,,,,,
,,,,,25552,11.0,11,,,,,,
,,,,,25559,7.0,7,,,,,,
,,,,,25562,3.0,3,,,,,,
,,,,,25571,9.0,9,,,,,,
,,,,,25578,7.0,7,,,,,,
,,,,,25583,5.0,5,,,,,,
,,,,,25589,6.0,6,,,,,,
,,,,,25592,3.0,3,,,,,,
,,,,,25595,3.0,3,,,,,,
,,,,,25599,4.0,4,,,,,,
,,,,,25603,4.0,4,,,,,,
,,,,,25607,4.0,4,,,,,,
,,,,,25612,5.0,5,,,,,,
,,,,,25623,11.0,11,,,,,,
,,,,,25628,5.0,5,,,,,,
,,,,,25631,3.0,3,,,,,,
,,,,,25637,6.0,6,,,,,,
,,,,,25644,7.0,7,,,,,,
,,,,,25651,7.0,7,,,,,,
,,,,,25662,11.0,11,,,,,,
,,,,,25669,7.0,7,,,,,,
,,,,,25676,7.0,7,,,,,,
,,,,,25682,6.0,6,,,,,,
,,,,,25685,3.0,3,,,,,,
,,,,,25695,10.0,10,,,,,,
,,,,,25706,11.0,11,,,,,,
,,,,,25709,3.0,3,,,,,,
,,,,,25714,5.0,5,,,,,,
,,,,,25727,13.0,13,,,,,,
,,,,,25736,9.0,9,,,,,,
,,,,,25739,3.0,3,,,,,,
,,,,,25743,4.0,4,,,,,,
,,,,,25750,7.0,7,,,,,,
,,,,,25767,17.0,17,,,,,,
,,,,,25772,5.0,5,,,,,,
,,,,,25778,6.0,6,,,,,,
,,,,,25781,3.0,3,,,,,,
,,,,,25789,8.0,8,,,,,,
,,,,,25793,4.0,4,,,,,,
,,,,,25806,13.0,13,,,,,,
,,,,,25809,3.0,3,,,,,,
,,,,,25816,7.0,7,,,,,,
,,,,,25826,10.0,10,,,,,,
,,,,,25834,8.0,8,,,,,,
,,,,,25839,5.0,5,,,,,,
,,,,,25843,4.0,4,,,,,,
,,,,,25859,16.0,16,,,,,,
,,,,,25865,6.0,6,,,,,,
,,,,,25872,7.0,7,,,,,,
,,,,,25879,7.0,7,,,,,,
,,,,,25892,13.0,13,,,,,,
,,,,,25896,4.0,4,,,,,,
,,,,,25907,11.0,11,,,,,,
,,,,,25913,6.0,6,,,,,,
,,,,,25917,4.0,4,,,,,,
,,,,,25920,3.0,3,,,,,,
,,,,,25925,5.0,5,,,,,,
,,,,,25929,4.0,4,,,,,,
,,,,,25936,7.0,7,,,,,,
,,,,,25952,16.0,16,,,,,,
,,,,,25958,6.0,6,,,,,,
,,,,,25963,5.0,5,,,,,,
,,,,,25971,8.0,8,,,,,,
,,,,,25980,9.0,9,,,,,,
,,,,,25984,4.0,4,,,,,,
,,,,,25988,4.0,4,,,,,,
,,,,,25991,3.0,3,,,,,,
,,,,,25994,3.0,3,,,,,,
,,,,,25998,4.0,4,,,,,,
,,,,,26000,,,2.4855146408081055,5.453163146972656,5.304747104644775,0.0003,0.0003,0.1
,,,,,26001,3.0,3,,,,,,
,,,,,26006,5.0,5,,,,,,
,,,,,26010,4.0,4,,,,,,
,,,,,26024,14.0,14,,,,,,
,,,,,26028,4.0,4,,,,,,
,,,,,26034,6.0,6,,,,,,
,,,,,26047,13.0,13,,,,,,
,,,,,26051,4.0,4,,,,,,
,,,,,26056,5.0,5,,,,,,
,,,,,26060,4.0,4,,,,,,
,,,,,26064,4.0,4,,,,,,
,,,,,26067,3.0,3,,,,,,
,,,,,26073,6.0,6,,,,,,
,,,,,26078,5.0,5,,,,,,
,,,,,26082,4.0,4,,,,,,
,,,,,26086,4.0,4,,,,,,
,,,,,26089,3.0,3,,,,,,
,,,,,26096,7.0,7,,,,,,
,,,,,26100,4.0,4,,,,,,
,,,,,26107,7.0,7,,,,,,
,,,,,26120,13.0,13,,,,,,
,,,,,26130,10.0,10,,,,,,
,,,,,26133,3.0,3,,,,,,
,,,,,26141,8.0,8,,,,,,
,,,,,26146,5.0,5,,,,,,
,,,,,26165,19.0,19,,,,,,
,,,,,26175,10.0,10,,,,,,
,,,,,26180,5.0,5,,,,,,
,,,,,26195,15.0,15,,,,,,
,,,,,26200,5.0,5,,,,,,
,,,,,26215,15.0,15,,,,,,
,,,,,26231,16.0,16,,,,,,
,,,,,26237,6.0,6,,,,,,
,,,,,26241,4.0,4,,,,,,
,,,,,26245,4.0,4,,,,,,
,,,,,26251,6.0,6,,,,,,
,,,,,26261,10.0,10,,,,,,
,,,,,26267,6.0,6,,,,,,
,,,,,26271,4.0,4,,,,,,
,,,,,26280,9.0,9,,,,,,
,,,,,26285,5.0,5,,,,,,
,,,,,26291,6.0,6,,,,,,
,,,,,26294,3.0,3,,,,,,
,,,,,26297,3.0,3,,,,,,
,,,,,26305,8.0,8,,,,,,
,,,,,26315,10.0,10,,,,,,
,,,,,26318,3.0,3,,,,,,
,,,,,26329,11.0,11,,,,,,
,,,,,26333,4.0,4,,,,,,
,,,,,26344,11.0,11,,,,,,
,,,,,26348,4.0,4,,,,,,
,,,,,26357,9.0,9,,,,,,
,,,,,26372,15.0,15,,,,,,
,,,,,26380,8.0,8,,,,,,
,,,,,26385,5.0,5,,,,,,
,,,,,26390,5.0,5,,,,,,
,,,,,26393,3.0,3,,,,,,
,,,,,26408,15.0,15,,,,,,
,,,,,26419,11.0,11,,,,,,
,,,,,26424,5.0,5,,,,,,
,,,,,26432,8.0,8,,,,,,
,,,,,26435,3.0,3,,,,,,
,,,,,26439,4.0,4,,,,,,
,,,,,26448,9.0,9,,,,,,
,,,,,26463,15.0,15,,,,,,
,,,,,26466,3.0,3,,,,,,
,,,,,26477,11.0,11,,,,,,
,,,,,26480,3.0,3,,,,,,
,,,,,26485,5.0,5,,,,,,
,,,,,26489,4.0,4,,,,,,
,,,,,26498,9.0,9,,,,,,
,,,,,26508,10.0,10,,,,,,
,,,,,26512,4.0,4,,,,,,
,,,,,26519,7.0,7,,,,,,
,,,,,26522,3.0,3,,,,,,
,,,,,26526,4.0,4,,,,,,
,,,,,26535,9.0,9,,,,,,
,,,,,26539,4.0,4,,,,,,
,,,,,26559,20.0,20,,,,,,
,,,,,26567,8.0,8,,,,,,
,,,,,26571,4.0,4,,,,,,
,,,,,26575,4.0,4,,,,,,
,,,,,26579,4.0,4,,,,,,
,,,,,26583,4.0,4,,,,,,
,,,,,26586,3.0,3,,,,,,
,,,,,26594,8.0,8,,,,,,
,,,,,26598,4.0,4,,,,,,
,,,,,26604,6.0,6,,,,,,
,,,,,26620,16.0,16,,,,,,
,,,,,26625,5.0,5,,,,,,
,,,,,26629,4.0,4,,,,,,
,,,,,26642,13.0,13,,,,,,
,,,,,26647,5.0,5,,,,,,
,,,,,26667,20.0,20,,,,,,
,,,,,26676,9.0,9,,,,,,
,,,,,26688,12.0,12,,,,,,
,,,,,26691,3.0,3,,,,,,
,,,,,26701,10.0,10,,,,,,
,,,,,26711,10.0,10,,,,,,
,,,,,26715,4.0,4,,,,,,
,,,,,26723,8.0,8,,,,,,
,,,,,26728,5.0,5,,,,,,
,,,,,26736,8.0,8,,,,,,
,,,,,26741,5.0,5,,,,,,
,,,,,26749,8.0,8,,,,,,
,,,,,26752,3.0,3,,,,,,
,,,,,26766,14.0,14,,,,,,
,,,,,26769,3.0,3,,,,,,
,,,,,26774,5.0,5,,,,,,
,,,,,26785,11.0,11,,,,,,
,,,,,26790,5.0,5,,,,,,
,,,,,26793,3.0,3,,,,,,
,,,,,26799,6.0,6,,,,,,
,,,,,26803,4.0,4,,,,,,
,,,,,26806,3.0,3,,,,,,
,,,,,26826,20.0,20,,,,,,
,,,,,26833,7.0,7,,,,,,
,,,,,26836,3.0,3,,,,,,
,,,,,26841,5.0,5,,,,,,
,,,,,26846,5.0,5,,,,,,
,,,,,26853,7.0,7,,,,,,
,,,,,26857,4.0,4,,,,,,
,,,,,26862,5.0,5,,,,,,
,,,,,26867,5.0,5,,,,,,
,,,,,26883,16.0,16,,,,,,
,,,,,26891,8.0,8,,,,,,
,,,,,26901,10.0,10,,,,,,
,,,,,26904,3.0,3,,,,,,
,,,,,26910,6.0,6,,,,,,
,,,,,26913,3.0,3,,,,,,
,,,,,26919,6.0,6,,,,,,
,,,,,26928,9.0,9,,,,,,
,,,,,26937,9.0,9,,,,,,
,,,,,26942,5.0,5,,,,,,
,,,,,26946,4.0,4,,,,,,
,,,,,26951,5.0,5,,,,,,
,,,,,26957,6.0,6,,,,,,
,,,,,26961,4.0,4,,,,,,
,,,,,26964,3.0,3,,,,,,
,,,,,26967,3.0,3,,,,,,
,,,,,26972,5.0,5,,,,,,
,,,,,26978,6.0,6,,,,,,
,,,,,26989,11.0,11,,,,,,
,,,,,26997,8.0,8,,,,,,
,,,,,27000,,,3.092833995819092,5.580909729003906,5.328868865966797,0.0003,0.0003,0.1
,,,,,27001,4.0,4,,,,,,
,,,,,27005,4.0,4,,,,,,
,,,,,27009,4.0,4,,,,,,
,,,,,27015,6.0,6,,,,,,
,,,,,27019,4.0,4,,,,,,
,,,,,27024,5.0,5,,,,,,
,,,,,27032,8.0,8,,,,,,
,,,,,27039,7.0,7,,,,,,
,,,,,27054,15.0,15,,,,,,
,,,,,27061,7.0,7,,,,,,
,,,,,27066,5.0,5,,,,,,
,,,,,27070,4.0,4,,,,,,
,,,,,27076,6.0,6,,,,,,
,,,,,27080,4.0,4,,,,,,
,,,,,27084,4.0,4,,,,,,
,,,,,27089,5.0,5,,,,,,
,,,,,27094,5.0,5,,,,,,
,,,,,27103,9.0,9,,,,,,
,,,,,27117,14.0,14,,,,,,
,,,,,27129,12.0,12,,,,,,
,,,,,27134,5.0,5,,,,,,
,,,,,27142,8.0,8,,,,,,
,,,,,27145,3.0,3,,,,,,
,,,,,27150,5.0,5,,,,,,
,,,,,27157,7.0,7,,,,,,
,,,,,27161,4.0,4,,,,,,
,,,,,27167,6.0,6,,,,,,
,,,,,27171,4.0,4,,,,,,
,,,,,27178,7.0,7,,,,,,
,,,,,27182,4.0,4,,,,,,
,,,,,27191,9.0,9,,,,,,
,,,,,27198,7.0,7,,,,,,
,,,,,27210,12.0,12,,,,,,
,,,,,27214,4.0,4,,,,,,
,,,,,27219,5.0,5,,,,,,
,,,,,27231,12.0,12,,,,,,
,,,,,27237,6.0,6,,,,,,
,,,,,27241,4.0,4,,,,,,
,,,,,27244,3.0,3,,,,,,
,,,,,27247,3.0,3,,,,,,
,,,,,27252,5.0,5,,,,,,
,,,,,27263,11.0,11,,,,,,
,,,,,27267,4.0,4,,,,,,
,,,,,27279,12.0,12,,,,,,
,,,,,27282,3.0,3,,,,,,
,,,,,27289,7.0,7,,,,,,
,,,,,27297,8.0,8,,,,,,
,,,,,27301,4.0,4,,,,,,
,,,,,27307,6.0,6,,,,,,
,,,,,27312,5.0,5,,,,,,
,,,,,27315,3.0,3,,,,,,
,,,,,27324,9.0,9,,,,,,
,,,,,27329,5.0,5,,,,,,
,,,,,27332,3.0,3,,,,,,
,,,,,27335,3.0,3,,,,,,
,,,,,27340,5.0,5,,,,,,
,,,,,27344,4.0,4,,,,,,
,,,,,27354,10.0,10,,,,,,
,,,,,27358,4.0,4,,,,,,
,,,,,27361,3.0,3,,,,,,
,,,,,27367,6.0,6,,,,,,
,,,,,27371,4.0,4,,,,,,
,,,,,27376,5.0,5,,,,,,
,,,,,27384,8.0,8,,,,,,
,,,,,27387,3.0,3,,,,,,
,,,,,27394,7.0,7,,,,,,
,,,,,27398,4.0,4,,,,,,
,,,,,27401,3.0,3,,,,,,
,,,,,27408,7.0,7,,,,,,
,,,,,27417,9.0,9,,,,,,
,,,,,27421,4.0,4,,,,,,
,,,,,27427,6.0,6,,,,,,
,,,,,27430,3.0,3,,,,,,
,,,,,27434,4.0,4,,,,,,
,,,,,27445,11.0,11,,,,,,
,,,,,27448,3.0,3,,,,,,
,,,,,27455,7.0,7,,,,,,
,,,,,27461,6.0,6,,,,,,
,,,,,27466,5.0,5,,,,,,
,,,,,27471,5.0,5,,,,,,
,,,,,27480,9.0,9,,,,,,
,,,,,27485,5.0,5,,,,,,
,,,,,27489,4.0,4,,,,,,
,,,,,27496,7.0,7,,,,,,
,,,,,27505,9.0,9,,,,,,
,,,,,27510,5.0,5,,,,,,
,,,,,27517,7.0,7,,,,,,
,,,,,27522,5.0,5,,,,,,
,,,,,27527,5.0,5,,,,,,
,,,,,27531,4.0,4,,,,,,
,,,,,27540,9.0,9,,,,,,
,,,,,27543,3.0,3,,,,,,
,,,,,27552,9.0,9,,,,,,
,,,,,27561,9.0,9,,,,,,
,,,,,27566,5.0,5,,,,,,
,,,,,27575,9.0,9,,,,,,
,,,,,27586,11.0,11,,,,,,
,,,,,27591,5.0,5,,,,,,
,,,,,27594,3.0,3,,,,,,
,,,,,27597,3.0,3,,,,,,
,,,,,27605,8.0,8,,,,,,
,,,,,27614,9.0,9,,,,,,
,,,,,27621,7.0,7,,,,,,
,,,,,27629,8.0,8,,,,,,
,,,,,27637,8.0,8,,,,,,
,,,,,27643,6.0,6,,,,,,
,,,,,27646,3.0,3,,,,,,
,,,,,27652,6.0,6,,,,,,
,,,,,27661,9.0,9,,,,,,
,,,,,27665,4.0,4,,,,,,
,,,,,27680,15.0,15,,,,,,
,,,,,27690,10.0,10,,,,,,
,,,,,27698,8.0,8,,,,,,
,,,,,27706,8.0,8,,,,,,
,,,,,27718,12.0,12,,,,,,
,,,,,27732,14.0,14,,,,,,
,,,,,27736,4.0,4,,,,,,
,,,,,27743,7.0,7,,,,,,
,,,,,27753,10.0,10,,,,,,
,,,,,27756,3.0,3,,,,,,
,,,,,27759,3.0,3,,,,,,
,,,,,27763,4.0,4,,,,,,
,,,,,27770,7.0,7,,,,,,
,,,,,27780,10.0,10,,,,,,
,,,,,27783,3.0,3,,,,,,
,,,,,27788,5.0,5,,,,,,
,,,,,27792,4.0,4,,,,,,
,,,,,27806,14.0,14,,,,,,
,,,,,27823,17.0,17,,,,,,
,,,,,27834,11.0,11,,,,,,
,,,,,27839,5.0,5,,,,,,
,,,,,27848,9.0,9,,,,,,
,,,,,27854,6.0,6,,,,,,
,,,,,27863,9.0,9,,,,,,
,,,,,27869,6.0,6,,,,,,
,,,,,27892,23.0,23,,,,,,
,,,,,27899,7.0,7,,,,,,
,,,,,27903,4.0,4,,,,,,
,,,,,27913,10.0,10,,,,,,
,,,,,27919,6.0,6,,,,,,
,,,,,27923,4.0,4,,,,,,
,,,,,27938,15.0,15,,,,,,
,,,,,27942,4.0,4,,,,,,
,,,,,27947,5.0,5,,,,,,
,,,,,27951,4.0,4,,,,,,
,,,,,27959,8.0,8,,,,,,
,,,,,27964,5.0,5,,,,,,
,,,,,27968,4.0,4,,,,,,
,,,,,27991,23.0,23,,,,,,
,,,,,27998,7.0,7,,,,,,
,,,,,28000,,,2.5463719367980957,5.080026626586914,5.172634124755859,0.0003,0.0003,0.1
,,,,,28001,3.0,3,,,,,,
,,,,,28007,6.0,6,,,,,,
,,,,,28014,7.0,7,,,,,,
,,,,,28019,5.0,5,,,,,,
,,,,,28026,7.0,7,,,,,,
,,,,,28034,8.0,8,,,,,,
,,,,,28045,11.0,11,,,,,,
,,,,,28049,4.0,4,,,,,,
,,,,,28066,17.0,17,,,,,,
,,,,,28070,4.0,4,,,,,,
,,,,,28073,3.0,3,,,,,,
,,,,,28078,5.0,5,,,,,,
,,,,,28094,16.0,16,,,,,,
,,,,,28106,12.0,12,,,,,,
,,,,,28115,9.0,9,,,,,,
,,,,,28120,5.0,5,,,,,,
,,,,,28123,3.0,3,,,,,,
,,,,,28126,3.0,3,,,,,,
,,,,,28131,5.0,5,,,,,,
,,,,,28140,9.0,9,,,,,,
,,,,,28146,6.0,6,,,,,,
,,,,,28149,3.0,3,,,,,,
,,,,,28154,5.0,5,,,,,,
,,,,,28162,8.0,8,,,,,,
,,,,,28165,3.0,3,,,,,,
,,,,,28169,4.0,4,,,,,,
,,,,,28172,3.0,3,,,,,,
,,,,,28179,7.0,7,,,,,,
,,,,,28183,4.0,4,,,,,,
,,,,,28194,11.0,11,,,,,,
,,,,,28198,4.0,4,,,,,,
,,,,,28213,15.0,15,,,,,,
,,,,,28216,3.0,3,,,,,,
,,,,,28219,3.0,3,,,,,,
,,,,,28226,7.0,7,,,,,,
,,,,,28229,3.0,3,,,,,,
,,,,,28239,10.0,10,,,,,,
,,,,,28243,4.0,4,,,,,,
,,,,,28253,10.0,10,,,,,,
,,,,,28257,4.0,4,,,,,,
,,,,,28263,6.0,6,,,,,,
,,,,,28273,10.0,10,,,,,,
,,,,,28281,8.0,8,,,,,,
,,,,,28284,3.0,3,,,,,,
,,,,,28289,5.0,5,,,,,,
,,,,,28292,3.0,3,,,,,,
,,,,,28296,4.0,4,,,,,,
,,,,,28305,9.0,9,,,,,,
,,,,,28308,3.0,3,,,,,,
,,,,,28314,6.0,6,,,,,,
,,,,,28321,7.0,7,,,,,,
,,,,,28326,5.0,5,,,,,,
,,,,,28330,4.0,4,,,,,,
,,,,,28333,3.0,3,,,,,,
,,,,,28337,4.0,4,,,,,,
,,,,,28341,4.0,4,,,,,,
,,,,,28345,4.0,4,,,,,,
,,,,,28357,12.0,12,,,,,,
,,,,,28361,4.0,4,,,,,,
,,,,,28369,8.0,8,,,,,,
,,,,,28375,6.0,6,,,,,,
,,,,,28385,10.0,10,,,,,,
,,,,,28394,9.0,9,,,,,,
,,,,,28399,5.0,5,,,,,,
,,,,,28404,5.0,5,,,,,,
,,,,,28418,14.0,14,,,,,,
,,,,,28423,5.0,5,,,,,,
,,,,,28429,6.0,6,,,,,,
,,,,,28434,5.0,5,,,,,,
,,,,,28439,5.0,5,,,,,,
,,,,,28448,9.0,9,,,,,,
,,,,,28456,8.0,8,,,,,,
,,,,,28461,5.0,5,,,,,,
,,,,,28468,7.0,7,,,,,,
,,,,,28474,6.0,6,,,,,,
,,,,,28478,4.0,4,,,,,,
,,,,,28482,4.0,4,,,,,,
,,,,,28490,8.0,8,,,,,,
,,,,,28509,19.0,19,,,,,,
,,,,,28512,3.0,3,,,,,,
,,,,,28520,8.0,8,,,,,,
,,,,,28526,6.0,6,,,,,,
,,,,,28534,8.0,8,,,,,,
,,,,,28537,3.0,3,,,,,,
,,,,,28548,11.0,11,,,,,,
,,,,,28554,6.0,6,,,,,,
,,,,,28558,4.0,4,,,,,,
,,,,,28564,6.0,6,,,,,,
,,,,,28567,3.0,3,,,,,,
,,,,,28574,7.0,7,,,,,,
,,,,,28590,16.0,16,,,,,,
,,,,,28594,4.0,4,,,,,,
,,,,,28609,15.0,15,,,,,,
,,,,,28613,4.0,4,,,,,,
,,,,,28619,6.0,6,,,,,,
,,,,,28628,9.0,9,,,,,,
,,,,,28633,5.0,5,,,,,,
,,,,,28638,5.0,5,,,,,,
,,,,,28645,7.0,7,,,,,,
,,,,,28651,6.0,6,,,,,,
,,,,,28665,14.0,14,,,,,,
,,,,,28672,7.0,7,,,,,,
,,,,,28676,4.0,4,,,,,,
,,,,,28681,5.0,5,,,,,,
,,,,,28688,7.0,7,,,,,,
,,,,,28692,4.0,4,,,,,,
,,,,,28701,9.0,9,,,,,,
,,,,,28705,4.0,4,,,,,,
,,,,,28719,14.0,14,,,,,,
,,,,,28726,7.0,7,,,,,,
,,,,,28730,4.0,4,,,,,,
,,,,,28734,4.0,4,,,,,,
,,,,,28740,6.0,6,,,,,,
,,,,,28745,5.0,5,,,,,,
,,,,,28751,6.0,6,,,,,,
,,,,,28767,16.0,16,,,,,,
,,,,,28783,16.0,16,,,,,,
,,,,,28793,10.0,10,,,,,,
,,,,,28799,6.0,6,,,,,,
,,,,,28804,5.0,5,,,,,,
,,,,,28810,6.0,6,,,,,,
,,,,,28822,12.0,12,,,,,,
,,,,,28832,10.0,10,,,,,,
,,,,,28841,9.0,9,,,,,,
,,,,,28846,5.0,5,,,,,,
,,,,,28853,7.0,7,,,,,,
,,,,,28860,7.0,7,,,,,,
,,,,,28869,9.0,9,,,,,,
,,,,,28875,6.0,6,,,,,,
,,,,,28881,6.0,6,,,,,,
,,,,,28885,4.0,4,,,,,,
,,,,,28896,11.0,11,,,,,,
,,,,,28902,6.0,6,,,,,,
,,,,,28919,17.0,17,,,,,,
,,,,,28922,3.0,3,,,,,,
,,,,,28935,13.0,13,,,,,,
,,,,,28938,3.0,3,,,,,,
,,,,,28943,5.0,5,,,,,,
,,,,,28946,3.0,3,,,,,,
,,,,,28950,4.0,4,,,,,,
,,,,,28954,4.0,4,,,,,,
,,,,,28961,7.0,7,,,,,,
,,,,,28970,9.0,9,,,,,,
,,,,,28975,5.0,5,,,,,,
,,,,,28986,11.0,11,,,,,,
,,,,,28996,10.0,10,,,,,,
,,,,,29000,,,2.648069143295288,5.304595947265625,5.530571937561035,0.0003,0.0003,0.1
,,,,,29003,7.0,7,,,,,,
,,,,,29008,5.0,5,,,,,,
,,,,,29012,4.0,4,,,,,,
,,,,,29017,5.0,5,,,,,,
,,,,,29021,4.0,4,,,,,,
,,,,,29025,4.0,4,,,,,,
,,,,,29029,4.0,4,,,,,,
,,,,,29032,3.0,3,,,,,,
,,,,,29037,5.0,5,,,,,,
,,,,,29051,14.0,14,,,,,,
,,,,,29070,19.0,19,,,,,,
,,,,,29073,3.0,3,,,,,,
,,,,,29078,5.0,5,,,,,,
,,,,,29083,5.0,5,,,,,,
,,,,,29087,4.0,4,,,,,,
,,,,,29092,5.0,5,,,,,,
,,,,,29098,6.0,6,,,,,,
,,,,,29103,5.0,5,,,,,,
,,,,,29106,3.0,3,,,,,,
,,,,,29111,5.0,5,,,,,,
,,,,,29118,7.0,7,,,,,,
,,,,,29123,5.0,5,,,,,,
,,,,,29128,5.0,5,,,,,,
,,,,,29133,5.0,5,,,,,,
,,,,,29151,18.0,18,,,,,,
,,,,,29158,7.0,7,,,,,,
,,,,,29169,11.0,11,,,,,,
,,,,,29174,5.0,5,,,,,,
,,,,,29184,10.0,10,,,,,,
,,,,,29192,8.0,8,,,,,,
,,,,,29196,4.0,4,,,,,,
,,,,,29202,6.0,6,,,,,,
,,,,,29215,13.0,13,,,,,,
,,,,,29219,4.0,4,,,,,,
,,,,,29222,3.0,3,,,,,,
,,,,,29226,4.0,4,,,,,,
,,,,,29234,8.0,8,,,,,,
,,,,,29241,7.0,7,,,,,,
,,,,,29248,7.0,7,,,,,,
,,,,,29255,7.0,7,,,,,,
,,,,,29263,8.0,8,,,,,,
,,,,,29272,9.0,9,,,,,,
,,,,,29283,11.0,11,,,,,,
,,,,,29286,3.0,3,,,,,,
,,,,,29289,3.0,3,,,,,,
,,,,,29293,4.0,4,,,,,,
,,,,,29302,9.0,9,,,,,,
,,,,,29310,8.0,8,,,,,,
,,,,,29315,5.0,5,,,,,,
,,,,,29327,12.0,12,,,,,,
,,,,,29331,4.0,4,,,,,,
,,,,,29339,8.0,8,,,,,,
,,,,,29347,8.0,8,,,,,,
,,,,,29359,12.0,12,,,,,,
,,,,,29365,6.0,6,,,,,,
,,,,,29368,3.0,3,,,,,,
,,,,,29374,6.0,6,,,,,,
,,,,,29378,4.0,4,,,,,,
,,,,,29395,17.0,17,,,,,,
,,,,,29399,4.0,4,,,,,,
,,,,,29405,6.0,6,,,,,,
,,,,,29410,5.0,5,,,,,,
,,,,,29416,6.0,6,,,,,,
,,,,,29420,4.0,4,,,,,,
,,,,,29424,4.0,4,,,,,,
,,,,,29432,8.0,8,,,,,,
,,,,,29438,6.0,6,,,,,,
,,,,,29441,3.0,3,,,,,,
,,,,,29448,7.0,7,,,,,,
,,,,,29454,6.0,6,,,,,,
,,,,,29460,6.0,6,,,,,,
,,,,,29467,7.0,7,,,,,,
,,,,,29477,10.0,10,,,,,,
,,,,,29484,7.0,7,,,,,,
,,,,,29488,4.0,4,,,,,,
,,,,,29496,8.0,8,,,,,,
,,,,,29501,5.0,5,,,,,,
,,,,,29507,6.0,6,,,,,,
,,,,,29520,13.0,13,,,,,,
,,,,,29526,6.0,6,,,,,,
,,,,,29530,4.0,4,,,,,,
,,,,,29540,10.0,10,,,,,,
,,,,,29546,6.0,6,,,,,,
,,,,,29552,6.0,6,,,,,,
,,,,,29559,7.0,7,,,,,,
,,,,,29565,6.0,6,,,,,,
,,,,,29571,6.0,6,,,,,,
,,,,,29577,6.0,6,,,,,,
,,,,,29580,3.0,3,,,,,,
,,,,,29592,12.0,12,,,,,,
,,,,,29610,18.0,18,,,,,,
,,,,,29628,18.0,18,,,,,,
,,,,,29633,5.0,5,,,,,,
,,,,,29636,3.0,3,,,,,,
,,,,,29639,3.0,3,,,,,,
,,,,,29643,4.0,4,,,,,,
,,,,,29651,8.0,8,,,,,,
,,,,,29657,6.0,6,,,,,,
,,,,,29661,4.0,4,,,,,,
,,,,,29665,4.0,4,,,,,,
,,,,,29673,8.0,8,,,,,,
,,,,,29681,8.0,8,,,,,,
,,,,,29687,6.0,6,,,,,,
,,,,,29701,14.0,14,,,,,,
,,,,,29715,14.0,14,,,,,,
,,,,,29718,3.0,3,,,,,,
,,,,,29731,13.0,13,,,,,,
,,,,,29738,7.0,7,,,,,,
,,,,,29743,5.0,5,,,,,,
,,,,,29747,4.0,4,,,,,,
,,,,,29750,3.0,3,,,,,,
,,,,,29758,8.0,8,,,,,,
,,,,,29762,4.0,4,,,,,,
,,,,,29766,4.0,4,,,,,,
,,,,,29770,4.0,4,,,,,,
,,,,,29774,4.0,4,,,,,,
,,,,,29779,5.0,5,,,,,,
,,,,,29788,9.0,9,,,,,,
,,,,,29794,6.0,6,,,,,,
,,,,,29805,11.0,11,,,,,,
,,,,,29809,4.0,4,,,,,,
,,,,,29817,8.0,8,,,,,,
,,,,,29822,5.0,5,,,,,,
,,,,,29828,6.0,6,,,,,,
,,,,,29833,5.0,5,,,,,,
,,,,,29836,3.0,3,,,,,,
,,,,,29844,8.0,8,,,,,,
,,,,,29848,4.0,4,,,,,,
,,,,,29851,3.0,3,,,,,,
,,,,,29858,7.0,7,,,,,,
,,,,,29868,10.0,10,,,,,,
,,,,,29871,3.0,3,,,,,,
,,,,,29879,8.0,8,,,,,,
,,,,,29891,12.0,12,,,,,,
,,,,,29894,3.0,3,,,,,,
,,,,,29898,4.0,4,,,,,,
,,,,,29910,12.0,12,,,,,,
,,,,,29914,4.0,4,,,,,,
,,,,,29917,3.0,3,,,,,,
,,,,,29921,4.0,4,,,,,,
,,,,,29930,9.0,9,,,,,,
,,,,,29934,4.0,4,,,,,,
,,,,,29937,3.0,3,,,,,,
,,,,,29940,3.0,3,,,,,,
,,,,,29958,18.0,18,,,,,,
,,,,,29965,7.0,7,,,,,,
,,,,,29975,10.0,10,,,,,,
,,,,,29981,6.0,6,,,,,,
,,,,,29984,3.0,3,,,,,,
,,,,,29988,4.0,4,,,,,,
,,,,,29996,8.0,8,,,,,,
,,,,,29999,3.0,3,,,,,,
8.3,3.7429936,17.0,4.0,8.3,30000,,,2.552107334136963,5.399806499481201,5.3435211181640625,0.0003,0.0003,0.1
,,,,,30008,9.0,9,,,,,,
,,,,,30016,8.0,8,,,,,,
,,,,,30019,3.0,3,,,,,,
,,,,,30025,6.0,6,,,,,,
,,,,,30032,7.0,7,,,,,,
,,,,,30036,4.0,4,,,,,,
,,,,,30050,14.0,14,,,,,,
,,,,,30054,4.0,4,,,,,,
,,,,,30065,11.0,11,,,,,,
,,,,,30069,4.0,4,,,,,,
,,,,,30078,9.0,9,,,,,,
,,,,,30082,4.0,4,,,,,,
,,,,,30089,7.0,7,,,,,,
,,,,,30102,13.0,13,,,,,,
,,,,,30117,15.0,15,,,,,,
,,,,,30123,6.0,6,,,,,,
,,,,,30132,9.0,9,,,,,,
,,,,,30137,5.0,5,,,,,,
,,,,,30144,7.0,7,,,,,,
,,,,,30147,3.0,3,,,,,,
,,,,,30152,5.0,5,,,,,,
,,,,,30156,4.0,4,,,,,,
,,,,,30160,4.0,4,,,,,,
,,,,,30168,8.0,8,,,,,,
,,,,,30174,6.0,6,,,,,,
,,,,,30191,17.0,17,,,,,,
,,,,,30196,5.0,5,,,,,,
,,,,,30203,7.0,7,,,,,,
,,,,,30209,6.0,6,,,,,,
,,,,,30219,10.0,10,,,,,,
,,,,,30224,5.0,5,,,,,,
,,,,,30237,13.0,13,,,,,,
,,,,,30241,4.0,4,,,,,,
,,,,,30246,5.0,5,,,,,,
,,,,,30251,5.0,5,,,,,,
,,,,,30257,6.0,6,,,,,,
,,,,,30268,11.0,11,,,,,,
,,,,,30272,4.0,4,,,,,,
,,,,,30278,6.0,6,,,,,,
,,,,,30281,3.0,3,,,,,,
,,,,,30292,11.0,11,,,,,,
,,,,,30298,6.0,6,,,,,,
,,,,,30308,10.0,10,,,,,,
,,,,,30313,5.0,5,,,,,,
,,,,,30316,3.0,3,,,,,,
,,,,,30335,19.0,19,,,,,,
,,,,,30339,4.0,4,,,,,,
,,,,,30342,3.0,3,,,,,,
,,,,,30351,9.0,9,,,,,,
,,,,,30355,4.0,4,,,,,,
,,,,,30360,5.0,5,,,,,,
,,,,,30364,4.0,4,,,,,,
,,,,,30375,11.0,11,,,,,,
,,,,,30378,3.0,3,,,,,,
,,,,,30387,9.0,9,,,,,,
,,,,,30395,8.0,8,,,,,,
,,,,,30399,4.0,4,,,,,,
,,,,,30402,3.0,3,,,,,,
,,,,,30407,5.0,5,,,,,,
,,,,,30416,9.0,9,,,,,,
,,,,,30422,6.0,6,,,,,,
,,,,,30459,37.0,37,,,,,,
,,,,,30471,12.0,12,,,,,,
,,,,,30486,15.0,15,,,,,,
,,,,,30492,6.0,6,,,,,,
,,,,,30507,15.0,15,,,,,,
,,,,,30514,7.0,7,,,,,,
,,,,,30518,4.0,4,,,,,,
,,,,,30523,5.0,5,,,,,,
,,,,,30537,14.0,14,,,,,,
,,,,,30540,3.0,3,,,,,,
,,,,,30544,4.0,4,,,,,,
,,,,,30550,6.0,6,,,,,,
,,,,,30554,4.0,4,,,,,,
,,,,,30559,5.0,5,,,,,,
,,,,,30565,6.0,6,,,,,,
,,,,,30568,3.0,3,,,,,,
,,,,,30576,8.0,8,,,,,,
,,,,,30584,8.0,8,,,,,,
,,,,,30588,4.0,4,,,,,,
,,,,,30592,4.0,4,,,,,,
,,,,,30596,4.0,4,,,,,,
,,,,,30600,4.0,4,,,,,,
,,,,,30606,6.0,6,,,,,,
,,,,,30610,4.0,4,,,,,,
,,,,,30615,5.0,5,,,,,,
,,,,,30625,10.0,10,,,,,,
,,,,,30629,4.0,4,,,,,,
,,,,,30633,4.0,4,,,,,,
,,,,,30641,8.0,8,,,,,,
,,,,,30647,6.0,6,,,,,,
,,,,,30657,10.0,10,,,,,,
,,,,,30661,4.0,4,,,,,,
,,,,,30665,4.0,4,,,,,,
,,,,,30671,6.0,6,,,,,,
,,,,,30676,5.0,5,,,,,,
,,,,,30686,10.0,10,,,,,,
,,,,,30689,3.0,3,,,,,,
,,,,,30693,4.0,4,,,,,,
,,,,,30698,5.0,5,,,,,,
,,,,,30707,9.0,9,,,,,,
,,,,,30728,21.0,21,,,,,,
,,,,,30737,9.0,9,,,,,,
,,,,,30745,8.0,8,,,,,,
,,,,,30748,3.0,3,,,,,,
,,,,,30760,12.0,12,,,,,,
,,,,,30764,4.0,4,,,,,,
,,,,,30770,6.0,6,,,,,,
,,,,,30779,9.0,9,,,,,,
,,,,,30783,4.0,4,,,,,,
,,,,,30797,14.0,14,,,,,,
,,,,,30801,4.0,4,,,,,,
,,,,,30808,7.0,7,,,,,,
,,,,,30811,3.0,3,,,,,,
,,,,,30817,6.0,6,,,,,,
,,,,,30822,5.0,5,,,,,,
,,,,,30829,7.0,7,,,,,,
,,,,,30834,5.0,5,,,,,,
,,,,,30837,3.0,3,,,,,,
,,,,,30840,3.0,3,,,,,,
,,,,,30843,3.0,3,,,,,,
,,,,,30853,10.0,10,,,,,,
,,,,,30860,7.0,7,,,,,,
,,,,,30877,17.0,17,,,,,,
,,,,,30885,8.0,8,,,,,,
,,,,,30893,8.0,8,,,,,,
,,,,,30900,7.0,7,,,,,,
,,,,,30903,3.0,3,,,,,,
,,,,,30911,8.0,8,,,,,,
,,,,,30918,7.0,7,,,,,,
,,,,,30923,5.0,5,,,,,,
,,,,,30941,18.0,18,,,,,,
,,,,,30959,18.0,18,,,,,,
,,,,,30969,10.0,10,,,,,,
,,,,,30973,4.0,4,,,,,,
,,,,,30977,4.0,4,,,,,,
,,,,,30982,5.0,5,,,,,,
,,,,,30990,8.0,8,,,,,,
,,,,,30996,6.0,6,,,,,,
,,,,,31000,,,2.047050952911377,5.10215425491333,5.102901458740234,0.0003,0.0003,0.1
,,,,,31006,10.0,10,,,,,,
,,,,,31010,4.0,4,,,,,,
,,,,,31016,6.0,6,,,,,,
,,,,,31022,6.0,6,,,,,,
,,,,,31025,3.0,3,,,,,,
,,,,,31031,6.0,6,,,,,,
,,,,,31040,9.0,9,,,,,,
,,,,,31043,3.0,3,,,,,,
,,,,,31055,12.0,12,,,,,,
,,,,,31073,18.0,18,,,,,,
,,,,,31078,5.0,5,,,,,,
,,,,,31088,10.0,10,,,,,,
,,,,,31093,5.0,5,,,,,,
,,,,,31097,4.0,4,,,,,,
,,,,,31104,7.0,7,,,,,,
,,,,,31112,8.0,8,,,,,,
,,,,,31117,5.0,5,,,,,,
,,,,,31127,10.0,10,,,,,,
,,,,,31141,14.0,14,,,,,,
,,,,,31153,12.0,12,,,,,,
,,,,,31162,9.0,9,,,,,,
,,,,,31168,6.0,6,,,,,,
,,,,,31175,7.0,7,,,,,,
,,,,,31183,8.0,8,,,,,,
,,,,,31187,4.0,4,,,,,,
,,,,,31190,3.0,3,,,,,,
,,,,,31194,4.0,4,,,,,,
,,,,,31215,21.0,21,,,,,,
,,,,,31219,4.0,4,,,,,,
,,,,,31223,4.0,4,,,,,,
,,,,,31226,3.0,3,,,,,,
,,,,,31237,11.0,11,,,,,,
,,,,,31241,4.0,4,,,,,,
,,,,,31250,9.0,9,,,,,,
,,,,,31253,3.0,3,,,,,,
,,,,,31258,5.0,5,,,,,,
,,,,,31265,7.0,7,,,,,,
,,,,,31271,6.0,6,,,,,,
,,,,,31274,3.0,3,,,,,,
,,,,,31277,3.0,3,,,,,,
,,,,,31287,10.0,10,,,,,,
,,,,,31298,11.0,11,,,,,,
,,,,,31311,13.0,13,,,,,,
,,,,,31319,8.0,8,,,,,,
,,,,,31327,8.0,8,,,,,,
,,,,,31337,10.0,10,,,,,,
,,,,,31341,4.0,4,,,,,,
,,,,,31349,8.0,8,,,,,,
,,,,,31352,3.0,3,,,,,,
,,,,,31363,11.0,11,,,,,,
,,,,,31374,11.0,11,,,,,,
,,,,,31384,10.0,10,,,,,,
,,,,,31394,10.0,10,,,,,,
,,,,,31397,3.0,3,,,,,,
,,,,,31400,3.0,3,,,,,,
,,,,,31414,14.0,14,,,,,,
,,,,,31419,5.0,5,,,,,,
,,,,,31425,6.0,6,,,,,,
,,,,,31428,3.0,3,,,,,,
,,,,,31431,3.0,3,,,,,,
,,,,,31436,5.0,5,,,,,,
,,,,,31441,5.0,5,,,,,,
,,,,,31446,5.0,5,,,,,,
,,,,,31451,5.0,5,,,,,,
,,,,,31456,5.0,5,,,,,,
,,,,,31460,4.0,4,,,,,,
,,,,,31468,8.0,8,,,,,,
,,,,,31492,24.0,24,,,,,,
,,,,,31497,5.0,5,,,,,,
,,,,,31505,8.0,8,,,,,,
,,,,,31524,19.0,19,,,,,,
,,,,,31542,18.0,18,,,,,,
,,,,,31566,24.0,24,,,,,,
,,,,,31575,9.0,9,,,,,,
,,,,,31580,5.0,5,,,,,,
,,,,,31589,9.0,9,,,,,,
,,,,,31605,16.0,16,,,,,,
,,,,,31610,5.0,5,,,,,,
,,,,,31614,4.0,4,,,,,,
,,,,,31620,6.0,6,,,,,,
,,,,,31626,6.0,6,,,,,,
,,,,,31635,9.0,9,,,,,,
,,,,,31640,5.0,5,,,,,,
,,,,,31645,5.0,5,,,,,,
,,,,,31654,9.0,9,,,,,,
,,,,,31657,3.0,3,,,,,,
,,,,,31661,4.0,4,,,,,,
,,,,,31664,3.0,3,,,,,,
,,,,,31672,8.0,8,,,,,,
,,,,,31679,7.0,7,,,,,,
,,,,,31688,9.0,9,,,,,,
,,,,,31693,5.0,5,,,,,,
,,,,,31699,6.0,6,,,,,,
,,,,,31716,17.0,17,,,,,,
,,,,,31723,7.0,7,,,,,,
,,,,,31732,9.0,9,,,,,,
,,,,,31756,24.0,24,,,,,,
,,,,,31759,3.0,3,,,,,,
,,,,,31763,4.0,4,,,,,,
,,,,,31767,4.0,4,,,,,,
,,,,,31775,8.0,8,,,,,,
,,,,,31778,3.0,3,,,,,,
,,,,,31782,4.0,4,,,,,,
,,,,,31799,17.0,17,,,,,,
,,,,,31815,16.0,16,,,,,,
,,,,,31820,5.0,5,,,,,,
,,,,,31823,3.0,3,,,,,,
,,,,,31826,3.0,3,,,,,,
,,,,,31832,6.0,6,,,,,,
,,,,,31838,6.0,6,,,,,,
,,,,,31842,4.0,4,,,,,,
,,,,,31848,6.0,6,,,,,,
,,,,,31856,8.0,8,,,,,,
,,,,,31862,6.0,6,,,,,,
,,,,,31867,5.0,5,,,,,,
,,,,,31876,9.0,9,,,,,,
,,,,,31884,8.0,8,,,,,,
,,,,,31887,3.0,3,,,,,,
,,,,,31896,9.0,9,,,,,,
,,,,,31902,6.0,6,,,,,,
,,,,,31906,4.0,4,,,,,,
,,,,,31916,10.0,10,,,,,,
,,,,,31921,5.0,5,,,,,,
,,,,,31929,8.0,8,,,,,,
,,,,,31937,8.0,8,,,,,,
,,,,,31941,4.0,4,,,,,,
,,,,,31949,8.0,8,,,,,,
,,,,,31953,4.0,4,,,,,,
,,,,,31956,3.0,3,,,,,,
,,,,,31960,4.0,4,,,,,,
,,,,,31964,4.0,4,,,,,,
,,,,,31967,3.0,3,,,,,,
,,,,,31978,11.0,11,,,,,,
,,,,,31984,6.0,6,,,,,,
,,,,,31988,4.0,4,,,,,,
,,,,,32000,,,2.5223076343536377,5.33908224105835,5.333601951599121,0.0003,0.0003,0.1
,,,,,32002,14.0,14,,,,,,
,,,,,32008,6.0,6,,,,,,
,,,,,32016,8.0,8,,,,,,
,,,,,32019,3.0,3,,,,,,
,,,,,32025,6.0,6,,,,,,
,,,,,32028,3.0,3,,,,,,
,,,,,32031,3.0,3,,,,,,
,,,,,32043,12.0,12,,,,,,
,,,,,32057,14.0,14,,,,,,
,,,,,32062,5.0,5,,,,,,
,,,,,32065,3.0,3,,,,,,
,,,,,32069,4.0,4,,,,,,
,,,,,32080,11.0,11,,,,,,
,,,,,32094,14.0,14,,,,,,
,,,,,32101,7.0,7,,,,,,
,,,,,32105,4.0,4,,,,,,
,,,,,32114,9.0,9,,,,,,
,,,,,32125,11.0,11,,,,,,
,,,,,32136,11.0,11,,,,,,
,,,,,32141,5.0,5,,,,,,
,,,,,32145,4.0,4,,,,,,
,,,,,32148,3.0,3,,,,,,
,,,,,32151,3.0,3,,,,,,
,,,,,32155,4.0,4,,,,,,
,,,,,32159,4.0,4,,,,,,
,,,,,32163,4.0,4,,,,,,
,,,,,32167,4.0,4,,,,,,
,,,,,32172,5.0,5,,,,,,
,,,,,32186,14.0,14,,,,,,
,,,,,32190,4.0,4,,,,,,
,,,,,32195,5.0,5,,,,,,
,,,,,32211,16.0,16,,,,,,
,,,,,32216,5.0,5,,,,,,
,,,,,32229,13.0,13,,,,,,
,,,,,32234,5.0,5,,,,,,
,,,,,32245,11.0,11,,,,,,
,,,,,32249,4.0,4,,,,,,
,,,,,32252,3.0,3,,,,,,
,,,,,32262,10.0,10,,,,,,
,,,,,32266,4.0,4,,,,,,
,,,,,32270,4.0,4,,,,,,
,,,,,32273,3.0,3,,,,,,
,,,,,32279,6.0,6,,,,,,
,,,,,32285,6.0,6,,,,,,
,,,,,32292,7.0,7,,,,,,
,,,,,32299,7.0,7,,,,,,
,,,,,32303,4.0,4,,,,,,
,,,,,32311,8.0,8,,,,,,
,,,,,32315,4.0,4,,,,,,
,,,,,32323,8.0,8,,,,,,
,,,,,32335,12.0,12,,,,,,
,,,,,32341,6.0,6,,,,,,
,,,,,32348,7.0,7,,,,,,
,,,,,32352,4.0,4,,,,,,
,,,,,32373,21.0,21,,,,,,
,,,,,32379,6.0,6,,,,,,
,,,,,32385,6.0,6,,,,,,
,,,,,32391,6.0,6,,,,,,
,,,,,32395,4.0,4,,,,,,
,,,,,32408,13.0,13,,,,,,
,,,,,32415,7.0,7,,,,,,
,,,,,32424,9.0,9,,,,,,
,,,,,32427,3.0,3,,,,,,
,,,,,32437,10.0,10,,,,,,
,,,,,32440,3.0,3,,,,,,
,,,,,32445,5.0,5,,,,,,
,,,,,32448,3.0,3,,,,,,
,,,,,32455,7.0,7,,,,,,
,,,,,32458,3.0,3,,,,,,
,,,,,32468,10.0,10,,,,,,
,,,,,32480,12.0,12,,,,,,
,,,,,32485,5.0,5,,,,,,
,,,,,32491,6.0,6,,,,,,
,,,,,32495,4.0,4,,,,,,
,,,,,32500,5.0,5,,,,,,
,,,,,32508,8.0,8,,,,,,
,,,,,32511,3.0,3,,,,,,
,,,,,32517,6.0,6,,,,,,
,,,,,32522,5.0,5,,,,,,
,,,,,32527,5.0,5,,,,,,
,,,,,32530,3.0,3,,,,,,
,,,,,32535,5.0,5,,,,,,
,,,,,32541,6.0,6,,,,,,
,,,,,32549,8.0,8,,,,,,
,,,,,32553,4.0,4,,,,,,
,,,,,32558,5.0,5,,,,,,
,,,,,32561,3.0,3,,,,,,
,,,,,32567,6.0,6,,,,,,
,,,,,32572,5.0,5,,,,,,
,,,,,32576,4.0,4,,,,,,
,,,,,32589,13.0,13,,,,,,
,,,,,32594,5.0,5,,,,,,
,,,,,32598,4.0,4,,,,,,
,,,,,32602,4.0,4,,,,,,
,,,,,32610,8.0,8,,,,,,
,,,,,32614,4.0,4,,,,,,
,,,,,32638,24.0,24,,,,,,
,,,,,32642,4.0,4,,,,,,
,,,,,32646,4.0,4,,,,,,
,,,,,32654,8.0,8,,,,,,
,,,,,32662,8.0,8,,,,,,
,,,,,32667,5.0,5,,,,,,
,,,,,32675,8.0,8,,,,,,
,,,,,32681,6.0,6,,,,,,
,,,,,32690,9.0,9,,,,,,
,,,,,32711,21.0,21,,,,,,
,,,,,32719,8.0,8,,,,,,
,,,,,32723,4.0,4,,,,,,
,,,,,32726,3.0,3,,,,,,
,,,,,32730,4.0,4,,,,,,
,,,,,32734,4.0,4,,,,,,
,,,,,32738,4.0,4,,,,,,
,,,,,32741,3.0,3,,,,,,
,,,,,32750,9.0,9,,,,,,
,,,,,32754,4.0,4,,,,,,
,,,,,32762,8.0,8,,,,,,
,,,,,32765,3.0,3,,,,,,
,,,,,32771,6.0,6,,,,,,
,,,,,32774,3.0,3,,,,,,
,,,,,32781,7.0,7,,,,,,
,,,,,32787,6.0,6,,,,,,
,,,,,32792,5.0,5,,,,,,
,,,,,32799,7.0,7,,,,,,
,,,,,32803,4.0,4,,,,,,
,,,,,32810,7.0,7,,,,,,
,,,,,32821,11.0,11,,,,,,
,,,,,32824,3.0,3,,,,,,
,,,,,32845,21.0,21,,,,,,
,,,,,32852,7.0,7,,,,,,
,,,,,32855,3.0,3,,,,,,
,,,,,32859,4.0,4,,,,,,
,,,,,32867,8.0,8,,,,,,
,,,,,32870,3.0,3,,,,,,
,,,,,32884,14.0,14,,,,,,
,,,,,32900,16.0,16,,,,,,
,,,,,32907,7.0,7,,,,,,
,,,,,32911,4.0,4,,,,,,
,,,,,32927,16.0,16,,,,,,
,,,,,32943,16.0,16,,,,,,
,,,,,32950,7.0,7,,,,,,
,,,,,32955,5.0,5,,,,,,
,,,,,32958,3.0,3,,,,,,
,,,,,32963,5.0,5,,,,,,
,,,,,32966,3.0,3,,,,,,
,,,,,32983,17.0,17,,,,,,
,,,,,32989,6.0,6,,,,,,
,,,,,33000,,,2.771575927734375,5.600888252258301,5.524127960205078,0.0003,0.0003,0.1
,,,,,33008,19.0,19,,,,,,
,,,,,33014,6.0,6,,,,,,
,,,,,33020,6.0,6,,,,,,
,,,,,33026,6.0,6,,,,,,
,,,,,33032,6.0,6,,,,,,
,,,,,33035,3.0,3,,,,,,
,,,,,33038,3.0,3,,,,,,
,,,,,33046,8.0,8,,,,,,
,,,,,33052,6.0,6,,,,,,
,,,,,33055,3.0,3,,,,,,
,,,,,33059,4.0,4,,,,,,
,,,,,33062,3.0,3,,,,,,
,,,,,33068,6.0,6,,,,,,
,,,,,33074,6.0,6,,,,,,
,,,,,33079,5.0,5,,,,,,
,,,,,33089,10.0,10,,,,,,
,,,,,33093,4.0,4,,,,,,
,,,,,33100,7.0,7,,,,,,
,,,,,33110,10.0,10,,,,,,
,,,,,33131,21.0,21,,,,,,
,,,,,33136,5.0,5,,,,,,
,,,,,33140,4.0,4,,,,,,
,,,,,33146,6.0,6,,,,,,
,,,,,33149,3.0,3,,,,,,
,,,,,33154,5.0,5,,,,,,
,,,,,33169,15.0,15,,,,,,
,,,,,33179,10.0,10,,,,,,
,,,,,33186,7.0,7,,,,,,
,,,,,33189,3.0,3,,,,,,
,,,,,33193,4.0,4,,,,,,
,,,,,33198,5.0,5,,,,,,
,,,,,33202,4.0,4,,,,,,
,,,,,33206,4.0,4,,,,,,
,,,,,33209,3.0,3,,,,,,
,,,,,33215,6.0,6,,,,,,
,,,,,33228,13.0,13,,,,,,
,,,,,33232,4.0,4,,,,,,
,,,,,33239,7.0,7,,,,,,
,,,,,33245,6.0,6,,,,,,
,,,,,33250,5.0,5,,,,,,
,,,,,33258,8.0,8,,,,,,
,,,,,33263,5.0,5,,,,,,
,,,,,33273,10.0,10,,,,,,
,,,,,33285,12.0,12,,,,,,
,,,,,33290,5.0,5,,,,,,
,,,,,33293,3.0,3,,,,,,
,,,,,33298,5.0,5,,,,,,
,,,,,33301,3.0,3,,,,,,
,,,,,33306,5.0,5,,,,,,
,,,,,33309,3.0,3,,,,,,
,,,,,33317,8.0,8,,,,,,
,,,,,33321,4.0,4,,,,,,
,,,,,33326,5.0,5,,,,,,
,,,,,33334,8.0,8,,,,,,
,,,,,33339,5.0,5,,,,,,
,,,,,33343,4.0,4,,,,,,
,,,,,33346,3.0,3,,,,,,
,,,,,33356,10.0,10,,,,,,
,,,,,33364,8.0,8,,,,,,
,,,,,33389,25.0,25,,,,,,
,,,,,33397,8.0,8,,,,,,
,,,,,33404,7.0,7,,,,,,
,,,,,33418,14.0,14,,,,,,
,,,,,33423,5.0,5,,,,,,
,,,,,33431,8.0,8,,,,,,
,,,,,33439,8.0,8,,,,,,
,,,,,33442,3.0,3,,,,,,
,,,,,33458,16.0,16,,,,,,
,,,,,33463,5.0,5,,,,,,
,,,,,33467,4.0,4,,,,,,
,,,,,33472,5.0,5,,,,,,
,,,,,33475,3.0,3,,,,,,
,,,,,33479,4.0,4,,,,,,
,,,,,33482,3.0,3,,,,,,
,,,,,33486,4.0,4,,,,,,
,,,,,33491,5.0,5,,,,,,
,,,,,33496,5.0,5,,,,,,
,,,,,33520,24.0,24,,,,,,
,,,,,33531,11.0,11,,,,,,
,,,,,33536,5.0,5,,,,,,
,,,,,33539,3.0,3,,,,,,
,,,,,33544,5.0,5,,,,,,
,,,,,33548,4.0,4,,,,,,
,,,,,33554,6.0,6,,,,,,
,,,,,33559,5.0,5,,,,,,
,,,,,33570,11.0,11,,,,,,
,,,,,33574,4.0,4,,,,,,
,,,,,33580,6.0,6,,,,,,
,,,,,33595,15.0,15,,,,,,
,,,,,33601,6.0,6,,,,,,
,,,,,33610,9.0,9,,,,,,
,,,,,33614,4.0,4,,,,,,
,,,,,33628,14.0,14,,,,,,
,,,,,33644,16.0,16,,,,,,
,,,,,33648,4.0,4,,,,,,
,,,,,33653,5.0,5,,,,,,
,,,,,33656,3.0,3,,,,,,
,,,,,33662,6.0,6,,,,,,
,,,,,33672,10.0,10,,,,,,
,,,,,33677,5.0,5,,,,,,
,,,,,33687,10.0,10,,,,,,
,,,,,33691,4.0,4,,,,,,
,,,,,33694,3.0,3,,,,,,
,,,,,33698,4.0,4,,,,,,
,,,,,33702,4.0,4,,,,,,
,,,,,33709,7.0,7,,,,,,
,,,,,33713,4.0,4,,,,,,
,,,,,33720,7.0,7,,,,,,
,,,,,33734,14.0,14,,,,,,
,,,,,33737,3.0,3,,,,,,
,,,,,33747,10.0,10,,,,,,
,,,,,33752,5.0,5,,,,,,
,,,,,33761,9.0,9,,,,,,
,,,,,33778,17.0,17,,,,,,
,,,,,33781,3.0,3,,,,,,
,,,,,33792,11.0,11,,,,,,
,,,,,33799,7.0,7,,,,,,
,,,,,33805,6.0,6,,,,,,
,,,,,33820,15.0,15,,,,,,
,,,,,33824,4.0,4,,,,,,
,,,,,33827,3.0,3,,,,,,
,,,,,33836,9.0,9,,,,,,
,,,,,33840,4.0,4,,,,,,
,,,,,33846,6.0,6,,,,,,
,,,,,33850,4.0,4,,,,,,
,,,,,33858,8.0,8,,,,,,
,,,,,33864,6.0,6,,,,,,
,,,,,33867,3.0,3,,,,,,
,,,,,33873,6.0,6,,,,,,
,,,,,33876,3.0,3,,,,,,
,,,,,33883,7.0,7,,,,,,
,,,,,33888,5.0,5,,,,,,
,,,,,33892,4.0,4,,,,,,
,,,,,33898,6.0,6,,,,,,
,,,,,33901,3.0,3,,,,,,
,,,,,33904,3.0,3,,,,,,
,,,,,33918,14.0,14,,,,,,
,,,,,33923,5.0,5,,,,,,
,,,,,33927,4.0,4,,,,,,
,,,,,33931,4.0,4,,,,,,
,,,,,33936,5.0,5,,,,,,
,,,,,33949,13.0,13,,,,,,
,,,,,33956,7.0,7,,,,,,
,,,,,33960,4.0,4,,,,,,
,,,,,33966,6.0,6,,,,,,
,,,,,33969,3.0,3,,,,,,
,,,,,33972,3.0,3,,,,,,
,,,,,33976,4.0,4,,,,,,
,,,,,33980,4.0,4,,,,,,
,,,,,33983,3.0,3,,,,,,
,,,,,34000,17.0,17,,,,,,
,,,,,34000,,,2.5925796031951904,5.418024063110352,5.553234100341797,0.0003,0.0003,0.1
,,,,,34004,4.0,4,,,,,,
,,,,,34015,11.0,11,,,,,,
,,,,,34025,10.0,10,,,,,,
,,,,,34033,8.0,8,,,,,,
,,,,,34037,4.0,4,,,,,,
,,,,,34040,3.0,3,,,,,,
,,,,,34043,3.0,3,,,,,,
,,,,,34048,5.0,5,,,,,,
,,,,,34054,6.0,6,,,,,,
,,,,,34059,5.0,5,,,,,,
,,,,,34063,4.0,4,,,,,,
,,,,,34071,8.0,8,,,,,,
,,,,,34078,7.0,7,,,,,,
,,,,,34085,7.0,7,,,,,,
,,,,,34100,15.0,15,,,,,,
,,,,,34103,3.0,3,,,,,,
,,,,,34116,13.0,13,,,,,,
,,,,,34119,3.0,3,,,,,,
,,,,,34123,4.0,4,,,,,,
,,,,,34129,6.0,6,,,,,,
,,,,,34135,6.0,6,,,,,,
,,,,,34143,8.0,8,,,,,,
,,,,,34148,5.0,5,,,,,,
,,,,,34152,4.0,4,,,,,,
,,,,,34156,4.0,4,,,,,,
,,,,,34162,6.0,6,,,,,,
,,,,,34170,8.0,8,,,,,,
,,,,,34173,3.0,3,,,,,,
,,,,,34183,10.0,10,,,,,,
,,,,,34190,7.0,7,,,,,,
,,,,,34194,4.0,4,,,,,,
,,,,,34198,4.0,4,,,,,,
,,,,,34214,16.0,16,,,,,,
,,,,,34220,6.0,6,,,,,,
,,,,,34234,14.0,14,,,,,,
,,,,,34243,9.0,9,,,,,,
,,,,,34252,9.0,9,,,,,,
,,,,,34273,21.0,21,,,,,,
,,,,,34281,8.0,8,,,,,,
,,,,,34288,7.0,7,,,,,,
,,,,,34293,5.0,5,,,,,,
,,,,,34298,5.0,5,,,,,,
,,,,,34304,6.0,6,,,,,,
,,,,,34313,9.0,9,,,,,,
,,,,,34317,4.0,4,,,,,,
,,,,,34322,5.0,5,,,,,,
,,,,,34328,6.0,6,,,,,,
,,,,,34332,4.0,4,,,,,,
,,,,,34335,3.0,3,,,,,,
,,,,,34344,9.0,9,,,,,,
,,,,,34348,4.0,4,,,,,,
,,,,,34351,3.0,3,,,,,,
,,,,,34355,4.0,4,,,,,,
,,,,,34364,9.0,9,,,,,,
,,,,,34373,9.0,9,,,,,,
,,,,,34379,6.0,6,,,,,,
,,,,,34389,10.0,10,,,,,,
,,,,,34393,4.0,4,,,,,,
,,,,,34400,7.0,7,,,,,,
,,,,,34403,3.0,3,,,,,,
,,,,,34406,3.0,3,,,,,,
,,,,,34410,4.0,4,,,,,,
,,,,,34416,6.0,6,,,,,,
,,,,,34422,6.0,6,,,,,,
,,,,,34426,4.0,4,,,,,,
,,,,,34430,4.0,4,,,,,,
,,,,,34441,11.0,11,,,,,,
,,,,,34449,8.0,8,,,,,,
,,,,,34459,10.0,10,,,,,,
,,,,,34463,4.0,4,,,,,,
,,,,,34471,8.0,8,,,,,,
,,,,,34477,6.0,6,,,,,,
,,,,,34485,8.0,8,,,,,,
,,,,,34490,5.0,5,,,,,,
,,,,,34499,9.0,9,,,,,,
,,,,,34502,3.0,3,,,,,,
,,,,,34505,3.0,3,,,,,,
,,,,,34509,4.0,4,,,,,,
,,,,,34525,16.0,16,,,,,,
,,,,,34531,6.0,6,,,,,,
,,,,,34534,3.0,3,,,,,,
,,,,,34543,9.0,9,,,,,,
,,,,,34546,3.0,3,,,,,,
,,,,,34550,4.0,4,,,,,,
,,,,,34554,4.0,4,,,,,,
,,,,,34558,4.0,4,,,,,,
,,,,,34563,5.0,5,,,,,,
,,,,,34573,10.0,10,,,,,,
,,,,,34576,3.0,3,,,,,,
,,,,,34588,12.0,12,,,,,,
,,,,,34607,19.0,19,,,,,,
,,,,,34616,9.0,9,,,,,,
,,,,,34624,8.0,8,,,,,,
,,,,,34627,3.0,3,,,,,,
,,,,,34645,18.0,18,,,,,,
,,,,,34649,4.0,4,,,,,,
,,,,,34653,4.0,4,,,,,,
,,,,,34667,14.0,14,,,,,,
,,,,,34670,3.0,3,,,,,,
,,,,,34673,3.0,3,,,,,,
,,,,,34679,6.0,6,,,,,,
,,,,,34687,8.0,8,,,,,,
,,,,,34694,7.0,7,,,,,,
,,,,,34700,6.0,6,,,,,,
,,,,,34705,5.0,5,,,,,,
,,,,,34711,6.0,6,,,,,,
,,,,,34720,9.0,9,,,,,,
,,,,,34724,4.0,4,,,,,,
,,,,,34729,5.0,5,,,,,,
,,,,,34734,5.0,5,,,,,,
,,,,,34741,7.0,7,,,,,,
,,,,,34744,3.0,3,,,,,,
,,,,,34750,6.0,6,,,,,,
,,,,,34755,5.0,5,,,,,,
,,,,,34758,3.0,3,,,,,,
,,,,,34766,8.0,8,,,,,,
,,,,,34769,3.0,3,,,,,,
,,,,,34779,10.0,10,,,,,,
,,,,,34786,7.0,7,,,,,,
,,,,,34791,5.0,5,,,,,,
,,,,,34794,3.0,3,,,,,,
,,,,,34797,3.0,3,,,,,,
,,,,,34800,3.0,3,,,,,,
,,,,,34808,8.0,8,,,,,,
,,,,,34814,6.0,6,,,,,,
,,,,,34821,7.0,7,,,,,,
,,,,,34825,4.0,4,,,,,,
,,,,,34842,17.0,17,,,,,,
,,,,,34852,10.0,10,,,,,,
,,,,,34855,3.0,3,,,,,,
,,,,,34862,7.0,7,,,,,,
,,,,,34866,4.0,4,,,,,,
,,,,,34873,7.0,7,,,,,,
,,,,,34896,23.0,23,,,,,,
,,,,,34905,9.0,9,,,,,,
,,,,,34913,8.0,8,,,,,,
,,,,,34920,7.0,7,,,,,,
,,,,,34924,4.0,4,,,,,,
,,,,,34929,5.0,5,,,,,,
,,,,,34942,13.0,13,,,,,,
,,,,,34948,6.0,6,,,,,,
,,,,,34961,13.0,13,,,,,,
,,,,,34965,4.0,4,,,,,,
,,,,,34970,5.0,5,,,,,,
,,,,,34978,8.0,8,,,,,,
,,,,,34984,6.0,6,,,,,,
,,,,,34990,6.0,6,,,,,,
,,,,,34994,4.0,4,,,,,,
,,,,,34998,4.0,4,,,,,,
9.1,4.8052053,17.0,4.0,9.1,35000,,,2.5265159606933594,5.244170188903809,5.256587028503418,0.0003,0.0003,0.1
,,,,,35005,7.0,7,,,,,,
,,,,,35015,10.0,10,,,,,,
,,,,,35026,11.0,11,,,,,,
,,,,,35041,15.0,15,,,,,,
,,,,,35044,3.0,3,,,,,,
,,,,,35048,4.0,4,,,,,,
,,,,,35051,3.0,3,,,,,,
,,,,,35054,3.0,3,,,,,,
,,,,,35062,8.0,8,,,,,,
,,,,,35067,5.0,5,,,,,,
,,,,,35074,7.0,7,,,,,,
,,,,,35082,8.0,8,,,,,,
,,,,,35091,9.0,9,,,,,,
,,,,,35097,6.0,6,,,,,,
,,,,,35104,7.0,7,,,,,,
,,,,,35108,4.0,4,,,,,,
,,,,,35115,7.0,7,,,,,,
,,,,,35118,3.0,3,,,,,,
,,,,,35128,10.0,10,,,,,,
,,,,,35132,4.0,4,,,,,,
,,,,,35141,9.0,9,,,,,,
,,,,,35159,18.0,18,,,,,,
,,,,,35170,11.0,11,,,,,,
,,,,,35175,5.0,5,,,,,,
,,,,,35185,10.0,10,,,,,,
,,,,,35188,3.0,3,,,,,,
,,,,,35193,5.0,5,,,,,,
,,,,,35197,4.0,4,,,,,,
,,,,,35200,3.0,3,,,,,,
,,,,,35203,3.0,3,,,,,,
,,,,,35211,8.0,8,,,,,,
,,,,,35215,4.0,4,,,,,,
,,,,,35220,5.0,5,,,,,,
,,,,,35238,18.0,18,,,,,,
,,,,,35242,4.0,4,,,,,,
,,,,,35247,5.0,5,,,,,,
,,,,,35251,4.0,4,,,,,,
,,,,,35262,11.0,11,,,,,,
,,,,,35267,5.0,5,,,,,,
,,,,,35274,7.0,7,,,,,,
,,,,,35286,12.0,12,,,,,,
,,,,,35297,11.0,11,,,,,,
,,,,,35302,5.0,5,,,,,,
,,,,,35307,5.0,5,,,,,,
,,,,,35311,4.0,4,,,,,,
,,,,,35320,9.0,9,,,,,,
,,,,,35331,11.0,11,,,,,,
,,,,,35336,5.0,5,,,,,,
,,,,,35339,3.0,3,,,,,,
,,,,,35344,5.0,5,,,,,,
,,,,,35350,6.0,6,,,,,,
,,,,,35353,3.0,3,,,,,,
,,,,,35360,7.0,7,,,,,,
,,,,,35368,8.0,8,,,,,,
,,,,,35377,9.0,9,,,,,,
,,,,,35381,4.0,4,,,,,,
,,,,,35385,4.0,4,,,,,,
,,,,,35389,4.0,4,,,,,,
,,,,,35399,10.0,10,,,,,,
,,,,,35409,10.0,10,,,,,,
,,,,,35417,8.0,8,,,,,,
,,,,,35428,11.0,11,,,,,,
,,,,,35439,11.0,11,,,,,,
,,,,,35450,11.0,11,,,,,,
,,,,,35454,4.0,4,,,,,,
,,,,,35461,7.0,7,,,,,,
,,,,,35465,4.0,4,,,,,,
,,,,,35468,3.0,3,,,,,,
,,,,,35472,4.0,4,,,,,,
,,,,,35486,14.0,14,,,,,,
,,,,,35489,3.0,3,,,,,,
,,,,,35501,12.0,12,,,,,,
,,,,,35505,4.0,4,,,,,,
,,,,,35510,5.0,5,,,,,,
,,,,,35518,8.0,8,,,,,,
,,,,,35530,12.0,12,,,,,,
,,,,,35536,6.0,6,,,,,,
,,,,,35547,11.0,11,,,,,,
,,,,,35555,8.0,8,,,,,,
,,,,,35560,5.0,5,,,,,,
,,,,,35576,16.0,16,,,,,,
,,,,,35579,3.0,3,,,,,,
,,,,,35589,10.0,10,,,,,,
,,,,,35601,12.0,12,,,,,,
,,,,,35610,9.0,9,,,,,,
,,,,,35618,8.0,8,,,,,,
,,,,,35626,8.0,8,,,,,,
,,,,,35632,6.0,6,,,,,,
,,,,,35650,18.0,18,,,,,,
,,,,,35658,8.0,8,,,,,,
,,,,,35667,9.0,9,,,,,,
,,,,,35671,4.0,4,,,,,,
,,,,,35674,3.0,3,,,,,,
,,,,,35677,3.0,3,,,,,,
,,,,,35683,6.0,6,,,,,,
,,,,,35700,17.0,17,,,,,,
,,,,,35714,14.0,14,,,,,,
,,,,,35726,12.0,12,,,,,,
,,,,,35732,6.0,6,,,,,,
,,,,,35746,14.0,14,,,,,,
,,,,,35751,5.0,5,,,,,,
,,,,,35758,7.0,7,,,,,,
,,,,,35764,6.0,6,,,,,,
,,,,,35775,11.0,11,,,,,,
,,,,,35785,10.0,10,,,,,,
,,,,,35816,31.0,31,,,,,,
,,,,,35825,9.0,9,,,,,,
,,,,,35832,7.0,7,,,,,,
,,,,,35844,12.0,12,,,,,,
,,,,,35851,7.0,7,,,,,,
,,,,,35854,3.0,3,,,,,,
,,,,,35858,4.0,4,,,,,,
,,,,,35861,3.0,3,,,,,,
,,,,,35867,6.0,6,,,,,,
,,,,,35882,15.0,15,,,,,,
,,,,,35897,15.0,15,,,,,,
,,,,,35904,7.0,7,,,,,,
,,,,,35907,3.0,3,,,,,,
,,,,,35911,4.0,4,,,,,,
,,,,,35918,7.0,7,,,,,,
,,,,,35923,5.0,5,,,,,,
,,,,,35927,4.0,4,,,,,,
,,,,,35931,4.0,4,,,,,,
,,,,,35937,6.0,6,,,,,,
,,,,,35941,4.0,4,,,,,,
,,,,,35947,6.0,6,,,,,,
,,,,,35950,3.0,3,,,,,,
,,,,,35953,3.0,3,,,,,,
,,,,,35976,23.0,23,,,,,,
,,,,,35999,23.0,23,,,,,,
,,,,,36000,,,2.7855255603790283,5.172572135925293,5.097562789916992,0.0003,0.0003,0.1
,,,,,36005,6.0,6,,,,,,
,,,,,36009,4.0,4,,,,,,
,,,,,36015,6.0,6,,,,,,
,,,,,36029,14.0,14,,,,,,
,,,,,36033,4.0,4,,,,,,
,,,,,36042,9.0,9,,,,,,
,,,,,36051,9.0,9,,,,,,
,,,,,36058,7.0,7,,,,,,
,,,,,36063,5.0,5,,,,,,
,,,,,36067,4.0,4,,,,,,
,,,,,36072,5.0,5,,,,,,
,,,,,36078,6.0,6,,,,,,
,,,,,36081,3.0,3,,,,,,
,,,,,36088,7.0,7,,,,,,
,,,,,36098,10.0,10,,,,,,
,,,,,36106,8.0,8,,,,,,
,,,,,36119,13.0,13,,,,,,
,,,,,36127,8.0,8,,,,,,
,,,,,36139,12.0,12,,,,,,
,,,,,36143,4.0,4,,,,,,
,,,,,36150,7.0,7,,,,,,
,,,,,36155,5.0,5,,,,,,
,,,,,36169,14.0,14,,,,,,
,,,,,36173,4.0,4,,,,,,
,,,,,36187,14.0,14,,,,,,
,,,,,36193,6.0,6,,,,,,
,,,,,36199,6.0,6,,,,,,
,,,,,36203,4.0,4,,,,,,
,,,,,36212,9.0,9,,,,,,
,,,,,36215,3.0,3,,,,,,
,,,,,36220,5.0,5,,,,,,
,,,,,36223,3.0,3,,,,,,
,,,,,36226,3.0,3,,,,,,
,,,,,36230,4.0,4,,,,,,
,,,,,36233,3.0,3,,,,,,
,,,,,36237,4.0,4,,,,,,
,,,,,36244,7.0,7,,,,,,
,,,,,36249,5.0,5,,,,,,
,,,,,36253,4.0,4,,,,,,
,,,,,36262,9.0,9,,,,,,
,,,,,36277,15.0,15,,,,,,
,,,,,36281,4.0,4,,,,,,
,,,,,36285,4.0,4,,,,,,
,,,,,36296,11.0,11,,,,,,
,,,,,36299,3.0,3,,,,,,
,,,,,36308,9.0,9,,,,,,
,,,,,36312,4.0,4,,,,,,
,,,,,36316,4.0,4,,,,,,
,,,,,36319,3.0,3,,,,,,
,,,,,36324,5.0,5,,,,,,
,,,,,36329,5.0,5,,,,,,
,,,,,36332,3.0,3,,,,,,
,,,,,36348,16.0,16,,,,,,
,,,,,36358,10.0,10,,,,,,
,,,,,36361,3.0,3,,,,,,
,,,,,36368,7.0,7,,,,,,
,,,,,36384,16.0,16,,,,,,
,,,,,36389,5.0,5,,,,,,
,,,,,36393,4.0,4,,,,,,
,,,,,36403,10.0,10,,,,,,
,,,,,36411,8.0,8,,,,,,
,,,,,36427,16.0,16,,,,,,
,,,,,36431,4.0,4,,,,,,
,,,,,36434,3.0,3,,,,,,
,,,,,36441,7.0,7,,,,,,
,,,,,36445,4.0,4,,,,,,
,,,,,36454,9.0,9,,,,,,
,,,,,36459,5.0,5,,,,,,
,,,,,36472,13.0,13,,,,,,
,,,,,36482,10.0,10,,,,,,
,,,,,36487,5.0,5,,,,,,
,,,,,36492,5.0,5,,,,,,
,,,,,36497,5.0,5,,,,,,
,,,,,36501,4.0,4,,,,,,
,,,,,36515,14.0,14,,,,,,
,,,,,36520,5.0,5,,,,,,
,,,,,36524,4.0,4,,,,,,
,,,,,36529,5.0,5,,,,,,
,,,,,36534,5.0,5,,,,,,
,,,,,36543,9.0,9,,,,,,
,,,,,36546,3.0,3,,,,,,
,,,,,36551,5.0,5,,,,,,
,,,,,36561,10.0,10,,,,,,
,,,,,36567,6.0,6,,,,,,
,,,,,36574,7.0,7,,,,,,
,,,,,36577,3.0,3,,,,,,
,,,,,36581,4.0,4,,,,,,
,,,,,36587,6.0,6,,,,,,
,,,,,36596,9.0,9,,,,,,
,,,,,36601,5.0,5,,,,,,
,,,,,36612,11.0,11,,,,,,
,,,,,36618,6.0,6,,,,,,
,,,,,36638,20.0,20,,,,,,
,,,,,36643,5.0,5,,,,,,
,,,,,36650,7.0,7,,,,,,
,,,,,36666,16.0,16,,,,,,
,,,,,36672,6.0,6,,,,,,
,,,,,36678,6.0,6,,,,,,
,,,,,36689,11.0,11,,,,,,
,,,,,36694,5.0,5,,,,,,
,,,,,36704,10.0,10,,,,,,
,,,,,36715,11.0,11,,,,,,
,,,,,36728,13.0,13,,,,,,
,,,,,36732,4.0,4,,,,,,
,,,,,36737,5.0,5,,,,,,
,,,,,36743,6.0,6,,,,,,
,,,,,36752,9.0,9,,,,,,
,,,,,36757,5.0,5,,,,,,
,,,,,36760,3.0,3,,,,,,
,,,,,36766,6.0,6,,,,,,
,,,,,36769,3.0,3,,,,,,
,,,,,36773,4.0,4,,,,,,
,,,,,36780,7.0,7,,,,,,
,,,,,36783,3.0,3,,,,,,
,,,,,36789,6.0,6,,,,,,
,,,,,36794,5.0,5,,,,,,
,,,,,36798,4.0,4,,,,,,
,,,,,36802,4.0,4,,,,,,
,,,,,36806,4.0,4,,,,,,
,,,,,36812,6.0,6,,,,,,
,,,,,36820,8.0,8,,,,,,
,,,,,36824,4.0,4,,,,,,
,,,,,36828,4.0,4,,,,,,
,,,,,36838,10.0,10,,,,,,
,,,,,36842,4.0,4,,,,,,
,,,,,36854,12.0,12,,,,,,
,,,,,36861,7.0,7,,,,,,
,,,,,36876,15.0,15,,,,,,
,,,,,36883,7.0,7,,,,,,
,,,,,36886,3.0,3,,,,,,
,,,,,36889,3.0,3,,,,,,
,,,,,36892,3.0,3,,,,,,
,,,,,36895,3.0,3,,,,,,
,,,,,36902,7.0,7,,,,,,
,,,,,36906,4.0,4,,,,,,
,,,,,36910,4.0,4,,,,,,
,,,,,36915,5.0,5,,,,,,
,,,,,36920,5.0,5,,,,,,
,,,,,36926,6.0,6,,,,,,
,,,,,36936,10.0,10,,,,,,
,,,,,36940,4.0,4,,,,,,
,,,,,36943,3.0,3,,,,,,
,,,,,36952,9.0,9,,,,,,
,,,,,36960,8.0,8,,,,,,
,,,,,36963,3.0,3,,,,,,
,,,,,36970,7.0,7,,,,,,
,,,,,36986,16.0,16,,,,,,
,,,,,36996,10.0,10,,,,,,
,,,,,36999,3.0,3,,,,,,
,,,,,37000,,,2.472057819366455,5.6072492599487305,5.670870780944824,0.0003,0.0003,0.1
,,,,,37003,4.0,4,,,,,,
,,,,,37010,7.0,7,,,,,,
,,,,,37013,3.0,3,,,,,,
,,,,,37017,4.0,4,,,,,,
,,,,,37024,7.0,7,,,,,,
,,,,,37030,6.0,6,,,,,,
,,,,,37034,4.0,4,,,,,,
,,,,,37039,5.0,5,,,,,,
,,,,,37043,4.0,4,,,,,,
,,,,,37046,3.0,3,,,,,,
,,,,,37053,7.0,7,,,,,,
,,,,,37062,9.0,9,,,,,,
,,,,,37068,6.0,6,,,,,,
,,,,,37073,5.0,5,,,,,,
,,,,,37095,22.0,22,,,,,,
,,,,,37099,4.0,4,,,,,,
,,,,,37103,4.0,4,,,,,,
,,,,,37112,9.0,9,,,,,,
,,,,,37115,3.0,3,,,,,,
,,,,,37121,6.0,6,,,,,,
,,,,,37135,14.0,14,,,,,,
,,,,,37142,7.0,7,,,,,,
,,,,,37150,8.0,8,,,,,,
,,,,,37153,3.0,3,,,,,,
,,,,,37157,4.0,4,,,,,,
,,,,,37160,3.0,3,,,,,,
,,,,,37163,3.0,3,,,,,,
,,,,,37172,9.0,9,,,,,,
,,,,,37176,4.0,4,,,,,,
,,,,,37180,4.0,4,,,,,,
,,,,,37184,4.0,4,,,,,,
,,,,,37187,3.0,3,,,,,,
,,,,,37197,10.0,10,,,,,,
,,,,,37200,3.0,3,,,,,,
,,,,,37203,3.0,3,,,,,,
,,,,,37207,4.0,4,,,,,,
,,,,,37211,4.0,4,,,,,,
,,,,,37214,3.0,3,,,,,,
,,,,,37222,8.0,8,,,,,,
,,,,,37229,7.0,7,,,,,,
,,,,,37234,5.0,5,,,,,,
,,,,,37246,12.0,12,,,,,,
,,,,,37256,10.0,10,,,,,,
,,,,,37259,3.0,3,,,,,,
,,,,,37262,3.0,3,,,,,,
,,,,,37265,3.0,3,,,,,,
,,,,,37268,3.0,3,,,,,,
,,,,,37273,5.0,5,,,,,,
,,,,,37284,11.0,11,,,,,,
,,,,,37294,10.0,10,,,,,,
,,,,,37309,15.0,15,,,,,,
,,,,,37314,5.0,5,,,,,,
,,,,,37323,9.0,9,,,,,,
,,,,,37329,6.0,6,,,,,,
,,,,,37348,19.0,19,,,,,,
,,,,,37354,6.0,6,,,,,,
,,,,,37364,10.0,10,,,,,,
,,,,,37382,18.0,18,,,,,,
,,,,,37397,15.0,15,,,,,,
,,,,,37403,6.0,6,,,,,,
,,,,,37406,3.0,3,,,,,,
,,,,,37409,3.0,3,,,,,,
,,,,,37412,3.0,3,,,,,,
,,,,,37417,5.0,5,,,,,,
,,,,,37423,6.0,6,,,,,,
,,,,,37427,4.0,4,,,,,,
,,,,,37431,4.0,4,,,,,,
,,,,,37438,7.0,7,,,,,,
,,,,,37444,6.0,6,,,,,,
,,,,,37447,3.0,3,,,,,,
,,,,,37453,6.0,6,,,,,,
,,,,,37471,18.0,18,,,,,,
,,,,,37475,4.0,4,,,,,,
,,,,,37486,11.0,11,,,,,,
,,,,,37508,22.0,22,,,,,,
,,,,,37514,6.0,6,,,,,,
,,,,,37525,11.0,11,,,,,,
,,,,,37528,3.0,3,,,,,,
,,,,,37533,5.0,5,,,,,,
,,,,,37539,6.0,6,,,,,,
,,,,,37543,4.0,4,,,,,,
,,,,,37547,4.0,4,,,,,,
,,,,,37560,13.0,13,,,,,,
,,,,,37565,5.0,5,,,,,,
,,,,,37571,6.0,6,,,,,,
,,,,,37593,22.0,22,,,,,,
,,,,,37597,4.0,4,,,,,,
,,,,,37610,13.0,13,,,,,,
,,,,,37617,7.0,7,,,,,,
,,,,,37626,9.0,9,,,,,,
,,,,,37630,4.0,4,,,,,,
,,,,,37635,5.0,5,,,,,,
,,,,,37643,8.0,8,,,,,,
,,,,,37649,6.0,6,,,,,,
,,,,,37662,13.0,13,,,,,,
,,,,,37666,4.0,4,,,,,,
,,,,,37671,5.0,5,,,,,,
,,,,,37684,13.0,13,,,,,,
,,,,,37687,3.0,3,,,,,,
,,,,,37691,4.0,4,,,,,,
,,,,,37695,4.0,4,,,,,,
,,,,,37707,12.0,12,,,,,,
,,,,,37717,10.0,10,,,,,,
,,,,,37720,3.0,3,,,,,,
,,,,,37731,11.0,11,,,,,,
,,,,,37737,6.0,6,,,,,,
,,,,,37740,3.0,3,,,,,,
,,,,,37749,9.0,9,,,,,,
,,,,,37754,5.0,5,,,,,,
,,,,,37758,4.0,4,,,,,,
,,,,,37763,5.0,5,,,,,,
,,,,,37767,4.0,4,,,,,,
,,,,,37770,3.0,3,,,,,,
,,,,,37776,6.0,6,,,,,,
,,,,,37782,6.0,6,,,,,,
,,,,,37798,16.0,16,,,,,,
,,,,,37809,11.0,11,,,,,,
,,,,,37813,4.0,4,,,,,,
,,,,,37817,4.0,4,,,,,,
,,,,,37826,9.0,9,,,,,,
,,,,,37829,3.0,3,,,,,,
,,,,,37836,7.0,7,,,,,,
,,,,,37839,3.0,3,,,,,,
,,,,,37843,4.0,4,,,,,,
,,,,,37846,3.0,3,,,,,,
,,,,,37873,27.0,27,,,,,,
,,,,,37876,3.0,3,,,,,,
,,,,,37879,3.0,3,,,,,,
,,,,,37883,4.0,4,,,,,,
,,,,,37890,7.0,7,,,,,,
,,,,,37896,6.0,6,,,,,,
,,,,,37905,9.0,9,,,,,,
,,,,,37911,6.0,6,,,,,,
,,,,,37920,9.0,9,,,,,,
,,,,,37926,6.0,6,,,,,,
,,,,,37932,6.0,6,,,,,,
,,,,,37948,16.0,16,,,,,,
,,,,,37954,6.0,6,,,,,,
,,,,,37958,4.0,4,,,,,,
,,,,,37963,5.0,5,,,,,,
,,,,,37969,6.0,6,,,,,,
,,,,,37974,5.0,5,,,,,,
,,,,,37977,3.0,3,,,,,,
,,,,,37981,4.0,4,,,,,,
,,,,,37988,7.0,7,,,,,,
,,,,,37998,10.0,10,,,,,,
,,,,,38000,,,2.228884696960449,5.794754981994629,5.8606133460998535,0.0003,0.0003,0.1
,,,,,38010,12.0,12,,,,,,
,,,,,38018,8.0,8,,,,,,
,,,,,38025,7.0,7,,,,,,
,,,,,38029,4.0,4,,,,,,
,,,,,38035,6.0,6,,,,,,
,,,,,38046,11.0,11,,,,,,
,,,,,38050,4.0,4,,,,,,
,,,,,38055,5.0,5,,,,,,
,,,,,38064,9.0,9,,,,,,
,,,,,38069,5.0,5,,,,,,
,,,,,38078,9.0,9,,,,,,
,,,,,38082,4.0,4,,,,,,
,,,,,38091,9.0,9,,,,,,
,,,,,38098,7.0,7,,,,,,
,,,,,38114,16.0,16,,,,,,
,,,,,38120,6.0,6,,,,,,
,,,,,38129,9.0,9,,,,,,
,,,,,38132,3.0,3,,,,,,
,,,,,38137,5.0,5,,,,,,
,,,,,38150,13.0,13,,,,,,
,,,,,38154,4.0,4,,,,,,
,,,,,38160,6.0,6,,,,,,
,,,,,38163,3.0,3,,,,,,
,,,,,38168,5.0,5,,,,,,
,,,,,38172,4.0,4,,,,,,
,,,,,38176,4.0,4,,,,,,
,,,,,38191,15.0,15,,,,,,
,,,,,38196,5.0,5,,,,,,
,,,,,38201,5.0,5,,,,,,
,,,,,38206,5.0,5,,,,,,
,,,,,38209,3.0,3,,,,,,
,,,,,38212,3.0,3,,,,,,
,,,,,38222,10.0,10,,,,,,
,,,,,38229,7.0,7,,,,,,
,,,,,38237,8.0,8,,,,,,
,,,,,38248,11.0,11,,,,,,
,,,,,38253,5.0,5,,,,,,
,,,,,38257,4.0,4,,,,,,
,,,,,38277,20.0,20,,,,,,
,,,,,38280,3.0,3,,,,,,
,,,,,38285,5.0,5,,,,,,
,,,,,38289,4.0,4,,,,,,
,,,,,38301,12.0,12,,,,,,
,,,,,38305,4.0,4,,,,,,
,,,,,38318,13.0,13,,,,,,
,,,,,38331,13.0,13,,,,,,
,,,,,38340,9.0,9,,,,,,
,,,,,38343,3.0,3,,,,,,
,,,,,38359,16.0,16,,,,,,
,,,,,38363,4.0,4,,,,,,
,,,,,38380,17.0,17,,,,,,
,,,,,38387,7.0,7,,,,,,
,,,,,38390,3.0,3,,,,,,
,,,,,38404,14.0,14,,,,,,
,,,,,38408,4.0,4,,,,,,
,,,,,38413,5.0,5,,,,,,
,,,,,38425,12.0,12,,,,,,
,,,,,38450,25.0,25,,,,,,
,,,,,38455,5.0,5,,,,,,
,,,,,38460,5.0,5,,,,,,
,,,,,38469,9.0,9,,,,,,
,,,,,38473,4.0,4,,,,,,
,,,,,38479,6.0,6,,,,,,
,,,,,38482,3.0,3,,,,,,
,,,,,38485,3.0,3,,,,,,
,,,,,38493,8.0,8,,,,,,
,,,,,38502,9.0,9,,,,,,
,,,,,38507,5.0,5,,,,,,
,,,,,38510,3.0,3,,,,,,
,,,,,38513,3.0,3,,,,,,
,,,,,38532,19.0,19,,,,,,
,,,,,38549,17.0,17,,,,,,
,,,,,38553,4.0,4,,,,,,
,,,,,38557,4.0,4,,,,,,
,,,,,38560,3.0,3,,,,,,
,,,,,38565,5.0,5,,,,,,
,,,,,38572,7.0,7,,,,,,
,,,,,38575,3.0,3,,,,,,
,,,,,38579,4.0,4,,,,,,
,,,,,38582,3.0,3,,,,,,
,,,,,38601,19.0,19,,,,,,
,,,,,38608,7.0,7,,,,,,
,,,,,38611,3.0,3,,,,,,
,,,,,38621,10.0,10,,,,,,
,,,,,38625,4.0,4,,,,,,
,,,,,38637,12.0,12,,,,,,
,,,,,38641,4.0,4,,,,,,
,,,,,38657,16.0,16,,,,,,
,,,,,38662,5.0,5,,,,,,
,,,,,38665,3.0,3,,,,,,
,,,,,38671,6.0,6,,,,,,
,,,,,38683,12.0,12,,,,,,
,,,,,38688,5.0,5,,,,,,
,,,,,38692,4.0,4,,,,,,
,,,,,38703,11.0,11,,,,,,
,,,,,38711,8.0,8,,,,,,
,,,,,38714,3.0,3,,,,,,
,,,,,38720,6.0,6,,,,,,
,,,,,38729,9.0,9,,,,,,
,,,,,38740,11.0,11,,,,,,
,,,,,38746,6.0,6,,,,,,
,,,,,38763,17.0,17,,,,,,
,,,,,38768,5.0,5,,,,,,
,,,,,38776,8.0,8,,,,,,
,,,,,38782,6.0,6,,,,,,
,,,,,38792,10.0,10,,,,,,
,,,,,38795,3.0,3,,,,,,
,,,,,38806,11.0,11,,,,,,
,,,,,38811,5.0,5,,,,,,
,,,,,38828,17.0,17,,,,,,
,,,,,38832,4.0,4,,,,,,
,,,,,38837,5.0,5,,,,,,
,,,,,38842,5.0,5,,,,,,
,,,,,38846,4.0,4,,,,,,
,,,,,38850,4.0,4,,,,,,
,,,,,38857,7.0,7,,,,,,
,,,,,38861,4.0,4,,,,,,
,,,,,38865,4.0,4,,,,,,
,,,,,38876,11.0,11,,,,,,
,,,,,38880,4.0,4,,,,,,
,,,,,38890,10.0,10,,,,,,
,,,,,38894,4.0,4,,,,,,
,,,,,38897,3.0,3,,,,,,
,,,,,38903,6.0,6,,,,,,
,,,,,38912,9.0,9,,,,,,
,,,,,38921,9.0,9,,,,,,
,,,,,38935,14.0,14,,,,,,
,,,,,38938,3.0,3,,,,,,
,,,,,38941,3.0,3,,,,,,
,,,,,38946,5.0,5,,,,,,
,,,,,38952,6.0,6,,,,,,
,,,,,38956,4.0,4,,,,,,
,,,,,38961,5.0,5,,,,,,
,,,,,38965,4.0,4,,,,,,
,,,,,38979,14.0,14,,,,,,
,,,,,38985,6.0,6,,,,,,
,,,,,38992,7.0,7,,,,,,
,,,,,39000,,,2.352210760116577,5.075069427490234,4.963882923126221,0.0003,0.0003,0.1
,,,,,39006,14.0,14,,,,,,
,,,,,39013,7.0,7,,,,,,
,,,,,39020,7.0,7,,,,,,
,,,,,39027,7.0,7,,,,,,
,,,,,39032,5.0,5,,,,,,
,,,,,39040,8.0,8,,,,,,
,,,,,39048,8.0,8,,,,,,
,,,,,39052,4.0,4,,,,,,
,,,,,39061,9.0,9,,,,,,
,,,,,39066,5.0,5,,,,,,
,,,,,39070,4.0,4,,,,,,
,,,,,39082,12.0,12,,,,,,
,,,,,39087,5.0,5,,,,,,
,,,,,39091,4.0,4,,,,,,
,,,,,39109,18.0,18,,,,,,
,,,,,39116,7.0,7,,,,,,
,,,,,39126,10.0,10,,,,,,
,,,,,39129,3.0,3,,,,,,
,,,,,39142,13.0,13,,,,,,
,,,,,39149,7.0,7,,,,,,
,,,,,39166,17.0,17,,,,,,
,,,,,39170,4.0,4,,,,,,
,,,,,39177,7.0,7,,,,,,
,,,,,39189,12.0,12,,,,,,
,,,,,39193,4.0,4,,,,,,
,,,,,39199,6.0,6,,,,,,
,,,,,39204,5.0,5,,,,,,
,,,,,39212,8.0,8,,,,,,
,,,,,39216,4.0,4,,,,,,
,,,,,39224,8.0,8,,,,,,
,,,,,39227,3.0,3,,,,,,
,,,,,39231,4.0,4,,,,,,
,,,,,39247,16.0,16,,,,,,
,,,,,39252,5.0,5,,,,,,
,,,,,39257,5.0,5,,,,,,
,,,,,39260,3.0,3,,,,,,
,,,,,39276,16.0,16,,,,,,
,,,,,39280,4.0,4,,,,,,
,,,,,39288,8.0,8,,,,,,
,,,,,39296,8.0,8,,,,,,
,,,,,39300,4.0,4,,,,,,
,,,,,39314,14.0,14,,,,,,
,,,,,39334,20.0,20,,,,,,
,,,,,39344,10.0,10,,,,,,
,,,,,39364,20.0,20,,,,,,
,,,,,39374,10.0,10,,,,,,
,,,,,39379,5.0,5,,,,,,
,,,,,39384,5.0,5,,,,,,
,,,,,39388,4.0,4,,,,,,
,,,,,39391,3.0,3,,,,,,
,,,,,39394,3.0,3,,,,,,
,,,,,39398,4.0,4,,,,,,
,,,,,39401,3.0,3,,,,,,
,,,,,39412,11.0,11,,,,,,
,,,,,39416,4.0,4,,,,,,
,,,,,39421,5.0,5,,,,,,
,,,,,39425,4.0,4,,,,,,
,,,,,39434,9.0,9,,,,,,
,,,,,39438,4.0,4,,,,,,
,,,,,39443,5.0,5,,,,,,
,,,,,39459,16.0,16,,,,,,
,,,,,39466,7.0,7,,,,,,
,,,,,39482,16.0,16,,,,,,
,,,,,39493,11.0,11,,,,,,
,,,,,39505,12.0,12,,,,,,
,,,,,39508,3.0,3,,,,,,
,,,,,39512,4.0,4,,,,,,
,,,,,39516,4.0,4,,,,,,
,,,,,39525,9.0,9,,,,,,
,,,,,39530,5.0,5,,,,,,
,,,,,39537,7.0,7,,,,,,
,,,,,39544,7.0,7,,,,,,
,,,,,39552,8.0,8,,,,,,
,,,,,39565,13.0,13,,,,,,
,,,,,39569,4.0,4,,,,,,
,,,,,39572,3.0,3,,,,,,
,,,,,39590,18.0,18,,,,,,
,,,,,39593,3.0,3,,,,,,
,,,,,39598,5.0,5,,,,,,
,,,,,39601,3.0,3,,,,,,
,,,,,39610,9.0,9,,,,,,
,,,,,39621,11.0,11,,,,,,
,,,,,39628,7.0,7,,,,,,
,,,,,39633,5.0,5,,,,,,
,,,,,39641,8.0,8,,,,,,
,,,,,39653,12.0,12,,,,,,
,,,,,39658,5.0,5,,,,,,
,,,,,39664,6.0,6,,,,,,
,,,,,39671,7.0,7,,,,,,
,,,,,39678,7.0,7,,,,,,
,,,,,39694,16.0,16,,,,,,
,,,,,39698,4.0,4,,,,,,
,,,,,39701,3.0,3,,,,,,
,,,,,39714,13.0,13,,,,,,
,,,,,39717,3.0,3,,,,,,
,,,,,39721,4.0,4,,,,,,
,,,,,39728,7.0,7,,,,,,
,,,,,39733,5.0,5,,,,,,
,,,,,39738,5.0,5,,,,,,
,,,,,39742,4.0,4,,,,,,
,,,,,39755,13.0,13,,,,,,
,,,,,39763,8.0,8,,,,,,
,,,,,39770,7.0,7,,,,,,
,,,,,39774,4.0,4,,,,,,
,,,,,39777,3.0,3,,,,,,
,,,,,39786,9.0,9,,,,,,
,,,,,39793,7.0,7,,,,,,
,,,,,39798,5.0,5,,,,,,
,,,,,39802,4.0,4,,,,,,
,,,,,39807,5.0,5,,,,,,
,,,,,39810,3.0,3,,,,,,
,,,,,39814,4.0,4,,,,,,
,,,,,39835,21.0,21,,,,,,
,,,,,39847,12.0,12,,,,,,
,,,,,39853,6.0,6,,,,,,
,,,,,39857,4.0,4,,,,,,
,,,,,39860,3.0,3,,,,,,
,,,,,39863,3.0,3,,,,,,
,,,,,39881,18.0,18,,,,,,
,,,,,39889,8.0,8,,,,,,
,,,,,39900,11.0,11,,,,,,
,,,,,39910,10.0,10,,,,,,
,,,,,39915,5.0,5,,,,,,
,,,,,39920,5.0,5,,,,,,
,,,,,39943,23.0,23,,,,,,
,,,,,39946,3.0,3,,,,,,
,,,,,39950,4.0,4,,,,,,
,,,,,39955,5.0,5,,,,,,
,,,,,39959,4.0,4,,,,,,
,,,,,39964,5.0,5,,,,,,
,,,,,39967,3.0,3,,,,,,
,,,,,39971,4.0,4,,,,,,
,,,,,39977,6.0,6,,,,,,
,,,,,39982,5.0,5,,,,,,
,,,,,39987,5.0,5,,,,,,
,,,,,39997,10.0,10,,,,,,
7.4,4.8414874,19.0,3.0,7.4,40000,,,2.2303147315979004,5.738896369934082,5.564744472503662,0.0003,0.0003,0.1
,,,,,40004,7.0,7,,,,,,
,,,,,40011,7.0,7,,,,,,
,,,,,40015,4.0,4,,,,,,
,,,,,40023,8.0,8,,,,,,
,,,,,40031,8.0,8,,,,,,
,,,,,40046,15.0,15,,,,,,
,,,,,40056,10.0,10,,,,,,
,,,,,40067,11.0,11,,,,,,
,,,,,40074,7.0,7,,,,,,
,,,,,40077,3.0,3,,,,,,
,,,,,40081,4.0,4,,,,,,
,,,,,40084,3.0,3,,,,,,
,,,,,40095,11.0,11,,,,,,
,,,,,40106,11.0,11,,,,,,
,,,,,40116,10.0,10,,,,,,
,,,,,40128,12.0,12,,,,,,
,,,,,40131,3.0,3,,,,,,
,,,,,40134,3.0,3,,,,,,
,,,,,40137,3.0,3,,,,,,
,,,,,40143,6.0,6,,,,,,
,,,,,40150,7.0,7,,,,,,
,,,,,40154,4.0,4,,,,,,
,,,,,40157,3.0,3,,,,,,
,,,,,40166,9.0,9,,,,,,
,,,,,40174,8.0,8,,,,,,
,,,,,40185,11.0,11,,,,,,
,,,,,40189,4.0,4,,,,,,
,,,,,40193,4.0,4,,,,,,
,,,,,40205,12.0,12,,,,,,
,,,,,40211,6.0,6,,,,,,
,,,,,40228,17.0,17,,,,,,
,,,,,40232,4.0,4,,,,,,
,,,,,40235,3.0,3,,,,,,
,,,,,40242,7.0,7,,,,,,
,,,,,40251,9.0,9,,,,,,
,,,,,40255,4.0,4,,,,,,
,,,,,40263,8.0,8,,,,,,
,,,,,40268,5.0,5,,,,,,
,,,,,40280,12.0,12,,,,,,
,,,,,40284,4.0,4,,,,,,
,,,,,40287,3.0,3,,,,,,
,,,,,40301,14.0,14,,,,,,
,,,,,40309,8.0,8,,,,,,
,,,,,40313,4.0,4,,,,,,
,,,,,40322,9.0,9,,,,,,
,,,,,40329,7.0,7,,,,,,
,,,,,40336,7.0,7,,,,,,
,,,,,40340,4.0,4,,,,,,
,,,,,40347,7.0,7,,,,,,
,,,,,40350,3.0,3,,,,,,
,,,,,40358,8.0,8,,,,,,
,,,,,40362,4.0,4,,,,,,
,,,,,40372,10.0,10,,,,,,
,,,,,40378,6.0,6,,,,,,
,,,,,40385,7.0,7,,,,,,
,,,,,40390,5.0,5,,,,,,
,,,,,40394,4.0,4,,,,,,
,,,,,40401,7.0,7,,,,,,
,,,,,40404,3.0,3,,,,,,
,,,,,40416,12.0,12,,,,,,
,,,,,40423,7.0,7,,,,,,
,,,,,40432,9.0,9,,,,,,
,,,,,40437,5.0,5,,,,,,
,,,,,40440,3.0,3,,,,,,
,,,,,40458,18.0,18,,,,,,
,,,,,40465,7.0,7,,,,,,
,,,,,40471,6.0,6,,,,,,
,,,,,40477,6.0,6,,,,,,
,,,,,40482,5.0,5,,,,,,
,,,,,40485,3.0,3,,,,,,
,,,,,40492,7.0,7,,,,,,
,,,,,40498,6.0,6,,,,,,
,,,,,40504,6.0,6,,,,,,
,,,,,40512,8.0,8,,,,,,
,,,,,40518,6.0,6,,,,,,
,,,,,40524,6.0,6,,,,,,
,,,,,40530,6.0,6,,,,,,
,,,,,40535,5.0,5,,,,,,
,,,,,40540,5.0,5,,,,,,
,,,,,40555,15.0,15,,,,,,
,,,,,40558,3.0,3,,,,,,
,,,,,40563,5.0,5,,,,,,
,,,,,40566,3.0,3,,,,,,
,,,,,40579,13.0,13,,,,,,
,,,,,40589,10.0,10,,,,,,
,,,,,40597,8.0,8,,,,,,
,,,,,40601,4.0,4,,,,,,
,,,,,40626,25.0,25,,,,,,
,,,,,40633,7.0,7,,,,,,
,,,,,40639,6.0,6,,,,,,
,,,,,40647,8.0,8,,,,,,
,,,,,40654,7.0,7,,,,,,
,,,,,40662,8.0,8,,,,,,
,,,,,40668,6.0,6,,,,,,
,,,,,40674,6.0,6,,,,,,
,,,,,40679,5.0,5,,,,,,
,,,,,40685,6.0,6,,,,,,
,,,,,40698,13.0,13,,,,,,
,,,,,40701,3.0,3,,,,,,
,,,,,40705,4.0,4,,,,,,
,,,,,40710,5.0,5,,,,,,
,,,,,40730,20.0,20,,,,,,
,,,,,40735,5.0,5,,,,,,
,,,,,40747,12.0,12,,,,,,
,,,,,40767,20.0,20,,,,,,
,,,,,40773,6.0,6,,,,,,
,,,,,40778,5.0,5,,,,,,
,,,,,40781,3.0,3,,,,,,
,,,,,40784,3.0,3,,,,,,
,,,,,40789,5.0,5,,,,,,
,,,,,40794,5.0,5,,,,,,
,,,,,40799,5.0,5,,,,,,
,,,,,40803,4.0,4,,,,,,
,,,,,40807,4.0,4,,,,,,
,,,,,40811,4.0,4,,,,,,
,,,,,40826,15.0,15,,,,,,
,,,,,40829,3.0,3,,,,,,
,,,,,40833,4.0,4,,,,,,
,,,,,40848,15.0,15,,,,,,
,,,,,40862,14.0,14,,,,,,
,,,,,40865,3.0,3,,,,,,
,,,,,40872,7.0,7,,,,,,
,,,,,40875,3.0,3,,,,,,
,,,,,40878,3.0,3,,,,,,
,,,,,40881,3.0,3,,,,,,
,,,,,40886,5.0,5,,,,,,
,,,,,40900,14.0,14,,,,,,
,,,,,40928,28.0,28,,,,,,
,,,,,40932,4.0,4,,,,,,
,,,,,40937,5.0,5,,,,,,
,,,,,40941,4.0,4,,,,,,
,,,,,40945,4.0,4,,,,,,
,,,,,40952,7.0,7,,,,,,
,,,,,40958,6.0,6,,,,,,
,,,,,40962,4.0,4,,,,,,
,,,,,40965,3.0,3,,,,,,
,,,,,40973,8.0,8,,,,,,
,,,,,40981,8.0,8,,,,,,
,,,,,40986,5.0,5,,,,,,
,,,,,40996,10.0,10,,,,,,
,,,,,41000,,,2.531510353088379,5.619658946990967,5.361000061035156,0.0003,0.0003,0.1
,,,,,41001,5.0,5,,,,,,
,,,,,41008,7.0,7,,,,,,
,,,,,41014,6.0,6,,,,,,
,,,,,41018,4.0,4,,,,,,
,,,,,41033,15.0,15,,,,,,
,,,,,41037,4.0,4,,,,,,
,,,,,41042,5.0,5,,,,,,
,,,,,41045,3.0,3,,,,,,
,,,,,41055,10.0,10,,,,,,
,,,,,41068,13.0,13,,,,,,
,,,,,41072,4.0,4,,,,,,
,,,,,41077,5.0,5,,,,,,
,,,,,41084,7.0,7,,,,,,
,,,,,41093,9.0,9,,,,,,
,,,,,41102,9.0,9,,,,,,
,,,,,41105,3.0,3,,,,,,
,,,,,41112,7.0,7,,,,,,
,,,,,41117,5.0,5,,,,,,
,,,,,41125,8.0,8,,,,,,
,,,,,41132,7.0,7,,,,,,
,,,,,41137,5.0,5,,,,,,
,,,,,41160,23.0,23,,,,,,
,,,,,41167,7.0,7,,,,,,
,,,,,41178,11.0,11,,,,,,
,,,,,41181,3.0,3,,,,,,
,,,,,41186,5.0,5,,,,,,
,,,,,41189,3.0,3,,,,,,
,,,,,41194,5.0,5,,,,,,
,,,,,41197,3.0,3,,,,,,
,,,,,41202,5.0,5,,,,,,
,,,,,41205,3.0,3,,,,,,
,,,,,41213,8.0,8,,,,,,
,,,,,41219,6.0,6,,,,,,
,,,,,41225,6.0,6,,,,,,
,,,,,41229,4.0,4,,,,,,
,,,,,41234,5.0,5,,,,,,
,,,,,41240,6.0,6,,,,,,
,,,,,41243,3.0,3,,,,,,
,,,,,41259,16.0,16,,,,,,
,,,,,41265,6.0,6,,,,,,
,,,,,41268,3.0,3,,,,,,
,,,,,41272,4.0,4,,,,,,
,,,,,41275,3.0,3,,,,,,
,,,,,41281,6.0,6,,,,,,
,,,,,41287,6.0,6,,,,,,
,,,,,41297,10.0,10,,,,,,
,,,,,41313,16.0,16,,,,,,
,,,,,41318,5.0,5,,,,,,
,,,,,41332,14.0,14,,,,,,
,,,,,41340,8.0,8,,,,,,
,,,,,41345,5.0,5,,,,,,
,,,,,41352,7.0,7,,,,,,
,,,,,41363,11.0,11,,,,,,
,,,,,41367,4.0,4,,,,,,
,,,,,41372,5.0,5,,,,,,
,,,,,41379,7.0,7,,,,,,
,,,,,41391,12.0,12,,,,,,
,,,,,41398,7.0,7,,,,,,
,,,,,41404,6.0,6,,,,,,
,,,,,41412,8.0,8,,,,,,
,,,,,41418,6.0,6,,,,,,
,,,,,41424,6.0,6,,,,,,
,,,,,41427,3.0,3,,,,,,
,,,,,41439,12.0,12,,,,,,
,,,,,41444,5.0,5,,,,,,
,,,,,41452,8.0,8,,,,,,
,,,,,41456,4.0,4,,,,,,
,,,,,41465,9.0,9,,,,,,
,,,,,41472,7.0,7,,,,,,
,,,,,41475,3.0,3,,,,,,
,,,,,41478,3.0,3,,,,,,
,,,,,41482,4.0,4,,,,,,
,,,,,41489,7.0,7,,,,,,
,,,,,41502,13.0,13,,,,,,
,,,,,41506,4.0,4,,,,,,
,,,,,41510,4.0,4,,,,,,
,,,,,41519,9.0,9,,,,,,
,,,,,41522,3.0,3,,,,,,
,,,,,41532,10.0,10,,,,,,
,,,,,41541,9.0,9,,,,,,
,,,,,41546,5.0,5,,,,,,
,,,,,41551,5.0,5,,,,,,
,,,,,41560,9.0,9,,,,,,
,,,,,41564,4.0,4,,,,,,
,,,,,41568,4.0,4,,,,,,
,,,,,41571,3.0,3,,,,,,
,,,,,41575,4.0,4,,,,,,
,,,,,41582,7.0,7,,,,,,
,,,,,41591,9.0,9,,,,,,
,,,,,41595,4.0,4,,,,,,
,,,,,41604,9.0,9,,,,,,
,,,,,41610,6.0,6,,,,,,
,,,,,41614,4.0,4,,,,,,
,,,,,41626,12.0,12,,,,,,
,,,,,41636,10.0,10,,,,,,
,,,,,41642,6.0,6,,,,,,
,,,,,41645,3.0,3,,,,,,
,,,,,41648,3.0,3,,,,,,
,,,,,41656,8.0,8,,,,,,
,,,,,41664,8.0,8,,,,,,
,,,,,41667,3.0,3,,,,,,
,,,,,41672,5.0,5,,,,,,
,,,,,41677,5.0,5,,,,,,
,,,,,41691,14.0,14,,,,,,
,,,,,41696,5.0,5,,,,,,
,,,,,41702,6.0,6,,,,,,
,,,,,41713,11.0,11,,,,,,
,,,,,41724,11.0,11,,,,,,
,,,,,41728,4.0,4,,,,,,
,,,,,41734,6.0,6,,,,,,
,,,,,41740,6.0,6,,,,,,
,,,,,41744,4.0,4,,,,,,
,,,,,41747,3.0,3,,,,,,
,,,,,41751,4.0,4,,,,,,
,,,,,41761,10.0,10,,,,,,
,,,,,41766,5.0,5,,,,,,
,,,,,41769,3.0,3,,,,,,
,,,,,41774,5.0,5,,,,,,
,,,,,41784,10.0,10,,,,,,
,,,,,41793,9.0,9,,,,,,
,,,,,41807,14.0,14,,,,,,
,,,,,41813,6.0,6,,,,,,
,,,,,41816,3.0,3,,,,,,
,,,,,41829,13.0,13,,,,,,
,,,,,41839,10.0,10,,,,,,
,,,,,41849,10.0,10,,,,,,
,,,,,41852,3.0,3,,,,,,
,,,,,41860,8.0,8,,,,,,
,,,,,41872,12.0,12,,,,,,
,,,,,41876,4.0,4,,,,,,
,,,,,41879,3.0,3,,,,,,
,,,,,41883,4.0,4,,,,,,
,,,,,41899,16.0,16,,,,,,
,,,,,41904,5.0,5,,,,,,
,,,,,41908,4.0,4,,,,,,
,,,,,41924,16.0,16,,,,,,
,,,,,41934,10.0,10,,,,,,
,,,,,41939,5.0,5,,,,,,
,,,,,41950,11.0,11,,,,,,
,,,,,41957,7.0,7,,,,,,
,,,,,41960,3.0,3,,,,,,
,,,,,41965,5.0,5,,,,,,
,,,,,41971,6.0,6,,,,,,
,,,,,41975,4.0,4,,,,,,
,,,,,41980,5.0,5,,,,,,
,,,,,41983,3.0,3,,,,,,
,,,,,41989,6.0,6,,,,,,
,,,,,42000,11.0,11,,,,,,
,,,,,42000,,,2.20809006690979,5.206717491149902,5.36765718460083,0.0003,0.0003,0.1
,,,,,42005,5.0,5,,,,,,
,,,,,42011,6.0,6,,,,,,
,,,,,42023,12.0,12,,,,,,
,,,,,42031,8.0,8,,,,,,
,,,,,42044,13.0,13,,,,,,
,,,,,42048,4.0,4,,,,,,
,,,,,42051,3.0,3,,,,,,
,,,,,42057,6.0,6,,,,,,
,,,,,42071,14.0,14,,,,,,
,,,,,42074,3.0,3,,,,,,
,,,,,42094,20.0,20,,,,,,
,,,,,42100,6.0,6,,,,,,
,,,,,42105,5.0,5,,,,,,
,,,,,42120,15.0,15,,,,,,
,,,,,42131,11.0,11,,,,,,
,,,,,42137,6.0,6,,,,,,
,,,,,42142,5.0,5,,,,,,
,,,,,42148,6.0,6,,,,,,
,,,,,42160,12.0,12,,,,,,
,,,,,42166,6.0,6,,,,,,
,,,,,42169,3.0,3,,,,,,
,,,,,42173,4.0,4,,,,,,
,,,,,42186,13.0,13,,,,,,
,,,,,42190,4.0,4,,,,,,
,,,,,42198,8.0,8,,,,,,
,,,,,42205,7.0,7,,,,,,
,,,,,42213,8.0,8,,,,,,
,,,,,42217,4.0,4,,,,,,
,,,,,42227,10.0,10,,,,,,
,,,,,42230,3.0,3,,,,,,
,,,,,42235,5.0,5,,,,,,
,,,,,42242,7.0,7,,,,,,
,,,,,42258,16.0,16,,,,,,
,,,,,42263,5.0,5,,,,,,
,,,,,42269,6.0,6,,,,,,
,,,,,42273,4.0,4,,,,,,
,,,,,42279,6.0,6,,,,,,
,,,,,42292,13.0,13,,,,,,
,,,,,42295,3.0,3,,,,,,
,,,,,42302,7.0,7,,,,,,
,,,,,42314,12.0,12,,,,,,
,,,,,42318,4.0,4,,,,,,
,,,,,42322,4.0,4,,,,,,
,,,,,42327,5.0,5,,,,,,
,,,,,42342,15.0,15,,,,,,
,,,,,42346,4.0,4,,,,,,
,,,,,42367,21.0,21,,,,,,
,,,,,42379,12.0,12,,,,,,
,,,,,42387,8.0,8,,,,,,
,,,,,42398,11.0,11,,,,,,
,,,,,42404,6.0,6,,,,,,
,,,,,42409,5.0,5,,,,,,
,,,,,42423,14.0,14,,,,,,
,,,,,42430,7.0,7,,,,,,
,,,,,42436,6.0,6,,,,,,
,,,,,42441,5.0,5,,,,,,
,,,,,42445,4.0,4,,,,,,
,,,,,42450,5.0,5,,,,,,
,,,,,42458,8.0,8,,,,,,
,,,,,42461,3.0,3,,,,,,
,,,,,42464,3.0,3,,,,,,
,,,,,42474,10.0,10,,,,,,
,,,,,42478,4.0,4,,,,,,
,,,,,42487,9.0,9,,,,,,
,,,,,42496,9.0,9,,,,,,
,,,,,42500,4.0,4,,,,,,
,,,,,42510,10.0,10,,,,,,
,,,,,42513,3.0,3,,,,,,
,,,,,42521,8.0,8,,,,,,
,,,,,42524,3.0,3,,,,,,
,,,,,42528,4.0,4,,,,,,
,,,,,42536,8.0,8,,,,,,
,,,,,42539,3.0,3,,,,,,
,,,,,42544,5.0,5,,,,,,
,,,,,42550,6.0,6,,,,,,
,,,,,42557,7.0,7,,,,,,
,,,,,42565,8.0,8,,,,,,
,,,,,42568,3.0,3,,,,,,
,,,,,42581,13.0,13,,,,,,
,,,,,42589,8.0,8,,,,,,
,,,,,42594,5.0,5,,,,,,
,,,,,42597,3.0,3,,,,,,
,,,,,42600,3.0,3,,,,,,
,,,,,42610,10.0,10,,,,,,
,,,,,42621,11.0,11,,,,,,
,,,,,42626,5.0,5,,,,,,
,,,,,42631,5.0,5,,,,,,
,,,,,42644,13.0,13,,,,,,
,,,,,42652,8.0,8,,,,,,
,,,,,42665,13.0,13,,,,,,
,,,,,42668,3.0,3,,,,,,
,,,,,42675,7.0,7,,,,,,
,,,,,42684,9.0,9,,,,,,
,,,,,42687,3.0,3,,,,,,
,,,,,42693,6.0,6,,,,,,
,,,,,42698,5.0,5,,,,,,
,,,,,42703,5.0,5,,,,,,
,,,,,42717,14.0,14,,,,,,
,,,,,42732,15.0,15,,,,,,
,,,,,42748,16.0,16,,,,,,
,,,,,42755,7.0,7,,,,,,
,,,,,42759,4.0,4,,,,,,
,,,,,42777,18.0,18,,,,,,
,,,,,42782,5.0,5,,,,,,
,,,,,42788,6.0,6,,,,,,
,,,,,42809,21.0,21,,,,,,
,,,,,42818,9.0,9,,,,,,
,,,,,42822,4.0,4,,,,,,
,,,,,42832,10.0,10,,,,,,
,,,,,42838,6.0,6,,,,,,
,,,,,42843,5.0,5,,,,,,
,,,,,42847,4.0,4,,,,,,
,,,,,42852,5.0,5,,,,,,
,,,,,42856,4.0,4,,,,,,
,,,,,42861,5.0,5,,,,,,
,,,,,42867,6.0,6,,,,,,
,,,,,42889,22.0,22,,,,,,
,,,,,42896,7.0,7,,,,,,
,,,,,42905,9.0,9,,,,,,
,,,,,42908,3.0,3,,,,,,
,,,,,42913,5.0,5,,,,,,
,,,,,42920,7.0,7,,,,,,
,,,,,42931,11.0,11,,,,,,
,,,,,42934,3.0,3,,,,,,
,,,,,42939,5.0,5,,,,,,
,,,,,42947,8.0,8,,,,,,
,,,,,42954,7.0,7,,,,,,
,,,,,42958,4.0,4,,,,,,
,,,,,42963,5.0,5,,,,,,
,,,,,42970,7.0,7,,,,,,
,,,,,42977,7.0,7,,,,,,
,,,,,42986,9.0,9,,,,,,
,,,,,42990,4.0,4,,,,,,
,,,,,42993,3.0,3,,,,,,
,,,,,43000,,,2.0104126930236816,5.179347038269043,4.973051071166992,0.0003,0.0003,0.1
,,,,,43004,11.0,11,,,,,,
,,,,,43008,4.0,4,,,,,,
,,,,,43013,5.0,5,,,,,,
,,,,,43017,4.0,4,,,,,,
,,,,,43020,3.0,3,,,,,,
,,,,,43028,8.0,8,,,,,,
,,,,,43036,8.0,8,,,,,,
,,,,,43046,10.0,10,,,,,,
,,,,,43052,6.0,6,,,,,,
,,,,,43057,5.0,5,,,,,,
,,,,,43061,4.0,4,,,,,,
,,,,,43065,4.0,4,,,,,,
,,,,,43070,5.0,5,,,,,,
,,,,,43076,6.0,6,,,,,,
,,,,,43082,6.0,6,,,,,,
,,,,,43089,7.0,7,,,,,,
,,,,,43100,11.0,11,,,,,,
,,,,,43103,3.0,3,,,,,,
,,,,,43107,4.0,4,,,,,,
,,,,,43122,15.0,15,,,,,,
,,,,,43130,8.0,8,,,,,,
,,,,,43138,8.0,8,,,,,,
,,,,,43149,11.0,11,,,,,,
,,,,,43159,10.0,10,,,,,,
,,,,,43163,4.0,4,,,,,,
,,,,,43166,3.0,3,,,,,,
,,,,,43171,5.0,5,,,,,,
,,,,,43176,5.0,5,,,,,,
,,,,,43181,5.0,5,,,,,,
,,,,,43184,3.0,3,,,,,,
,,,,,43195,11.0,11,,,,,,
,,,,,43199,4.0,4,,,,,,
,,,,,43203,4.0,4,,,,,,
,,,,,43208,5.0,5,,,,,,
,,,,,43211,3.0,3,,,,,,
,,,,,43218,7.0,7,,,,,,
,,,,,43222,4.0,4,,,,,,
,,,,,43226,4.0,4,,,,,,
,,,,,43233,7.0,7,,,,,,
,,,,,43236,3.0,3,,,,,,
,,,,,43241,5.0,5,,,,,,
,,,,,43246,5.0,5,,,,,,
,,,,,43250,4.0,4,,,,,,
,,,,,43261,11.0,11,,,,,,
,,,,,43270,9.0,9,,,,,,
,,,,,43274,4.0,4,,,,,,
,,,,,43278,4.0,4,,,,,,
,,,,,43297,19.0,19,,,,,,
,,,,,43302,5.0,5,,,,,,
,,,,,43306,4.0,4,,,,,,
,,,,,43310,4.0,4,,,,,,
,,,,,43317,7.0,7,,,,,,
,,,,,43331,14.0,14,,,,,,
,,,,,43336,5.0,5,,,,,,
,,,,,43339,3.0,3,,,,,,
,,,,,43342,3.0,3,,,,,,
,,,,,43347,5.0,5,,,,,,
,,,,,43350,3.0,3,,,,,,
,,,,,43356,6.0,6,,,,,,
,,,,,43364,8.0,8,,,,,,
,,,,,43368,4.0,4,,,,,,
,,,,,43374,6.0,6,,,,,,
,,,,,43378,4.0,4,,,,,,
,,,,,43387,9.0,9,,,,,,
,,,,,43390,3.0,3,,,,,,
,,,,,43397,7.0,7,,,,,,
,,,,,43400,3.0,3,,,,,,
,,,,,43404,4.0,4,,,,,,
,,,,,43410,6.0,6,,,,,,
,,,,,43417,7.0,7,,,,,,
,,,,,43429,12.0,12,,,,,,
,,,,,43441,12.0,12,,,,,,
,,,,,43445,4.0,4,,,,,,
,,,,,43448,3.0,3,,,,,,
,,,,,43451,3.0,3,,,,,,
,,,,,43455,4.0,4,,,,,,
,,,,,43458,3.0,3,,,,,,
,,,,,43467,9.0,9,,,,,,
,,,,,43471,4.0,4,,,,,,
,,,,,43474,3.0,3,,,,,,
,,,,,43481,7.0,7,,,,,,
,,,,,43487,6.0,6,,,,,,
,,,,,43494,7.0,7,,,,,,
,,,,,43500,6.0,6,,,,,,
,,,,,43507,7.0,7,,,,,,
,,,,,43514,7.0,7,,,,,,
,,,,,43518,4.0,4,,,,,,
,,,,,43524,6.0,6,,,,,,
,,,,,43532,8.0,8,,,,,,
,,,,,43543,11.0,11,,,,,,
,,,,,43562,19.0,19,,,,,,
,,,,,43567,5.0,5,,,,,,
,,,,,43578,11.0,11,,,,,,
,,,,,43584,6.0,6,,,,,,
,,,,,43589,5.0,5,,,,,,
,,,,,43596,7.0,7,,,,,,
,,,,,43601,5.0,5,,,,,,
,,,,,43611,10.0,10,,,,,,
,,,,,43616,5.0,5,,,,,,
,,,,,43620,4.0,4,,,,,,
,,,,,43623,3.0,3,,,,,,
,,,,,43638,15.0,15,,,,,,
,,,,,43644,6.0,6,,,,,,
,,,,,43649,5.0,5,,,,,,
,,,,,43654,5.0,5,,,,,,
,,,,,43659,5.0,5,,,,,,
,,,,,43662,3.0,3,,,,,,
,,,,,43684,22.0,22,,,,,,
,,,,,43689,5.0,5,,,,,,
,,,,,43692,3.0,3,,,,,,
,,,,,43709,17.0,17,,,,,,
,,,,,43718,9.0,9,,,,,,
,,,,,43724,6.0,6,,,,,,
,,,,,43727,3.0,3,,,,,,
,,,,,43731,4.0,4,,,,,,
,,,,,43736,5.0,5,,,,,,
,,,,,43741,5.0,5,,,,,,
,,,,,43745,4.0,4,,,,,,
,,,,,43756,11.0,11,,,,,,
,,,,,43760,4.0,4,,,,,,
,,,,,43765,5.0,5,,,,,,
,,,,,43770,5.0,5,,,,,,
,,,,,43778,8.0,8,,,,,,
,,,,,43788,10.0,10,,,,,,
,,,,,43792,4.0,4,,,,,,
,,,,,43806,14.0,14,,,,,,
,,,,,43817,11.0,11,,,,,,
,,,,,43821,4.0,4,,,,,,
,,,,,43827,6.0,6,,,,,,
,,,,,43846,19.0,19,,,,,,
,,,,,43851,5.0,5,,,,,,
,,,,,43859,8.0,8,,,,,,
,,,,,43863,4.0,4,,,,,,
,,,,,43871,8.0,8,,,,,,
,,,,,43874,3.0,3,,,,,,
,,,,,43878,4.0,4,,,,,,
,,,,,43883,5.0,5,,,,,,
,,,,,43886,3.0,3,,,,,,
,,,,,43894,8.0,8,,,,,,
,,,,,43898,4.0,4,,,,,,
,,,,,43903,5.0,5,,,,,,
,,,,,43911,8.0,8,,,,,,
,,,,,43916,5.0,5,,,,,,
,,,,,43920,4.0,4,,,,,,
,,,,,43933,13.0,13,,,,,,
,,,,,43937,4.0,4,,,,,,
,,,,,43940,3.0,3,,,,,,
,,,,,43947,7.0,7,,,,,,
,,,,,43958,11.0,11,,,,,,
,,,,,43988,30.0,30,,,,,,
,,,,,43993,5.0,5,,,,,,
,,,,,44000,,,2.6623334884643555,5.075238227844238,4.964899063110352,0.0003,0.0003,0.1
,,,,,44001,8.0,8,,,,,,
,,,,,44020,19.0,19,,,,,,
,,,,,44024,4.0,4,,,,,,
,,,,,44030,6.0,6,,,,,,
,,,,,44043,13.0,13,,,,,,
,,,,,44052,9.0,9,,,,,,
,,,,,44058,6.0,6,,,,,,
,,,,,44063,5.0,5,,,,,,
,,,,,44066,3.0,3,,,,,,
,,,,,44074,8.0,8,,,,,,
,,,,,44082,8.0,8,,,,,,
,,,,,44088,6.0,6,,,,,,
,,,,,44102,14.0,14,,,,,,
,,,,,44105,3.0,3,,,,,,
,,,,,44109,4.0,4,,,,,,
,,,,,44112,3.0,3,,,,,,
,,,,,44123,11.0,11,,,,,,
,,,,,44128,5.0,5,,,,,,
,,,,,44136,8.0,8,,,,,,
,,,,,44142,6.0,6,,,,,,
,,,,,44145,3.0,3,,,,,,
,,,,,44167,22.0,22,,,,,,
,,,,,44170,3.0,3,,,,,,
,,,,,44178,8.0,8,,,,,,
,,,,,44185,7.0,7,,,,,,
,,,,,44189,4.0,4,,,,,,
,,,,,44194,5.0,5,,,,,,
,,,,,44198,4.0,4,,,,,,
,,,,,44201,3.0,3,,,,,,
,,,,,44207,6.0,6,,,,,,
,,,,,44211,4.0,4,,,,,,
,,,,,44217,6.0,6,,,,,,
,,,,,44221,4.0,4,,,,,,
,,,,,44230,9.0,9,,,,,,
,,,,,44242,12.0,12,,,,,,
,,,,,44247,5.0,5,,,,,,
,,,,,44255,8.0,8,,,,,,
,,,,,44260,5.0,5,,,,,,
,,,,,44264,4.0,4,,,,,,
,,,,,44272,8.0,8,,,,,,
,,,,,44281,9.0,9,,,,,,
,,,,,44295,14.0,14,,,,,,
,,,,,44300,5.0,5,,,,,,
,,,,,44304,4.0,4,,,,,,
,,,,,44310,6.0,6,,,,,,
,,,,,44325,15.0,15,,,,,,
,,,,,44337,12.0,12,,,,,,
,,,,,44340,3.0,3,,,,,,
,,,,,44344,4.0,4,,,,,,
,,,,,44351,7.0,7,,,,,,
,,,,,44358,7.0,7,,,,,,
,,,,,44362,4.0,4,,,,,,
,,,,,44369,7.0,7,,,,,,
,,,,,44379,10.0,10,,,,,,
,,,,,44383,4.0,4,,,,,,
,,,,,44391,8.0,8,,,,,,
,,,,,44399,8.0,8,,,,,,
,,,,,44407,8.0,8,,,,,,
,,,,,44416,9.0,9,,,,,,
,,,,,44421,5.0,5,,,,,,
,,,,,44428,7.0,7,,,,,,
,,,,,44431,3.0,3,,,,,,
,,,,,44436,5.0,5,,,,,,
,,,,,44440,4.0,4,,,,,,
,,,,,44445,5.0,5,,,,,,
,,,,,44449,4.0,4,,,,,,
,,,,,44453,4.0,4,,,,,,
,,,,,44462,9.0,9,,,,,,
,,,,,44472,10.0,10,,,,,,
,,,,,44475,3.0,3,,,,,,
,,,,,44495,20.0,20,,,,,,
,,,,,44498,3.0,3,,,,,,
,,,,,44501,3.0,3,,,,,,
,,,,,44509,8.0,8,,,,,,
,,,,,44521,12.0,12,,,,,,
,,,,,44531,10.0,10,,,,,,
,,,,,44535,4.0,4,,,,,,
,,,,,44539,4.0,4,,,,,,
,,,,,44543,4.0,4,,,,,,
,,,,,44549,6.0,6,,,,,,
,,,,,44554,5.0,5,,,,,,
,,,,,44558,4.0,4,,,,,,
,,,,,44569,11.0,11,,,,,,
,,,,,44572,3.0,3,,,,,,
,,,,,44587,15.0,15,,,,,,
,,,,,44590,3.0,3,,,,,,
,,,,,44595,5.0,5,,,,,,
,,,,,44603,8.0,8,,,,,,
,,,,,44608,5.0,5,,,,,,
,,,,,44634,26.0,26,,,,,,
,,,,,44642,8.0,8,,,,,,
,,,,,44646,4.0,4,,,,,,
,,,,,44652,6.0,6,,,,,,
,,,,,44655,3.0,3,,,,,,
,,,,,44663,8.0,8,,,,,,
,,,,,44674,11.0,11,,,,,,
,,,,,44679,5.0,5,,,,,,
,,,,,44683,4.0,4,,,,,,
,,,,,44688,5.0,5,,,,,,
,,,,,44692,4.0,4,,,,,,
,,,,,44700,8.0,8,,,,,,
,,,,,44712,12.0,12,,,,,,
,,,,,44715,3.0,3,,,,,,
,,,,,44720,5.0,5,,,,,,
,,,,,44724,4.0,4,,,,,,
,,,,,44730,6.0,6,,,,,,
,,,,,44733,3.0,3,,,,,,
,,,,,44737,4.0,4,,,,,,
,,,,,44742,5.0,5,,,,,,
,,,,,44746,4.0,4,,,,,,
,,,,,44751,5.0,5,,,,,,
,,,,,44760,9.0,9,,,,,,
,,,,,44763,3.0,3,,,,,,
,,,,,44770,7.0,7,,,,,,
,,,,,44773,3.0,3,,,,,,
,,,,,44779,6.0,6,,,,,,
,,,,,44789,10.0,10,,,,,,
,,,,,44793,4.0,4,,,,,,
,,,,,44799,6.0,6,,,,,,
,,,,,44802,3.0,3,,,,,,
,,,,,44815,13.0,13,,,,,,
,,,,,44827,12.0,12,,,,,,
,,,,,44840,13.0,13,,,,,,
,,,,,44845,5.0,5,,,,,,
,,,,,44848,3.0,3,,,,,,
,,,,,44851,3.0,3,,,,,,
,,,,,44861,10.0,10,,,,,,
,,,,,44871,10.0,10,,,,,,
,,,,,44877,6.0,6,,,,,,
,,,,,44890,13.0,13,,,,,,
,,,,,44902,12.0,12,,,,,,
,,,,,44908,6.0,6,,,,,,
,,,,,44913,5.0,5,,,,,,
,,,,,44925,12.0,12,,,,,,
,,,,,44928,3.0,3,,,,,,
,,,,,44933,5.0,5,,,,,,
,,,,,44938,5.0,5,,,,,,
,,,,,44943,5.0,5,,,,,,
,,,,,44954,11.0,11,,,,,,
,,,,,44959,5.0,5,,,,,,
,,,,,44962,3.0,3,,,,,,
,,,,,44975,13.0,13,,,,,,
,,,,,44983,8.0,8,,,,,,
,,,,,44987,4.0,4,,,,,,
,,,,,44991,4.0,4,,,,,,
,,,,,44995,4.0,4,,,,,,
,,,,,44999,4.0,4,,,,,,
9.1,3.884585,17.0,3.0,9.1,45000,,,2.1951961517333984,5.1935272216796875,5.2465972900390625,0.0003,0.0003,0.1
,,,,,45002,3.0,3,,,,,,
,,,,,45009,7.0,7,,,,,,
,,,,,45019,10.0,10,,,,,,
,,,,,45024,5.0,5,,,,,,
,,,,,45035,11.0,11,,,,,,
,,,,,45046,11.0,11,,,,,,
,,,,,45057,11.0,11,,,,,,
,,,,,45063,6.0,6,,,,,,
,,,,,45073,10.0,10,,,,,,
,,,,,45083,10.0,10,,,,,,
,,,,,45088,5.0,5,,,,,,
,,,,,45094,6.0,6,,,,,,
,,,,,45113,19.0,19,,,,,,
,,,,,45121,8.0,8,,,,,,
,,,,,45126,5.0,5,,,,,,
,,,,,45140,14.0,14,,,,,,
,,,,,45148,8.0,8,,,,,,
,,,,,45152,4.0,4,,,,,,
,,,,,45157,5.0,5,,,,,,
,,,,,45160,3.0,3,,,,,,
,,,,,45163,3.0,3,,,,,,
,,,,,45175,12.0,12,,,,,,
,,,,,45179,4.0,4,,,,,,
,,,,,45184,5.0,5,,,,,,
,,,,,45188,4.0,4,,,,,,
,,,,,45194,6.0,6,,,,,,
,,,,,45201,7.0,7,,,,,,
,,,,,45217,16.0,16,,,,,,
,,,,,45229,12.0,12,,,,,,
,,,,,45234,5.0,5,,,,,,
,,,,,45243,9.0,9,,,,,,
,,,,,45247,4.0,4,,,,,,
,,,,,45252,5.0,5,,,,,,
,,,,,45256,4.0,4,,,,,,
,,,,,45267,11.0,11,,,,,,
,,,,,45276,9.0,9,,,,,,
,,,,,45287,11.0,11,,,,,,
,,,,,45294,7.0,7,,,,,,
,,,,,45297,3.0,3,,,,,,
,,,,,45305,8.0,8,,,,,,
,,,,,45325,20.0,20,,,,,,
,,,,,45340,15.0,15,,,,,,
,,,,,45345,5.0,5,,,,,,
,,,,,45356,11.0,11,,,,,,
,,,,,45363,7.0,7,,,,,,
,,,,,45371,8.0,8,,,,,,
,,,,,45376,5.0,5,,,,,,
,,,,,45407,31.0,31,,,,,,
,,,,,45413,6.0,6,,,,,,
,,,,,45417,4.0,4,,,,,,
,,,,,45423,6.0,6,,,,,,
,,,,,45430,7.0,7,,,,,,
,,,,,45433,3.0,3,,,,,,
,,,,,45437,4.0,4,,,,,,
,,,,,45440,3.0,3,,,,,,
,,,,,45444,4.0,4,,,,,,
,,,,,45448,4.0,4,,,,,,
,,,,,45452,4.0,4,,,,,,
,,,,,45455,3.0,3,,,,,,
,,,,,45459,4.0,4,,,,,,
,,,,,45469,10.0,10,,,,,,
,,,,,45473,4.0,4,,,,,,
,,,,,45478,5.0,5,,,,,,
,,,,,45501,23.0,23,,,,,,
,,,,,45508,7.0,7,,,,,,
,,,,,45516,8.0,8,,,,,,
,,,,,45530,14.0,14,,,,,,
,,,,,45533,3.0,3,,,,,,
,,,,,45537,4.0,4,,,,,,
,,,,,45541,4.0,4,,,,,,
,,,,,45550,9.0,9,,,,,,
,,,,,45557,7.0,7,,,,,,
,,,,,45560,3.0,3,,,,,,
,,,,,45564,4.0,4,,,,,,
,,,,,45571,7.0,7,,,,,,
,,,,,45576,5.0,5,,,,,,
,,,,,45579,3.0,3,,,,,,
,,,,,45582,3.0,3,,,,,,
,,,,,45591,9.0,9,,,,,,
,,,,,45606,15.0,15,,,,,,
,,,,,45618,12.0,12,,,,,,
,,,,,45621,3.0,3,,,,,,
,,,,,45625,4.0,4,,,,,,
,,,,,45633,8.0,8,,,,,,
,,,,,45638,5.0,5,,,,,,
,,,,,45647,9.0,9,,,,,,
,,,,,45650,3.0,3,,,,,,
,,,,,45653,3.0,3,,,,,,
,,,,,45661,8.0,8,,,,,,
,,,,,45669,8.0,8,,,,,,
,,,,,45688,19.0,19,,,,,,
,,,,,45694,6.0,6,,,,,,
,,,,,45701,7.0,7,,,,,,
,,,,,45709,8.0,8,,,,,,
,,,,,45726,17.0,17,,,,,,
,,,,,45737,11.0,11,,,,,,
,,,,,45747,10.0,10,,,,,,
,,,,,45752,5.0,5,,,,,,
,,,,,45756,4.0,4,,,,,,
,,,,,45762,6.0,6,,,,,,
,,,,,45768,6.0,6,,,,,,
,,,,,45776,8.0,8,,,,,,
,,,,,45782,6.0,6,,,,,,
,,,,,45797,15.0,15,,,,,,
,,,,,45803,6.0,6,,,,,,
,,,,,45807,4.0,4,,,,,,
,,,,,45813,6.0,6,,,,,,
,,,,,45816,3.0,3,,,,,,
,,,,,45822,6.0,6,,,,,,
,,,,,45827,5.0,5,,,,,,
,,,,,45830,3.0,3,,,,,,
,,,,,45841,11.0,11,,,,,,
,,,,,45848,7.0,7,,,,,,
,,,,,45852,4.0,4,,,,,,
,,,,,45866,14.0,14,,,,,,
,,,,,45869,3.0,3,,,,,,
,,,,,45877,8.0,8,,,,,,
,,,,,45880,3.0,3,,,,,,
,,,,,45883,3.0,3,,,,,,
,,,,,45892,9.0,9,,,,,,
,,,,,45898,6.0,6,,,,,,
,,,,,45902,4.0,4,,,,,,
,,,,,45908,6.0,6,,,,,,
,,,,,45913,5.0,5,,,,,,
,,,,,45919,6.0,6,,,,,,
,,,,,45925,6.0,6,,,,,,
,,,,,45933,8.0,8,,,,,,
,,,,,45947,14.0,14,,,,,,
,,,,,45959,12.0,12,,,,,,
,,,,,45963,4.0,4,,,,,,
,,,,,45968,5.0,5,,,,,,
,,,,,45977,9.0,9,,,,,,
,,,,,45981,4.0,4,,,,,,
,,,,,45995,14.0,14,,,,,,
,,,,,45999,4.0,4,,,,,,
,,,,,46000,,,2.353224754333496,5.224390029907227,5.12271785736084,0.0003,0.0003,0.1
,,,,,46004,5.0,5,,,,,,
,,,,,46015,11.0,11,,,,,,
,,,,,46034,19.0,19,,,,,,
,,,,,46045,11.0,11,,,,,,
,,,,,46050,5.0,5,,,,,,
,,,,,46053,3.0,3,,,,,,
,,,,,46056,3.0,3,,,,,,
,,,,,46061,5.0,5,,,,,,
,,,,,46073,12.0,12,,,,,,
,,,,,46077,4.0,4,,,,,,
,,,,,46082,5.0,5,,,,,,
,,,,,46086,4.0,4,,,,,,
,,,,,46097,11.0,11,,,,,,
,,,,,46104,7.0,7,,,,,,
,,,,,46123,19.0,19,,,,,,
,,,,,46126,3.0,3,,,,,,
,,,,,46129,3.0,3,,,,,,
,,,,,46133,4.0,4,,,,,,
,,,,,46139,6.0,6,,,,,,
,,,,,46144,5.0,5,,,,,,
,,,,,46151,7.0,7,,,,,,
,,,,,46163,12.0,12,,,,,,
,,,,,46170,7.0,7,,,,,,
,,,,,46174,4.0,4,,,,,,
,,,,,46186,12.0,12,,,,,,
,,,,,46191,5.0,5,,,,,,
,,,,,46211,20.0,20,,,,,,
,,,,,46222,11.0,11,,,,,,
,,,,,46225,3.0,3,,,,,,
,,,,,46230,5.0,5,,,,,,
,,,,,46236,6.0,6,,,,,,
,,,,,46243,7.0,7,,,,,,
,,,,,46246,3.0,3,,,,,,
,,,,,46251,5.0,5,,,,,,
,,,,,46258,7.0,7,,,,,,
,,,,,46264,6.0,6,,,,,,
,,,,,46269,5.0,5,,,,,,
,,,,,46275,6.0,6,,,,,,
,,,,,46286,11.0,11,,,,,,
,,,,,46291,5.0,5,,,,,,
,,,,,46304,13.0,13,,,,,,
,,,,,46310,6.0,6,,,,,,
,,,,,46314,4.0,4,,,,,,
,,,,,46326,12.0,12,,,,,,
,,,,,46333,7.0,7,,,,,,
,,,,,46348,15.0,15,,,,,,
,,,,,46364,16.0,16,,,,,,
,,,,,46368,4.0,4,,,,,,
,,,,,46371,3.0,3,,,,,,
,,,,,46398,27.0,27,,,,,,
,,,,,46405,7.0,7,,,,,,
,,,,,46411,6.0,6,,,,,,
,,,,,46416,5.0,5,,,,,,
,,,,,46420,4.0,4,,,,,,
,,,,,46434,14.0,14,,,,,,
,,,,,46438,4.0,4,,,,,,
,,,,,46444,6.0,6,,,,,,
,,,,,46458,14.0,14,,,,,,
,,,,,46471,13.0,13,,,,,,
,,,,,46477,6.0,6,,,,,,
,,,,,46482,5.0,5,,,,,,
,,,,,46503,21.0,21,,,,,,
,,,,,46517,14.0,14,,,,,,
,,,,,46525,8.0,8,,,,,,
,,,,,46530,5.0,5,,,,,,
,,,,,46538,8.0,8,,,,,,
,,,,,46541,3.0,3,,,,,,
,,,,,46545,4.0,4,,,,,,
,,,,,46550,5.0,5,,,,,,
,,,,,46561,11.0,11,,,,,,
,,,,,46566,5.0,5,,,,,,
,,,,,46570,4.0,4,,,,,,
,,,,,46584,14.0,14,,,,,,
,,,,,46589,5.0,5,,,,,,
,,,,,46594,5.0,5,,,,,,
,,,,,46599,5.0,5,,,,,,
,,,,,46602,3.0,3,,,,,,
,,,,,46618,16.0,16,,,,,,
,,,,,46625,7.0,7,,,,,,
,,,,,46629,4.0,4,,,,,,
,,,,,46632,3.0,3,,,,,,
,,,,,46635,3.0,3,,,,,,
,,,,,46642,7.0,7,,,,,,
,,,,,46656,14.0,14,,,,,,
,,,,,46659,3.0,3,,,,,,
,,,,,46662,3.0,3,,,,,,
,,,,,46671,9.0,9,,,,,,
,,,,,46688,17.0,17,,,,,,
,,,,,46691,3.0,3,,,,,,
,,,,,46695,4.0,4,,,,,,
,,,,,46705,10.0,10,,,,,,
,,,,,46708,3.0,3,,,,,,
,,,,,46715,7.0,7,,,,,,
,,,,,46720,5.0,5,,,,,,
,,,,,46744,24.0,24,,,,,,
,,,,,46749,5.0,5,,,,,,
,,,,,46756,7.0,7,,,,,,
,,,,,46760,4.0,4,,,,,,
,,,,,46766,6.0,6,,,,,,
,,,,,46770,4.0,4,,,,,,
,,,,,46780,10.0,10,,,,,,
,,,,,46784,4.0,4,,,,,,
,,,,,46787,3.0,3,,,,,,
,,,,,46797,10.0,10,,,,,,
,,,,,46804,7.0,7,,,,,,
,,,,,46819,15.0,15,,,,,,
,,,,,46823,4.0,4,,,,,,
,,,,,46827,4.0,4,,,,,,
,,,,,46834,7.0,7,,,,,,
,,,,,46838,4.0,4,,,,,,
,,,,,46847,9.0,9,,,,,,
,,,,,46854,7.0,7,,,,,,
,,,,,46860,6.0,6,,,,,,
,,,,,46864,4.0,4,,,,,,
,,,,,46868,4.0,4,,,,,,
,,,,,46873,5.0,5,,,,,,
,,,,,46893,20.0,20,,,,,,
,,,,,46898,5.0,5,,,,,,
,,,,,46907,9.0,9,,,,,,
,,,,,46910,3.0,3,,,,,,
,,,,,46913,3.0,3,,,,,,
,,,,,46918,5.0,5,,,,,,
,,,,,46921,3.0,3,,,,,,
,,,,,46925,4.0,4,,,,,,
,,,,,46930,5.0,5,,,,,,
,,,,,46941,11.0,11,,,,,,
,,,,,46947,6.0,6,,,,,,
,,,,,46957,10.0,10,,,,,,
,,,,,46960,3.0,3,,,,,,
,,,,,46966,6.0,6,,,,,,
,,,,,46970,4.0,4,,,,,,
,,,,,46987,17.0,17,,,,,,
,,,,,47000,,,2.483332633972168,5.112767696380615,5.278532028198242,0.0003,0.0003,0.1
,,,,,47006,19.0,19,,,,,,
,,,,,47015,9.0,9,,,,,,
,,,,,47027,12.0,12,,,,,,
,,,,,47031,4.0,4,,,,,,
,,,,,47041,10.0,10,,,,,,
,,,,,47052,11.0,11,,,,,,
,,,,,47059,7.0,7,,,,,,
,,,,,47064,5.0,5,,,,,,
,,,,,47088,24.0,24,,,,,,
,,,,,47094,6.0,6,,,,,,
,,,,,47106,12.0,12,,,,,,
,,,,,47114,8.0,8,,,,,,
,,,,,47125,11.0,11,,,,,,
,,,,,47130,5.0,5,,,,,,
,,,,,47133,3.0,3,,,,,,
,,,,,47137,4.0,4,,,,,,
,,,,,47142,5.0,5,,,,,,
,,,,,47153,11.0,11,,,,,,
,,,,,47165,12.0,12,,,,,,
,,,,,47172,7.0,7,,,,,,
,,,,,47177,5.0,5,,,,,,
,,,,,47181,4.0,4,,,,,,
,,,,,47187,6.0,6,,,,,,
,,,,,47191,4.0,4,,,,,,
,,,,,47195,4.0,4,,,,,,
,,,,,47201,6.0,6,,,,,,
,,,,,47209,8.0,8,,,,,,
,,,,,47212,3.0,3,,,,,,
,,,,,47218,6.0,6,,,,,,
,,,,,47234,16.0,16,,,,,,
,,,,,47241,7.0,7,,,,,,
,,,,,47244,3.0,3,,,,,,
,,,,,47247,3.0,3,,,,,,
,,,,,47256,9.0,9,,,,,,
,,,,,47261,5.0,5,,,,,,
,,,,,47265,4.0,4,,,,,,
,,,,,47268,3.0,3,,,,,,
,,,,,47283,15.0,15,,,,,,
,,,,,47300,17.0,17,,,,,,
,,,,,47313,13.0,13,,,,,,
,,,,,47318,5.0,5,,,,,,
,,,,,47324,6.0,6,,,,,,
,,,,,47329,5.0,5,,,,,,
,,,,,47334,5.0,5,,,,,,
,,,,,47337,3.0,3,,,,,,
,,,,,47340,3.0,3,,,,,,
,,,,,47345,5.0,5,,,,,,
,,,,,47348,3.0,3,,,,,,
,,,,,47355,7.0,7,,,,,,
,,,,,47360,5.0,5,,,,,,
,,,,,47365,5.0,5,,,,,,
,,,,,47372,7.0,7,,,,,,
,,,,,47379,7.0,7,,,,,,
,,,,,47383,4.0,4,,,,,,
,,,,,47389,6.0,6,,,,,,
,,,,,47397,8.0,8,,,,,,
,,,,,47404,7.0,7,,,,,,
,,,,,47408,4.0,4,,,,,,
,,,,,47411,3.0,3,,,,,,
,,,,,47418,7.0,7,,,,,,
,,,,,47424,6.0,6,,,,,,
,,,,,47432,8.0,8,,,,,,
,,,,,47436,4.0,4,,,,,,
,,,,,47448,12.0,12,,,,,,
,,,,,47456,8.0,8,,,,,,
,,,,,47461,5.0,5,,,,,,
,,,,,47466,5.0,5,,,,,,
,,,,,47472,6.0,6,,,,,,
,,,,,47480,8.0,8,,,,,,
,,,,,47486,6.0,6,,,,,,
,,,,,47489,3.0,3,,,,,,
,,,,,47500,11.0,11,,,,,,
,,,,,47505,5.0,5,,,,,,
,,,,,47513,8.0,8,,,,,,
,,,,,47519,6.0,6,,,,,,
,,,,,47525,6.0,6,,,,,,
,,,,,47529,4.0,4,,,,,,
,,,,,47533,4.0,4,,,,,,
,,,,,47541,8.0,8,,,,,,
,,,,,47550,9.0,9,,,,,,
,,,,,47561,11.0,11,,,,,,
,,,,,47572,11.0,11,,,,,,
,,,,,47591,19.0,19,,,,,,
,,,,,47601,10.0,10,,,,,,
,,,,,47608,7.0,7,,,,,,
,,,,,47614,6.0,6,,,,,,
,,,,,47618,4.0,4,,,,,,
,,,,,47621,3.0,3,,,,,,
,,,,,47624,3.0,3,,,,,,
,,,,,47642,18.0,18,,,,,,
,,,,,47652,10.0,10,,,,,,
,,,,,47659,7.0,7,,,,,,
,,,,,47663,4.0,4,,,,,,
,,,,,47667,4.0,4,,,,,,
,,,,,47671,4.0,4,,,,,,
,,,,,47687,16.0,16,,,,,,
,,,,,47690,3.0,3,,,,,,
,,,,,47694,4.0,4,,,,,,
,,,,,47707,13.0,13,,,,,,
,,,,,47711,4.0,4,,,,,,
,,,,,47716,5.0,5,,,,,,
,,,,,47725,9.0,9,,,,,,
,,,,,47733,8.0,8,,,,,,
,,,,,47736,3.0,3,,,,,,
,,,,,47740,4.0,4,,,,,,
,,,,,47751,11.0,11,,,,,,
,,,,,47760,9.0,9,,,,,,
,,,,,47765,5.0,5,,,,,,
,,,,,47776,11.0,11,,,,,,
,,,,,47780,4.0,4,,,,,,
,,,,,47784,4.0,4,,,,,,
,,,,,47790,6.0,6,,,,,,
,,,,,47800,10.0,10,,,,,,
,,,,,47809,9.0,9,,,,,,
,,,,,47815,6.0,6,,,,,,
,,,,,47822,7.0,7,,,,,,
,,,,,47830,8.0,8,,,,,,
,,,,,47834,4.0,4,,,,,,
,,,,,47852,18.0,18,,,,,,
,,,,,47858,6.0,6,,,,,,
,,,,,47865,7.0,7,,,,,,
,,,,,47874,9.0,9,,,,,,
,,,,,47881,7.0,7,,,,,,
,,,,,47885,4.0,4,,,,,,
,,,,,47890,5.0,5,,,,,,
,,,,,47896,6.0,6,,,,,,
,,,,,47901,5.0,5,,,,,,
,,,,,47921,20.0,20,,,,,,
,,,,,47929,8.0,8,,,,,,
,,,,,47938,9.0,9,,,,,,
,,,,,47956,18.0,18,,,,,,
,,,,,47962,6.0,6,,,,,,
,,,,,47975,13.0,13,,,,,,
,,,,,47979,4.0,4,,,,,,
,,,,,47990,11.0,11,,,,,,
,,,,,48000,,,1.9378491640090942,5.037350177764893,4.71671199798584,0.0003,0.0003,0.1
,,,,,48006,16.0,16,,,,,,
,,,,,48010,4.0,4,,,,,,
,,,,,48014,4.0,4,,,,,,
,,,,,48018,4.0,4,,,,,,
,,,,,48025,7.0,7,,,,,,
,,,,,48038,13.0,13,,,,,,
,,,,,48041,3.0,3,,,,,,
,,,,,48047,6.0,6,,,,,,
,,,,,48061,14.0,14,,,,,,
,,,,,48071,10.0,10,,,,,,
,,,,,48077,6.0,6,,,,,,
,,,,,48087,10.0,10,,,,,,
,,,,,48091,4.0,4,,,,,,
,,,,,48110,19.0,19,,,,,,
,,,,,48113,3.0,3,,,,,,
,,,,,48117,4.0,4,,,,,,
,,,,,48125,8.0,8,,,,,,
,,,,,48137,12.0,12,,,,,,
,,,,,48141,4.0,4,,,,,,
,,,,,48145,4.0,4,,,,,,
,,,,,48148,3.0,3,,,,,,
,,,,,48151,3.0,3,,,,,,
,,,,,48158,7.0,7,,,,,,
,,,,,48161,3.0,3,,,,,,
,,,,,48176,15.0,15,,,,,,
,,,,,48183,7.0,7,,,,,,
,,,,,48194,11.0,11,,,,,,
,,,,,48198,4.0,4,,,,,,
,,,,,48206,8.0,8,,,,,,
,,,,,48212,6.0,6,,,,,,
,,,,,48215,3.0,3,,,,,,
,,,,,48218,3.0,3,,,,,,
,,,,,48221,3.0,3,,,,,,
,,,,,48226,5.0,5,,,,,,
,,,,,48239,13.0,13,,,,,,
,,,,,48248,9.0,9,,,,,,
,,,,,48258,10.0,10,,,,,,
,,,,,48264,6.0,6,,,,,,
,,,,,48269,5.0,5,,,,,,
,,,,,48273,4.0,4,,,,,,
,,,,,48276,3.0,3,,,,,,
,,,,,48285,9.0,9,,,,,,
,,,,,48290,5.0,5,,,,,,
,,,,,48298,8.0,8,,,,,,
,,,,,48304,6.0,6,,,,,,
,,,,,48322,18.0,18,,,,,,
,,,,,48326,4.0,4,,,,,,
,,,,,48330,4.0,4,,,,,,
,,,,,48333,3.0,3,,,,,,
,,,,,48336,3.0,3,,,,,,
,,,,,48342,6.0,6,,,,,,
,,,,,48347,5.0,5,,,,,,
,,,,,48351,4.0,4,,,,,,
,,,,,48361,10.0,10,,,,,,
,,,,,48368,7.0,7,,,,,,
,,,,,48371,3.0,3,,,,,,
,,,,,48381,10.0,10,,,,,,
,,,,,48387,6.0,6,,,,,,
,,,,,48397,10.0,10,,,,,,
,,,,,48402,5.0,5,,,,,,
,,,,,48405,3.0,3,,,,,,
,,,,,48409,4.0,4,,,,,,
,,,,,48414,5.0,5,,,,,,
,,,,,48418,4.0,4,,,,,,
,,,,,48422,4.0,4,,,,,,
,,,,,48425,3.0,3,,,,,,
,,,,,48437,12.0,12,,,,,,
,,,,,48442,5.0,5,,,,,,
,,,,,48464,22.0,22,,,,,,
,,,,,48467,3.0,3,,,,,,
,,,,,48477,10.0,10,,,,,,
,,,,,48482,5.0,5,,,,,,
,,,,,48485,3.0,3,,,,,,
,,,,,48494,9.0,9,,,,,,
,,,,,48498,4.0,4,,,,,,
,,,,,48503,5.0,5,,,,,,
,,,,,48509,6.0,6,,,,,,
,,,,,48518,9.0,9,,,,,,
,,,,,48526,8.0,8,,,,,,
,,,,,48529,3.0,3,,,,,,
,,,,,48534,5.0,5,,,,,,
,,,,,48540,6.0,6,,,,,,
,,,,,48545,5.0,5,,,,,,
,,,,,48548,3.0,3,,,,,,
,,,,,48551,3.0,3,,,,,,
,,,,,48556,5.0,5,,,,,,
,,,,,48562,6.0,6,,,,,,
,,,,,48578,16.0,16,,,,,,
,,,,,48581,3.0,3,,,,,,
,,,,,48584,3.0,3,,,,,,
,,,,,48592,8.0,8,,,,,,
,,,,,48595,3.0,3,,,,,,
,,,,,48599,4.0,4,,,,,,
,,,,,48610,11.0,11,,,,,,
,,,,,48615,5.0,5,,,,,,
,,,,,48618,3.0,3,,,,,,
,,,,,48623,5.0,5,,,,,,
,,,,,48626,3.0,3,,,,,,
,,,,,48631,5.0,5,,,,,,
,,,,,48634,3.0,3,,,,,,
,,,,,48637,3.0,3,,,,,,
,,,,,48643,6.0,6,,,,,,
,,,,,48646,3.0,3,,,,,,
,,,,,48657,11.0,11,,,,,,
,,,,,48665,8.0,8,,,,,,
,,,,,48673,8.0,8,,,,,,
,,,,,48682,9.0,9,,,,,,
,,,,,48686,4.0,4,,,,,,
,,,,,48695,9.0,9,,,,,,
,,,,,48699,4.0,4,,,,,,
,,,,,48703,4.0,4,,,,,,
,,,,,48708,5.0,5,,,,,,
,,,,,48717,9.0,9,,,,,,
,,,,,48744,27.0,27,,,,,,
,,,,,48747,3.0,3,,,,,,
,,,,,48752,5.0,5,,,,,,
,,,,,48755,3.0,3,,,,,,
,,,,,48758,3.0,3,,,,,,
,,,,,48769,11.0,11,,,,,,
,,,,,48781,12.0,12,,,,,,
,,,,,48785,4.0,4,,,,,,
,,,,,48794,9.0,9,,,,,,
,,,,,48798,4.0,4,,,,,,
,,,,,48802,4.0,4,,,,,,
,,,,,48808,6.0,6,,,,,,
,,,,,48812,4.0,4,,,,,,
,,,,,48819,7.0,7,,,,,,
,,,,,48826,7.0,7,,,,,,
,,,,,48829,3.0,3,,,,,,
,,,,,48834,5.0,5,,,,,,
,,,,,48842,8.0,8,,,,,,
,,,,,48845,3.0,3,,,,,,
,,,,,48848,3.0,3,,,,,,
,,,,,48860,12.0,12,,,,,,
,,,,,48870,10.0,10,,,,,,
,,,,,48877,7.0,7,,,,,,
,,,,,48880,3.0,3,,,,,,
,,,,,48886,6.0,6,,,,,,
,,,,,48893,7.0,7,,,,,,
,,,,,48897,4.0,4,,,,,,
,,,,,48901,4.0,4,,,,,,
,,,,,48912,11.0,11,,,,,,
,,,,,48916,4.0,4,,,,,,
,,,,,48921,5.0,5,,,,,,
,,,,,48932,11.0,11,,,,,,
,,,,,48935,3.0,3,,,,,,
,,,,,48938,3.0,3,,,,,,
,,,,,48962,24.0,24,,,,,,
,,,,,48967,5.0,5,,,,,,
,,,,,48982,15.0,15,,,,,,
,,,,,48986,4.0,4,,,,,,
,,,,,48995,9.0,9,,,,,,
,,,,,48999,4.0,4,,,,,,
,,,,,49000,,,2.811728000640869,5.471004009246826,5.49981689453125,0.0003,0.0003,0.1
,,,,,49004,5.0,5,,,,,,
,,,,,49011,7.0,7,,,,,,
,,,,,49016,5.0,5,,,,,,
,,,,,49023,7.0,7,,,,,,
,,,,,49027,4.0,4,,,,,,
,,,,,49034,7.0,7,,,,,,
,,,,,49038,4.0,4,,,,,,
,,,,,49042,4.0,4,,,,,,
,,,,,49046,4.0,4,,,,,,
,,,,,49050,4.0,4,,,,,,
,,,,,49064,14.0,14,,,,,,
,,,,,49075,11.0,11,,,,,,
,,,,,49078,3.0,3,,,,,,
,,,,,49082,4.0,4,,,,,,
,,,,,49089,7.0,7,,,,,,
,,,,,49095,6.0,6,,,,,,
,,,,,49118,23.0,23,,,,,,
,,,,,49126,8.0,8,,,,,,
,,,,,49135,9.0,9,,,,,,
,,,,,49142,7.0,7,,,,,,
,,,,,49154,12.0,12,,,,,,
,,,,,49165,11.0,11,,,,,,
,,,,,49169,4.0,4,,,,,,
,,,,,49178,9.0,9,,,,,,
,,,,,49185,7.0,7,,,,,,
,,,,,49189,4.0,4,,,,,,
,,,,,49197,8.0,8,,,,,,
,,,,,49201,4.0,4,,,,,,
,,,,,49209,8.0,8,,,,,,
,,,,,49212,3.0,3,,,,,,
,,,,,49215,3.0,3,,,,,,
,,,,,49220,5.0,5,,,,,,
,,,,,49245,25.0,25,,,,,,
,,,,,49250,5.0,5,,,,,,
,,,,,49253,3.0,3,,,,,,
,,,,,49257,4.0,4,,,,,,
,,,,,49260,3.0,3,,,,,,
,,,,,49265,5.0,5,,,,,,
,,,,,49269,4.0,4,,,,,,
,,,,,49274,5.0,5,,,,,,
,,,,,49278,4.0,4,,,,,,
,,,,,49291,13.0,13,,,,,,
,,,,,49297,6.0,6,,,,,,
,,,,,49302,5.0,5,,,,,,
,,,,,49311,9.0,9,,,,,,
,,,,,49323,12.0,12,,,,,,
,,,,,49329,6.0,6,,,,,,
,,,,,49374,45.0,45,,,,,,
,,,,,49378,4.0,4,,,,,,
,,,,,49388,10.0,10,,,,,,
,,,,,49394,6.0,6,,,,,,
,,,,,49400,6.0,6,,,,,,
,,,,,49410,10.0,10,,,,,,
,,,,,49421,11.0,11,,,,,,
,,,,,49425,4.0,4,,,,,,
,,,,,49430,5.0,5,,,,,,
,,,,,49434,4.0,4,,,,,,
,,,,,49440,6.0,6,,,,,,
,,,,,49446,6.0,6,,,,,,
,,,,,49451,5.0,5,,,,,,
,,,,,49459,8.0,8,,,,,,
,,,,,49463,4.0,4,,,,,,
,,,,,49475,12.0,12,,,,,,
,,,,,49488,13.0,13,,,,,,
,,,,,49496,8.0,8,,,,,,
,,,,,49501,5.0,5,,,,,,
,,,,,49506,5.0,5,,,,,,
,,,,,49510,4.0,4,,,,,,
,,,,,49513,3.0,3,,,,,,
,,,,,49518,5.0,5,,,,,,
,,,,,49521,3.0,3,,,,,,
,,,,,49529,8.0,8,,,,,,
,,,,,49536,7.0,7,,,,,,
,,,,,49539,3.0,3,,,,,,
,,,,,49544,5.0,5,,,,,,
,,,,,49551,7.0,7,,,,,,
,,,,,49556,5.0,5,,,,,,
,,,,,49564,8.0,8,,,,,,
,,,,,49567,3.0,3,,,,,,
,,,,,49589,22.0,22,,,,,,
,,,,,49592,3.0,3,,,,,,
,,,,,49597,5.0,5,,,,,,
,,,,,49603,6.0,6,,,,,,
,,,,,49611,8.0,8,,,,,,
,,,,,49621,10.0,10,,,,,,
,,,,,49646,25.0,25,,,,,,
,,,,,49651,5.0,5,,,,,,
,,,,,49656,5.0,5,,,,,,
,,,,,49659,3.0,3,,,,,,
,,,,,49668,9.0,9,,,,,,
,,,,,49672,4.0,4,,,,,,
,,,,,49681,9.0,9,,,,,,
,,,,,49686,5.0,5,,,,,,
,,,,,49689,3.0,3,,,,,,
,,,,,49714,25.0,25,,,,,,
,,,,,49718,4.0,4,,,,,,
,,,,,49721,3.0,3,,,,,,
,,,,,49724,3.0,3,,,,,,
,,,,,49731,7.0,7,,,,,,
,,,,,49734,3.0,3,,,,,,
,,,,,49737,3.0,3,,,,,,
,,,,,49749,12.0,12,,,,,,
,,,,,49755,6.0,6,,,,,,
,,,,,49763,8.0,8,,,,,,
,,,,,49772,9.0,9,,,,,,
,,,,,49776,4.0,4,,,,,,
,,,,,49780,4.0,4,,,,,,
,,,,,49784,4.0,4,,,,,,
,,,,,49791,7.0,7,,,,,,
,,,,,49795,4.0,4,,,,,,
,,,,,49798,3.0,3,,,,,,
,,,,,49809,11.0,11,,,,,,
,,,,,49812,3.0,3,,,,,,
,,,,,49838,26.0,26,,,,,,
,,,,,49847,9.0,9,,,,,,
,,,,,49850,3.0,3,,,,,,
,,,,,49865,15.0,15,,,,,,
,,,,,49890,25.0,25,,,,,,
,,,,,49898,8.0,8,,,,,,
,,,,,49910,12.0,12,,,,,,
,,,,,49915,5.0,5,,,,,,
,,,,,49922,7.0,7,,,,,,
,,,,,49927,5.0,5,,,,,,
,,,,,49939,12.0,12,,,,,,
,,,,,49944,5.0,5,,,,,,
,,,,,49957,13.0,13,,,,,,
,,,,,49974,17.0,17,,,,,,
,,,,,49978,4.0,4,,,,,,
,,,,,49982,4.0,4,,,,,,
