Eval_AverageReturn,Eval_StdReturn,Eval_MaxReturn,Eval_MinReturn,Eval_AverageEpLen,step,Train_EpisodeReturn,Train_EpisodeLen,critic_loss,q_values,target_values,actor_lr,critic_lr,temperature
6.7,4.6914816,19.0,3.0,6.7,0,,,,,,,,
,,,,,7,8.0,8,,,,,,
,,,,,10,3.0,3,,,,,,
,,,,,18,8.0,8,,,,,,
,,,,,34,16.0,16,,,,,,
,,,,,38,4.0,4,,,,,,
,,,,,43,5.0,5,,,,,,
,,,,,56,13.0,13,,,,,,
,,,,,72,16.0,16,,,,,,
,,,,,76,4.0,4,,,,,,
,,,,,85,9.0,9,,,,,,
,,,,,91,6.0,6,,,,,,
,,,,,98,7.0,7,,,,,,
,,,,,108,10.0,10,,,,,,
,,,,,111,3.0,3,,,,,,
,,,,,115,4.0,4,,,,,,
,,,,,123,8.0,8,,,,,,
,,,,,128,5.0,5,,,,,,
,,,,,134,6.0,6,,,,,,
,,,,,139,5.0,5,,,,,,
,,,,,143,4.0,4,,,,,,
,,,,,149,6.0,6,,,,,,
,,,,,153,4.0,4,,,,,,
,,,,,156,3.0,3,,,,,,
,,,,,162,6.0,6,,,,,,
,,,,,183,21.0,21,,,,,,
,,,,,195,12.0,12,,,,,,
,,,,,200,5.0,5,,,,,,
,,,,,203,3.0,3,,,,,,
,,,,,213,10.0,10,,,,,,
,,,,,220,7.0,7,,,,,,
,,,,,235,15.0,15,,,,,,
,,,,,238,3.0,3,,,,,,
,,,,,241,3.0,3,,,,,,
,,,,,248,7.0,7,,,,,,
,,,,,263,15.0,15,,,,,,
,,,,,266,3.0,3,,,,,,
,,,,,270,4.0,4,,,,,,
,,,,,274,4.0,4,,,,,,
,,,,,277,3.0,3,,,,,,
,,,,,282,5.0,5,,,,,,
,,,,,286,4.0,4,,,,,,
,,,,,289,3.0,3,,,,,,
,,,,,292,3.0,3,,,,,,
,,,,,301,9.0,9,,,,,,
,,,,,305,4.0,4,,,,,,
,,,,,312,7.0,7,,,,,,
,,,,,322,10.0,10,,,,,,
,,,,,326,4.0,4,,,,,,
,,,,,329,3.0,3,,,,,,
,,,,,337,8.0,8,,,,,,
,,,,,342,5.0,5,,,,,,
,,,,,347,5.0,5,,,,,,
,,,,,352,5.0,5,,,,,,
,,,,,357,5.0,5,,,,,,
,,,,,373,16.0,16,,,,,,
,,,,,377,4.0,4,,,,,,
,,,,,381,4.0,4,,,,,,
,,,,,396,15.0,15,,,,,,
,,,,,400,4.0,4,,,,,,
,,,,,404,4.0,4,,,,,,
,,,,,408,4.0,4,,,,,,
,,,,,414,6.0,6,,,,,,
,,,,,424,10.0,10,,,,,,
,,,,,429,5.0,5,,,,,,
,,,,,433,4.0,4,,,,,,
,,,,,443,10.0,10,,,,,,
,,,,,448,5.0,5,,,,,,
,,,,,452,4.0,4,,,,,,
,,,,,463,11.0,11,,,,,,
,,,,,467,4.0,4,,,,,,
,,,,,472,5.0,5,,,,,,
,,,,,476,4.0,4,,,,,,
,,,,,484,8.0,8,,,,,,
,,,,,494,10.0,10,,,,,,
,,,,,499,5.0,5,,,,,,
,,,,,503,4.0,4,,,,,,
,,,,,516,13.0,13,,,,,,
,,,,,520,4.0,4,,,,,,
,,,,,523,3.0,3,,,,,,
,,,,,531,8.0,8,,,,,,
,,,,,534,3.0,3,,,,,,
,,,,,538,4.0,4,,,,,,
,,,,,543,5.0,5,,,,,,
,,,,,546,3.0,3,,,,,,
,,,,,557,11.0,11,,,,,,
,,,,,566,9.0,9,,,,,,
,,,,,577,11.0,11,,,,,,
,,,,,585,8.0,8,,,,,,
,,,,,590,5.0,5,,,,,,
,,,,,593,3.0,3,,,,,,
,,,,,598,5.0,5,,,,,,
,,,,,611,13.0,13,,,,,,
,,,,,619,8.0,8,,,,,,
,,,,,624,5.0,5,,,,,,
,,,,,628,4.0,4,,,,,,
,,,,,635,7.0,7,,,,,,
,,,,,641,6.0,6,,,,,,
,,,,,645,4.0,4,,,,,,
,,,,,650,5.0,5,,,,,,
,,,,,655,5.0,5,,,,,,
,,,,,659,4.0,4,,,,,,
,,,,,666,7.0,7,,,,,,
,,,,,670,4.0,4,,,,,,
,,,,,675,5.0,5,,,,,,
,,,,,679,4.0,4,,,,,,
,,,,,682,3.0,3,,,,,,
,,,,,688,6.0,6,,,,,,
,,,,,697,9.0,9,,,,,,
,,,,,723,26.0,26,,,,,,
,,,,,728,5.0,5,,,,,,
,,,,,734,6.0,6,,,,,,
,,,,,737,3.0,3,,,,,,
,,,,,740,3.0,3,,,,,,
,,,,,745,5.0,5,,,,,,
,,,,,753,8.0,8,,,,,,
,,,,,756,3.0,3,,,,,,
,,,,,763,7.0,7,,,,,,
,,,,,769,6.0,6,,,,,,
,,,,,774,5.0,5,,,,,,
,,,,,783,9.0,9,,,,,,
,,,,,786,3.0,3,,,,,,
,,,,,790,4.0,4,,,,,,
,,,,,795,5.0,5,,,,,,
,,,,,798,3.0,3,,,,,,
,,,,,801,3.0,3,,,,,,
,,,,,806,5.0,5,,,,,,
,,,,,811,5.0,5,,,,,,
,,,,,816,5.0,5,,,,,,
,,,,,820,4.0,4,,,,,,
,,,,,823,3.0,3,,,,,,
,,,,,827,4.0,4,,,,,,
,,,,,832,5.0,5,,,,,,
,,,,,844,12.0,12,,,,,,
,,,,,850,6.0,6,,,,,,
,,,,,860,10.0,10,,,,,,
,,,,,865,5.0,5,,,,,,
,,,,,870,5.0,5,,,,,,
,,,,,873,3.0,3,,,,,,
,,,,,882,9.0,9,,,,,,
,,,,,888,6.0,6,,,,,,
,,,,,900,12.0,12,,,,,,
,,,,,907,7.0,7,,,,,,
,,,,,911,4.0,4,,,,,,
,,,,,922,11.0,11,,,,,,
,,,,,925,3.0,3,,,,,,
,,,,,930,5.0,5,,,,,,
,,,,,935,5.0,5,,,,,,
,,,,,942,7.0,7,,,,,,
,,,,,945,3.0,3,,,,,,
,,,,,949,4.0,4,,,,,,
,,,,,953,4.0,4,,,,,,
,,,,,956,3.0,3,,,,,,
,,,,,961,5.0,5,,,,,,
,,,,,968,7.0,7,,,,,,
,,,,,972,4.0,4,,,,,,
,,,,,978,6.0,6,,,,,,
,,,,,981,3.0,3,,,,,,
,,,,,984,3.0,3,,,,,,
,,,,,987,3.0,3,,,,,,
,,,,,993,6.0,6,,,,,,
,,,,,999,6.0,6,,,,,,
,,,,,1003,4.0,4,,,,,,
,,,,,1007,4.0,4,,,,,,
,,,,,1017,10.0,10,,,,,,
,,,,,1024,7.0,7,,,,,,
,,,,,1030,6.0,6,,,,,,
,,,,,1033,3.0,3,,,,,,
,,,,,1045,12.0,12,,,,,,
,,,,,1051,6.0,6,,,,,,
,,,,,1056,5.0,5,,,,,,
,,,,,1060,4.0,4,,,,,,
,,,,,1065,5.0,5,,,,,,
,,,,,1072,7.0,7,,,,,,
,,,,,1078,6.0,6,,,,,,
,,,,,1085,7.0,7,,,,,,
,,,,,1089,4.0,4,,,,,,
,,,,,1095,6.0,6,,,,,,
,,,,,1098,3.0,3,,,,,,
,,,,,1114,16.0,16,,,,,,
,,,,,1119,5.0,5,,,,,,
,,,,,1123,4.0,4,,,,,,
,,,,,1128,5.0,5,,,,,,
,,,,,1133,5.0,5,,,,,,
,,,,,1142,9.0,9,,,,,,
,,,,,1150,8.0,8,,,,,,
,,,,,1158,8.0,8,,,,,,
,,,,,1168,10.0,10,,,,,,
,,,,,1174,6.0,6,,,,,,
,,,,,1191,17.0,17,,,,,,
,,,,,1195,4.0,4,,,,,,
,,,,,1207,12.0,12,,,,,,
,,,,,1210,3.0,3,,,,,,
,,,,,1215,5.0,5,,,,,,
,,,,,1219,4.0,4,,,,,,
,,,,,1224,5.0,5,,,,,,
,,,,,1232,8.0,8,,,,,,
,,,,,1235,3.0,3,,,,,,
,,,,,1238,3.0,3,,,,,,
,,,,,1250,12.0,12,,,,,,
,,,,,1255,5.0,5,,,,,,
,,,,,1259,4.0,4,,,,,,
,,,,,1265,6.0,6,,,,,,
,,,,,1273,8.0,8,,,,,,
,,,,,1282,9.0,9,,,,,,
,,,,,1292,10.0,10,,,,,,
,,,,,1312,20.0,20,,,,,,
,,,,,1323,11.0,11,,,,,,
,,,,,1333,10.0,10,,,,,,
,,,,,1336,3.0,3,,,,,,
,,,,,1345,9.0,9,,,,,,
,,,,,1354,9.0,9,,,,,,
,,,,,1364,10.0,10,,,,,,
,,,,,1368,4.0,4,,,,,,
,,,,,1373,5.0,5,,,,,,
,,,,,1380,7.0,7,,,,,,
,,,,,1384,4.0,4,,,,,,
,,,,,1390,6.0,6,,,,,,
,,,,,1402,12.0,12,,,,,,
,,,,,1405,3.0,3,,,,,,
,,,,,1409,4.0,4,,,,,,
,,,,,1413,4.0,4,,,,,,
,,,,,1418,5.0,5,,,,,,
,,,,,1426,8.0,8,,,,,,
,,,,,1434,8.0,8,,,,,,
,,,,,1439,5.0,5,,,,,,
,,,,,1447,8.0,8,,,,,,
,,,,,1460,13.0,13,,,,,,
,,,,,1465,5.0,5,,,,,,
,,,,,1475,10.0,10,,,,,,
,,,,,1479,4.0,4,,,,,,
,,,,,1487,8.0,8,,,,,,
,,,,,1499,12.0,12,,,,,,
,,,,,1506,7.0,7,,,,,,
,,,,,1531,25.0,25,,,,,,
,,,,,1534,3.0,3,,,,,,
,,,,,1538,4.0,4,,,,,,
,,,,,1542,4.0,4,,,,,,
,,,,,1548,6.0,6,,,,,,
,,,,,1551,3.0,3,,,,,,
,,,,,1556,5.0,5,,,,,,
,,,,,1562,6.0,6,,,,,,
,,,,,1566,4.0,4,,,,,,
,,,,,1570,4.0,4,,,,,,
,,,,,1577,7.0,7,,,,,,
,,,,,1583,6.0,6,,,,,,
,,,,,1589,6.0,6,,,,,,
,,,,,1597,8.0,8,,,,,,
,,,,,1603,6.0,6,,,,,,
,,,,,1608,5.0,5,,,,,,
,,,,,1620,12.0,12,,,,,,
,,,,,1623,3.0,3,,,,,,
,,,,,1631,8.0,8,,,,,,
,,,,,1649,18.0,18,,,,,,
,,,,,1652,3.0,3,,,,,,
,,,,,1657,5.0,5,,,,,,
,,,,,1661,4.0,4,,,,,,
,,,,,1668,7.0,7,,,,,,
,,,,,1679,11.0,11,,,,,,
,,,,,1683,4.0,4,,,,,,
,,,,,1691,8.0,8,,,,,,
,,,,,1696,5.0,5,,,,,,
,,,,,1701,5.0,5,,,,,,
,,,,,1711,10.0,10,,,,,,
,,,,,1718,7.0,7,,,,,,
,,,,,1724,6.0,6,,,,,,
,,,,,1728,4.0,4,,,,,,
,,,,,1732,4.0,4,,,,,,
,,,,,1738,6.0,6,,,,,,
,,,,,1744,6.0,6,,,,,,
,,,,,1762,18.0,18,,,,,,
,,,,,1767,5.0,5,,,,,,
,,,,,1773,6.0,6,,,,,,
,,,,,1777,4.0,4,,,,,,
,,,,,1780,3.0,3,,,,,,
,,,,,1789,9.0,9,,,,,,
,,,,,1792,3.0,3,,,,,,
,,,,,1795,3.0,3,,,,,,
,,,,,1805,10.0,10,,,,,,
,,,,,1811,6.0,6,,,,,,
,,,,,1818,7.0,7,,,,,,
,,,,,1822,4.0,4,,,,,,
,,,,,1825,3.0,3,,,,,,
,,,,,1835,10.0,10,,,,,,
,,,,,1842,7.0,7,,,,,,
,,,,,1849,7.0,7,,,,,,
,,,,,1854,5.0,5,,,,,,
,,,,,1859,5.0,5,,,,,,
,,,,,1867,8.0,8,,,,,,
,,,,,1871,4.0,4,,,,,,
,,,,,1884,13.0,13,,,,,,
,,,,,1896,12.0,12,,,,,,
,,,,,1901,5.0,5,,,,,,
,,,,,1904,3.0,3,,,,,,
,,,,,1909,5.0,5,,,,,,
,,,,,1912,3.0,3,,,,,,
,,,,,1921,9.0,9,,,,,,
,,,,,1930,9.0,9,,,,,,
,,,,,1935,5.0,5,,,,,,
,,,,,1940,5.0,5,,,,,,
,,,,,1949,9.0,9,,,,,,
,,,,,1964,15.0,15,,,,,,
,,,,,1975,11.0,11,,,,,,
,,,,,1983,8.0,8,,,,,,
,,,,,2009,26.0,26,,,,,,
,,,,,2012,3.0,3,,,,,,
,,,,,2016,4.0,4,,,,,,
,,,,,2021,5.0,5,,,,,,
,,,,,2032,11.0,11,,,,,,
,,,,,2037,5.0,5,,,,,,
,,,,,2044,7.0,7,,,,,,
,,,,,2047,3.0,3,,,,,,
,,,,,2053,6.0,6,,,,,,
,,,,,2057,4.0,4,,,,,,
,,,,,2063,6.0,6,,,,,,
,,,,,2080,17.0,17,,,,,,
,,,,,2086,6.0,6,,,,,,
,,,,,2090,4.0,4,,,,,,
,,,,,2096,6.0,6,,,,,,
,,,,,2104,8.0,8,,,,,,
,,,,,2113,9.0,9,,,,,,
,,,,,2119,6.0,6,,,,,,
,,,,,2128,9.0,9,,,,,,
,,,,,2131,3.0,3,,,,,,
,,,,,2134,3.0,3,,,,,,
,,,,,2142,8.0,8,,,,,,
,,,,,2146,4.0,4,,,,,,
,,,,,2150,4.0,4,,,,,,
,,,,,2155,5.0,5,,,,,,
,,,,,2172,17.0,17,,,,,,
,,,,,2180,8.0,8,,,,,,
,,,,,2186,6.0,6,,,,,,
,,,,,2192,6.0,6,,,,,,
,,,,,2196,4.0,4,,,,,,
,,,,,2201,5.0,5,,,,,,
,,,,,2210,9.0,9,,,,,,
,,,,,2219,9.0,9,,,,,,
,,,,,2223,4.0,4,,,,,,
,,,,,2228,5.0,5,,,,,,
,,,,,2233,5.0,5,,,,,,
,,,,,2238,5.0,5,,,,,,
,,,,,2250,12.0,12,,,,,,
,,,,,2256,6.0,6,,,,,,
,,,,,2261,5.0,5,,,,,,
,,,,,2273,12.0,12,,,,,,
,,,,,2277,4.0,4,,,,,,
,,,,,2281,4.0,4,,,,,,
,,,,,2286,5.0,5,,,,,,
,,,,,2299,13.0,13,,,,,,
,,,,,2303,4.0,4,,,,,,
,,,,,2328,25.0,25,,,,,,
,,,,,2331,3.0,3,,,,,,
,,,,,2338,7.0,7,,,,,,
,,,,,2346,8.0,8,,,,,,
,,,,,2352,6.0,6,,,,,,
,,,,,2355,3.0,3,,,,,,
,,,,,2358,3.0,3,,,,,,
,,,,,2362,4.0,4,,,,,,
,,,,,2367,5.0,5,,,,,,
,,,,,2372,5.0,5,,,,,,
,,,,,2378,6.0,6,,,,,,
,,,,,2382,4.0,4,,,,,,
,,,,,2386,4.0,4,,,,,,
,,,,,2394,8.0,8,,,,,,
,,,,,2403,9.0,9,,,,,,
,,,,,2411,8.0,8,,,,,,
,,,,,2417,6.0,6,,,,,,
,,,,,2422,5.0,5,,,,,,
,,,,,2430,8.0,8,,,,,,
,,,,,2434,4.0,4,,,,,,
,,,,,2440,6.0,6,,,,,,
,,,,,2454,14.0,14,,,,,,
,,,,,2460,6.0,6,,,,,,
,,,,,2464,4.0,4,,,,,,
,,,,,2470,6.0,6,,,,,,
,,,,,2476,6.0,6,,,,,,
,,,,,2480,4.0,4,,,,,,
,,,,,2486,6.0,6,,,,,,
,,,,,2492,6.0,6,,,,,,
,,,,,2497,5.0,5,,,,,,
,,,,,2501,4.0,4,,,,,,
,,,,,2506,5.0,5,,,,,,
,,,,,2510,4.0,4,,,,,,
,,,,,2519,9.0,9,,,,,,
,,,,,2523,4.0,4,,,,,,
,,,,,2527,4.0,4,,,,,,
,,,,,2539,12.0,12,,,,,,
,,,,,2542,3.0,3,,,,,,
,,,,,2563,21.0,21,,,,,,
,,,,,2570,7.0,7,,,,,,
,,,,,2574,4.0,4,,,,,,
,,,,,2578,4.0,4,,,,,,
,,,,,2582,4.0,4,,,,,,
,,,,,2594,12.0,12,,,,,,
,,,,,2606,12.0,12,,,,,,
,,,,,2610,4.0,4,,,,,,
,,,,,2613,3.0,3,,,,,,
,,,,,2616,3.0,3,,,,,,
,,,,,2619,3.0,3,,,,,,
,,,,,2623,4.0,4,,,,,,
,,,,,2634,11.0,11,,,,,,
,,,,,2637,3.0,3,,,,,,
,,,,,2640,3.0,3,,,,,,
,,,,,2649,9.0,9,,,,,,
,,,,,2655,6.0,6,,,,,,
,,,,,2659,4.0,4,,,,,,
,,,,,2670,11.0,11,,,,,,
,,,,,2677,7.0,7,,,,,,
,,,,,2680,3.0,3,,,,,,
,,,,,2689,9.0,9,,,,,,
,,,,,2695,6.0,6,,,,,,
,,,,,2700,5.0,5,,,,,,
,,,,,2708,8.0,8,,,,,,
,,,,,2713,5.0,5,,,,,,
,,,,,2720,7.0,7,,,,,,
,,,,,2737,17.0,17,,,,,,
,,,,,2756,19.0,19,,,,,,
,,,,,2766,10.0,10,,,,,,
,,,,,2778,12.0,12,,,,,,
,,,,,2786,8.0,8,,,,,,
,,,,,2792,6.0,6,,,,,,
,,,,,2804,12.0,12,,,,,,
,,,,,2810,6.0,6,,,,,,
,,,,,2822,12.0,12,,,,,,
,,,,,2825,3.0,3,,,,,,
,,,,,2830,5.0,5,,,,,,
,,,,,2837,7.0,7,,,,,,
,,,,,2843,6.0,6,,,,,,
,,,,,2849,6.0,6,,,,,,
,,,,,2854,5.0,5,,,,,,
,,,,,2857,3.0,3,,,,,,
,,,,,2862,5.0,5,,,,,,
,,,,,2868,6.0,6,,,,,,
,,,,,2882,14.0,14,,,,,,
,,,,,2886,4.0,4,,,,,,
,,,,,2893,7.0,7,,,,,,
,,,,,2897,4.0,4,,,,,,
,,,,,2902,5.0,5,,,,,,
,,,,,2908,6.0,6,,,,,,
,,,,,2919,11.0,11,,,,,,
,,,,,2923,4.0,4,,,,,,
,,,,,2931,8.0,8,,,,,,
,,,,,2935,4.0,4,,,,,,
,,,,,2938,3.0,3,,,,,,
,,,,,2941,3.0,3,,,,,,
,,,,,2952,11.0,11,,,,,,
,,,,,2959,7.0,7,,,,,,
,,,,,2966,7.0,7,,,,,,
,,,,,2969,3.0,3,,,,,,
,,,,,2975,6.0,6,,,,,,
,,,,,2988,13.0,13,,,,,,
,,,,,2992,4.0,4,,,,,,
,,,,,2996,4.0,4,,,,,,
,,,,,3001,5.0,5,,,,,,
,,,,,3010,9.0,9,,,,,,
,,,,,3013,3.0,3,,,,,,
,,,,,3025,12.0,12,,,,,,
,,,,,3036,11.0,11,,,,,,
,,,,,3040,4.0,4,,,,,,
,,,,,3044,4.0,4,,,,,,
,,,,,3048,4.0,4,,,,,,
,,,,,3061,13.0,13,,,,,,
,,,,,3068,7.0,7,,,,,,
,,,,,3071,3.0,3,,,,,,
,,,,,3078,7.0,7,,,,,,
,,,,,3101,23.0,23,,,,,,
,,,,,3107,6.0,6,,,,,,
,,,,,3117,10.0,10,,,,,,
,,,,,3121,4.0,4,,,,,,
,,,,,3124,3.0,3,,,,,,
,,,,,3130,6.0,6,,,,,,
,,,,,3134,4.0,4,,,,,,
,,,,,3141,7.0,7,,,,,,
,,,,,3149,8.0,8,,,,,,
,,,,,3152,3.0,3,,,,,,
,,,,,3158,6.0,6,,,,,,
,,,,,3164,6.0,6,,,,,,
,,,,,3169,5.0,5,,,,,,
,,,,,3173,4.0,4,,,,,,
,,,,,3178,5.0,5,,,,,,
,,,,,3195,17.0,17,,,,,,
,,,,,3200,5.0,5,,,,,,
,,,,,3222,22.0,22,,,,,,
,,,,,3230,8.0,8,,,,,,
,,,,,3233,3.0,3,,,,,,
,,,,,3240,7.0,7,,,,,,
,,,,,3245,5.0,5,,,,,,
,,,,,3249,4.0,4,,,,,,
,,,,,3253,4.0,4,,,,,,
,,,,,3257,4.0,4,,,,,,
,,,,,3263,6.0,6,,,,,,
,,,,,3277,14.0,14,,,,,,
,,,,,3284,7.0,7,,,,,,
,,,,,3288,4.0,4,,,,,,
,,,,,3291,3.0,3,,,,,,
,,,,,3301,10.0,10,,,,,,
,,,,,3311,10.0,10,,,,,,
,,,,,3315,4.0,4,,,,,,
,,,,,3326,11.0,11,,,,,,
,,,,,3330,4.0,4,,,,,,
,,,,,3338,8.0,8,,,,,,
,,,,,3343,5.0,5,,,,,,
,,,,,3347,4.0,4,,,,,,
,,,,,3360,13.0,13,,,,,,
,,,,,3379,19.0,19,,,,,,
,,,,,3386,7.0,7,,,,,,
,,,,,3391,5.0,5,,,,,,
,,,,,3397,6.0,6,,,,,,
,,,,,3402,5.0,5,,,,,,
,,,,,3406,4.0,4,,,,,,
,,,,,3411,5.0,5,,,,,,
,,,,,3415,4.0,4,,,,,,
,,,,,3419,4.0,4,,,,,,
,,,,,3426,7.0,7,,,,,,
,,,,,3429,3.0,3,,,,,,
,,,,,3435,6.0,6,,,,,,
,,,,,3440,5.0,5,,,,,,
,,,,,3453,13.0,13,,,,,,
,,,,,3463,10.0,10,,,,,,
,,,,,3467,4.0,4,,,,,,
,,,,,3477,10.0,10,,,,,,
,,,,,3480,3.0,3,,,,,,
,,,,,3483,3.0,3,,,,,,
,,,,,3498,15.0,15,,,,,,
,,,,,3502,4.0,4,,,,,,
,,,,,3505,3.0,3,,,,,,
,,,,,3508,3.0,3,,,,,,
,,,,,3513,5.0,5,,,,,,
,,,,,3521,8.0,8,,,,,,
,,,,,3524,3.0,3,,,,,,
,,,,,3530,6.0,6,,,,,,
,,,,,3533,3.0,3,,,,,,
,,,,,3538,5.0,5,,,,,,
,,,,,3547,9.0,9,,,,,,
,,,,,3555,8.0,8,,,,,,
,,,,,3559,4.0,4,,,,,,
,,,,,3567,8.0,8,,,,,,
,,,,,3570,3.0,3,,,,,,
,,,,,3574,4.0,4,,,,,,
,,,,,3585,11.0,11,,,,,,
,,,,,3590,5.0,5,,,,,,
,,,,,3597,7.0,7,,,,,,
,,,,,3601,4.0,4,,,,,,
,,,,,3613,12.0,12,,,,,,
,,,,,3625,12.0,12,,,,,,
,,,,,3636,11.0,11,,,,,,
,,,,,3640,4.0,4,,,,,,
,,,,,3645,5.0,5,,,,,,
,,,,,3648,3.0,3,,,,,,
,,,,,3656,8.0,8,,,,,,
,,,,,3666,10.0,10,,,,,,
,,,,,3671,5.0,5,,,,,,
,,,,,3677,6.0,6,,,,,,
,,,,,3681,4.0,4,,,,,,
,,,,,3685,4.0,4,,,,,,
,,,,,3691,6.0,6,,,,,,
,,,,,3697,6.0,6,,,,,,
,,,,,3700,3.0,3,,,,,,
,,,,,3705,5.0,5,,,,,,
,,,,,3712,7.0,7,,,,,,
,,,,,3718,6.0,6,,,,,,
,,,,,3725,7.0,7,,,,,,
,,,,,3732,7.0,7,,,,,,
,,,,,3738,6.0,6,,,,,,
,,,,,3747,9.0,9,,,,,,
,,,,,3753,6.0,6,,,,,,
,,,,,3757,4.0,4,,,,,,
,,,,,3761,4.0,4,,,,,,
,,,,,3764,3.0,3,,,,,,
,,,,,3776,12.0,12,,,,,,
,,,,,3781,5.0,5,,,,,,
,,,,,3791,10.0,10,,,,,,
,,,,,3796,5.0,5,,,,,,
,,,,,3807,11.0,11,,,,,,
,,,,,3813,6.0,6,,,,,,
,,,,,3821,8.0,8,,,,,,
,,,,,3827,6.0,6,,,,,,
,,,,,3832,5.0,5,,,,,,
,,,,,3856,24.0,24,,,,,,
,,,,,3863,7.0,7,,,,,,
,,,,,3877,14.0,14,,,,,,
,,,,,3887,10.0,10,,,,,,
,,,,,3893,6.0,6,,,,,,
,,,,,3898,5.0,5,,,,,,
,,,,,3904,6.0,6,,,,,,
,,,,,3915,11.0,11,,,,,,
,,,,,3919,4.0,4,,,,,,
,,,,,3924,5.0,5,,,,,,
,,,,,3937,13.0,13,,,,,,
,,,,,3945,8.0,8,,,,,,
,,,,,3953,8.0,8,,,,,,
,,,,,3956,3.0,3,,,,,,
,,,,,3970,14.0,14,,,,,,
,,,,,3974,4.0,4,,,,,,
,,,,,3978,4.0,4,,,,,,
,,,,,3986,8.0,8,,,,,,
,,,,,3993,7.0,7,,,,,,
,,,,,3997,4.0,4,,,,,,
,,,,,4001,4.0,4,,,,,,
,,,,,4009,8.0,8,,,,,,
,,,,,4017,8.0,8,,,,,,
,,,,,4020,3.0,3,,,,,,
,,,,,4027,7.0,7,,,,,,
,,,,,4031,4.0,4,,,,,,
,,,,,4042,11.0,11,,,,,,
,,,,,4050,8.0,8,,,,,,
,,,,,4056,6.0,6,,,,,,
,,,,,4069,13.0,13,,,,,,
,,,,,4082,13.0,13,,,,,,
,,,,,4100,18.0,18,,,,,,
,,,,,4106,6.0,6,,,,,,
,,,,,4113,7.0,7,,,,,,
,,,,,4119,6.0,6,,,,,,
,,,,,4133,14.0,14,,,,,,
,,,,,4136,3.0,3,,,,,,
,,,,,4140,4.0,4,,,,,,
,,,,,4144,4.0,4,,,,,,
,,,,,4159,15.0,15,,,,,,
,,,,,4163,4.0,4,,,,,,
,,,,,4167,4.0,4,,,,,,
,,,,,4170,3.0,3,,,,,,
,,,,,4175,5.0,5,,,,,,
,,,,,4185,10.0,10,,,,,,
,,,,,4196,11.0,11,,,,,,
,,,,,4204,8.0,8,,,,,,
,,,,,4214,10.0,10,,,,,,
,,,,,4218,4.0,4,,,,,,
,,,,,4222,4.0,4,,,,,,
,,,,,4230,8.0,8,,,,,,
,,,,,4239,9.0,9,,,,,,
,,,,,4245,6.0,6,,,,,,
,,,,,4254,9.0,9,,,,,,
,,,,,4261,7.0,7,,,,,,
,,,,,4266,5.0,5,,,,,,
,,,,,4271,5.0,5,,,,,,
,,,,,4274,3.0,3,,,,,,
,,,,,4284,10.0,10,,,,,,
,,,,,4289,5.0,5,,,,,,
,,,,,4292,3.0,3,,,,,,
,,,,,4296,4.0,4,,,,,,
,,,,,4300,4.0,4,,,,,,
,,,,,4303,3.0,3,,,,,,
,,,,,4308,5.0,5,,,,,,
,,,,,4312,4.0,4,,,,,,
,,,,,4318,6.0,6,,,,,,
,,,,,4329,11.0,11,,,,,,
,,,,,4340,11.0,11,,,,,,
,,,,,4344,4.0,4,,,,,,
,,,,,4348,4.0,4,,,,,,
,,,,,4356,8.0,8,,,,,,
,,,,,4365,9.0,9,,,,,,
,,,,,4373,8.0,8,,,,,,
,,,,,4396,23.0,23,,,,,,
,,,,,4400,4.0,4,,,,,,
,,,,,4405,5.0,5,,,,,,
,,,,,4410,5.0,5,,,,,,
,,,,,4413,3.0,3,,,,,,
,,,,,4419,6.0,6,,,,,,
,,,,,4428,9.0,9,,,,,,
,,,,,4435,7.0,7,,,,,,
,,,,,4441,6.0,6,,,,,,
,,,,,4451,10.0,10,,,,,,
,,,,,4458,7.0,7,,,,,,
,,,,,4469,11.0,11,,,,,,
,,,,,4473,4.0,4,,,,,,
,,,,,4480,7.0,7,,,,,,
,,,,,4485,5.0,5,,,,,,
,,,,,4491,6.0,6,,,,,,
,,,,,4505,14.0,14,,,,,,
,,,,,4509,4.0,4,,,,,,
,,,,,4520,11.0,11,,,,,,
,,,,,4524,4.0,4,,,,,,
,,,,,4544,20.0,20,,,,,,
,,,,,4550,6.0,6,,,,,,
,,,,,4559,9.0,9,,,,,,
,,,,,4564,5.0,5,,,,,,
,,,,,4575,11.0,11,,,,,,
,,,,,4578,3.0,3,,,,,,
,,,,,4584,6.0,6,,,,,,
,,,,,4609,25.0,25,,,,,,
,,,,,4618,9.0,9,,,,,,
,,,,,4621,3.0,3,,,,,,
,,,,,4625,4.0,4,,,,,,
,,,,,4628,3.0,3,,,,,,
,,,,,4631,3.0,3,,,,,,
,,,,,4636,5.0,5,,,,,,
,,,,,4645,9.0,9,,,,,,
,,,,,4660,15.0,15,,,,,,
,,,,,4672,12.0,12,,,,,,
,,,,,4691,19.0,19,,,,,,
,,,,,4697,6.0,6,,,,,,
,,,,,4713,16.0,16,,,,,,
,,,,,4724,11.0,11,,,,,,
,,,,,4731,7.0,7,,,,,,
,,,,,4744,13.0,13,,,,,,
,,,,,4751,7.0,7,,,,,,
,,,,,4762,11.0,11,,,,,,
,,,,,4765,3.0,3,,,,,,
,,,,,4776,11.0,11,,,,,,
,,,,,4787,11.0,11,,,,,,
,,,,,4802,15.0,15,,,,,,
,,,,,4810,8.0,8,,,,,,
,,,,,4816,6.0,6,,,,,,
,,,,,4820,4.0,4,,,,,,
,,,,,4825,5.0,5,,,,,,
,,,,,4845,20.0,20,,,,,,
,,,,,4858,13.0,13,,,,,,
,,,,,4866,8.0,8,,,,,,
,,,,,4879,13.0,13,,,,,,
,,,,,4886,7.0,7,,,,,,
,,,,,4894,8.0,8,,,,,,
,,,,,4907,13.0,13,,,,,,
,,,,,4918,11.0,11,,,,,,
,,,,,4924,6.0,6,,,,,,
,,,,,4942,18.0,18,,,,,,
,,,,,4945,3.0,3,,,,,,
,,,,,4953,8.0,8,,,,,,
,,,,,4958,5.0,5,,,,,,
,,,,,4963,5.0,5,,,,,,
,,,,,4972,9.0,9,,,,,,
,,,,,4982,10.0,10,,,,,,
,,,,,4993,11.0,11,,,,,,
,,,,,4996,3.0,3,,,,,,
,,,,,5000,4.0,4,,,,,,
8.0,9.176056,34.0,3.0,8.0,5000,,,0.9736904501914978,0.062087588012218475,1.0479813814163208,0.0003,0.0003,0.1
,,,,,5004,4.0,4,,,,,,
,,,,,5008,4.0,4,,,,,,
,,,,,5016,8.0,8,,,,,,
,,,,,5019,3.0,3,,,,,,
,,,,,5026,7.0,7,,,,,,
,,,,,5029,3.0,3,,,,,,
,,,,,5039,10.0,10,,,,,,
,,,,,5045,6.0,6,,,,,,
,,,,,5058,13.0,13,,,,,,
,,,,,5061,3.0,3,,,,,,
,,,,,5075,14.0,14,,,,,,
,,,,,5084,9.0,9,,,,,,
,,,,,5090,6.0,6,,,,,,
,,,,,5094,4.0,4,,,,,,
,,,,,5102,8.0,8,,,,,,
,,,,,5105,3.0,3,,,,,,
,,,,,5116,11.0,11,,,,,,
,,,,,5123,7.0,7,,,,,,
,,,,,5140,17.0,17,,,,,,
,,,,,5145,5.0,5,,,,,,
,,,,,5148,3.0,3,,,,,,
,,,,,5158,10.0,10,,,,,,
,,,,,5161,3.0,3,,,,,,
,,,,,5169,8.0,8,,,,,,
,,,,,5181,12.0,12,,,,,,
,,,,,5187,6.0,6,,,,,,
,,,,,5197,10.0,10,,,,,,
,,,,,5211,14.0,14,,,,,,
,,,,,5216,5.0,5,,,,,,
,,,,,5226,10.0,10,,,,,,
,,,,,5231,5.0,5,,,,,,
,,,,,5240,9.0,9,,,,,,
,,,,,5247,7.0,7,,,,,,
,,,,,5260,13.0,13,,,,,,
,,,,,5266,6.0,6,,,,,,
,,,,,5270,4.0,4,,,,,,
,,,,,5279,9.0,9,,,,,,
,,,,,5283,4.0,4,,,,,,
,,,,,5294,11.0,11,,,,,,
,,,,,5298,4.0,4,,,,,,
,,,,,5301,3.0,3,,,,,,
,,,,,5305,4.0,4,,,,,,
,,,,,5318,13.0,13,,,,,,
,,,,,5323,5.0,5,,,,,,
,,,,,5330,7.0,7,,,,,,
,,,,,5336,6.0,6,,,,,,
,,,,,5339,3.0,3,,,,,,
,,,,,5357,18.0,18,,,,,,
,,,,,5361,4.0,4,,,,,,
,,,,,5370,9.0,9,,,,,,
,,,,,5375,5.0,5,,,,,,
,,,,,5379,4.0,4,,,,,,
,,,,,5383,4.0,4,,,,,,
,,,,,5394,11.0,11,,,,,,
,,,,,5399,5.0,5,,,,,,
,,,,,5409,10.0,10,,,,,,
,,,,,5414,5.0,5,,,,,,
,,,,,5438,24.0,24,,,,,,
,,,,,5441,3.0,3,,,,,,
,,,,,5448,7.0,7,,,,,,
,,,,,5455,7.0,7,,,,,,
,,,,,5459,4.0,4,,,,,,
,,,,,5468,9.0,9,,,,,,
,,,,,5473,5.0,5,,,,,,
,,,,,5478,5.0,5,,,,,,
,,,,,5481,3.0,3,,,,,,
,,,,,5501,20.0,20,,,,,,
,,,,,5537,36.0,36,,,,,,
,,,,,5540,3.0,3,,,,,,
,,,,,5543,3.0,3,,,,,,
,,,,,5547,4.0,4,,,,,,
,,,,,5551,4.0,4,,,,,,
,,,,,5558,7.0,7,,,,,,
,,,,,5573,15.0,15,,,,,,
,,,,,5584,11.0,11,,,,,,
,,,,,5588,4.0,4,,,,,,
,,,,,5592,4.0,4,,,,,,
,,,,,5612,20.0,20,,,,,,
,,,,,5617,5.0,5,,,,,,
,,,,,5621,4.0,4,,,,,,
,,,,,5632,11.0,11,,,,,,
,,,,,5638,6.0,6,,,,,,
,,,,,5641,3.0,3,,,,,,
,,,,,5645,4.0,4,,,,,,
,,,,,5655,10.0,10,,,,,,
,,,,,5659,4.0,4,,,,,,
,,,,,5668,9.0,9,,,,,,
,,,,,5671,3.0,3,,,,,,
,,,,,5677,6.0,6,,,,,,
,,,,,5689,12.0,12,,,,,,
,,,,,5694,5.0,5,,,,,,
,,,,,5698,4.0,4,,,,,,
,,,,,5704,6.0,6,,,,,,
,,,,,5708,4.0,4,,,,,,
,,,,,5716,8.0,8,,,,,,
,,,,,5727,11.0,11,,,,,,
,,,,,5737,10.0,10,,,,,,
,,,,,5742,5.0,5,,,,,,
,,,,,5750,8.0,8,,,,,,
,,,,,5755,5.0,5,,,,,,
,,,,,5766,11.0,11,,,,,,
,,,,,5769,3.0,3,,,,,,
,,,,,5786,17.0,17,,,,,,
,,,,,5791,5.0,5,,,,,,
,,,,,5794,3.0,3,,,,,,
,,,,,5804,10.0,10,,,,,,
,,,,,5809,5.0,5,,,,,,
,,,,,5814,5.0,5,,,,,,
,,,,,5818,4.0,4,,,,,,
,,,,,5830,12.0,12,,,,,,
,,,,,5847,17.0,17,,,,,,
,,,,,5854,7.0,7,,,,,,
,,,,,5859,5.0,5,,,,,,
,,,,,5863,4.0,4,,,,,,
,,,,,5874,11.0,11,,,,,,
,,,,,5880,6.0,6,,,,,,
,,,,,5887,7.0,7,,,,,,
,,,,,5890,3.0,3,,,,,,
,,,,,5901,11.0,11,,,,,,
,,,,,5910,9.0,9,,,,,,
,,,,,5925,15.0,15,,,,,,
,,,,,5933,8.0,8,,,,,,
,,,,,5941,8.0,8,,,,,,
,,,,,5946,5.0,5,,,,,,
,,,,,5951,5.0,5,,,,,,
,,,,,5956,5.0,5,,,,,,
,,,,,5960,4.0,4,,,,,,
,,,,,5965,5.0,5,,,,,,
,,,,,5973,8.0,8,,,,,,
,,,,,5979,6.0,6,,,,,,
,,,,,5983,4.0,4,,,,,,
,,,,,5992,9.0,9,,,,,,
,,,,,5999,7.0,7,,,,,,
,,,,,6000,,,0.664380669593811,3.7055187225341797,3.726696014404297,0.0003,0.0003,0.1
,,,,,6004,5.0,5,,,,,,
,,,,,6008,4.0,4,,,,,,
,,,,,6016,8.0,8,,,,,,
,,,,,6020,4.0,4,,,,,,
,,,,,6024,4.0,4,,,,,,
,,,,,6027,3.0,3,,,,,,
,,,,,6031,4.0,4,,,,,,
,,,,,6034,3.0,3,,,,,,
,,,,,6037,3.0,3,,,,,,
,,,,,6040,3.0,3,,,,,,
,,,,,6044,4.0,4,,,,,,
,,,,,6047,3.0,3,,,,,,
,,,,,6056,9.0,9,,,,,,
,,,,,6060,4.0,4,,,,,,
,,,,,6063,3.0,3,,,,,,
,,,,,6066,3.0,3,,,,,,
,,,,,6070,4.0,4,,,,,,
,,,,,6077,7.0,7,,,,,,
,,,,,6095,18.0,18,,,,,,
,,,,,6099,4.0,4,,,,,,
,,,,,6108,9.0,9,,,,,,
,,,,,6117,9.0,9,,,,,,
,,,,,6123,6.0,6,,,,,,
,,,,,6130,7.0,7,,,,,,
,,,,,6133,3.0,3,,,,,,
,,,,,6147,14.0,14,,,,,,
,,,,,6150,3.0,3,,,,,,
,,,,,6153,3.0,3,,,,,,
,,,,,6156,3.0,3,,,,,,
,,,,,6161,5.0,5,,,,,,
,,,,,6173,12.0,12,,,,,,
,,,,,6181,8.0,8,,,,,,
,,,,,6185,4.0,4,,,,,,
,,,,,6188,3.0,3,,,,,,
,,,,,6194,6.0,6,,,,,,
,,,,,6197,3.0,3,,,,,,
,,,,,6201,4.0,4,,,,,,
,,,,,6206,5.0,5,,,,,,
,,,,,6217,11.0,11,,,,,,
,,,,,6223,6.0,6,,,,,,
,,,,,6228,5.0,5,,,,,,
,,,,,6239,11.0,11,,,,,,
,,,,,6246,7.0,7,,,,,,
,,,,,6251,5.0,5,,,,,,
,,,,,6254,3.0,3,,,,,,
,,,,,6263,9.0,9,,,,,,
,,,,,6269,6.0,6,,,,,,
,,,,,6274,5.0,5,,,,,,
,,,,,6278,4.0,4,,,,,,
,,,,,6287,9.0,9,,,,,,
,,,,,6292,5.0,5,,,,,,
,,,,,6304,12.0,12,,,,,,
,,,,,6312,8.0,8,,,,,,
,,,,,6316,4.0,4,,,,,,
,,,,,6323,7.0,7,,,,,,
,,,,,6337,14.0,14,,,,,,
,,,,,6345,8.0,8,,,,,,
,,,,,6355,10.0,10,,,,,,
,,,,,6360,5.0,5,,,,,,
,,,,,6369,9.0,9,,,,,,
,,,,,6373,4.0,4,,,,,,
,,,,,6383,10.0,10,,,,,,
,,,,,6387,4.0,4,,,,,,
,,,,,6393,6.0,6,,,,,,
,,,,,6401,8.0,8,,,,,,
,,,,,6408,7.0,7,,,,,,
,,,,,6415,7.0,7,,,,,,
,,,,,6421,6.0,6,,,,,,
,,,,,6426,5.0,5,,,,,,
,,,,,6429,3.0,3,,,,,,
,,,,,6433,4.0,4,,,,,,
,,,,,6437,4.0,4,,,,,,
,,,,,6441,4.0,4,,,,,,
,,,,,6444,3.0,3,,,,,,
,,,,,6449,5.0,5,,,,,,
,,,,,6460,11.0,11,,,,,,
,,,,,6466,6.0,6,,,,,,
,,,,,6470,4.0,4,,,,,,
,,,,,6473,3.0,3,,,,,,
,,,,,6479,6.0,6,,,,,,
,,,,,6484,5.0,5,,,,,,
,,,,,6489,5.0,5,,,,,,
,,,,,6498,9.0,9,,,,,,
,,,,,6504,6.0,6,,,,,,
,,,,,6516,12.0,12,,,,,,
,,,,,6524,8.0,8,,,,,,
,,,,,6530,6.0,6,,,,,,
,,,,,6535,5.0,5,,,,,,
,,,,,6540,5.0,5,,,,,,
,,,,,6545,5.0,5,,,,,,
,,,,,6550,5.0,5,,,,,,
,,,,,6555,5.0,5,,,,,,
,,,,,6559,4.0,4,,,,,,
,,,,,6563,4.0,4,,,,,,
,,,,,6567,4.0,4,,,,,,
,,,,,6587,20.0,20,,,,,,
,,,,,6590,3.0,3,,,,,,
,,,,,6594,4.0,4,,,,,,
,,,,,6598,4.0,4,,,,,,
,,,,,6612,14.0,14,,,,,,
,,,,,6625,13.0,13,,,,,,
,,,,,6633,8.0,8,,,,,,
,,,,,6638,5.0,5,,,,,,
,,,,,6643,5.0,5,,,,,,
,,,,,6646,3.0,3,,,,,,
,,,,,6649,3.0,3,,,,,,
,,,,,6653,4.0,4,,,,,,
,,,,,6663,10.0,10,,,,,,
,,,,,6693,30.0,30,,,,,,
,,,,,6696,3.0,3,,,,,,
,,,,,6703,7.0,7,,,,,,
,,,,,6707,4.0,4,,,,,,
,,,,,6714,7.0,7,,,,,,
,,,,,6721,7.0,7,,,,,,
,,,,,6726,5.0,5,,,,,,
,,,,,6730,4.0,4,,,,,,
,,,,,6733,3.0,3,,,,,,
,,,,,6736,3.0,3,,,,,,
,,,,,6740,4.0,4,,,,,,
,,,,,6752,12.0,12,,,,,,
,,,,,6768,16.0,16,,,,,,
,,,,,6778,10.0,10,,,,,,
,,,,,6783,5.0,5,,,,,,
,,,,,6805,22.0,22,,,,,,
,,,,,6808,3.0,3,,,,,,
,,,,,6825,17.0,17,,,,,,
,,,,,6837,12.0,12,,,,,,
,,,,,6843,6.0,6,,,,,,
,,,,,6847,4.0,4,,,,,,
,,,,,6850,3.0,3,,,,,,
,,,,,6858,8.0,8,,,,,,
,,,,,6862,4.0,4,,,,,,
,,,,,6869,7.0,7,,,,,,
,,,,,6874,5.0,5,,,,,,
,,,,,6879,5.0,5,,,,,,
,,,,,6896,17.0,17,,,,,,
,,,,,6901,5.0,5,,,,,,
,,,,,6907,6.0,6,,,,,,
,,,,,6915,8.0,8,,,,,,
,,,,,6920,5.0,5,,,,,,
,,,,,6927,7.0,7,,,,,,
,,,,,6931,4.0,4,,,,,,
,,,,,6934,3.0,3,,,,,,
,,,,,6937,3.0,3,,,,,,
,,,,,6945,8.0,8,,,,,,
,,,,,6949,4.0,4,,,,,,
,,,,,6954,5.0,5,,,,,,
,,,,,6961,7.0,7,,,,,,
,,,,,6966,5.0,5,,,,,,
,,,,,6978,12.0,12,,,,,,
,,,,,6989,11.0,11,,,,,,
,,,,,6996,7.0,7,,,,,,
,,,,,7000,,,1.8670201301574707,4.822971343994141,4.734745025634766,0.0003,0.0003,0.1
,,,,,7015,19.0,19,,,,,,
,,,,,7020,5.0,5,,,,,,
,,,,,7026,6.0,6,,,,,,
,,,,,7033,7.0,7,,,,,,
,,,,,7036,3.0,3,,,,,,
,,,,,7044,8.0,8,,,,,,
,,,,,7049,5.0,5,,,,,,
,,,,,7053,4.0,4,,,,,,
,,,,,7063,10.0,10,,,,,,
,,,,,7072,9.0,9,,,,,,
,,,,,7076,4.0,4,,,,,,
,,,,,7081,5.0,5,,,,,,
,,,,,7085,4.0,4,,,,,,
,,,,,7089,4.0,4,,,,,,
,,,,,7096,7.0,7,,,,,,
,,,,,7106,10.0,10,,,,,,
,,,,,7115,9.0,9,,,,,,
,,,,,7118,3.0,3,,,,,,
,,,,,7122,4.0,4,,,,,,
,,,,,7129,7.0,7,,,,,,
,,,,,7133,4.0,4,,,,,,
,,,,,7140,7.0,7,,,,,,
,,,,,7144,4.0,4,,,,,,
,,,,,7150,6.0,6,,,,,,
,,,,,7158,8.0,8,,,,,,
,,,,,7163,5.0,5,,,,,,
,,,,,7170,7.0,7,,,,,,
,,,,,7173,3.0,3,,,,,,
,,,,,7177,4.0,4,,,,,,
,,,,,7185,8.0,8,,,,,,
,,,,,7200,15.0,15,,,,,,
,,,,,7206,6.0,6,,,,,,
,,,,,7225,19.0,19,,,,,,
,,,,,7232,7.0,7,,,,,,
,,,,,7240,8.0,8,,,,,,
,,,,,7250,10.0,10,,,,,,
,,,,,7258,8.0,8,,,,,,
,,,,,7264,6.0,6,,,,,,
,,,,,7268,4.0,4,,,,,,
,,,,,7273,5.0,5,,,,,,
,,,,,7278,5.0,5,,,,,,
,,,,,7281,3.0,3,,,,,,
,,,,,7296,15.0,15,,,,,,
,,,,,7312,16.0,16,,,,,,
,,,,,7319,7.0,7,,,,,,
,,,,,7325,6.0,6,,,,,,
,,,,,7328,3.0,3,,,,,,
,,,,,7333,5.0,5,,,,,,
,,,,,7339,6.0,6,,,,,,
,,,,,7342,3.0,3,,,,,,
,,,,,7351,9.0,9,,,,,,
,,,,,7355,4.0,4,,,,,,
,,,,,7358,3.0,3,,,,,,
,,,,,7363,5.0,5,,,,,,
,,,,,7366,3.0,3,,,,,,
,,,,,7370,4.0,4,,,,,,
,,,,,7377,7.0,7,,,,,,
,,,,,7396,19.0,19,,,,,,
,,,,,7400,4.0,4,,,,,,
,,,,,7406,6.0,6,,,,,,
,,,,,7411,5.0,5,,,,,,
,,,,,7414,3.0,3,,,,,,
,,,,,7425,11.0,11,,,,,,
,,,,,7428,3.0,3,,,,,,
,,,,,7431,3.0,3,,,,,,
,,,,,7436,5.0,5,,,,,,
,,,,,7454,18.0,18,,,,,,
,,,,,7460,6.0,6,,,,,,
,,,,,7475,15.0,15,,,,,,
,,,,,7485,10.0,10,,,,,,
,,,,,7492,7.0,7,,,,,,
,,,,,7512,20.0,20,,,,,,
,,,,,7520,8.0,8,,,,,,
,,,,,7525,5.0,5,,,,,,
,,,,,7528,3.0,3,,,,,,
,,,,,7540,12.0,12,,,,,,
,,,,,7544,4.0,4,,,,,,
,,,,,7548,4.0,4,,,,,,
,,,,,7551,3.0,3,,,,,,
,,,,,7560,9.0,9,,,,,,
,,,,,7565,5.0,5,,,,,,
,,,,,7569,4.0,4,,,,,,
,,,,,7572,3.0,3,,,,,,
,,,,,7577,5.0,5,,,,,,
,,,,,7582,5.0,5,,,,,,
,,,,,7590,8.0,8,,,,,,
,,,,,7597,7.0,7,,,,,,
,,,,,7606,9.0,9,,,,,,
,,,,,7611,5.0,5,,,,,,
,,,,,7614,3.0,3,,,,,,
,,,,,7618,4.0,4,,,,,,
,,,,,7624,6.0,6,,,,,,
,,,,,7629,5.0,5,,,,,,
,,,,,7633,4.0,4,,,,,,
,,,,,7645,12.0,12,,,,,,
,,,,,7655,10.0,10,,,,,,
,,,,,7661,6.0,6,,,,,,
,,,,,7680,19.0,19,,,,,,
,,,,,7684,4.0,4,,,,,,
,,,,,7688,4.0,4,,,,,,
,,,,,7713,25.0,25,,,,,,
,,,,,7720,7.0,7,,,,,,
,,,,,7727,7.0,7,,,,,,
,,,,,7738,11.0,11,,,,,,
,,,,,7741,3.0,3,,,,,,
,,,,,7745,4.0,4,,,,,,
,,,,,7753,8.0,8,,,,,,
,,,,,7758,5.0,5,,,,,,
,,,,,7762,4.0,4,,,,,,
,,,,,7766,4.0,4,,,,,,
,,,,,7774,8.0,8,,,,,,
,,,,,7778,4.0,4,,,,,,
,,,,,7783,5.0,5,,,,,,
,,,,,7796,13.0,13,,,,,,
,,,,,7800,4.0,4,,,,,,
,,,,,7803,3.0,3,,,,,,
,,,,,7810,7.0,7,,,,,,
,,,,,7825,15.0,15,,,,,,
,,,,,7829,4.0,4,,,,,,
,,,,,7835,6.0,6,,,,,,
,,,,,7841,6.0,6,,,,,,
,,,,,7844,3.0,3,,,,,,
,,,,,7850,6.0,6,,,,,,
,,,,,7855,5.0,5,,,,,,
,,,,,7866,11.0,11,,,,,,
,,,,,7874,8.0,8,,,,,,
,,,,,7890,16.0,16,,,,,,
,,,,,7895,5.0,5,,,,,,
,,,,,7900,5.0,5,,,,,,
,,,,,7907,7.0,7,,,,,,
,,,,,7911,4.0,4,,,,,,
,,,,,7920,9.0,9,,,,,,
,,,,,7930,10.0,10,,,,,,
,,,,,7933,3.0,3,,,,,,
,,,,,7939,6.0,6,,,,,,
,,,,,7943,4.0,4,,,,,,
,,,,,7954,11.0,11,,,,,,
,,,,,7965,11.0,11,,,,,,
,,,,,7969,4.0,4,,,,,,
,,,,,7972,3.0,3,,,,,,
,,,,,7986,14.0,14,,,,,,
,,,,,7989,3.0,3,,,,,,
,,,,,7995,6.0,6,,,,,,
,,,,,8000,,,1.472851276397705,5.147101402282715,5.122818946838379,0.0003,0.0003,0.1
,,,,,8002,7.0,7,,,,,,
,,,,,8012,10.0,10,,,,,,
,,,,,8020,8.0,8,,,,,,
,,,,,8023,3.0,3,,,,,,
,,,,,8032,9.0,9,,,,,,
,,,,,8044,12.0,12,,,,,,
,,,,,8052,8.0,8,,,,,,
,,,,,8058,6.0,6,,,,,,
,,,,,8062,4.0,4,,,,,,
,,,,,8070,8.0,8,,,,,,
,,,,,8080,10.0,10,,,,,,
,,,,,8084,4.0,4,,,,,,
,,,,,8088,4.0,4,,,,,,
,,,,,8095,7.0,7,,,,,,
,,,,,8101,6.0,6,,,,,,
,,,,,8104,3.0,3,,,,,,
,,,,,8108,4.0,4,,,,,,
,,,,,8114,6.0,6,,,,,,
,,,,,8117,3.0,3,,,,,,
,,,,,8120,3.0,3,,,,,,
,,,,,8123,3.0,3,,,,,,
,,,,,8136,13.0,13,,,,,,
,,,,,8140,4.0,4,,,,,,
,,,,,8145,5.0,5,,,,,,
,,,,,8157,12.0,12,,,,,,
,,,,,8164,7.0,7,,,,,,
,,,,,8168,4.0,4,,,,,,
,,,,,8174,6.0,6,,,,,,
,,,,,8179,5.0,5,,,,,,
,,,,,8183,4.0,4,,,,,,
,,,,,8186,3.0,3,,,,,,
,,,,,8190,4.0,4,,,,,,
,,,,,8194,4.0,4,,,,,,
,,,,,8199,5.0,5,,,,,,
,,,,,8202,3.0,3,,,,,,
,,,,,8216,14.0,14,,,,,,
,,,,,8226,10.0,10,,,,,,
,,,,,8234,8.0,8,,,,,,
,,,,,8237,3.0,3,,,,,,
,,,,,8242,5.0,5,,,,,,
,,,,,8246,4.0,4,,,,,,
,,,,,8250,4.0,4,,,,,,
,,,,,8260,10.0,10,,,,,,
,,,,,8264,4.0,4,,,,,,
,,,,,8270,6.0,6,,,,,,
,,,,,8277,7.0,7,,,,,,
,,,,,8284,7.0,7,,,,,,
,,,,,8288,4.0,4,,,,,,
,,,,,8305,17.0,17,,,,,,
,,,,,8314,9.0,9,,,,,,
,,,,,8318,4.0,4,,,,,,
,,,,,8321,3.0,3,,,,,,
,,,,,8325,4.0,4,,,,,,
,,,,,8329,4.0,4,,,,,,
,,,,,8333,4.0,4,,,,,,
,,,,,8339,6.0,6,,,,,,
,,,,,8342,3.0,3,,,,,,
,,,,,8348,6.0,6,,,,,,
,,,,,8357,9.0,9,,,,,,
,,,,,8365,8.0,8,,,,,,
,,,,,8368,3.0,3,,,,,,
,,,,,8377,9.0,9,,,,,,
,,,,,8389,12.0,12,,,,,,
,,,,,8402,13.0,13,,,,,,
,,,,,8405,3.0,3,,,,,,
,,,,,8413,8.0,8,,,,,,
,,,,,8426,13.0,13,,,,,,
,,,,,8432,6.0,6,,,,,,
,,,,,8435,3.0,3,,,,,,
,,,,,8441,6.0,6,,,,,,
,,,,,8448,7.0,7,,,,,,
,,,,,8452,4.0,4,,,,,,
,,,,,8464,12.0,12,,,,,,
,,,,,8469,5.0,5,,,,,,
,,,,,8474,5.0,5,,,,,,
,,,,,8477,3.0,3,,,,,,
,,,,,8485,8.0,8,,,,,,
,,,,,8489,4.0,4,,,,,,
,,,,,8494,5.0,5,,,,,,
,,,,,8498,4.0,4,,,,,,
,,,,,8511,13.0,13,,,,,,
,,,,,8518,7.0,7,,,,,,
,,,,,8525,7.0,7,,,,,,
,,,,,8528,3.0,3,,,,,,
,,,,,8541,13.0,13,,,,,,
,,,,,8545,4.0,4,,,,,,
,,,,,8552,7.0,7,,,,,,
,,,,,8555,3.0,3,,,,,,
,,,,,8567,12.0,12,,,,,,
,,,,,8575,8.0,8,,,,,,
,,,,,8584,9.0,9,,,,,,
,,,,,8587,3.0,3,,,,,,
,,,,,8594,7.0,7,,,,,,
,,,,,8598,4.0,4,,,,,,
,,,,,8607,9.0,9,,,,,,
,,,,,8614,7.0,7,,,,,,
,,,,,8620,6.0,6,,,,,,
,,,,,8624,4.0,4,,,,,,
,,,,,8632,8.0,8,,,,,,
,,,,,8636,4.0,4,,,,,,
,,,,,8640,4.0,4,,,,,,
,,,,,8643,3.0,3,,,,,,
,,,,,8653,10.0,10,,,,,,
,,,,,8656,3.0,3,,,,,,
,,,,,8660,4.0,4,,,,,,
,,,,,8664,4.0,4,,,,,,
,,,,,8668,4.0,4,,,,,,
,,,,,8676,8.0,8,,,,,,
,,,,,8681,5.0,5,,,,,,
,,,,,8685,4.0,4,,,,,,
,,,,,8695,10.0,10,,,,,,
,,,,,8699,4.0,4,,,,,,
,,,,,8714,15.0,15,,,,,,
,,,,,8722,8.0,8,,,,,,
,,,,,8729,7.0,7,,,,,,
,,,,,8733,4.0,4,,,,,,
,,,,,8739,6.0,6,,,,,,
,,,,,8745,6.0,6,,,,,,
,,,,,8756,11.0,11,,,,,,
,,,,,8766,10.0,10,,,,,,
,,,,,8769,3.0,3,,,,,,
,,,,,8783,14.0,14,,,,,,
,,,,,8787,4.0,4,,,,,,
,,,,,8801,14.0,14,,,,,,
,,,,,8807,6.0,6,,,,,,
,,,,,8810,3.0,3,,,,,,
,,,,,8813,3.0,3,,,,,,
,,,,,8816,3.0,3,,,,,,
,,,,,8822,6.0,6,,,,,,
,,,,,8830,8.0,8,,,,,,
,,,,,8835,5.0,5,,,,,,
,,,,,8845,10.0,10,,,,,,
,,,,,8857,12.0,12,,,,,,
,,,,,8861,4.0,4,,,,,,
,,,,,8866,5.0,5,,,,,,
,,,,,8872,6.0,6,,,,,,
,,,,,8876,4.0,4,,,,,,
,,,,,8881,5.0,5,,,,,,
,,,,,8887,6.0,6,,,,,,
,,,,,8891,4.0,4,,,,,,
,,,,,8912,21.0,21,,,,,,
,,,,,8916,4.0,4,,,,,,
,,,,,8927,11.0,11,,,,,,
,,,,,8937,10.0,10,,,,,,
,,,,,8951,14.0,14,,,,,,
,,,,,8954,3.0,3,,,,,,
,,,,,8960,6.0,6,,,,,,
,,,,,8966,6.0,6,,,,,,
,,,,,8976,10.0,10,,,,,,
,,,,,8988,12.0,12,,,,,,
,,,,,8991,3.0,3,,,,,,
,,,,,8998,7.0,7,,,,,,
,,,,,9000,,,2.390434741973877,5.258731842041016,5.2020111083984375,0.0003,0.0003,0.1
,,,,,9011,13.0,13,,,,,,
,,,,,9025,14.0,14,,,,,,
,,,,,9045,20.0,20,,,,,,
,,,,,9059,14.0,14,,,,,,
,,,,,9062,3.0,3,,,,,,
,,,,,9067,5.0,5,,,,,,
,,,,,9071,4.0,4,,,,,,
,,,,,9077,6.0,6,,,,,,
,,,,,9083,6.0,6,,,,,,
,,,,,9087,4.0,4,,,,,,
,,,,,9093,6.0,6,,,,,,
,,,,,9096,3.0,3,,,,,,
,,,,,9102,6.0,6,,,,,,
,,,,,9115,13.0,13,,,,,,
,,,,,9123,8.0,8,,,,,,
,,,,,9127,4.0,4,,,,,,
,,,,,9131,4.0,4,,,,,,
,,,,,9140,9.0,9,,,,,,
,,,,,9144,4.0,4,,,,,,
,,,,,9152,8.0,8,,,,,,
,,,,,9156,4.0,4,,,,,,
,,,,,9168,12.0,12,,,,,,
,,,,,9176,8.0,8,,,,,,
,,,,,9181,5.0,5,,,,,,
,,,,,9200,19.0,19,,,,,,
,,,,,9205,5.0,5,,,,,,
,,,,,9213,8.0,8,,,,,,
,,,,,9217,4.0,4,,,,,,
,,,,,9220,3.0,3,,,,,,
,,,,,9223,3.0,3,,,,,,
,,,,,9226,3.0,3,,,,,,
,,,,,9231,5.0,5,,,,,,
,,,,,9238,7.0,7,,,,,,
,,,,,9249,11.0,11,,,,,,
,,,,,9252,3.0,3,,,,,,
,,,,,9257,5.0,5,,,,,,
,,,,,9260,3.0,3,,,,,,
,,,,,9264,4.0,4,,,,,,
,,,,,9268,4.0,4,,,,,,
,,,,,9273,5.0,5,,,,,,
,,,,,9278,5.0,5,,,,,,
,,,,,9283,5.0,5,,,,,,
,,,,,9288,5.0,5,,,,,,
,,,,,9292,4.0,4,,,,,,
,,,,,9300,8.0,8,,,,,,
,,,,,9308,8.0,8,,,,,,
,,,,,9313,5.0,5,,,,,,
,,,,,9317,4.0,4,,,,,,
,,,,,9324,7.0,7,,,,,,
,,,,,9332,8.0,8,,,,,,
,,,,,9346,14.0,14,,,,,,
,,,,,9353,7.0,7,,,,,,
,,,,,9360,7.0,7,,,,,,
,,,,,9370,10.0,10,,,,,,
,,,,,9373,3.0,3,,,,,,
,,,,,9376,3.0,3,,,,,,
,,,,,9393,17.0,17,,,,,,
,,,,,9401,8.0,8,,,,,,
,,,,,9405,4.0,4,,,,,,
,,,,,9429,24.0,24,,,,,,
,,,,,9435,6.0,6,,,,,,
,,,,,9441,6.0,6,,,,,,
,,,,,9447,6.0,6,,,,,,
,,,,,9455,8.0,8,,,,,,
,,,,,9458,3.0,3,,,,,,
,,,,,9464,6.0,6,,,,,,
,,,,,9467,3.0,3,,,,,,
,,,,,9473,6.0,6,,,,,,
,,,,,9481,8.0,8,,,,,,
,,,,,9488,7.0,7,,,,,,
,,,,,9494,6.0,6,,,,,,
,,,,,9503,9.0,9,,,,,,
,,,,,9513,10.0,10,,,,,,
,,,,,9517,4.0,4,,,,,,
,,,,,9522,5.0,5,,,,,,
,,,,,9532,10.0,10,,,,,,
,,,,,9536,4.0,4,,,,,,
,,,,,9539,3.0,3,,,,,,
,,,,,9546,7.0,7,,,,,,
,,,,,9563,17.0,17,,,,,,
,,,,,9568,5.0,5,,,,,,
,,,,,9576,8.0,8,,,,,,
,,,,,9580,4.0,4,,,,,,
,,,,,9583,3.0,3,,,,,,
,,,,,9588,5.0,5,,,,,,
,,,,,9594,6.0,6,,,,,,
,,,,,9597,3.0,3,,,,,,
,,,,,9607,10.0,10,,,,,,
,,,,,9613,6.0,6,,,,,,
,,,,,9620,7.0,7,,,,,,
,,,,,9625,5.0,5,,,,,,
,,,,,9629,4.0,4,,,,,,
,,,,,9644,15.0,15,,,,,,
,,,,,9648,4.0,4,,,,,,
,,,,,9652,4.0,4,,,,,,
,,,,,9660,8.0,8,,,,,,
,,,,,9671,11.0,11,,,,,,
,,,,,9683,12.0,12,,,,,,
,,,,,9686,3.0,3,,,,,,
,,,,,9689,3.0,3,,,,,,
,,,,,9704,15.0,15,,,,,,
,,,,,9708,4.0,4,,,,,,
,,,,,9712,4.0,4,,,,,,
,,,,,9722,10.0,10,,,,,,
,,,,,9731,9.0,9,,,,,,
,,,,,9736,5.0,5,,,,,,
,,,,,9748,12.0,12,,,,,,
,,,,,9754,6.0,6,,,,,,
,,,,,9758,4.0,4,,,,,,
,,,,,9766,8.0,8,,,,,,
,,,,,9773,7.0,7,,,,,,
,,,,,9781,8.0,8,,,,,,
,,,,,9806,25.0,25,,,,,,
,,,,,9810,4.0,4,,,,,,
,,,,,9816,6.0,6,,,,,,
,,,,,9824,8.0,8,,,,,,
,,,,,9829,5.0,5,,,,,,
,,,,,9836,7.0,7,,,,,,
,,,,,9840,4.0,4,,,,,,
,,,,,9845,5.0,5,,,,,,
,,,,,9852,7.0,7,,,,,,
,,,,,9855,3.0,3,,,,,,
,,,,,9861,6.0,6,,,,,,
,,,,,9864,3.0,3,,,,,,
,,,,,9874,10.0,10,,,,,,
,,,,,9879,5.0,5,,,,,,
,,,,,9890,11.0,11,,,,,,
,,,,,9898,8.0,8,,,,,,
,,,,,9904,6.0,6,,,,,,
,,,,,9909,5.0,5,,,,,,
,,,,,9914,5.0,5,,,,,,
,,,,,9918,4.0,4,,,,,,
,,,,,9926,8.0,8,,,,,,
,,,,,9930,4.0,4,,,,,,
,,,,,9936,6.0,6,,,,,,
,,,,,9943,7.0,7,,,,,,
,,,,,9949,6.0,6,,,,,,
,,,,,9954,5.0,5,,,,,,
,,,,,9959,5.0,5,,,,,,
,,,,,9962,3.0,3,,,,,,
,,,,,9965,3.0,3,,,,,,
,,,,,9973,8.0,8,,,,,,
,,,,,9976,3.0,3,,,,,,
,,,,,9990,14.0,14,,,,,,
,,,,,9997,7.0,7,,,,,,
6.3,2.7221315,11.0,3.0,6.3,10000,,,2.7534775733947754,5.015408992767334,4.923750877380371,0.0003,0.0003,0.1
,,,,,10004,7.0,7,,,,,,
,,,,,10020,16.0,16,,,,,,
,,,,,10039,19.0,19,,,,,,
,,,,,10046,7.0,7,,,,,,
,,,,,10063,17.0,17,,,,,,
,,,,,10066,3.0,3,,,,,,
,,,,,10072,6.0,6,,,,,,
,,,,,10090,18.0,18,,,,,,
,,,,,10096,6.0,6,,,,,,
,,,,,10110,14.0,14,,,,,,
,,,,,10118,8.0,8,,,,,,
,,,,,10124,6.0,6,,,,,,
,,,,,10139,15.0,15,,,,,,
,,,,,10163,24.0,24,,,,,,
,,,,,10169,6.0,6,,,,,,
,,,,,10176,7.0,7,,,,,,
,,,,,10184,8.0,8,,,,,,
,,,,,10193,9.0,9,,,,,,
,,,,,10198,5.0,5,,,,,,
,,,,,10234,36.0,36,,,,,,
,,,,,10238,4.0,4,,,,,,
,,,,,10254,16.0,16,,,,,,
,,,,,10257,3.0,3,,,,,,
,,,,,10263,6.0,6,,,,,,
,,,,,10266,3.0,3,,,,,,
,,,,,10280,14.0,14,,,,,,
,,,,,10284,4.0,4,,,,,,
,,,,,10288,4.0,4,,,,,,
,,,,,10294,6.0,6,,,,,,
,,,,,10297,3.0,3,,,,,,
,,,,,10301,4.0,4,,,,,,
,,,,,10305,4.0,4,,,,,,
,,,,,10318,13.0,13,,,,,,
,,,,,10329,11.0,11,,,,,,
,,,,,10334,5.0,5,,,,,,
,,,,,10346,12.0,12,,,,,,
,,,,,10349,3.0,3,,,,,,
,,,,,10354,5.0,5,,,,,,
,,,,,10357,3.0,3,,,,,,
,,,,,10360,3.0,3,,,,,,
,,,,,10369,9.0,9,,,,,,
,,,,,10372,3.0,3,,,,,,
,,,,,10379,7.0,7,,,,,,
,,,,,10388,9.0,9,,,,,,
,,,,,10396,8.0,8,,,,,,
,,,,,10399,3.0,3,,,,,,
,,,,,10403,4.0,4,,,,,,
,,,,,10408,5.0,5,,,,,,
,,,,,10413,5.0,5,,,,,,
,,,,,10416,3.0,3,,,,,,
,,,,,10420,4.0,4,,,,,,
,,,,,10427,7.0,7,,,,,,
,,,,,10430,3.0,3,,,,,,
,,,,,10435,5.0,5,,,,,,
,,,,,10442,7.0,7,,,,,,
,,,,,10451,9.0,9,,,,,,
,,,,,10455,4.0,4,,,,,,
,,,,,10461,6.0,6,,,,,,
,,,,,10465,4.0,4,,,,,,
,,,,,10481,16.0,16,,,,,,
,,,,,10499,18.0,18,,,,,,
,,,,,10507,8.0,8,,,,,,
,,,,,10512,5.0,5,,,,,,
,,,,,10518,6.0,6,,,,,,
,,,,,10522,4.0,4,,,,,,
,,,,,10526,4.0,4,,,,,,
,,,,,10545,19.0,19,,,,,,
,,,,,10552,7.0,7,,,,,,
,,,,,10564,12.0,12,,,,,,
,,,,,10577,13.0,13,,,,,,
,,,,,10582,5.0,5,,,,,,
,,,,,10585,3.0,3,,,,,,
,,,,,10593,8.0,8,,,,,,
,,,,,10597,4.0,4,,,,,,
,,,,,10604,7.0,7,,,,,,
,,,,,10609,5.0,5,,,,,,
,,,,,10618,9.0,9,,,,,,
,,,,,10622,4.0,4,,,,,,
,,,,,10627,5.0,5,,,,,,
,,,,,10633,6.0,6,,,,,,
,,,,,10642,9.0,9,,,,,,
,,,,,10651,9.0,9,,,,,,
,,,,,10655,4.0,4,,,,,,
,,,,,10661,6.0,6,,,,,,
,,,,,10665,4.0,4,,,,,,
,,,,,10675,10.0,10,,,,,,
,,,,,10678,3.0,3,,,,,,
,,,,,10683,5.0,5,,,,,,
,,,,,10688,5.0,5,,,,,,
,,,,,10692,4.0,4,,,,,,
,,,,,10697,5.0,5,,,,,,
,,,,,10701,4.0,4,,,,,,
,,,,,10708,7.0,7,,,,,,
,,,,,10717,9.0,9,,,,,,
,,,,,10727,10.0,10,,,,,,
,,,,,10731,4.0,4,,,,,,
,,,,,10737,6.0,6,,,,,,
,,,,,10744,7.0,7,,,,,,
,,,,,10747,3.0,3,,,,,,
,,,,,10750,3.0,3,,,,,,
,,,,,10754,4.0,4,,,,,,
,,,,,10760,6.0,6,,,,,,
,,,,,10771,11.0,11,,,,,,
,,,,,10782,11.0,11,,,,,,
,,,,,10786,4.0,4,,,,,,
,,,,,10791,5.0,5,,,,,,
,,,,,10797,6.0,6,,,,,,
,,,,,10800,3.0,3,,,,,,
,,,,,10803,3.0,3,,,,,,
,,,,,10806,3.0,3,,,,,,
,,,,,10810,4.0,4,,,,,,
,,,,,10824,14.0,14,,,,,,
,,,,,10835,11.0,11,,,,,,
,,,,,10838,3.0,3,,,,,,
,,,,,10845,7.0,7,,,,,,
,,,,,10854,9.0,9,,,,,,
,,,,,10858,4.0,4,,,,,,
,,,,,10864,6.0,6,,,,,,
,,,,,10870,6.0,6,,,,,,
,,,,,10877,7.0,7,,,,,,
,,,,,10882,5.0,5,,,,,,
,,,,,10890,8.0,8,,,,,,
,,,,,10893,3.0,3,,,,,,
,,,,,10901,8.0,8,,,,,,
,,,,,10904,3.0,3,,,,,,
,,,,,10908,4.0,4,,,,,,
,,,,,10914,6.0,6,,,,,,
,,,,,10922,8.0,8,,,,,,
,,,,,10926,4.0,4,,,,,,
,,,,,10942,16.0,16,,,,,,
,,,,,10946,4.0,4,,,,,,
,,,,,10950,4.0,4,,,,,,
,,,,,10956,6.0,6,,,,,,
,,,,,10960,4.0,4,,,,,,
,,,,,10963,3.0,3,,,,,,
,,,,,10976,13.0,13,,,,,,
,,,,,10979,3.0,3,,,,,,
,,,,,10988,9.0,9,,,,,,
,,,,,10993,5.0,5,,,,,,
,,,,,10996,3.0,3,,,,,,
,,,,,11000,,,2.0700392723083496,5.178507328033447,4.925323963165283,0.0003,0.0003,0.1
,,,,,11004,8.0,8,,,,,,
,,,,,11017,13.0,13,,,,,,
,,,,,11027,10.0,10,,,,,,
,,,,,11032,5.0,5,,,,,,
,,,,,11046,14.0,14,,,,,,
,,,,,11052,6.0,6,,,,,,
,,,,,11056,4.0,4,,,,,,
,,,,,11069,13.0,13,,,,,,
,,,,,11076,7.0,7,,,,,,
,,,,,11089,13.0,13,,,,,,
,,,,,11092,3.0,3,,,,,,
,,,,,11100,8.0,8,,,,,,
,,,,,11117,17.0,17,,,,,,
,,,,,11121,4.0,4,,,,,,
,,,,,11125,4.0,4,,,,,,
,,,,,11129,4.0,4,,,,,,
,,,,,11135,6.0,6,,,,,,
,,,,,11142,7.0,7,,,,,,
,,,,,11146,4.0,4,,,,,,
,,,,,11152,6.0,6,,,,,,
,,,,,11160,8.0,8,,,,,,
,,,,,11170,10.0,10,,,,,,
,,,,,11173,3.0,3,,,,,,
,,,,,11177,4.0,4,,,,,,
,,,,,11181,4.0,4,,,,,,
,,,,,11185,4.0,4,,,,,,
,,,,,11191,6.0,6,,,,,,
,,,,,11198,7.0,7,,,,,,
,,,,,11201,3.0,3,,,,,,
,,,,,11205,4.0,4,,,,,,
,,,,,11212,7.0,7,,,,,,
,,,,,11216,4.0,4,,,,,,
,,,,,11224,8.0,8,,,,,,
,,,,,11236,12.0,12,,,,,,
,,,,,11242,6.0,6,,,,,,
,,,,,11247,5.0,5,,,,,,
,,,,,11254,7.0,7,,,,,,
,,,,,11261,7.0,7,,,,,,
,,,,,11276,15.0,15,,,,,,
,,,,,11280,4.0,4,,,,,,
,,,,,11289,9.0,9,,,,,,
,,,,,11301,12.0,12,,,,,,
,,,,,11305,4.0,4,,,,,,
,,,,,11313,8.0,8,,,,,,
,,,,,11317,4.0,4,,,,,,
,,,,,11325,8.0,8,,,,,,
,,,,,11328,3.0,3,,,,,,
,,,,,11332,4.0,4,,,,,,
,,,,,11350,18.0,18,,,,,,
,,,,,11385,35.0,35,,,,,,
,,,,,11389,4.0,4,,,,,,
,,,,,11395,6.0,6,,,,,,
,,,,,11402,7.0,7,,,,,,
,,,,,11412,10.0,10,,,,,,
,,,,,11416,4.0,4,,,,,,
,,,,,11420,4.0,4,,,,,,
,,,,,11426,6.0,6,,,,,,
,,,,,11438,12.0,12,,,,,,
,,,,,11441,3.0,3,,,,,,
,,,,,11444,3.0,3,,,,,,
,,,,,11448,4.0,4,,,,,,
,,,,,11463,15.0,15,,,,,,
,,,,,11467,4.0,4,,,,,,
,,,,,11477,10.0,10,,,,,,
,,,,,11482,5.0,5,,,,,,
,,,,,11492,10.0,10,,,,,,
,,,,,11497,5.0,5,,,,,,
,,,,,11502,5.0,5,,,,,,
,,,,,11512,10.0,10,,,,,,
,,,,,11516,4.0,4,,,,,,
,,,,,11524,8.0,8,,,,,,
,,,,,11531,7.0,7,,,,,,
,,,,,11539,8.0,8,,,,,,
,,,,,11544,5.0,5,,,,,,
,,,,,11548,4.0,4,,,,,,
,,,,,11552,4.0,4,,,,,,
,,,,,11561,9.0,9,,,,,,
,,,,,11569,8.0,8,,,,,,
,,,,,11575,6.0,6,,,,,,
,,,,,11579,4.0,4,,,,,,
,,,,,11606,27.0,27,,,,,,
,,,,,11615,9.0,9,,,,,,
,,,,,11619,4.0,4,,,,,,
,,,,,11624,5.0,5,,,,,,
,,,,,11632,8.0,8,,,,,,
,,,,,11636,4.0,4,,,,,,
,,,,,11650,14.0,14,,,,,,
,,,,,11656,6.0,6,,,,,,
,,,,,11661,5.0,5,,,,,,
,,,,,11671,10.0,10,,,,,,
,,,,,11675,4.0,4,,,,,,
,,,,,11695,20.0,20,,,,,,
,,,,,11706,11.0,11,,,,,,
,,,,,11726,20.0,20,,,,,,
,,,,,11747,21.0,21,,,,,,
,,,,,11750,3.0,3,,,,,,
,,,,,11754,4.0,4,,,,,,
,,,,,11758,4.0,4,,,,,,
,,,,,11769,11.0,11,,,,,,
,,,,,11772,3.0,3,,,,,,
,,,,,11778,6.0,6,,,,,,
,,,,,11785,7.0,7,,,,,,
,,,,,11789,4.0,4,,,,,,
,,,,,11796,7.0,7,,,,,,
,,,,,11801,5.0,5,,,,,,
,,,,,11810,9.0,9,,,,,,
,,,,,11815,5.0,5,,,,,,
,,,,,11823,8.0,8,,,,,,
,,,,,11828,5.0,5,,,,,,
,,,,,11832,4.0,4,,,,,,
,,,,,11835,3.0,3,,,,,,
,,,,,11843,8.0,8,,,,,,
,,,,,11858,15.0,15,,,,,,
,,,,,11862,4.0,4,,,,,,
,,,,,11866,4.0,4,,,,,,
,,,,,11869,3.0,3,,,,,,
,,,,,11873,4.0,4,,,,,,
,,,,,11883,10.0,10,,,,,,
,,,,,11888,5.0,5,,,,,,
,,,,,11893,5.0,5,,,,,,
,,,,,11902,9.0,9,,,,,,
,,,,,11909,7.0,7,,,,,,
,,,,,11914,5.0,5,,,,,,
,,,,,11917,3.0,3,,,,,,
,,,,,11926,9.0,9,,,,,,
,,,,,11935,9.0,9,,,,,,
,,,,,11940,5.0,5,,,,,,
,,,,,11945,5.0,5,,,,,,
,,,,,11950,5.0,5,,,,,,
,,,,,11953,3.0,3,,,,,,
,,,,,11970,17.0,17,,,,,,
,,,,,11973,3.0,3,,,,,,
,,,,,11984,11.0,11,,,,,,
,,,,,11997,13.0,13,,,,,,
,,,,,12000,,,2.2706668376922607,4.942978858947754,4.858196258544922,0.0003,0.0003,0.1
,,,,,12001,4.0,4,,,,,,
,,,,,12004,3.0,3,,,,,,
,,,,,12025,21.0,21,,,,,,
,,,,,12035,10.0,10,,,,,,
,,,,,12053,18.0,18,,,,,,
,,,,,12056,3.0,3,,,,,,
,,,,,12060,4.0,4,,,,,,
,,,,,12065,5.0,5,,,,,,
,,,,,12068,3.0,3,,,,,,
,,,,,12073,5.0,5,,,,,,
,,,,,12078,5.0,5,,,,,,
,,,,,12089,11.0,11,,,,,,
,,,,,12093,4.0,4,,,,,,
,,,,,12098,5.0,5,,,,,,
,,,,,12102,4.0,4,,,,,,
,,,,,12105,3.0,3,,,,,,
,,,,,12116,11.0,11,,,,,,
,,,,,12121,5.0,5,,,,,,
,,,,,12129,8.0,8,,,,,,
,,,,,12133,4.0,4,,,,,,
,,,,,12136,3.0,3,,,,,,
,,,,,12146,10.0,10,,,,,,
,,,,,12152,6.0,6,,,,,,
,,,,,12161,9.0,9,,,,,,
,,,,,12170,9.0,9,,,,,,
,,,,,12174,4.0,4,,,,,,
,,,,,12185,11.0,11,,,,,,
,,,,,12190,5.0,5,,,,,,
,,,,,12195,5.0,5,,,,,,
,,,,,12199,4.0,4,,,,,,
,,,,,12206,7.0,7,,,,,,
,,,,,12211,5.0,5,,,,,,
,,,,,12217,6.0,6,,,,,,
,,,,,12221,4.0,4,,,,,,
,,,,,12230,9.0,9,,,,,,
,,,,,12234,4.0,4,,,,,,
,,,,,12238,4.0,4,,,,,,
,,,,,12241,3.0,3,,,,,,
,,,,,12249,8.0,8,,,,,,
,,,,,12255,6.0,6,,,,,,
,,,,,12268,13.0,13,,,,,,
,,,,,12272,4.0,4,,,,,,
,,,,,12276,4.0,4,,,,,,
,,,,,12280,4.0,4,,,,,,
,,,,,12296,16.0,16,,,,,,
,,,,,12301,5.0,5,,,,,,
,,,,,12305,4.0,4,,,,,,
,,,,,12313,8.0,8,,,,,,
,,,,,12317,4.0,4,,,,,,
,,,,,12334,17.0,17,,,,,,
,,,,,12343,9.0,9,,,,,,
,,,,,12352,9.0,9,,,,,,
,,,,,12359,7.0,7,,,,,,
,,,,,12363,4.0,4,,,,,,
,,,,,12368,5.0,5,,,,,,
,,,,,12384,16.0,16,,,,,,
,,,,,12393,9.0,9,,,,,,
,,,,,12406,13.0,13,,,,,,
,,,,,12413,7.0,7,,,,,,
,,,,,12417,4.0,4,,,,,,
,,,,,12421,4.0,4,,,,,,
,,,,,12429,8.0,8,,,,,,
,,,,,12439,10.0,10,,,,,,
,,,,,12448,9.0,9,,,,,,
,,,,,12459,11.0,11,,,,,,
,,,,,12470,11.0,11,,,,,,
,,,,,12474,4.0,4,,,,,,
,,,,,12478,4.0,4,,,,,,
,,,,,12481,3.0,3,,,,,,
,,,,,12486,5.0,5,,,,,,
,,,,,12495,9.0,9,,,,,,
,,,,,12503,8.0,8,,,,,,
,,,,,12507,4.0,4,,,,,,
,,,,,12512,5.0,5,,,,,,
,,,,,12515,3.0,3,,,,,,
,,,,,12525,10.0,10,,,,,,
,,,,,12531,6.0,6,,,,,,
,,,,,12534,3.0,3,,,,,,
,,,,,12543,9.0,9,,,,,,
,,,,,12552,9.0,9,,,,,,
,,,,,12556,4.0,4,,,,,,
,,,,,12560,4.0,4,,,,,,
,,,,,12569,9.0,9,,,,,,
,,,,,12572,3.0,3,,,,,,
,,,,,12580,8.0,8,,,,,,
,,,,,12587,7.0,7,,,,,,
,,,,,12597,10.0,10,,,,,,
,,,,,12600,3.0,3,,,,,,
,,,,,12604,4.0,4,,,,,,
,,,,,12613,9.0,9,,,,,,
,,,,,12617,4.0,4,,,,,,
,,,,,12626,9.0,9,,,,,,
,,,,,12629,3.0,3,,,,,,
,,,,,12638,9.0,9,,,,,,
,,,,,12641,3.0,3,,,,,,
,,,,,12653,12.0,12,,,,,,
,,,,,12657,4.0,4,,,,,,
,,,,,12667,10.0,10,,,,,,
,,,,,12675,8.0,8,,,,,,
,,,,,12678,3.0,3,,,,,,
,,,,,12683,5.0,5,,,,,,
,,,,,12687,4.0,4,,,,,,
,,,,,12694,7.0,7,,,,,,
,,,,,12697,3.0,3,,,,,,
,,,,,12714,17.0,17,,,,,,
,,,,,12718,4.0,4,,,,,,
,,,,,12721,3.0,3,,,,,,
,,,,,12724,3.0,3,,,,,,
,,,,,12728,4.0,4,,,,,,
,,,,,12732,4.0,4,,,,,,
,,,,,12739,7.0,7,,,,,,
,,,,,12746,7.0,7,,,,,,
,,,,,12759,13.0,13,,,,,,
,,,,,12771,12.0,12,,,,,,
,,,,,12776,5.0,5,,,,,,
,,,,,12780,4.0,4,,,,,,
,,,,,12792,12.0,12,,,,,,
,,,,,12800,8.0,8,,,,,,
,,,,,12803,3.0,3,,,,,,
,,,,,12807,4.0,4,,,,,,
,,,,,12814,7.0,7,,,,,,
,,,,,12817,3.0,3,,,,,,
,,,,,12821,4.0,4,,,,,,
,,,,,12824,3.0,3,,,,,,
,,,,,12829,5.0,5,,,,,,
,,,,,12842,13.0,13,,,,,,
,,,,,12847,5.0,5,,,,,,
,,,,,12865,18.0,18,,,,,,
,,,,,12869,4.0,4,,,,,,
,,,,,12874,5.0,5,,,,,,
,,,,,12892,18.0,18,,,,,,
,,,,,12898,6.0,6,,,,,,
,,,,,12905,7.0,7,,,,,,
,,,,,12909,4.0,4,,,,,,
,,,,,12912,3.0,3,,,,,,
,,,,,12923,11.0,11,,,,,,
,,,,,12926,3.0,3,,,,,,
,,,,,12933,7.0,7,,,,,,
,,,,,12939,6.0,6,,,,,,
,,,,,12964,25.0,25,,,,,,
,,,,,12975,11.0,11,,,,,,
,,,,,12981,6.0,6,,,,,,
,,,,,12984,3.0,3,,,,,,
,,,,,12987,3.0,3,,,,,,
,,,,,12994,7.0,7,,,,,,
,,,,,12999,5.0,5,,,,,,
,,,,,13000,,,1.9805747270584106,4.917205810546875,4.959926605224609,0.0003,0.0003,0.1
,,,,,13005,6.0,6,,,,,,
,,,,,13010,5.0,5,,,,,,
,,,,,13015,5.0,5,,,,,,
,,,,,13020,5.0,5,,,,,,
,,,,,13036,16.0,16,,,,,,
,,,,,13039,3.0,3,,,,,,
,,,,,13045,6.0,6,,,,,,
,,,,,13055,10.0,10,,,,,,
,,,,,13064,9.0,9,,,,,,
,,,,,13070,6.0,6,,,,,,
,,,,,13078,8.0,8,,,,,,
,,,,,13089,11.0,11,,,,,,
,,,,,13104,15.0,15,,,,,,
,,,,,13109,5.0,5,,,,,,
,,,,,13112,3.0,3,,,,,,
,,,,,13117,5.0,5,,,,,,
,,,,,13123,6.0,6,,,,,,
,,,,,13126,3.0,3,,,,,,
,,,,,13135,9.0,9,,,,,,
,,,,,13138,3.0,3,,,,,,
,,,,,13145,7.0,7,,,,,,
,,,,,13149,4.0,4,,,,,,
,,,,,13156,7.0,7,,,,,,
,,,,,13160,4.0,4,,,,,,
,,,,,13164,4.0,4,,,,,,
,,,,,13177,13.0,13,,,,,,
,,,,,13183,6.0,6,,,,,,
,,,,,13187,4.0,4,,,,,,
,,,,,13197,10.0,10,,,,,,
,,,,,13201,4.0,4,,,,,,
,,,,,13204,3.0,3,,,,,,
,,,,,13215,11.0,11,,,,,,
,,,,,13220,5.0,5,,,,,,
,,,,,13224,4.0,4,,,,,,
,,,,,13227,3.0,3,,,,,,
,,,,,13231,4.0,4,,,,,,
,,,,,13244,13.0,13,,,,,,
,,,,,13250,6.0,6,,,,,,
,,,,,13257,7.0,7,,,,,,
,,,,,13260,3.0,3,,,,,,
,,,,,13263,3.0,3,,,,,,
,,,,,13266,3.0,3,,,,,,
,,,,,13270,4.0,4,,,,,,
,,,,,13275,5.0,5,,,,,,
,,,,,13278,3.0,3,,,,,,
,,,,,13285,7.0,7,,,,,,
,,,,,13297,12.0,12,,,,,,
,,,,,13302,5.0,5,,,,,,
,,,,,13310,8.0,8,,,,,,
,,,,,13318,8.0,8,,,,,,
,,,,,13321,3.0,3,,,,,,
,,,,,13324,3.0,3,,,,,,
,,,,,13328,4.0,4,,,,,,
,,,,,13340,12.0,12,,,,,,
,,,,,13347,7.0,7,,,,,,
,,,,,13356,9.0,9,,,,,,
,,,,,13367,11.0,11,,,,,,
,,,,,13374,7.0,7,,,,,,
,,,,,13380,6.0,6,,,,,,
,,,,,13384,4.0,4,,,,,,
,,,,,13388,4.0,4,,,,,,
,,,,,13400,12.0,12,,,,,,
,,,,,13405,5.0,5,,,,,,
,,,,,13414,9.0,9,,,,,,
,,,,,13422,8.0,8,,,,,,
,,,,,13430,8.0,8,,,,,,
,,,,,13434,4.0,4,,,,,,
,,,,,13441,7.0,7,,,,,,
,,,,,13447,6.0,6,,,,,,
,,,,,13455,8.0,8,,,,,,
,,,,,13459,4.0,4,,,,,,
,,,,,13466,7.0,7,,,,,,
,,,,,13472,6.0,6,,,,,,
,,,,,13478,6.0,6,,,,,,
,,,,,13481,3.0,3,,,,,,
,,,,,13501,20.0,20,,,,,,
,,,,,13506,5.0,5,,,,,,
,,,,,13513,7.0,7,,,,,,
,,,,,13516,3.0,3,,,,,,
,,,,,13524,8.0,8,,,,,,
,,,,,13530,6.0,6,,,,,,
,,,,,13536,6.0,6,,,,,,
,,,,,13541,5.0,5,,,,,,
,,,,,13552,11.0,11,,,,,,
,,,,,13555,3.0,3,,,,,,
,,,,,13569,14.0,14,,,,,,
,,,,,13585,16.0,16,,,,,,
,,,,,13598,13.0,13,,,,,,
,,,,,13618,20.0,20,,,,,,
,,,,,13628,10.0,10,,,,,,
,,,,,13634,6.0,6,,,,,,
,,,,,13638,4.0,4,,,,,,
,,,,,13648,10.0,10,,,,,,
,,,,,13652,4.0,4,,,,,,
,,,,,13660,8.0,8,,,,,,
,,,,,13663,3.0,3,,,,,,
,,,,,13668,5.0,5,,,,,,
,,,,,13676,8.0,8,,,,,,
,,,,,13698,22.0,22,,,,,,
,,,,,13705,7.0,7,,,,,,
,,,,,13708,3.0,3,,,,,,
,,,,,13713,5.0,5,,,,,,
,,,,,13718,5.0,5,,,,,,
,,,,,13732,14.0,14,,,,,,
,,,,,13738,6.0,6,,,,,,
,,,,,13742,4.0,4,,,,,,
,,,,,13746,4.0,4,,,,,,
,,,,,13750,4.0,4,,,,,,
,,,,,13754,4.0,4,,,,,,
,,,,,13765,11.0,11,,,,,,
,,,,,13768,3.0,3,,,,,,
,,,,,13773,5.0,5,,,,,,
,,,,,13783,10.0,10,,,,,,
,,,,,13786,3.0,3,,,,,,
,,,,,13795,9.0,9,,,,,,
,,,,,13811,16.0,16,,,,,,
,,,,,13821,10.0,10,,,,,,
,,,,,13827,6.0,6,,,,,,
,,,,,13830,3.0,3,,,,,,
,,,,,13834,4.0,4,,,,,,
,,,,,13847,13.0,13,,,,,,
,,,,,13854,7.0,7,,,,,,
,,,,,13867,13.0,13,,,,,,
,,,,,13870,3.0,3,,,,,,
,,,,,13873,3.0,3,,,,,,
,,,,,13878,5.0,5,,,,,,
,,,,,13886,8.0,8,,,,,,
,,,,,13898,12.0,12,,,,,,
,,,,,13904,6.0,6,,,,,,
,,,,,13933,29.0,29,,,,,,
,,,,,13943,10.0,10,,,,,,
,,,,,13947,4.0,4,,,,,,
,,,,,13950,3.0,3,,,,,,
,,,,,13956,6.0,6,,,,,,
,,,,,13959,3.0,3,,,,,,
,,,,,13963,4.0,4,,,,,,
,,,,,13972,9.0,9,,,,,,
,,,,,13980,8.0,8,,,,,,
,,,,,13984,4.0,4,,,,,,
,,,,,13988,4.0,4,,,,,,
,,,,,13993,5.0,5,,,,,,
,,,,,13999,6.0,6,,,,,,
,,,,,14000,,,1.7469679117202759,4.997210502624512,4.937386989593506,0.0003,0.0003,0.1
,,,,,14004,5.0,5,,,,,,
,,,,,14007,3.0,3,,,,,,
,,,,,14011,4.0,4,,,,,,
,,,,,14015,4.0,4,,,,,,
,,,,,14021,6.0,6,,,,,,
,,,,,14025,4.0,4,,,,,,
,,,,,14028,3.0,3,,,,,,
,,,,,14036,8.0,8,,,,,,
,,,,,14042,6.0,6,,,,,,
,,,,,14055,13.0,13,,,,,,
,,,,,14061,6.0,6,,,,,,
,,,,,14066,5.0,5,,,,,,
,,,,,14072,6.0,6,,,,,,
,,,,,14083,11.0,11,,,,,,
,,,,,14092,9.0,9,,,,,,
,,,,,14097,5.0,5,,,,,,
,,,,,14102,5.0,5,,,,,,
,,,,,14105,3.0,3,,,,,,
,,,,,14109,4.0,4,,,,,,
,,,,,14116,7.0,7,,,,,,
,,,,,14120,4.0,4,,,,,,
,,,,,14132,12.0,12,,,,,,
,,,,,14138,6.0,6,,,,,,
,,,,,14141,3.0,3,,,,,,
,,,,,14146,5.0,5,,,,,,
,,,,,14150,4.0,4,,,,,,
,,,,,14156,6.0,6,,,,,,
,,,,,14166,10.0,10,,,,,,
,,,,,14173,7.0,7,,,,,,
,,,,,14178,5.0,5,,,,,,
,,,,,14189,11.0,11,,,,,,
,,,,,14193,4.0,4,,,,,,
,,,,,14196,3.0,3,,,,,,
,,,,,14205,9.0,9,,,,,,
,,,,,14212,7.0,7,,,,,,
,,,,,14217,5.0,5,,,,,,
,,,,,14233,16.0,16,,,,,,
,,,,,14236,3.0,3,,,,,,
,,,,,14244,8.0,8,,,,,,
,,,,,14250,6.0,6,,,,,,
,,,,,14256,6.0,6,,,,,,
,,,,,14260,4.0,4,,,,,,
,,,,,14263,3.0,3,,,,,,
,,,,,14267,4.0,4,,,,,,
,,,,,14285,18.0,18,,,,,,
,,,,,14292,7.0,7,,,,,,
,,,,,14299,7.0,7,,,,,,
,,,,,14313,14.0,14,,,,,,
,,,,,14322,9.0,9,,,,,,
,,,,,14331,9.0,9,,,,,,
,,,,,14335,4.0,4,,,,,,
,,,,,14353,18.0,18,,,,,,
,,,,,14362,9.0,9,,,,,,
,,,,,14368,6.0,6,,,,,,
,,,,,14374,6.0,6,,,,,,
,,,,,14378,4.0,4,,,,,,
,,,,,14381,3.0,3,,,,,,
,,,,,14386,5.0,5,,,,,,
,,,,,14390,4.0,4,,,,,,
,,,,,14394,4.0,4,,,,,,
,,,,,14398,4.0,4,,,,,,
,,,,,14402,4.0,4,,,,,,
,,,,,14410,8.0,8,,,,,,
,,,,,14414,4.0,4,,,,,,
,,,,,14428,14.0,14,,,,,,
,,,,,14440,12.0,12,,,,,,
,,,,,14444,4.0,4,,,,,,
,,,,,14448,4.0,4,,,,,,
,,,,,14465,17.0,17,,,,,,
,,,,,14472,7.0,7,,,,,,
,,,,,14486,14.0,14,,,,,,
,,,,,14490,4.0,4,,,,,,
,,,,,14496,6.0,6,,,,,,
,,,,,14501,5.0,5,,,,,,
,,,,,14504,3.0,3,,,,,,
,,,,,14509,5.0,5,,,,,,
,,,,,14516,7.0,7,,,,,,
,,,,,14520,4.0,4,,,,,,
,,,,,14524,4.0,4,,,,,,
,,,,,14527,3.0,3,,,,,,
,,,,,14542,15.0,15,,,,,,
,,,,,14546,4.0,4,,,,,,
,,,,,14550,4.0,4,,,,,,
,,,,,14560,10.0,10,,,,,,
,,,,,14567,7.0,7,,,,,,
,,,,,14573,6.0,6,,,,,,
,,,,,14578,5.0,5,,,,,,
,,,,,14590,12.0,12,,,,,,
,,,,,14593,3.0,3,,,,,,
,,,,,14599,6.0,6,,,,,,
,,,,,14611,12.0,12,,,,,,
,,,,,14615,4.0,4,,,,,,
,,,,,14618,3.0,3,,,,,,
,,,,,14621,3.0,3,,,,,,
,,,,,14624,3.0,3,,,,,,
,,,,,14630,6.0,6,,,,,,
,,,,,14635,5.0,5,,,,,,
,,,,,14639,4.0,4,,,,,,
,,,,,14644,5.0,5,,,,,,
,,,,,14648,4.0,4,,,,,,
,,,,,14655,7.0,7,,,,,,
,,,,,14664,9.0,9,,,,,,
,,,,,14670,6.0,6,,,,,,
,,,,,14677,7.0,7,,,,,,
,,,,,14680,3.0,3,,,,,,
,,,,,14685,5.0,5,,,,,,
,,,,,14692,7.0,7,,,,,,
,,,,,14697,5.0,5,,,,,,
,,,,,14701,4.0,4,,,,,,
,,,,,14709,8.0,8,,,,,,
,,,,,14719,10.0,10,,,,,,
,,,,,14722,3.0,3,,,,,,
,,,,,14728,6.0,6,,,,,,
,,,,,14745,17.0,17,,,,,,
,,,,,14749,4.0,4,,,,,,
,,,,,14760,11.0,11,,,,,,
,,,,,14763,3.0,3,,,,,,
,,,,,14768,5.0,5,,,,,,
,,,,,14774,6.0,6,,,,,,
,,,,,14778,4.0,4,,,,,,
,,,,,14783,5.0,5,,,,,,
,,,,,14800,17.0,17,,,,,,
,,,,,14807,7.0,7,,,,,,
,,,,,14811,4.0,4,,,,,,
,,,,,14816,5.0,5,,,,,,
,,,,,14826,10.0,10,,,,,,
,,,,,14832,6.0,6,,,,,,
,,,,,14835,3.0,3,,,,,,
,,,,,14841,6.0,6,,,,,,
,,,,,14846,5.0,5,,,,,,
,,,,,14852,6.0,6,,,,,,
,,,,,14857,5.0,5,,,,,,
,,,,,14866,9.0,9,,,,,,
,,,,,14874,8.0,8,,,,,,
,,,,,14877,3.0,3,,,,,,
,,,,,14882,5.0,5,,,,,,
,,,,,14885,3.0,3,,,,,,
,,,,,14889,4.0,4,,,,,,
,,,,,14907,18.0,18,,,,,,
,,,,,14914,7.0,7,,,,,,
,,,,,14926,12.0,12,,,,,,
,,,,,14933,7.0,7,,,,,,
,,,,,14944,11.0,11,,,,,,
,,,,,14957,13.0,13,,,,,,
,,,,,14960,3.0,3,,,,,,
,,,,,14974,14.0,14,,,,,,
,,,,,14994,20.0,20,,,,,,
,,,,,14999,5.0,5,,,,,,
5.7,1.0049876,7.0,4.0,5.7,15000,,,1.9855573177337646,4.801446914672852,4.916293144226074,0.0003,0.0003,0.1
,,,,,15003,4.0,4,,,,,,
,,,,,15011,8.0,8,,,,,,
,,,,,15016,5.0,5,,,,,,
,,,,,15019,3.0,3,,,,,,
,,,,,15023,4.0,4,,,,,,
,,,,,15030,7.0,7,,,,,,
,,,,,15036,6.0,6,,,,,,
,,,,,15046,10.0,10,,,,,,
,,,,,15049,3.0,3,,,,,,
,,,,,15055,6.0,6,,,,,,
,,,,,15058,3.0,3,,,,,,
,,,,,15061,3.0,3,,,,,,
,,,,,15065,4.0,4,,,,,,
,,,,,15070,5.0,5,,,,,,
,,,,,15077,7.0,7,,,,,,
,,,,,15083,6.0,6,,,,,,
,,,,,15086,3.0,3,,,,,,
,,,,,15091,5.0,5,,,,,,
,,,,,15099,8.0,8,,,,,,
,,,,,15103,4.0,4,,,,,,
,,,,,15111,8.0,8,,,,,,
,,,,,15118,7.0,7,,,,,,
,,,,,15121,3.0,3,,,,,,
,,,,,15139,18.0,18,,,,,,
,,,,,15142,3.0,3,,,,,,
,,,,,15157,15.0,15,,,,,,
,,,,,15161,4.0,4,,,,,,
,,,,,15168,7.0,7,,,,,,
,,,,,15171,3.0,3,,,,,,
,,,,,15180,9.0,9,,,,,,
,,,,,15183,3.0,3,,,,,,
,,,,,15205,22.0,22,,,,,,
,,,,,15210,5.0,5,,,,,,
,,,,,15221,11.0,11,,,,,,
,,,,,15226,5.0,5,,,,,,
,,,,,15231,5.0,5,,,,,,
,,,,,15236,5.0,5,,,,,,
,,,,,15241,5.0,5,,,,,,
,,,,,15245,4.0,4,,,,,,
,,,,,15250,5.0,5,,,,,,
,,,,,15260,10.0,10,,,,,,
,,,,,15265,5.0,5,,,,,,
,,,,,15269,4.0,4,,,,,,
,,,,,15274,5.0,5,,,,,,
,,,,,15281,7.0,7,,,,,,
,,,,,15287,6.0,6,,,,,,
,,,,,15295,8.0,8,,,,,,
,,,,,15299,4.0,4,,,,,,
,,,,,15303,4.0,4,,,,,,
,,,,,15310,7.0,7,,,,,,
,,,,,15313,3.0,3,,,,,,
,,,,,15328,15.0,15,,,,,,
,,,,,15335,7.0,7,,,,,,
,,,,,15339,4.0,4,,,,,,
,,,,,15344,5.0,5,,,,,,
,,,,,15348,4.0,4,,,,,,
,,,,,15353,5.0,5,,,,,,
,,,,,15356,3.0,3,,,,,,
,,,,,15359,3.0,3,,,,,,
,,,,,15365,6.0,6,,,,,,
,,,,,15369,4.0,4,,,,,,
,,,,,15372,3.0,3,,,,,,
,,,,,15385,13.0,13,,,,,,
,,,,,15390,5.0,5,,,,,,
,,,,,15393,3.0,3,,,,,,
,,,,,15397,4.0,4,,,,,,
,,,,,15401,4.0,4,,,,,,
,,,,,15407,6.0,6,,,,,,
,,,,,15411,4.0,4,,,,,,
,,,,,15435,24.0,24,,,,,,
,,,,,15441,6.0,6,,,,,,
,,,,,15447,6.0,6,,,,,,
,,,,,15452,5.0,5,,,,,,
,,,,,15455,3.0,3,,,,,,
,,,,,15458,3.0,3,,,,,,
,,,,,15465,7.0,7,,,,,,
,,,,,15473,8.0,8,,,,,,
,,,,,15483,10.0,10,,,,,,
,,,,,15493,10.0,10,,,,,,
,,,,,15502,9.0,9,,,,,,
,,,,,15516,14.0,14,,,,,,
,,,,,15524,8.0,8,,,,,,
,,,,,15532,8.0,8,,,,,,
,,,,,15535,3.0,3,,,,,,
,,,,,15545,10.0,10,,,,,,
,,,,,15553,8.0,8,,,,,,
,,,,,15558,5.0,5,,,,,,
,,,,,15569,11.0,11,,,,,,
,,,,,15583,14.0,14,,,,,,
,,,,,15597,14.0,14,,,,,,
,,,,,15603,6.0,6,,,,,,
,,,,,15610,7.0,7,,,,,,
,,,,,15620,10.0,10,,,,,,
,,,,,15634,14.0,14,,,,,,
,,,,,15643,9.0,9,,,,,,
,,,,,15652,9.0,9,,,,,,
,,,,,15658,6.0,6,,,,,,
,,,,,15663,5.0,5,,,,,,
,,,,,15668,5.0,5,,,,,,
,,,,,15671,3.0,3,,,,,,
,,,,,15686,15.0,15,,,,,,
,,,,,15690,4.0,4,,,,,,
,,,,,15694,4.0,4,,,,,,
,,,,,15700,6.0,6,,,,,,
,,,,,15703,3.0,3,,,,,,
,,,,,15711,8.0,8,,,,,,
,,,,,15714,3.0,3,,,,,,
,,,,,15721,7.0,7,,,,,,
,,,,,15724,3.0,3,,,,,,
,,,,,15732,8.0,8,,,,,,
,,,,,15735,3.0,3,,,,,,
,,,,,15739,4.0,4,,,,,,
,,,,,15745,6.0,6,,,,,,
,,,,,15748,3.0,3,,,,,,
,,,,,15759,11.0,11,,,,,,
,,,,,15783,24.0,24,,,,,,
,,,,,15790,7.0,7,,,,,,
,,,,,15796,6.0,6,,,,,,
,,,,,15800,4.0,4,,,,,,
,,,,,15804,4.0,4,,,,,,
,,,,,15808,4.0,4,,,,,,
,,,,,15824,16.0,16,,,,,,
,,,,,15831,7.0,7,,,,,,
,,,,,15839,8.0,8,,,,,,
,,,,,15854,15.0,15,,,,,,
,,,,,15857,3.0,3,,,,,,
,,,,,15865,8.0,8,,,,,,
,,,,,15871,6.0,6,,,,,,
,,,,,15874,3.0,3,,,,,,
,,,,,15885,11.0,11,,,,,,
,,,,,15889,4.0,4,,,,,,
,,,,,15894,5.0,5,,,,,,
,,,,,15903,9.0,9,,,,,,
,,,,,15907,4.0,4,,,,,,
,,,,,15916,9.0,9,,,,,,
,,,,,15922,6.0,6,,,,,,
,,,,,15926,4.0,4,,,,,,
,,,,,15933,7.0,7,,,,,,
,,,,,15942,9.0,9,,,,,,
,,,,,15946,4.0,4,,,,,,
,,,,,15951,5.0,5,,,,,,
,,,,,15958,7.0,7,,,,,,
,,,,,15963,5.0,5,,,,,,
,,,,,15973,10.0,10,,,,,,
,,,,,15980,7.0,7,,,,,,
,,,,,15987,7.0,7,,,,,,
,,,,,15995,8.0,8,,,,,,
,,,,,16000,,,1.8802061080932617,4.983004570007324,5.25362491607666,0.0003,0.0003,0.1
,,,,,16002,7.0,7,,,,,,
,,,,,16010,8.0,8,,,,,,
,,,,,16014,4.0,4,,,,,,
,,,,,16020,6.0,6,,,,,,
,,,,,16026,6.0,6,,,,,,
,,,,,16035,9.0,9,,,,,,
,,,,,16041,6.0,6,,,,,,
,,,,,16047,6.0,6,,,,,,
,,,,,16052,5.0,5,,,,,,
,,,,,16055,3.0,3,,,,,,
,,,,,16058,3.0,3,,,,,,
,,,,,16066,8.0,8,,,,,,
,,,,,16079,13.0,13,,,,,,
,,,,,16085,6.0,6,,,,,,
,,,,,16090,5.0,5,,,,,,
,,,,,16098,8.0,8,,,,,,
,,,,,16104,6.0,6,,,,,,
,,,,,16107,3.0,3,,,,,,
,,,,,16119,12.0,12,,,,,,
,,,,,16129,10.0,10,,,,,,
,,,,,16133,4.0,4,,,,,,
,,,,,16136,3.0,3,,,,,,
,,,,,16141,5.0,5,,,,,,
,,,,,16148,7.0,7,,,,,,
,,,,,16152,4.0,4,,,,,,
,,,,,16159,7.0,7,,,,,,
,,,,,16171,12.0,12,,,,,,
,,,,,16190,19.0,19,,,,,,
,,,,,16194,4.0,4,,,,,,
,,,,,16200,6.0,6,,,,,,
,,,,,16217,17.0,17,,,,,,
,,,,,16220,3.0,3,,,,,,
,,,,,16227,7.0,7,,,,,,
,,,,,16247,20.0,20,,,,,,
,,,,,16255,8.0,8,,,,,,
,,,,,16260,5.0,5,,,,,,
,,,,,16265,5.0,5,,,,,,
,,,,,16268,3.0,3,,,,,,
,,,,,16274,6.0,6,,,,,,
,,,,,16278,4.0,4,,,,,,
,,,,,16284,6.0,6,,,,,,
,,,,,16289,5.0,5,,,,,,
,,,,,16294,5.0,5,,,,,,
,,,,,16298,4.0,4,,,,,,
,,,,,16304,6.0,6,,,,,,
,,,,,16315,11.0,11,,,,,,
,,,,,16333,18.0,18,,,,,,
,,,,,16339,6.0,6,,,,,,
,,,,,16345,6.0,6,,,,,,
,,,,,16358,13.0,13,,,,,,
,,,,,16363,5.0,5,,,,,,
,,,,,16367,4.0,4,,,,,,
,,,,,16374,7.0,7,,,,,,
,,,,,16380,6.0,6,,,,,,
,,,,,16386,6.0,6,,,,,,
,,,,,16396,10.0,10,,,,,,
,,,,,16409,13.0,13,,,,,,
,,,,,16418,9.0,9,,,,,,
,,,,,16423,5.0,5,,,,,,
,,,,,16429,6.0,6,,,,,,
,,,,,16434,5.0,5,,,,,,
,,,,,16443,9.0,9,,,,,,
,,,,,16454,11.0,11,,,,,,
,,,,,16466,12.0,12,,,,,,
,,,,,16474,8.0,8,,,,,,
,,,,,16479,5.0,5,,,,,,
,,,,,16482,3.0,3,,,,,,
,,,,,16485,3.0,3,,,,,,
,,,,,16497,12.0,12,,,,,,
,,,,,16500,3.0,3,,,,,,
,,,,,16509,9.0,9,,,,,,
,,,,,16513,4.0,4,,,,,,
,,,,,16518,5.0,5,,,,,,
,,,,,16523,5.0,5,,,,,,
,,,,,16527,4.0,4,,,,,,
,,,,,16530,3.0,3,,,,,,
,,,,,16533,3.0,3,,,,,,
,,,,,16539,6.0,6,,,,,,
,,,,,16542,3.0,3,,,,,,
,,,,,16547,5.0,5,,,,,,
,,,,,16552,5.0,5,,,,,,
,,,,,16556,4.0,4,,,,,,
,,,,,16563,7.0,7,,,,,,
,,,,,16582,19.0,19,,,,,,
,,,,,16595,13.0,13,,,,,,
,,,,,16598,3.0,3,,,,,,
,,,,,16601,3.0,3,,,,,,
,,,,,16611,10.0,10,,,,,,
,,,,,16618,7.0,7,,,,,,
,,,,,16626,8.0,8,,,,,,
,,,,,16643,17.0,17,,,,,,
,,,,,16655,12.0,12,,,,,,
,,,,,16670,15.0,15,,,,,,
,,,,,16673,3.0,3,,,,,,
,,,,,16676,3.0,3,,,,,,
,,,,,16690,14.0,14,,,,,,
,,,,,16695,5.0,5,,,,,,
,,,,,16698,3.0,3,,,,,,
,,,,,16709,11.0,11,,,,,,
,,,,,16713,4.0,4,,,,,,
,,,,,16718,5.0,5,,,,,,
,,,,,16724,6.0,6,,,,,,
,,,,,16734,10.0,10,,,,,,
,,,,,16741,7.0,7,,,,,,
,,,,,16757,16.0,16,,,,,,
,,,,,16769,12.0,12,,,,,,
,,,,,16774,5.0,5,,,,,,
,,,,,16783,9.0,9,,,,,,
,,,,,16794,11.0,11,,,,,,
,,,,,16803,9.0,9,,,,,,
,,,,,16811,8.0,8,,,,,,
,,,,,16815,4.0,4,,,,,,
,,,,,16821,6.0,6,,,,,,
,,,,,16824,3.0,3,,,,,,
,,,,,16829,5.0,5,,,,,,
,,,,,16839,10.0,10,,,,,,
,,,,,16843,4.0,4,,,,,,
,,,,,16847,4.0,4,,,,,,
,,,,,16860,13.0,13,,,,,,
,,,,,16866,6.0,6,,,,,,
,,,,,16870,4.0,4,,,,,,
,,,,,16874,4.0,4,,,,,,
,,,,,16884,10.0,10,,,,,,
,,,,,16895,11.0,11,,,,,,
,,,,,16900,5.0,5,,,,,,
,,,,,16907,7.0,7,,,,,,
,,,,,16917,10.0,10,,,,,,
,,,,,16924,7.0,7,,,,,,
,,,,,16928,4.0,4,,,,,,
,,,,,16933,5.0,5,,,,,,
,,,,,16939,6.0,6,,,,,,
,,,,,16943,4.0,4,,,,,,
,,,,,16946,3.0,3,,,,,,
,,,,,16954,8.0,8,,,,,,
,,,,,16961,7.0,7,,,,,,
,,,,,16967,6.0,6,,,,,,
,,,,,16973,6.0,6,,,,,,
,,,,,16977,4.0,4,,,,,,
,,,,,16982,5.0,5,,,,,,
,,,,,16993,11.0,11,,,,,,
,,,,,17000,,,1.8433635234832764,5.070819854736328,5.087078094482422,0.0003,0.0003,0.1
,,,,,17002,9.0,9,,,,,,
,,,,,17018,16.0,16,,,,,,
,,,,,17021,3.0,3,,,,,,
,,,,,17033,12.0,12,,,,,,
,,,,,17043,10.0,10,,,,,,
,,,,,17055,12.0,12,,,,,,
,,,,,17071,16.0,16,,,,,,
,,,,,17076,5.0,5,,,,,,
,,,,,17084,8.0,8,,,,,,
,,,,,17093,9.0,9,,,,,,
,,,,,17100,7.0,7,,,,,,
,,,,,17106,6.0,6,,,,,,
,,,,,17112,6.0,6,,,,,,
,,,,,17117,5.0,5,,,,,,
,,,,,17121,4.0,4,,,,,,
,,,,,17126,5.0,5,,,,,,
,,,,,17136,10.0,10,,,,,,
,,,,,17140,4.0,4,,,,,,
,,,,,17143,3.0,3,,,,,,
,,,,,17156,13.0,13,,,,,,
,,,,,17162,6.0,6,,,,,,
,,,,,17166,4.0,4,,,,,,
,,,,,17170,4.0,4,,,,,,
,,,,,17177,7.0,7,,,,,,
,,,,,17181,4.0,4,,,,,,
,,,,,17184,3.0,3,,,,,,
,,,,,17188,4.0,4,,,,,,
,,,,,17193,5.0,5,,,,,,
,,,,,17200,7.0,7,,,,,,
,,,,,17207,7.0,7,,,,,,
,,,,,17214,7.0,7,,,,,,
,,,,,17218,4.0,4,,,,,,
,,,,,17228,10.0,10,,,,,,
,,,,,17231,3.0,3,,,,,,
,,,,,17241,10.0,10,,,,,,
,,,,,17245,4.0,4,,,,,,
,,,,,17250,5.0,5,,,,,,
,,,,,17261,11.0,11,,,,,,
,,,,,17267,6.0,6,,,,,,
,,,,,17270,3.0,3,,,,,,
,,,,,17283,13.0,13,,,,,,
,,,,,17287,4.0,4,,,,,,
,,,,,17294,7.0,7,,,,,,
,,,,,17298,4.0,4,,,,,,
,,,,,17303,5.0,5,,,,,,
,,,,,17306,3.0,3,,,,,,
,,,,,17315,9.0,9,,,,,,
,,,,,17319,4.0,4,,,,,,
,,,,,17330,11.0,11,,,,,,
,,,,,17334,4.0,4,,,,,,
,,,,,17338,4.0,4,,,,,,
,,,,,17343,5.0,5,,,,,,
,,,,,17347,4.0,4,,,,,,
,,,,,17360,13.0,13,,,,,,
,,,,,17366,6.0,6,,,,,,
,,,,,17371,5.0,5,,,,,,
,,,,,17375,4.0,4,,,,,,
,,,,,17378,3.0,3,,,,,,
,,,,,17381,3.0,3,,,,,,
,,,,,17387,6.0,6,,,,,,
,,,,,17395,8.0,8,,,,,,
,,,,,17398,3.0,3,,,,,,
,,,,,17406,8.0,8,,,,,,
,,,,,17413,7.0,7,,,,,,
,,,,,17418,5.0,5,,,,,,
,,,,,17432,14.0,14,,,,,,
,,,,,17435,3.0,3,,,,,,
,,,,,17439,4.0,4,,,,,,
,,,,,17444,5.0,5,,,,,,
,,,,,17447,3.0,3,,,,,,
,,,,,17455,8.0,8,,,,,,
,,,,,17461,6.0,6,,,,,,
,,,,,17472,11.0,11,,,,,,
,,,,,17477,5.0,5,,,,,,
,,,,,17497,20.0,20,,,,,,
,,,,,17501,4.0,4,,,,,,
,,,,,17512,11.0,11,,,,,,
,,,,,17517,5.0,5,,,,,,
,,,,,17536,19.0,19,,,,,,
,,,,,17543,7.0,7,,,,,,
,,,,,17550,7.0,7,,,,,,
,,,,,17554,4.0,4,,,,,,
,,,,,17559,5.0,5,,,,,,
,,,,,17563,4.0,4,,,,,,
,,,,,17569,6.0,6,,,,,,
,,,,,17578,9.0,9,,,,,,
,,,,,17583,5.0,5,,,,,,
,,,,,17586,3.0,3,,,,,,
,,,,,17597,11.0,11,,,,,,
,,,,,17605,8.0,8,,,,,,
,,,,,17608,3.0,3,,,,,,
,,,,,17628,20.0,20,,,,,,
,,,,,17631,3.0,3,,,,,,
,,,,,17636,5.0,5,,,,,,
,,,,,17641,5.0,5,,,,,,
,,,,,17658,17.0,17,,,,,,
,,,,,17662,4.0,4,,,,,,
,,,,,17678,16.0,16,,,,,,
,,,,,17682,4.0,4,,,,,,
,,,,,17689,7.0,7,,,,,,
,,,,,17696,7.0,7,,,,,,
,,,,,17699,3.0,3,,,,,,
,,,,,17705,6.0,6,,,,,,
,,,,,17710,5.0,5,,,,,,
,,,,,17723,13.0,13,,,,,,
,,,,,17762,39.0,39,,,,,,
,,,,,17772,10.0,10,,,,,,
,,,,,17782,10.0,10,,,,,,
,,,,,17787,5.0,5,,,,,,
,,,,,17793,6.0,6,,,,,,
,,,,,17805,12.0,12,,,,,,
,,,,,17814,9.0,9,,,,,,
,,,,,17819,5.0,5,,,,,,
,,,,,17823,4.0,4,,,,,,
,,,,,17834,11.0,11,,,,,,
,,,,,17846,12.0,12,,,,,,
,,,,,17854,8.0,8,,,,,,
,,,,,17857,3.0,3,,,,,,
,,,,,17865,8.0,8,,,,,,
,,,,,17868,3.0,3,,,,,,
,,,,,17872,4.0,4,,,,,,
,,,,,17876,4.0,4,,,,,,
,,,,,17886,10.0,10,,,,,,
,,,,,17899,13.0,13,,,,,,
,,,,,17906,7.0,7,,,,,,
,,,,,17912,6.0,6,,,,,,
,,,,,17915,3.0,3,,,,,,
,,,,,17925,10.0,10,,,,,,
,,,,,17929,4.0,4,,,,,,
,,,,,17937,8.0,8,,,,,,
,,,,,17942,5.0,5,,,,,,
,,,,,17947,5.0,5,,,,,,
,,,,,17959,12.0,12,,,,,,
,,,,,17964,5.0,5,,,,,,
,,,,,17970,6.0,6,,,,,,
,,,,,17974,4.0,4,,,,,,
,,,,,17982,8.0,8,,,,,,
,,,,,17991,9.0,9,,,,,,
,,,,,17994,3.0,3,,,,,,
,,,,,17999,5.0,5,,,,,,
,,,,,18000,,,2.25919508934021,4.8397698402404785,4.745007038116455,0.0003,0.0003,0.1
,,,,,18005,6.0,6,,,,,,
,,,,,18009,4.0,4,,,,,,
,,,,,18017,8.0,8,,,,,,
,,,,,18021,4.0,4,,,,,,
,,,,,18025,4.0,4,,,,,,
,,,,,18034,9.0,9,,,,,,
,,,,,18041,7.0,7,,,,,,
,,,,,18049,8.0,8,,,,,,
,,,,,18055,6.0,6,,,,,,
,,,,,18061,6.0,6,,,,,,
,,,,,18066,5.0,5,,,,,,
,,,,,18070,4.0,4,,,,,,
,,,,,18074,4.0,4,,,,,,
,,,,,18084,10.0,10,,,,,,
,,,,,18092,8.0,8,,,,,,
,,,,,18096,4.0,4,,,,,,
,,,,,18100,4.0,4,,,,,,
,,,,,18109,9.0,9,,,,,,
,,,,,18112,3.0,3,,,,,,
,,,,,18119,7.0,7,,,,,,
,,,,,18124,5.0,5,,,,,,
,,,,,18128,4.0,4,,,,,,
,,,,,18139,11.0,11,,,,,,
,,,,,18144,5.0,5,,,,,,
,,,,,18148,4.0,4,,,,,,
,,,,,18158,10.0,10,,,,,,
,,,,,18164,6.0,6,,,,,,
,,,,,18171,7.0,7,,,,,,
,,,,,18179,8.0,8,,,,,,
,,,,,18185,6.0,6,,,,,,
,,,,,18189,4.0,4,,,,,,
,,,,,18205,16.0,16,,,,,,
,,,,,18209,4.0,4,,,,,,
,,,,,18215,6.0,6,,,,,,
,,,,,18220,5.0,5,,,,,,
,,,,,18231,11.0,11,,,,,,
,,,,,18236,5.0,5,,,,,,
,,,,,18239,3.0,3,,,,,,
,,,,,18245,6.0,6,,,,,,
,,,,,18250,5.0,5,,,,,,
,,,,,18253,3.0,3,,,,,,
,,,,,18257,4.0,4,,,,,,
,,,,,18260,3.0,3,,,,,,
,,,,,18265,5.0,5,,,,,,
,,,,,18272,7.0,7,,,,,,
,,,,,18278,6.0,6,,,,,,
,,,,,18283,5.0,5,,,,,,
,,,,,18288,5.0,5,,,,,,
,,,,,18291,3.0,3,,,,,,
,,,,,18296,5.0,5,,,,,,
,,,,,18312,16.0,16,,,,,,
,,,,,18315,3.0,3,,,,,,
,,,,,18327,12.0,12,,,,,,
,,,,,18334,7.0,7,,,,,,
,,,,,18338,4.0,4,,,,,,
,,,,,18342,4.0,4,,,,,,
,,,,,18352,10.0,10,,,,,,
,,,,,18356,4.0,4,,,,,,
,,,,,18360,4.0,4,,,,,,
,,,,,18372,12.0,12,,,,,,
,,,,,18375,3.0,3,,,,,,
,,,,,18378,3.0,3,,,,,,
,,,,,18382,4.0,4,,,,,,
,,,,,18394,12.0,12,,,,,,
,,,,,18403,9.0,9,,,,,,
,,,,,18410,7.0,7,,,,,,
,,,,,18414,4.0,4,,,,,,
,,,,,18420,6.0,6,,,,,,
,,,,,18426,6.0,6,,,,,,
,,,,,18435,9.0,9,,,,,,
,,,,,18438,3.0,3,,,,,,
,,,,,18442,4.0,4,,,,,,
,,,,,18446,4.0,4,,,,,,
,,,,,18458,12.0,12,,,,,,
,,,,,18463,5.0,5,,,,,,
,,,,,18467,4.0,4,,,,,,
,,,,,18473,6.0,6,,,,,,
,,,,,18476,3.0,3,,,,,,
,,,,,18480,4.0,4,,,,,,
,,,,,18486,6.0,6,,,,,,
,,,,,18494,8.0,8,,,,,,
,,,,,18497,3.0,3,,,,,,
,,,,,18504,7.0,7,,,,,,
,,,,,18509,5.0,5,,,,,,
,,,,,18513,4.0,4,,,,,,
,,,,,18519,6.0,6,,,,,,
,,,,,18537,18.0,18,,,,,,
,,,,,18543,6.0,6,,,,,,
,,,,,18549,6.0,6,,,,,,
,,,,,18553,4.0,4,,,,,,
,,,,,18556,3.0,3,,,,,,
,,,,,18563,7.0,7,,,,,,
,,,,,18567,4.0,4,,,,,,
,,,,,18586,19.0,19,,,,,,
,,,,,18596,10.0,10,,,,,,
,,,,,18601,5.0,5,,,,,,
,,,,,18614,13.0,13,,,,,,
,,,,,18617,3.0,3,,,,,,
,,,,,18625,8.0,8,,,,,,
,,,,,18629,4.0,4,,,,,,
,,,,,18633,4.0,4,,,,,,
,,,,,18644,11.0,11,,,,,,
,,,,,18649,5.0,5,,,,,,
,,,,,18653,4.0,4,,,,,,
,,,,,18658,5.0,5,,,,,,
,,,,,18664,6.0,6,,,,,,
,,,,,18667,3.0,3,,,,,,
,,,,,18672,5.0,5,,,,,,
,,,,,18679,7.0,7,,,,,,
,,,,,18687,8.0,8,,,,,,
,,,,,18698,11.0,11,,,,,,
,,,,,18707,9.0,9,,,,,,
,,,,,18715,8.0,8,,,,,,
,,,,,18720,5.0,5,,,,,,
,,,,,18724,4.0,4,,,,,,
,,,,,18728,4.0,4,,,,,,
,,,,,18736,8.0,8,,,,,,
,,,,,18751,15.0,15,,,,,,
,,,,,18756,5.0,5,,,,,,
,,,,,18765,9.0,9,,,,,,
,,,,,18772,7.0,7,,,,,,
,,,,,18780,8.0,8,,,,,,
,,,,,18787,7.0,7,,,,,,
,,,,,18792,5.0,5,,,,,,
,,,,,18796,4.0,4,,,,,,
,,,,,18800,4.0,4,,,,,,
,,,,,18808,8.0,8,,,,,,
,,,,,18812,4.0,4,,,,,,
,,,,,18821,9.0,9,,,,,,
,,,,,18830,9.0,9,,,,,,
,,,,,18835,5.0,5,,,,,,
,,,,,18842,7.0,7,,,,,,
,,,,,18848,6.0,6,,,,,,
,,,,,18853,5.0,5,,,,,,
,,,,,18860,7.0,7,,,,,,
,,,,,18868,8.0,8,,,,,,
,,,,,18874,6.0,6,,,,,,
,,,,,18877,3.0,3,,,,,,
,,,,,18885,8.0,8,,,,,,
,,,,,18892,7.0,7,,,,,,
,,,,,18902,10.0,10,,,,,,
,,,,,18913,11.0,11,,,,,,
,,,,,18957,44.0,44,,,,,,
,,,,,18961,4.0,4,,,,,,
,,,,,18966,5.0,5,,,,,,
,,,,,18974,8.0,8,,,,,,
,,,,,18980,6.0,6,,,,,,
,,,,,18983,3.0,3,,,,,,
,,,,,18988,5.0,5,,,,,,
,,,,,18992,4.0,4,,,,,,
,,,,,18998,6.0,6,,,,,,
,,,,,19000,,,2.0960326194763184,4.613182067871094,4.536098480224609,0.0003,0.0003,0.1
,,,,,19004,6.0,6,,,,,,
,,,,,19010,6.0,6,,,,,,
,,,,,19015,5.0,5,,,,,,
,,,,,19020,5.0,5,,,,,,
,,,,,19031,11.0,11,,,,,,
,,,,,19034,3.0,3,,,,,,
,,,,,19038,4.0,4,,,,,,
,,,,,19042,4.0,4,,,,,,
,,,,,19048,6.0,6,,,,,,
,,,,,19063,15.0,15,,,,,,
,,,,,19067,4.0,4,,,,,,
,,,,,19074,7.0,7,,,,,,
,,,,,19079,5.0,5,,,,,,
,,,,,19094,15.0,15,,,,,,
,,,,,19100,6.0,6,,,,,,
,,,,,19105,5.0,5,,,,,,
,,,,,19108,3.0,3,,,,,,
,,,,,19113,5.0,5,,,,,,
,,,,,19120,7.0,7,,,,,,
,,,,,19125,5.0,5,,,,,,
,,,,,19129,4.0,4,,,,,,
,,,,,19136,7.0,7,,,,,,
,,,,,19144,8.0,8,,,,,,
,,,,,19150,6.0,6,,,,,,
,,,,,19162,12.0,12,,,,,,
,,,,,19169,7.0,7,,,,,,
,,,,,19173,4.0,4,,,,,,
,,,,,19178,5.0,5,,,,,,
,,,,,19182,4.0,4,,,,,,
,,,,,19189,7.0,7,,,,,,
,,,,,19193,4.0,4,,,,,,
,,,,,19197,4.0,4,,,,,,
,,,,,19211,14.0,14,,,,,,
,,,,,19218,7.0,7,,,,,,
,,,,,19222,4.0,4,,,,,,
,,,,,19227,5.0,5,,,,,,
,,,,,19231,4.0,4,,,,,,
,,,,,19239,8.0,8,,,,,,
,,,,,19244,5.0,5,,,,,,
,,,,,19248,4.0,4,,,,,,
,,,,,19251,3.0,3,,,,,,
,,,,,19255,4.0,4,,,,,,
,,,,,19264,9.0,9,,,,,,
,,,,,19271,7.0,7,,,,,,
,,,,,19277,6.0,6,,,,,,
,,,,,19283,6.0,6,,,,,,
,,,,,19288,5.0,5,,,,,,
,,,,,19295,7.0,7,,,,,,
,,,,,19298,3.0,3,,,,,,
,,,,,19305,7.0,7,,,,,,
,,,,,19308,3.0,3,,,,,,
,,,,,19318,10.0,10,,,,,,
,,,,,19331,13.0,13,,,,,,
,,,,,19339,8.0,8,,,,,,
,,,,,19344,5.0,5,,,,,,
,,,,,19349,5.0,5,,,,,,
,,,,,19362,13.0,13,,,,,,
,,,,,19378,16.0,16,,,,,,
,,,,,19414,36.0,36,,,,,,
,,,,,19419,5.0,5,,,,,,
,,,,,19426,7.0,7,,,,,,
,,,,,19432,6.0,6,,,,,,
,,,,,19442,10.0,10,,,,,,
,,,,,19446,4.0,4,,,,,,
,,,,,19450,4.0,4,,,,,,
,,,,,19454,4.0,4,,,,,,
,,,,,19458,4.0,4,,,,,,
,,,,,19463,5.0,5,,,,,,
,,,,,19473,10.0,10,,,,,,
,,,,,19482,9.0,9,,,,,,
,,,,,19486,4.0,4,,,,,,
,,,,,19494,8.0,8,,,,,,
,,,,,19499,5.0,5,,,,,,
,,,,,19504,5.0,5,,,,,,
,,,,,19508,4.0,4,,,,,,
,,,,,19512,4.0,4,,,,,,
,,,,,19518,6.0,6,,,,,,
,,,,,19524,6.0,6,,,,,,
,,,,,19532,8.0,8,,,,,,
,,,,,19537,5.0,5,,,,,,
,,,,,19548,11.0,11,,,,,,
,,,,,19553,5.0,5,,,,,,
,,,,,19564,11.0,11,,,,,,
,,,,,19568,4.0,4,,,,,,
,,,,,19574,6.0,6,,,,,,
,,,,,19579,5.0,5,,,,,,
,,,,,19586,7.0,7,,,,,,
,,,,,19615,29.0,29,,,,,,
,,,,,19618,3.0,3,,,,,,
,,,,,19623,5.0,5,,,,,,
,,,,,19627,4.0,4,,,,,,
,,,,,19636,9.0,9,,,,,,
,,,,,19647,11.0,11,,,,,,
,,,,,19651,4.0,4,,,,,,
,,,,,19657,6.0,6,,,,,,
,,,,,19660,3.0,3,,,,,,
,,,,,19664,4.0,4,,,,,,
,,,,,19669,5.0,5,,,,,,
,,,,,19678,9.0,9,,,,,,
,,,,,19682,4.0,4,,,,,,
,,,,,19687,5.0,5,,,,,,
,,,,,19693,6.0,6,,,,,,
,,,,,19697,4.0,4,,,,,,
,,,,,19703,6.0,6,,,,,,
,,,,,19715,12.0,12,,,,,,
,,,,,19719,4.0,4,,,,,,
,,,,,19724,5.0,5,,,,,,
,,,,,19731,7.0,7,,,,,,
,,,,,19741,10.0,10,,,,,,
,,,,,19746,5.0,5,,,,,,
,,,,,19753,7.0,7,,,,,,
,,,,,19762,9.0,9,,,,,,
,,,,,19770,8.0,8,,,,,,
,,,,,19777,7.0,7,,,,,,
,,,,,19788,11.0,11,,,,,,
,,,,,19801,13.0,13,,,,,,
,,,,,19810,9.0,9,,,,,,
,,,,,19813,3.0,3,,,,,,
,,,,,19818,5.0,5,,,,,,
,,,,,19826,8.0,8,,,,,,
,,,,,19837,11.0,11,,,,,,
,,,,,19844,7.0,7,,,,,,
,,,,,19848,4.0,4,,,,,,
,,,,,19855,7.0,7,,,,,,
,,,,,19859,4.0,4,,,,,,
,,,,,19876,17.0,17,,,,,,
,,,,,19880,4.0,4,,,,,,
,,,,,19886,6.0,6,,,,,,
,,,,,19889,3.0,3,,,,,,
,,,,,19896,7.0,7,,,,,,
,,,,,19899,3.0,3,,,,,,
,,,,,19902,3.0,3,,,,,,
,,,,,19907,5.0,5,,,,,,
,,,,,19914,7.0,7,,,,,,
,,,,,19917,3.0,3,,,,,,
,,,,,19923,6.0,6,,,,,,
,,,,,19933,10.0,10,,,,,,
,,,,,19938,5.0,5,,,,,,
,,,,,19942,4.0,4,,,,,,
,,,,,19948,6.0,6,,,,,,
,,,,,19955,7.0,7,,,,,,
,,,,,19961,6.0,6,,,,,,
,,,,,19964,3.0,3,,,,,,
,,,,,19975,11.0,11,,,,,,
,,,,,19979,4.0,4,,,,,,
,,,,,19983,4.0,4,,,,,,
,,,,,19987,4.0,4,,,,,,
,,,,,19993,6.0,6,,,,,,
,,,,,19998,5.0,5,,,,,,
7.1,4.742362,20.0,4.0,7.1,20000,,,1.9773091077804565,5.153830528259277,5.291598320007324,0.0003,0.0003,0.1
,,,,,20002,4.0,4,,,,,,
,,,,,20006,4.0,4,,,,,,
,,,,,20011,5.0,5,,,,,,
,,,,,20017,6.0,6,,,,,,
,,,,,20021,4.0,4,,,,,,
,,,,,20024,3.0,3,,,,,,
,,,,,20032,8.0,8,,,,,,
,,,,,20040,8.0,8,,,,,,
,,,,,20044,4.0,4,,,,,,
,,,,,20050,6.0,6,,,,,,
,,,,,20065,15.0,15,,,,,,
,,,,,20069,4.0,4,,,,,,
,,,,,20086,17.0,17,,,,,,
,,,,,20104,18.0,18,,,,,,
,,,,,20110,6.0,6,,,,,,
,,,,,20113,3.0,3,,,,,,
,,,,,20117,4.0,4,,,,,,
,,,,,20124,7.0,7,,,,,,
,,,,,20129,5.0,5,,,,,,
,,,,,20135,6.0,6,,,,,,
,,,,,20141,6.0,6,,,,,,
,,,,,20144,3.0,3,,,,,,
,,,,,20147,3.0,3,,,,,,
,,,,,20150,3.0,3,,,,,,
,,,,,20155,5.0,5,,,,,,
,,,,,20161,6.0,6,,,,,,
,,,,,20164,3.0,3,,,,,,
,,,,,20169,5.0,5,,,,,,
,,,,,20189,20.0,20,,,,,,
,,,,,20196,7.0,7,,,,,,
,,,,,20207,11.0,11,,,,,,
,,,,,20213,6.0,6,,,,,,
,,,,,20220,7.0,7,,,,,,
,,,,,20229,9.0,9,,,,,,
,,,,,20235,6.0,6,,,,,,
,,,,,20240,5.0,5,,,,,,
,,,,,20245,5.0,5,,,,,,
,,,,,20252,7.0,7,,,,,,
,,,,,20256,4.0,4,,,,,,
,,,,,20263,7.0,7,,,,,,
,,,,,20267,4.0,4,,,,,,
,,,,,20274,7.0,7,,,,,,
,,,,,20280,6.0,6,,,,,,
,,,,,20285,5.0,5,,,,,,
,,,,,20289,4.0,4,,,,,,
,,,,,20295,6.0,6,,,,,,
,,,,,20325,30.0,30,,,,,,
,,,,,20328,3.0,3,,,,,,
,,,,,20342,14.0,14,,,,,,
,,,,,20345,3.0,3,,,,,,
,,,,,20355,10.0,10,,,,,,
,,,,,20360,5.0,5,,,,,,
,,,,,20366,6.0,6,,,,,,
,,,,,20370,4.0,4,,,,,,
,,,,,20377,7.0,7,,,,,,
,,,,,20389,12.0,12,,,,,,
,,,,,20394,5.0,5,,,,,,
,,,,,20399,5.0,5,,,,,,
,,,,,20404,5.0,5,,,,,,
,,,,,20417,13.0,13,,,,,,
,,,,,20421,4.0,4,,,,,,
,,,,,20425,4.0,4,,,,,,
,,,,,20429,4.0,4,,,,,,
,,,,,20436,7.0,7,,,,,,
,,,,,20440,4.0,4,,,,,,
,,,,,20444,4.0,4,,,,,,
,,,,,20449,5.0,5,,,,,,
,,,,,20456,7.0,7,,,,,,
,,,,,20471,15.0,15,,,,,,
,,,,,20486,15.0,15,,,,,,
,,,,,20489,3.0,3,,,,,,
,,,,,20496,7.0,7,,,,,,
,,,,,20510,14.0,14,,,,,,
,,,,,20516,6.0,6,,,,,,
,,,,,20520,4.0,4,,,,,,
,,,,,20524,4.0,4,,,,,,
,,,,,20531,7.0,7,,,,,,
,,,,,20538,7.0,7,,,,,,
,,,,,20544,6.0,6,,,,,,
,,,,,20567,23.0,23,,,,,,
,,,,,20572,5.0,5,,,,,,
,,,,,20575,3.0,3,,,,,,
,,,,,20581,6.0,6,,,,,,
,,,,,20586,5.0,5,,,,,,
,,,,,20589,3.0,3,,,,,,
,,,,,20596,7.0,7,,,,,,
,,,,,20601,5.0,5,,,,,,
,,,,,20608,7.0,7,,,,,,
,,,,,20617,9.0,9,,,,,,
,,,,,20623,6.0,6,,,,,,
,,,,,20639,16.0,16,,,,,,
,,,,,20644,5.0,5,,,,,,
,,,,,20652,8.0,8,,,,,,
,,,,,20660,8.0,8,,,,,,
,,,,,20663,3.0,3,,,,,,
,,,,,20669,6.0,6,,,,,,
,,,,,20674,5.0,5,,,,,,
,,,,,20685,11.0,11,,,,,,
,,,,,20690,5.0,5,,,,,,
,,,,,20695,5.0,5,,,,,,
,,,,,20698,3.0,3,,,,,,
,,,,,20714,16.0,16,,,,,,
,,,,,20717,3.0,3,,,,,,
,,,,,20723,6.0,6,,,,,,
,,,,,20729,6.0,6,,,,,,
,,,,,20740,11.0,11,,,,,,
,,,,,20744,4.0,4,,,,,,
,,,,,20748,4.0,4,,,,,,
,,,,,20753,5.0,5,,,,,,
,,,,,20758,5.0,5,,,,,,
,,,,,20762,4.0,4,,,,,,
,,,,,20767,5.0,5,,,,,,
,,,,,20771,4.0,4,,,,,,
,,,,,20776,5.0,5,,,,,,
,,,,,20800,24.0,24,,,,,,
,,,,,20807,7.0,7,,,,,,
,,,,,20816,9.0,9,,,,,,
,,,,,20824,8.0,8,,,,,,
,,,,,20831,7.0,7,,,,,,
,,,,,20838,7.0,7,,,,,,
,,,,,20841,3.0,3,,,,,,
,,,,,20845,4.0,4,,,,,,
,,,,,20848,3.0,3,,,,,,
,,,,,20851,3.0,3,,,,,,
,,,,,20857,6.0,6,,,,,,
,,,,,20862,5.0,5,,,,,,
,,,,,20865,3.0,3,,,,,,
,,,,,20878,13.0,13,,,,,,
,,,,,20883,5.0,5,,,,,,
,,,,,20887,4.0,4,,,,,,
,,,,,20891,4.0,4,,,,,,
,,,,,20898,7.0,7,,,,,,
,,,,,20903,5.0,5,,,,,,
,,,,,20909,6.0,6,,,,,,
,,,,,20914,5.0,5,,,,,,
,,,,,20923,9.0,9,,,,,,
,,,,,20934,11.0,11,,,,,,
,,,,,20946,12.0,12,,,,,,
,,,,,20950,4.0,4,,,,,,
,,,,,20953,3.0,3,,,,,,
,,,,,20967,14.0,14,,,,,,
,,,,,20972,5.0,5,,,,,,
,,,,,20975,3.0,3,,,,,,
,,,,,20978,3.0,3,,,,,,
,,,,,20981,3.0,3,,,,,,
,,,,,20984,3.0,3,,,,,,
,,,,,20988,4.0,4,,,,,,
,,,,,20991,3.0,3,,,,,,
,,,,,20996,5.0,5,,,,,,
,,,,,21000,,,1.6309034824371338,4.76835823059082,4.86810827255249,0.0003,0.0003,0.1
,,,,,21002,6.0,6,,,,,,
,,,,,21008,6.0,6,,,,,,
,,,,,21037,29.0,29,,,,,,
,,,,,21046,9.0,9,,,,,,
,,,,,21051,5.0,5,,,,,,
,,,,,21068,17.0,17,,,,,,
,,,,,21074,6.0,6,,,,,,
,,,,,21077,3.0,3,,,,,,
,,,,,21083,6.0,6,,,,,,
,,,,,21097,14.0,14,,,,,,
,,,,,21102,5.0,5,,,,,,
,,,,,21112,10.0,10,,,,,,
,,,,,21118,6.0,6,,,,,,
,,,,,21122,4.0,4,,,,,,
,,,,,21125,3.0,3,,,,,,
,,,,,21130,5.0,5,,,,,,
,,,,,21139,9.0,9,,,,,,
,,,,,21148,9.0,9,,,,,,
,,,,,21158,10.0,10,,,,,,
,,,,,21163,5.0,5,,,,,,
,,,,,21169,6.0,6,,,,,,
,,,,,21175,6.0,6,,,,,,
,,,,,21179,4.0,4,,,,,,
,,,,,21182,3.0,3,,,,,,
,,,,,21186,4.0,4,,,,,,
,,,,,21189,3.0,3,,,,,,
,,,,,21194,5.0,5,,,,,,
,,,,,21205,11.0,11,,,,,,
,,,,,21210,5.0,5,,,,,,
,,,,,21214,4.0,4,,,,,,
,,,,,21218,4.0,4,,,,,,
,,,,,21223,5.0,5,,,,,,
,,,,,21238,15.0,15,,,,,,
,,,,,21244,6.0,6,,,,,,
,,,,,21247,3.0,3,,,,,,
,,,,,21250,3.0,3,,,,,,
,,,,,21257,7.0,7,,,,,,
,,,,,21262,5.0,5,,,,,,
,,,,,21268,6.0,6,,,,,,
,,,,,21271,3.0,3,,,,,,
,,,,,21275,4.0,4,,,,,,
,,,,,21281,6.0,6,,,,,,
,,,,,21297,16.0,16,,,,,,
,,,,,21303,6.0,6,,,,,,
,,,,,21307,4.0,4,,,,,,
,,,,,21317,10.0,10,,,,,,
,,,,,21321,4.0,4,,,,,,
,,,,,21327,6.0,6,,,,,,
,,,,,21331,4.0,4,,,,,,
,,,,,21341,10.0,10,,,,,,
,,,,,21345,4.0,4,,,,,,
,,,,,21348,3.0,3,,,,,,
,,,,,21351,3.0,3,,,,,,
,,,,,21361,10.0,10,,,,,,
,,,,,21373,12.0,12,,,,,,
,,,,,21377,4.0,4,,,,,,
,,,,,21388,11.0,11,,,,,,
,,,,,21393,5.0,5,,,,,,
,,,,,21397,4.0,4,,,,,,
,,,,,21405,8.0,8,,,,,,
,,,,,21409,4.0,4,,,,,,
,,,,,21415,6.0,6,,,,,,
,,,,,21420,5.0,5,,,,,,
,,,,,21423,3.0,3,,,,,,
,,,,,21434,11.0,11,,,,,,
,,,,,21437,3.0,3,,,,,,
,,,,,21443,6.0,6,,,,,,
,,,,,21460,17.0,17,,,,,,
,,,,,21470,10.0,10,,,,,,
,,,,,21477,7.0,7,,,,,,
,,,,,21483,6.0,6,,,,,,
,,,,,21489,6.0,6,,,,,,
,,,,,21492,3.0,3,,,,,,
,,,,,21496,4.0,4,,,,,,
,,,,,21502,6.0,6,,,,,,
,,,,,21512,10.0,10,,,,,,
,,,,,21519,7.0,7,,,,,,
,,,,,21523,4.0,4,,,,,,
,,,,,21527,4.0,4,,,,,,
,,,,,21532,5.0,5,,,,,,
,,,,,21535,3.0,3,,,,,,
,,,,,21553,18.0,18,,,,,,
,,,,,21556,3.0,3,,,,,,
,,,,,21565,9.0,9,,,,,,
,,,,,21571,6.0,6,,,,,,
,,,,,21574,3.0,3,,,,,,
,,,,,21581,7.0,7,,,,,,
,,,,,21589,8.0,8,,,,,,
,,,,,21592,3.0,3,,,,,,
,,,,,21595,3.0,3,,,,,,
,,,,,21599,4.0,4,,,,,,
,,,,,21606,7.0,7,,,,,,
,,,,,21612,6.0,6,,,,,,
,,,,,21619,7.0,7,,,,,,
,,,,,21628,9.0,9,,,,,,
,,,,,21634,6.0,6,,,,,,
,,,,,21638,4.0,4,,,,,,
,,,,,21649,11.0,11,,,,,,
,,,,,21660,11.0,11,,,,,,
,,,,,21665,5.0,5,,,,,,
,,,,,21668,3.0,3,,,,,,
,,,,,21677,9.0,9,,,,,,
,,,,,21682,5.0,5,,,,,,
,,,,,21689,7.0,7,,,,,,
,,,,,21700,11.0,11,,,,,,
,,,,,21704,4.0,4,,,,,,
,,,,,21712,8.0,8,,,,,,
,,,,,21721,9.0,9,,,,,,
,,,,,21724,3.0,3,,,,,,
,,,,,21733,9.0,9,,,,,,
,,,,,21738,5.0,5,,,,,,
,,,,,21744,6.0,6,,,,,,
,,,,,21757,13.0,13,,,,,,
,,,,,21761,4.0,4,,,,,,
,,,,,21764,3.0,3,,,,,,
,,,,,21769,5.0,5,,,,,,
,,,,,21773,4.0,4,,,,,,
,,,,,21789,16.0,16,,,,,,
,,,,,21792,3.0,3,,,,,,
,,,,,21797,5.0,5,,,,,,
,,,,,21801,4.0,4,,,,,,
,,,,,21805,4.0,4,,,,,,
,,,,,21809,4.0,4,,,,,,
,,,,,21814,5.0,5,,,,,,
,,,,,21819,5.0,5,,,,,,
,,,,,21824,5.0,5,,,,,,
,,,,,21829,5.0,5,,,,,,
,,,,,21832,3.0,3,,,,,,
,,,,,21838,6.0,6,,,,,,
,,,,,21844,6.0,6,,,,,,
,,,,,21849,5.0,5,,,,,,
,,,,,21859,10.0,10,,,,,,
,,,,,21868,9.0,9,,,,,,
,,,,,21890,22.0,22,,,,,,
,,,,,21893,3.0,3,,,,,,
,,,,,21896,3.0,3,,,,,,
,,,,,21930,34.0,34,,,,,,
,,,,,21937,7.0,7,,,,,,
,,,,,21943,6.0,6,,,,,,
,,,,,21949,6.0,6,,,,,,
,,,,,21957,8.0,8,,,,,,
,,,,,21961,4.0,4,,,,,,
,,,,,21965,4.0,4,,,,,,
,,,,,21970,5.0,5,,,,,,
,,,,,21978,8.0,8,,,,,,
,,,,,21986,8.0,8,,,,,,
,,,,,22000,,,2.0359325408935547,5.070680141448975,4.991198539733887,0.0003,0.0003,0.1
,,,,,22002,16.0,16,,,,,,
,,,,,22006,4.0,4,,,,,,
,,,,,22013,7.0,7,,,,,,
,,,,,22018,5.0,5,,,,,,
,,,,,22022,4.0,4,,,,,,
,,,,,22026,4.0,4,,,,,,
,,,,,22035,9.0,9,,,,,,
,,,,,22038,3.0,3,,,,,,
,,,,,22042,4.0,4,,,,,,
,,,,,22063,21.0,21,,,,,,
,,,,,22070,7.0,7,,,,,,
,,,,,22075,5.0,5,,,,,,
,,,,,22084,9.0,9,,,,,,
,,,,,22092,8.0,8,,,,,,
,,,,,22100,8.0,8,,,,,,
,,,,,22109,9.0,9,,,,,,
,,,,,22112,3.0,3,,,,,,
,,,,,22118,6.0,6,,,,,,
,,,,,22121,3.0,3,,,,,,
,,,,,22129,8.0,8,,,,,,
,,,,,22133,4.0,4,,,,,,
,,,,,22136,3.0,3,,,,,,
,,,,,22147,11.0,11,,,,,,
,,,,,22151,4.0,4,,,,,,
,,,,,22172,21.0,21,,,,,,
,,,,,22177,5.0,5,,,,,,
,,,,,22182,5.0,5,,,,,,
,,,,,22189,7.0,7,,,,,,
,,,,,22192,3.0,3,,,,,,
,,,,,22197,5.0,5,,,,,,
,,,,,22213,16.0,16,,,,,,
,,,,,22217,4.0,4,,,,,,
,,,,,22221,4.0,4,,,,,,
,,,,,22231,10.0,10,,,,,,
,,,,,22235,4.0,4,,,,,,
,,,,,22242,7.0,7,,,,,,
,,,,,22246,4.0,4,,,,,,
,,,,,22254,8.0,8,,,,,,
,,,,,22260,6.0,6,,,,,,
,,,,,22267,7.0,7,,,,,,
,,,,,22273,6.0,6,,,,,,
,,,,,22278,5.0,5,,,,,,
,,,,,22290,12.0,12,,,,,,
,,,,,22294,4.0,4,,,,,,
,,,,,22307,13.0,13,,,,,,
,,,,,22312,5.0,5,,,,,,
,,,,,22319,7.0,7,,,,,,
,,,,,22333,14.0,14,,,,,,
,,,,,22336,3.0,3,,,,,,
,,,,,22342,6.0,6,,,,,,
,,,,,22355,13.0,13,,,,,,
,,,,,22358,3.0,3,,,,,,
,,,,,22363,5.0,5,,,,,,
,,,,,22366,3.0,3,,,,,,
,,,,,22371,5.0,5,,,,,,
,,,,,22381,10.0,10,,,,,,
,,,,,22391,10.0,10,,,,,,
,,,,,22399,8.0,8,,,,,,
,,,,,22407,8.0,8,,,,,,
,,,,,22410,3.0,3,,,,,,
,,,,,22422,12.0,12,,,,,,
,,,,,22428,6.0,6,,,,,,
,,,,,22433,5.0,5,,,,,,
,,,,,22440,7.0,7,,,,,,
,,,,,22445,5.0,5,,,,,,
,,,,,22459,14.0,14,,,,,,
,,,,,22465,6.0,6,,,,,,
,,,,,22469,4.0,4,,,,,,
,,,,,22479,10.0,10,,,,,,
,,,,,22486,7.0,7,,,,,,
,,,,,22490,4.0,4,,,,,,
,,,,,22496,6.0,6,,,,,,
,,,,,22504,8.0,8,,,,,,
,,,,,22525,21.0,21,,,,,,
,,,,,22531,6.0,6,,,,,,
,,,,,22535,4.0,4,,,,,,
,,,,,22539,4.0,4,,,,,,
,,,,,22560,21.0,21,,,,,,
,,,,,22563,3.0,3,,,,,,
,,,,,22570,7.0,7,,,,,,
,,,,,22576,6.0,6,,,,,,
,,,,,22589,13.0,13,,,,,,
,,,,,22592,3.0,3,,,,,,
,,,,,22596,4.0,4,,,,,,
,,,,,22605,9.0,9,,,,,,
,,,,,22614,9.0,9,,,,,,
,,,,,22617,3.0,3,,,,,,
,,,,,22620,3.0,3,,,,,,
,,,,,22632,12.0,12,,,,,,
,,,,,22635,3.0,3,,,,,,
,,,,,22640,5.0,5,,,,,,
,,,,,22644,4.0,4,,,,,,
,,,,,22652,8.0,8,,,,,,
,,,,,22658,6.0,6,,,,,,
,,,,,22667,9.0,9,,,,,,
,,,,,22673,6.0,6,,,,,,
,,,,,22678,5.0,5,,,,,,
,,,,,22687,9.0,9,,,,,,
,,,,,22690,3.0,3,,,,,,
,,,,,22696,6.0,6,,,,,,
,,,,,22703,7.0,7,,,,,,
,,,,,22707,4.0,4,,,,,,
,,,,,22730,23.0,23,,,,,,
,,,,,22741,11.0,11,,,,,,
,,,,,22744,3.0,3,,,,,,
,,,,,22748,4.0,4,,,,,,
,,,,,22755,7.0,7,,,,,,
,,,,,22767,12.0,12,,,,,,
,,,,,22770,3.0,3,,,,,,
,,,,,22774,4.0,4,,,,,,
,,,,,22777,3.0,3,,,,,,
,,,,,22782,5.0,5,,,,,,
,,,,,22786,4.0,4,,,,,,
,,,,,22791,5.0,5,,,,,,
,,,,,22795,4.0,4,,,,,,
,,,,,22799,4.0,4,,,,,,
,,,,,22804,5.0,5,,,,,,
,,,,,22811,7.0,7,,,,,,
,,,,,22828,17.0,17,,,,,,
,,,,,22832,4.0,4,,,,,,
,,,,,22837,5.0,5,,,,,,
,,,,,22850,13.0,13,,,,,,
,,,,,22853,3.0,3,,,,,,
,,,,,22857,4.0,4,,,,,,
,,,,,22861,4.0,4,,,,,,
,,,,,22865,4.0,4,,,,,,
,,,,,22873,8.0,8,,,,,,
,,,,,22878,5.0,5,,,,,,
,,,,,22884,6.0,6,,,,,,
,,,,,22888,4.0,4,,,,,,
,,,,,22893,5.0,5,,,,,,
,,,,,22908,15.0,15,,,,,,
,,,,,22913,5.0,5,,,,,,
,,,,,22919,6.0,6,,,,,,
,,,,,22922,3.0,3,,,,,,
,,,,,22928,6.0,6,,,,,,
,,,,,22931,3.0,3,,,,,,
,,,,,22934,3.0,3,,,,,,
,,,,,22943,9.0,9,,,,,,
,,,,,22951,8.0,8,,,,,,
,,,,,22957,6.0,6,,,,,,
,,,,,22960,3.0,3,,,,,,
,,,,,22967,7.0,7,,,,,,
,,,,,22975,8.0,8,,,,,,
,,,,,22983,8.0,8,,,,,,
,,,,,23000,17.0,17,,,,,,
,,,,,23000,,,1.5544166564941406,4.9649977684021,5.034494400024414,0.0003,0.0003,0.1
,,,,,23017,17.0,17,,,,,,
,,,,,23022,5.0,5,,,,,,
,,,,,23027,5.0,5,,,,,,
,,,,,23039,12.0,12,,,,,,
,,,,,23047,8.0,8,,,,,,
,,,,,23054,7.0,7,,,,,,
,,,,,23059,5.0,5,,,,,,
,,,,,23063,4.0,4,,,,,,
,,,,,23067,4.0,4,,,,,,
,,,,,23070,3.0,3,,,,,,
,,,,,23075,5.0,5,,,,,,
,,,,,23079,4.0,4,,,,,,
,,,,,23084,5.0,5,,,,,,
,,,,,23090,6.0,6,,,,,,
,,,,,23105,15.0,15,,,,,,
,,,,,23109,4.0,4,,,,,,
,,,,,23117,8.0,8,,,,,,
,,,,,23126,9.0,9,,,,,,
,,,,,23130,4.0,4,,,,,,
,,,,,23135,5.0,5,,,,,,
,,,,,23140,5.0,5,,,,,,
,,,,,23148,8.0,8,,,,,,
,,,,,23158,10.0,10,,,,,,
,,,,,23171,13.0,13,,,,,,
,,,,,23174,3.0,3,,,,,,
,,,,,23180,6.0,6,,,,,,
,,,,,23185,5.0,5,,,,,,
,,,,,23190,5.0,5,,,,,,
,,,,,23196,6.0,6,,,,,,
,,,,,23207,11.0,11,,,,,,
,,,,,23210,3.0,3,,,,,,
,,,,,23223,13.0,13,,,,,,
,,,,,23227,4.0,4,,,,,,
,,,,,23234,7.0,7,,,,,,
,,,,,23238,4.0,4,,,,,,
,,,,,23242,4.0,4,,,,,,
,,,,,23254,12.0,12,,,,,,
,,,,,23273,19.0,19,,,,,,
,,,,,23282,9.0,9,,,,,,
,,,,,23290,8.0,8,,,,,,
,,,,,23296,6.0,6,,,,,,
,,,,,23302,6.0,6,,,,,,
,,,,,23314,12.0,12,,,,,,
,,,,,23320,6.0,6,,,,,,
,,,,,23333,13.0,13,,,,,,
,,,,,23337,4.0,4,,,,,,
,,,,,23344,7.0,7,,,,,,
,,,,,23349,5.0,5,,,,,,
,,,,,23354,5.0,5,,,,,,
,,,,,23360,6.0,6,,,,,,
,,,,,23370,10.0,10,,,,,,
,,,,,23377,7.0,7,,,,,,
,,,,,23381,4.0,4,,,,,,
,,,,,23384,3.0,3,,,,,,
,,,,,23392,8.0,8,,,,,,
,,,,,23395,3.0,3,,,,,,
,,,,,23398,3.0,3,,,,,,
,,,,,23403,5.0,5,,,,,,
,,,,,23407,4.0,4,,,,,,
,,,,,23416,9.0,9,,,,,,
,,,,,23421,5.0,5,,,,,,
,,,,,23425,4.0,4,,,,,,
,,,,,23428,3.0,3,,,,,,
,,,,,23433,5.0,5,,,,,,
,,,,,23447,14.0,14,,,,,,
,,,,,23451,4.0,4,,,,,,
,,,,,23456,5.0,5,,,,,,
,,,,,23462,6.0,6,,,,,,
,,,,,23466,4.0,4,,,,,,
,,,,,23469,3.0,3,,,,,,
,,,,,23473,4.0,4,,,,,,
,,,,,23479,6.0,6,,,,,,
,,,,,23483,4.0,4,,,,,,
,,,,,23492,9.0,9,,,,,,
,,,,,23503,11.0,11,,,,,,
,,,,,23508,5.0,5,,,,,,
,,,,,23527,19.0,19,,,,,,
,,,,,23531,4.0,4,,,,,,
,,,,,23539,8.0,8,,,,,,
,,,,,23544,5.0,5,,,,,,
,,,,,23550,6.0,6,,,,,,
,,,,,23555,5.0,5,,,,,,
,,,,,23567,12.0,12,,,,,,
,,,,,23575,8.0,8,,,,,,
,,,,,23581,6.0,6,,,,,,
,,,,,23587,6.0,6,,,,,,
,,,,,23596,9.0,9,,,,,,
,,,,,23604,8.0,8,,,,,,
,,,,,23608,4.0,4,,,,,,
,,,,,23624,16.0,16,,,,,,
,,,,,23632,8.0,8,,,,,,
,,,,,23636,4.0,4,,,,,,
,,,,,23642,6.0,6,,,,,,
,,,,,23649,7.0,7,,,,,,
,,,,,23653,4.0,4,,,,,,
,,,,,23657,4.0,4,,,,,,
,,,,,23662,5.0,5,,,,,,
,,,,,23688,26.0,26,,,,,,
,,,,,23694,6.0,6,,,,,,
,,,,,23714,20.0,20,,,,,,
,,,,,23720,6.0,6,,,,,,
,,,,,23725,5.0,5,,,,,,
,,,,,23739,14.0,14,,,,,,
,,,,,23746,7.0,7,,,,,,
,,,,,23751,5.0,5,,,,,,
,,,,,23754,3.0,3,,,,,,
,,,,,23758,4.0,4,,,,,,
,,,,,23762,4.0,4,,,,,,
,,,,,23777,15.0,15,,,,,,
,,,,,23794,17.0,17,,,,,,
,,,,,23813,19.0,19,,,,,,
,,,,,23823,10.0,10,,,,,,
,,,,,23834,11.0,11,,,,,,
,,,,,23838,4.0,4,,,,,,
,,,,,23855,17.0,17,,,,,,
,,,,,23865,10.0,10,,,,,,
,,,,,23879,14.0,14,,,,,,
,,,,,23884,5.0,5,,,,,,
,,,,,23893,9.0,9,,,,,,
,,,,,23897,4.0,4,,,,,,
,,,,,23901,4.0,4,,,,,,
,,,,,23907,6.0,6,,,,,,
,,,,,23911,4.0,4,,,,,,
,,,,,23923,12.0,12,,,,,,
,,,,,23935,12.0,12,,,,,,
,,,,,23939,4.0,4,,,,,,
,,,,,23942,3.0,3,,,,,,
,,,,,23946,4.0,4,,,,,,
,,,,,23950,4.0,4,,,,,,
,,,,,23953,3.0,3,,,,,,
,,,,,23968,15.0,15,,,,,,
,,,,,23972,4.0,4,,,,,,
,,,,,23977,5.0,5,,,,,,
,,,,,23992,15.0,15,,,,,,
,,,,,23997,5.0,5,,,,,,
,,,,,24000,,,2.4411556720733643,5.184658527374268,5.367114067077637,0.0003,0.0003,0.1
,,,,,24002,5.0,5,,,,,,
,,,,,24008,6.0,6,,,,,,
,,,,,24013,5.0,5,,,,,,
,,,,,24018,5.0,5,,,,,,
,,,,,24030,12.0,12,,,,,,
,,,,,24033,3.0,3,,,,,,
,,,,,24037,4.0,4,,,,,,
,,,,,24042,5.0,5,,,,,,
,,,,,24047,5.0,5,,,,,,
,,,,,24054,7.0,7,,,,,,
,,,,,24075,21.0,21,,,,,,
,,,,,24080,5.0,5,,,,,,
,,,,,24084,4.0,4,,,,,,
,,,,,24088,4.0,4,,,,,,
,,,,,24091,3.0,3,,,,,,
,,,,,24102,11.0,11,,,,,,
,,,,,24108,6.0,6,,,,,,
,,,,,24127,19.0,19,,,,,,
,,,,,24135,8.0,8,,,,,,
,,,,,24138,3.0,3,,,,,,
,,,,,24142,4.0,4,,,,,,
,,,,,24146,4.0,4,,,,,,
,,,,,24151,5.0,5,,,,,,
,,,,,24155,4.0,4,,,,,,
,,,,,24161,6.0,6,,,,,,
,,,,,24171,10.0,10,,,,,,
,,,,,24184,13.0,13,,,,,,
,,,,,24191,7.0,7,,,,,,
,,,,,24202,11.0,11,,,,,,
,,,,,24207,5.0,5,,,,,,
,,,,,24211,4.0,4,,,,,,
,,,,,24214,3.0,3,,,,,,
,,,,,24217,3.0,3,,,,,,
,,,,,24223,6.0,6,,,,,,
,,,,,24233,10.0,10,,,,,,
,,,,,24237,4.0,4,,,,,,
,,,,,24241,4.0,4,,,,,,
,,,,,24249,8.0,8,,,,,,
,,,,,24256,7.0,7,,,,,,
,,,,,24259,3.0,3,,,,,,
,,,,,24271,12.0,12,,,,,,
,,,,,24274,3.0,3,,,,,,
,,,,,24280,6.0,6,,,,,,
,,,,,24283,3.0,3,,,,,,
,,,,,24290,7.0,7,,,,,,
,,,,,24294,4.0,4,,,,,,
,,,,,24308,14.0,14,,,,,,
,,,,,24319,11.0,11,,,,,,
,,,,,24324,5.0,5,,,,,,
,,,,,24330,6.0,6,,,,,,
,,,,,24333,3.0,3,,,,,,
,,,,,24348,15.0,15,,,,,,
,,,,,24351,3.0,3,,,,,,
,,,,,24354,3.0,3,,,,,,
,,,,,24364,10.0,10,,,,,,
,,,,,24370,6.0,6,,,,,,
,,,,,24381,11.0,11,,,,,,
,,,,,24389,8.0,8,,,,,,
,,,,,24399,10.0,10,,,,,,
,,,,,24407,8.0,8,,,,,,
,,,,,24411,4.0,4,,,,,,
,,,,,24414,3.0,3,,,,,,
,,,,,24417,3.0,3,,,,,,
,,,,,24420,3.0,3,,,,,,
,,,,,24427,7.0,7,,,,,,
,,,,,24439,12.0,12,,,,,,
,,,,,24446,7.0,7,,,,,,
,,,,,24456,10.0,10,,,,,,
,,,,,24463,7.0,7,,,,,,
,,,,,24466,3.0,3,,,,,,
,,,,,24470,4.0,4,,,,,,
,,,,,24476,6.0,6,,,,,,
,,,,,24487,11.0,11,,,,,,
,,,,,24496,9.0,9,,,,,,
,,,,,24508,12.0,12,,,,,,
,,,,,24515,7.0,7,,,,,,
,,,,,24524,9.0,9,,,,,,
,,,,,24528,4.0,4,,,,,,
,,,,,24535,7.0,7,,,,,,
,,,,,24543,8.0,8,,,,,,
,,,,,24546,3.0,3,,,,,,
,,,,,24550,4.0,4,,,,,,
,,,,,24553,3.0,3,,,,,,
,,,,,24573,20.0,20,,,,,,
,,,,,24583,10.0,10,,,,,,
,,,,,24607,24.0,24,,,,,,
,,,,,24615,8.0,8,,,,,,
,,,,,24619,4.0,4,,,,,,
,,,,,24622,3.0,3,,,,,,
,,,,,24639,17.0,17,,,,,,
,,,,,24644,5.0,5,,,,,,
,,,,,24656,12.0,12,,,,,,
,,,,,24665,9.0,9,,,,,,
,,,,,24675,10.0,10,,,,,,
,,,,,24678,3.0,3,,,,,,
,,,,,24686,8.0,8,,,,,,
,,,,,24690,4.0,4,,,,,,
,,,,,24704,14.0,14,,,,,,
,,,,,24710,6.0,6,,,,,,
,,,,,24723,13.0,13,,,,,,
,,,,,24729,6.0,6,,,,,,
,,,,,24740,11.0,11,,,,,,
,,,,,24744,4.0,4,,,,,,
,,,,,24756,12.0,12,,,,,,
,,,,,24759,3.0,3,,,,,,
,,,,,24763,4.0,4,,,,,,
,,,,,24774,11.0,11,,,,,,
,,,,,24780,6.0,6,,,,,,
,,,,,24790,10.0,10,,,,,,
,,,,,24797,7.0,7,,,,,,
,,,,,24801,4.0,4,,,,,,
,,,,,24807,6.0,6,,,,,,
,,,,,24811,4.0,4,,,,,,
,,,,,24822,11.0,11,,,,,,
,,,,,24828,6.0,6,,,,,,
,,,,,24832,4.0,4,,,,,,
,,,,,24840,8.0,8,,,,,,
,,,,,24849,9.0,9,,,,,,
,,,,,24856,7.0,7,,,,,,
,,,,,24864,8.0,8,,,,,,
,,,,,24869,5.0,5,,,,,,
,,,,,24872,3.0,3,,,,,,
,,,,,24876,4.0,4,,,,,,
,,,,,24883,7.0,7,,,,,,
,,,,,24888,5.0,5,,,,,,
,,,,,24892,4.0,4,,,,,,
,,,,,24895,3.0,3,,,,,,
,,,,,24899,4.0,4,,,,,,
,,,,,24902,3.0,3,,,,,,
,,,,,24905,3.0,3,,,,,,
,,,,,24916,11.0,11,,,,,,
,,,,,24923,7.0,7,,,,,,
,,,,,24931,8.0,8,,,,,,
,,,,,24937,6.0,6,,,,,,
,,,,,24946,9.0,9,,,,,,
,,,,,24956,10.0,10,,,,,,
,,,,,24969,13.0,13,,,,,,
,,,,,24976,7.0,7,,,,,,
,,,,,24980,4.0,4,,,,,,
,,,,,24989,9.0,9,,,,,,
,,,,,24999,10.0,10,,,,,,
5.3,1.9,9.0,3.0,5.3,25000,,,2.089623212814331,4.9006757736206055,4.991431713104248,0.0003,0.0003,0.1
,,,,,25004,5.0,5,,,,,,
,,,,,25008,4.0,4,,,,,,
,,,,,25013,5.0,5,,,,,,
,,,,,25017,4.0,4,,,,,,
,,,,,25021,4.0,4,,,,,,
,,,,,25025,4.0,4,,,,,,
,,,,,25032,7.0,7,,,,,,
,,,,,25036,4.0,4,,,,,,
,,,,,25043,7.0,7,,,,,,
,,,,,25046,3.0,3,,,,,,
,,,,,25053,7.0,7,,,,,,
,,,,,25058,5.0,5,,,,,,
,,,,,25067,9.0,9,,,,,,
,,,,,25074,7.0,7,,,,,,
,,,,,25077,3.0,3,,,,,,
,,,,,25081,4.0,4,,,,,,
,,,,,25085,4.0,4,,,,,,
,,,,,25095,10.0,10,,,,,,
,,,,,25099,4.0,4,,,,,,
,,,,,25103,4.0,4,,,,,,
,,,,,25107,4.0,4,,,,,,
,,,,,25117,10.0,10,,,,,,
,,,,,25120,3.0,3,,,,,,
,,,,,25125,5.0,5,,,,,,
,,,,,25132,7.0,7,,,,,,
,,,,,25141,9.0,9,,,,,,
,,,,,25145,4.0,4,,,,,,
,,,,,25153,8.0,8,,,,,,
,,,,,25159,6.0,6,,,,,,
,,,,,25164,5.0,5,,,,,,
,,,,,25169,5.0,5,,,,,,
,,,,,25172,3.0,3,,,,,,
,,,,,25179,7.0,7,,,,,,
,,,,,25185,6.0,6,,,,,,
,,,,,25188,3.0,3,,,,,,
,,,,,25191,3.0,3,,,,,,
,,,,,25195,4.0,4,,,,,,
,,,,,25204,9.0,9,,,,,,
,,,,,25208,4.0,4,,,,,,
,,,,,25212,4.0,4,,,,,,
,,,,,25217,5.0,5,,,,,,
,,,,,25230,13.0,13,,,,,,
,,,,,25237,7.0,7,,,,,,
,,,,,25248,11.0,11,,,,,,
,,,,,25259,11.0,11,,,,,,
,,,,,25265,6.0,6,,,,,,
,,,,,25268,3.0,3,,,,,,
,,,,,25273,5.0,5,,,,,,
,,,,,25276,3.0,3,,,,,,
,,,,,25281,5.0,5,,,,,,
,,,,,25291,10.0,10,,,,,,
,,,,,25297,6.0,6,,,,,,
,,,,,25301,4.0,4,,,,,,
,,,,,25306,5.0,5,,,,,,
,,,,,25310,4.0,4,,,,,,
,,,,,25325,15.0,15,,,,,,
,,,,,25328,3.0,3,,,,,,
,,,,,25332,4.0,4,,,,,,
,,,,,25336,4.0,4,,,,,,
,,,,,25341,5.0,5,,,,,,
,,,,,25347,6.0,6,,,,,,
,,,,,25352,5.0,5,,,,,,
,,,,,25379,27.0,27,,,,,,
,,,,,25383,4.0,4,,,,,,
,,,,,25392,9.0,9,,,,,,
,,,,,25401,9.0,9,,,,,,
,,,,,25417,16.0,16,,,,,,
,,,,,25420,3.0,3,,,,,,
,,,,,25425,5.0,5,,,,,,
,,,,,25430,5.0,5,,,,,,
,,,,,25436,6.0,6,,,,,,
,,,,,25441,5.0,5,,,,,,
,,,,,25448,7.0,7,,,,,,
,,,,,25454,6.0,6,,,,,,
,,,,,25457,3.0,3,,,,,,
,,,,,25465,8.0,8,,,,,,
,,,,,25480,15.0,15,,,,,,
,,,,,25493,13.0,13,,,,,,
,,,,,25498,5.0,5,,,,,,
,,,,,25502,4.0,4,,,,,,
,,,,,25509,7.0,7,,,,,,
,,,,,25525,16.0,16,,,,,,
,,,,,25529,4.0,4,,,,,,
,,,,,25535,6.0,6,,,,,,
,,,,,25545,10.0,10,,,,,,
,,,,,25551,6.0,6,,,,,,
,,,,,25555,4.0,4,,,,,,
,,,,,25562,7.0,7,,,,,,
,,,,,25568,6.0,6,,,,,,
,,,,,25579,11.0,11,,,,,,
,,,,,25590,11.0,11,,,,,,
,,,,,25596,6.0,6,,,,,,
,,,,,25603,7.0,7,,,,,,
,,,,,25609,6.0,6,,,,,,
,,,,,25612,3.0,3,,,,,,
,,,,,25616,4.0,4,,,,,,
,,,,,25620,4.0,4,,,,,,
,,,,,25635,15.0,15,,,,,,
,,,,,25646,11.0,11,,,,,,
,,,,,25649,3.0,3,,,,,,
,,,,,25656,7.0,7,,,,,,
,,,,,25661,5.0,5,,,,,,
,,,,,25665,4.0,4,,,,,,
,,,,,25670,5.0,5,,,,,,
,,,,,25678,8.0,8,,,,,,
,,,,,25682,4.0,4,,,,,,
,,,,,25687,5.0,5,,,,,,
,,,,,25692,5.0,5,,,,,,
,,,,,25697,5.0,5,,,,,,
,,,,,25713,16.0,16,,,,,,
,,,,,25716,3.0,3,,,,,,
,,,,,25729,13.0,13,,,,,,
,,,,,25733,4.0,4,,,,,,
,,,,,25737,4.0,4,,,,,,
,,,,,25740,3.0,3,,,,,,
,,,,,25743,3.0,3,,,,,,
,,,,,25748,5.0,5,,,,,,
,,,,,25752,4.0,4,,,,,,
,,,,,25756,4.0,4,,,,,,
,,,,,25762,6.0,6,,,,,,
,,,,,25766,4.0,4,,,,,,
,,,,,25774,8.0,8,,,,,,
,,,,,25789,15.0,15,,,,,,
,,,,,25797,8.0,8,,,,,,
,,,,,25804,7.0,7,,,,,,
,,,,,25813,9.0,9,,,,,,
,,,,,25826,13.0,13,,,,,,
,,,,,25836,10.0,10,,,,,,
,,,,,25847,11.0,11,,,,,,
,,,,,25850,3.0,3,,,,,,
,,,,,25856,6.0,6,,,,,,
,,,,,25866,10.0,10,,,,,,
,,,,,25870,4.0,4,,,,,,
,,,,,25873,3.0,3,,,,,,
,,,,,25876,3.0,3,,,,,,
,,,,,25880,4.0,4,,,,,,
,,,,,25890,10.0,10,,,,,,
,,,,,25894,4.0,4,,,,,,
,,,,,25897,3.0,3,,,,,,
,,,,,25903,6.0,6,,,,,,
,,,,,25911,8.0,8,,,,,,
,,,,,25915,4.0,4,,,,,,
,,,,,25918,3.0,3,,,,,,
,,,,,25935,17.0,17,,,,,,
,,,,,25939,4.0,4,,,,,,
,,,,,25942,3.0,3,,,,,,
,,,,,25945,3.0,3,,,,,,
,,,,,25961,16.0,16,,,,,,
,,,,,25972,11.0,11,,,,,,
,,,,,25978,6.0,6,,,,,,
,,,,,25989,11.0,11,,,,,,
,,,,,25993,4.0,4,,,,,,
,,,,,26000,,,2.485529661178589,5.307920455932617,5.304047584533691,0.0003,0.0003,0.1
,,,,,26003,10.0,10,,,,,,
,,,,,26009,6.0,6,,,,,,
,,,,,26021,12.0,12,,,,,,
,,,,,26025,4.0,4,,,,,,
,,,,,26032,7.0,7,,,,,,
,,,,,26036,4.0,4,,,,,,
,,,,,26041,5.0,5,,,,,,
,,,,,26045,4.0,4,,,,,,
,,,,,26053,8.0,8,,,,,,
,,,,,26078,25.0,25,,,,,,
,,,,,26084,6.0,6,,,,,,
,,,,,26088,4.0,4,,,,,,
,,,,,26091,3.0,3,,,,,,
,,,,,26095,4.0,4,,,,,,
,,,,,26101,6.0,6,,,,,,
,,,,,26118,17.0,17,,,,,,
,,,,,26127,9.0,9,,,,,,
,,,,,26131,4.0,4,,,,,,
,,,,,26138,7.0,7,,,,,,
,,,,,26144,6.0,6,,,,,,
,,,,,26150,6.0,6,,,,,,
,,,,,26156,6.0,6,,,,,,
,,,,,26164,8.0,8,,,,,,
,,,,,26169,5.0,5,,,,,,
,,,,,26177,8.0,8,,,,,,
,,,,,26183,6.0,6,,,,,,
,,,,,26189,6.0,6,,,,,,
,,,,,26200,11.0,11,,,,,,
,,,,,26204,4.0,4,,,,,,
,,,,,26208,4.0,4,,,,,,
,,,,,26218,10.0,10,,,,,,
,,,,,26234,16.0,16,,,,,,
,,,,,26238,4.0,4,,,,,,
,,,,,26244,6.0,6,,,,,,
,,,,,26248,4.0,4,,,,,,
,,,,,26256,8.0,8,,,,,,
,,,,,26261,5.0,5,,,,,,
,,,,,26267,6.0,6,,,,,,
,,,,,26284,17.0,17,,,,,,
,,,,,26288,4.0,4,,,,,,
,,,,,26296,8.0,8,,,,,,
,,,,,26302,6.0,6,,,,,,
,,,,,26310,8.0,8,,,,,,
,,,,,26314,4.0,4,,,,,,
,,,,,26322,8.0,8,,,,,,
,,,,,26328,6.0,6,,,,,,
,,,,,26331,3.0,3,,,,,,
,,,,,26338,7.0,7,,,,,,
,,,,,26345,7.0,7,,,,,,
,,,,,26352,7.0,7,,,,,,
,,,,,26357,5.0,5,,,,,,
,,,,,26363,6.0,6,,,,,,
,,,,,26370,7.0,7,,,,,,
,,,,,26382,12.0,12,,,,,,
,,,,,26388,6.0,6,,,,,,
,,,,,26391,3.0,3,,,,,,
,,,,,26397,6.0,6,,,,,,
,,,,,26416,19.0,19,,,,,,
,,,,,26425,9.0,9,,,,,,
,,,,,26428,3.0,3,,,,,,
,,,,,26431,3.0,3,,,,,,
,,,,,26440,9.0,9,,,,,,
,,,,,26446,6.0,6,,,,,,
,,,,,26451,5.0,5,,,,,,
,,,,,26459,8.0,8,,,,,,
,,,,,26462,3.0,3,,,,,,
,,,,,26472,10.0,10,,,,,,
,,,,,26475,3.0,3,,,,,,
,,,,,26478,3.0,3,,,,,,
,,,,,26486,8.0,8,,,,,,
,,,,,26489,3.0,3,,,,,,
,,,,,26496,7.0,7,,,,,,
,,,,,26501,5.0,5,,,,,,
,,,,,26507,6.0,6,,,,,,
,,,,,26512,5.0,5,,,,,,
,,,,,26517,5.0,5,,,,,,
,,,,,26527,10.0,10,,,,,,
,,,,,26532,5.0,5,,,,,,
,,,,,26540,8.0,8,,,,,,
,,,,,26545,5.0,5,,,,,,
,,,,,26551,6.0,6,,,,,,
,,,,,26556,5.0,5,,,,,,
,,,,,26565,9.0,9,,,,,,
,,,,,26571,6.0,6,,,,,,
,,,,,26576,5.0,5,,,,,,
,,,,,26581,5.0,5,,,,,,
,,,,,26586,5.0,5,,,,,,
,,,,,26594,8.0,8,,,,,,
,,,,,26600,6.0,6,,,,,,
,,,,,26617,17.0,17,,,,,,
,,,,,26621,4.0,4,,,,,,
,,,,,26628,7.0,7,,,,,,
,,,,,26631,3.0,3,,,,,,
,,,,,26640,9.0,9,,,,,,
,,,,,26647,7.0,7,,,,,,
,,,,,26659,12.0,12,,,,,,
,,,,,26664,5.0,5,,,,,,
,,,,,26672,8.0,8,,,,,,
,,,,,26677,5.0,5,,,,,,
,,,,,26681,4.0,4,,,,,,
,,,,,26685,4.0,4,,,,,,
,,,,,26693,8.0,8,,,,,,
,,,,,26697,4.0,4,,,,,,
,,,,,26703,6.0,6,,,,,,
,,,,,26707,4.0,4,,,,,,
,,,,,26729,22.0,22,,,,,,
,,,,,26739,10.0,10,,,,,,
,,,,,26759,20.0,20,,,,,,
,,,,,26763,4.0,4,,,,,,
,,,,,26778,15.0,15,,,,,,
,,,,,26787,9.0,9,,,,,,
,,,,,26792,5.0,5,,,,,,
,,,,,26803,11.0,11,,,,,,
,,,,,26811,8.0,8,,,,,,
,,,,,26823,12.0,12,,,,,,
,,,,,26829,6.0,6,,,,,,
,,,,,26836,7.0,7,,,,,,
,,,,,26841,5.0,5,,,,,,
,,,,,26847,6.0,6,,,,,,
,,,,,26854,7.0,7,,,,,,
,,,,,26858,4.0,4,,,,,,
,,,,,26861,3.0,3,,,,,,
,,,,,26865,4.0,4,,,,,,
,,,,,26868,3.0,3,,,,,,
,,,,,26872,4.0,4,,,,,,
,,,,,26878,6.0,6,,,,,,
,,,,,26881,3.0,3,,,,,,
,,,,,26890,9.0,9,,,,,,
,,,,,26912,22.0,22,,,,,,
,,,,,26919,7.0,7,,,,,,
,,,,,26936,17.0,17,,,,,,
,,,,,26940,4.0,4,,,,,,
,,,,,26943,3.0,3,,,,,,
,,,,,26956,13.0,13,,,,,,
,,,,,26960,4.0,4,,,,,,
,,,,,26968,8.0,8,,,,,,
,,,,,26981,13.0,13,,,,,,
,,,,,26987,6.0,6,,,,,,
,,,,,26996,9.0,9,,,,,,
,,,,,27000,,,1.7898186445236206,5.251816749572754,5.360530376434326,0.0003,0.0003,0.1
,,,,,27012,16.0,16,,,,,,
,,,,,27016,4.0,4,,,,,,
,,,,,27021,5.0,5,,,,,,
,,,,,27026,5.0,5,,,,,,
,,,,,27034,8.0,8,,,,,,
,,,,,27039,5.0,5,,,,,,
,,,,,27044,5.0,5,,,,,,
,,,,,27055,11.0,11,,,,,,
,,,,,27059,4.0,4,,,,,,
,,,,,27063,4.0,4,,,,,,
,,,,,27067,4.0,4,,,,,,
,,,,,27071,4.0,4,,,,,,
,,,,,27077,6.0,6,,,,,,
,,,,,27083,6.0,6,,,,,,
,,,,,27086,3.0,3,,,,,,
,,,,,27095,9.0,9,,,,,,
,,,,,27101,6.0,6,,,,,,
,,,,,27108,7.0,7,,,,,,
,,,,,27126,18.0,18,,,,,,
,,,,,27133,7.0,7,,,,,,
,,,,,27149,16.0,16,,,,,,
,,,,,27155,6.0,6,,,,,,
,,,,,27162,7.0,7,,,,,,
,,,,,27166,4.0,4,,,,,,
,,,,,27171,5.0,5,,,,,,
,,,,,27182,11.0,11,,,,,,
,,,,,27185,3.0,3,,,,,,
,,,,,27191,6.0,6,,,,,,
,,,,,27198,7.0,7,,,,,,
,,,,,27201,3.0,3,,,,,,
,,,,,27205,4.0,4,,,,,,
,,,,,27209,4.0,4,,,,,,
,,,,,27213,4.0,4,,,,,,
,,,,,27220,7.0,7,,,,,,
,,,,,27239,19.0,19,,,,,,
,,,,,27242,3.0,3,,,,,,
,,,,,27245,3.0,3,,,,,,
,,,,,27249,4.0,4,,,,,,
,,,,,27252,3.0,3,,,,,,
,,,,,27257,5.0,5,,,,,,
,,,,,27266,9.0,9,,,,,,
,,,,,27270,4.0,4,,,,,,
,,,,,27274,4.0,4,,,,,,
,,,,,27279,5.0,5,,,,,,
,,,,,27283,4.0,4,,,,,,
,,,,,27291,8.0,8,,,,,,
,,,,,27306,15.0,15,,,,,,
,,,,,27319,13.0,13,,,,,,
,,,,,27326,7.0,7,,,,,,
,,,,,27336,10.0,10,,,,,,
,,,,,27364,28.0,28,,,,,,
,,,,,27368,4.0,4,,,,,,
,,,,,27372,4.0,4,,,,,,
,,,,,27403,31.0,31,,,,,,
,,,,,27406,3.0,3,,,,,,
,,,,,27412,6.0,6,,,,,,
,,,,,27420,8.0,8,,,,,,
,,,,,27430,10.0,10,,,,,,
,,,,,27437,7.0,7,,,,,,
,,,,,27444,7.0,7,,,,,,
,,,,,27447,3.0,3,,,,,,
,,,,,27454,7.0,7,,,,,,
,,,,,27464,10.0,10,,,,,,
,,,,,27469,5.0,5,,,,,,
,,,,,27473,4.0,4,,,,,,
,,,,,27481,8.0,8,,,,,,
,,,,,27488,7.0,7,,,,,,
,,,,,27500,12.0,12,,,,,,
,,,,,27512,12.0,12,,,,,,
,,,,,27533,21.0,21,,,,,,
,,,,,27555,22.0,22,,,,,,
,,,,,27561,6.0,6,,,,,,
,,,,,27566,5.0,5,,,,,,
,,,,,27580,14.0,14,,,,,,
,,,,,27583,3.0,3,,,,,,
,,,,,27587,4.0,4,,,,,,
,,,,,27595,8.0,8,,,,,,
,,,,,27598,3.0,3,,,,,,
,,,,,27603,5.0,5,,,,,,
,,,,,27615,12.0,12,,,,,,
,,,,,27627,12.0,12,,,,,,
,,,,,27633,6.0,6,,,,,,
,,,,,27638,5.0,5,,,,,,
,,,,,27649,11.0,11,,,,,,
,,,,,27666,17.0,17,,,,,,
,,,,,27670,4.0,4,,,,,,
,,,,,27675,5.0,5,,,,,,
,,,,,27679,4.0,4,,,,,,
,,,,,27683,4.0,4,,,,,,
,,,,,27706,23.0,23,,,,,,
,,,,,27713,7.0,7,,,,,,
,,,,,27717,4.0,4,,,,,,
,,,,,27720,3.0,3,,,,,,
,,,,,27724,4.0,4,,,,,,
,,,,,27731,7.0,7,,,,,,
,,,,,27745,14.0,14,,,,,,
,,,,,27752,7.0,7,,,,,,
,,,,,27758,6.0,6,,,,,,
,,,,,27761,3.0,3,,,,,,
,,,,,27768,7.0,7,,,,,,
,,,,,27772,4.0,4,,,,,,
,,,,,27784,12.0,12,,,,,,
,,,,,27788,4.0,4,,,,,,
,,,,,27792,4.0,4,,,,,,
,,,,,27801,9.0,9,,,,,,
,,,,,27813,12.0,12,,,,,,
,,,,,27817,4.0,4,,,,,,
,,,,,27838,21.0,21,,,,,,
,,,,,27845,7.0,7,,,,,,
,,,,,27852,7.0,7,,,,,,
,,,,,27856,4.0,4,,,,,,
,,,,,27866,10.0,10,,,,,,
,,,,,27871,5.0,5,,,,,,
,,,,,27876,5.0,5,,,,,,
,,,,,27899,23.0,23,,,,,,
,,,,,27907,8.0,8,,,,,,
,,,,,27912,5.0,5,,,,,,
,,,,,27919,7.0,7,,,,,,
,,,,,27923,4.0,4,,,,,,
,,,,,27946,23.0,23,,,,,,
,,,,,27950,4.0,4,,,,,,
,,,,,27955,5.0,5,,,,,,
,,,,,27958,3.0,3,,,,,,
,,,,,27970,12.0,12,,,,,,
,,,,,27974,4.0,4,,,,,,
,,,,,27980,6.0,6,,,,,,
,,,,,27983,3.0,3,,,,,,
,,,,,27986,3.0,3,,,,,,
,,,,,27989,3.0,3,,,,,,
,,,,,27995,6.0,6,,,,,,
,,,,,27999,4.0,4,,,,,,
,,,,,28000,,,2.0434176921844482,5.291620254516602,5.346760272979736,0.0003,0.0003,0.1
,,,,,28003,4.0,4,,,,,,
,,,,,28007,4.0,4,,,,,,
,,,,,28012,5.0,5,,,,,,
,,,,,28019,7.0,7,,,,,,
,,,,,28024,5.0,5,,,,,,
,,,,,28028,4.0,4,,,,,,
,,,,,28043,15.0,15,,,,,,
,,,,,28051,8.0,8,,,,,,
,,,,,28055,4.0,4,,,,,,
,,,,,28061,6.0,6,,,,,,
,,,,,28068,7.0,7,,,,,,
,,,,,28075,7.0,7,,,,,,
,,,,,28078,3.0,3,,,,,,
,,,,,28083,5.0,5,,,,,,
,,,,,28086,3.0,3,,,,,,
,,,,,28093,7.0,7,,,,,,
,,,,,28098,5.0,5,,,,,,
,,,,,28107,9.0,9,,,,,,
,,,,,28110,3.0,3,,,,,,
,,,,,28116,6.0,6,,,,,,
,,,,,28121,5.0,5,,,,,,
,,,,,28125,4.0,4,,,,,,
,,,,,28146,21.0,21,,,,,,
,,,,,28153,7.0,7,,,,,,
,,,,,28165,12.0,12,,,,,,
,,,,,28179,14.0,14,,,,,,
,,,,,28189,10.0,10,,,,,,
,,,,,28192,3.0,3,,,,,,
,,,,,28201,9.0,9,,,,,,
,,,,,28205,4.0,4,,,,,,
,,,,,28208,3.0,3,,,,,,
,,,,,28214,6.0,6,,,,,,
,,,,,28218,4.0,4,,,,,,
,,,,,28222,4.0,4,,,,,,
,,,,,28229,7.0,7,,,,,,
,,,,,28233,4.0,4,,,,,,
,,,,,28255,22.0,22,,,,,,
,,,,,28261,6.0,6,,,,,,
,,,,,28268,7.0,7,,,,,,
,,,,,28274,6.0,6,,,,,,
,,,,,28281,7.0,7,,,,,,
,,,,,28284,3.0,3,,,,,,
,,,,,28290,6.0,6,,,,,,
,,,,,28294,4.0,4,,,,,,
,,,,,28300,6.0,6,,,,,,
,,,,,28313,13.0,13,,,,,,
,,,,,28316,3.0,3,,,,,,
,,,,,28319,3.0,3,,,,,,
,,,,,28328,9.0,9,,,,,,
,,,,,28336,8.0,8,,,,,,
,,,,,28341,5.0,5,,,,,,
,,,,,28351,10.0,10,,,,,,
,,,,,28356,5.0,5,,,,,,
,,,,,28369,13.0,13,,,,,,
,,,,,28376,7.0,7,,,,,,
,,,,,28384,8.0,8,,,,,,
,,,,,28389,5.0,5,,,,,,
,,,,,28394,5.0,5,,,,,,
,,,,,28400,6.0,6,,,,,,
,,,,,28405,5.0,5,,,,,,
,,,,,28415,10.0,10,,,,,,
,,,,,28420,5.0,5,,,,,,
,,,,,28433,13.0,13,,,,,,
,,,,,28437,4.0,4,,,,,,
,,,,,28443,6.0,6,,,,,,
,,,,,28447,4.0,4,,,,,,
,,,,,28456,9.0,9,,,,,,
,,,,,28475,19.0,19,,,,,,
,,,,,28479,4.0,4,,,,,,
,,,,,28482,3.0,3,,,,,,
,,,,,28491,9.0,9,,,,,,
,,,,,28497,6.0,6,,,,,,
,,,,,28502,5.0,5,,,,,,
,,,,,28513,11.0,11,,,,,,
,,,,,28526,13.0,13,,,,,,
,,,,,28541,15.0,15,,,,,,
,,,,,28547,6.0,6,,,,,,
,,,,,28551,4.0,4,,,,,,
,,,,,28567,16.0,16,,,,,,
,,,,,28576,9.0,9,,,,,,
,,,,,28581,5.0,5,,,,,,
,,,,,28584,3.0,3,,,,,,
,,,,,28592,8.0,8,,,,,,
,,,,,28597,5.0,5,,,,,,
,,,,,28614,17.0,17,,,,,,
,,,,,28627,13.0,13,,,,,,
,,,,,28638,11.0,11,,,,,,
,,,,,28642,4.0,4,,,,,,
,,,,,28646,4.0,4,,,,,,
,,,,,28655,9.0,9,,,,,,
,,,,,28663,8.0,8,,,,,,
,,,,,28672,9.0,9,,,,,,
,,,,,28681,9.0,9,,,,,,
,,,,,28688,7.0,7,,,,,,
,,,,,28706,18.0,18,,,,,,
,,,,,28711,5.0,5,,,,,,
,,,,,28721,10.0,10,,,,,,
,,,,,28726,5.0,5,,,,,,
,,,,,28731,5.0,5,,,,,,
,,,,,28735,4.0,4,,,,,,
,,,,,28747,12.0,12,,,,,,
,,,,,28752,5.0,5,,,,,,
,,,,,28756,4.0,4,,,,,,
,,,,,28760,4.0,4,,,,,,
,,,,,28764,4.0,4,,,,,,
,,,,,28771,7.0,7,,,,,,
,,,,,28775,4.0,4,,,,,,
,,,,,28785,10.0,10,,,,,,
,,,,,28790,5.0,5,,,,,,
,,,,,28805,15.0,15,,,,,,
,,,,,28814,9.0,9,,,,,,
,,,,,28820,6.0,6,,,,,,
,,,,,28827,7.0,7,,,,,,
,,,,,28830,3.0,3,,,,,,
,,,,,28841,11.0,11,,,,,,
,,,,,28855,14.0,14,,,,,,
,,,,,28859,4.0,4,,,,,,
,,,,,28862,3.0,3,,,,,,
,,,,,28868,6.0,6,,,,,,
,,,,,28880,12.0,12,,,,,,
,,,,,28885,5.0,5,,,,,,
,,,,,28897,12.0,12,,,,,,
,,,,,28903,6.0,6,,,,,,
,,,,,28909,6.0,6,,,,,,
,,,,,28913,4.0,4,,,,,,
,,,,,28917,4.0,4,,,,,,
,,,,,28925,8.0,8,,,,,,
,,,,,28932,7.0,7,,,,,,
,,,,,28938,6.0,6,,,,,,
,,,,,28941,3.0,3,,,,,,
,,,,,28944,3.0,3,,,,,,
,,,,,28950,6.0,6,,,,,,
,,,,,28953,3.0,3,,,,,,
,,,,,28961,8.0,8,,,,,,
,,,,,28968,7.0,7,,,,,,
,,,,,28972,4.0,4,,,,,,
,,,,,28976,4.0,4,,,,,,
,,,,,28984,8.0,8,,,,,,
,,,,,28991,7.0,7,,,,,,
,,,,,28997,6.0,6,,,,,,
,,,,,29000,,,1.9532713890075684,5.169600009918213,5.042693138122559,0.0003,0.0003,0.1
,,,,,29002,5.0,5,,,,,,
,,,,,29006,4.0,4,,,,,,
,,,,,29019,13.0,13,,,,,,
,,,,,29032,13.0,13,,,,,,
,,,,,29040,8.0,8,,,,,,
,,,,,29046,6.0,6,,,,,,
,,,,,29076,30.0,30,,,,,,
,,,,,29086,10.0,10,,,,,,
,,,,,29091,5.0,5,,,,,,
,,,,,29097,6.0,6,,,,,,
,,,,,29102,5.0,5,,,,,,
,,,,,29108,6.0,6,,,,,,
,,,,,29112,4.0,4,,,,,,
,,,,,29115,3.0,3,,,,,,
,,,,,29122,7.0,7,,,,,,
,,,,,29128,6.0,6,,,,,,
,,,,,29134,6.0,6,,,,,,
,,,,,29138,4.0,4,,,,,,
,,,,,29147,9.0,9,,,,,,
,,,,,29154,7.0,7,,,,,,
,,,,,29159,5.0,5,,,,,,
,,,,,29164,5.0,5,,,,,,
,,,,,29175,11.0,11,,,,,,
,,,,,29179,4.0,4,,,,,,
,,,,,29190,11.0,11,,,,,,
,,,,,29195,5.0,5,,,,,,
,,,,,29214,19.0,19,,,,,,
,,,,,29219,5.0,5,,,,,,
,,,,,29222,3.0,3,,,,,,
,,,,,29226,4.0,4,,,,,,
,,,,,29232,6.0,6,,,,,,
,,,,,29236,4.0,4,,,,,,
,,,,,29239,3.0,3,,,,,,
,,,,,29248,9.0,9,,,,,,
,,,,,29252,4.0,4,,,,,,
,,,,,29259,7.0,7,,,,,,
,,,,,29264,5.0,5,,,,,,
,,,,,29269,5.0,5,,,,,,
,,,,,29272,3.0,3,,,,,,
,,,,,29280,8.0,8,,,,,,
,,,,,29284,4.0,4,,,,,,
,,,,,29288,4.0,4,,,,,,
,,,,,29306,18.0,18,,,,,,
,,,,,29310,4.0,4,,,,,,
,,,,,29314,4.0,4,,,,,,
,,,,,29319,5.0,5,,,,,,
,,,,,29323,4.0,4,,,,,,
,,,,,29330,7.0,7,,,,,,
,,,,,29333,3.0,3,,,,,,
,,,,,29342,9.0,9,,,,,,
,,,,,29346,4.0,4,,,,,,
,,,,,29355,9.0,9,,,,,,
,,,,,29364,9.0,9,,,,,,
,,,,,29368,4.0,4,,,,,,
,,,,,29385,17.0,17,,,,,,
,,,,,29389,4.0,4,,,,,,
,,,,,29393,4.0,4,,,,,,
,,,,,29401,8.0,8,,,,,,
,,,,,29408,7.0,7,,,,,,
,,,,,29413,5.0,5,,,,,,
,,,,,29423,10.0,10,,,,,,
,,,,,29429,6.0,6,,,,,,
,,,,,29436,7.0,7,,,,,,
,,,,,29439,3.0,3,,,,,,
,,,,,29445,6.0,6,,,,,,
,,,,,29455,10.0,10,,,,,,
,,,,,29465,10.0,10,,,,,,
,,,,,29469,4.0,4,,,,,,
,,,,,29483,14.0,14,,,,,,
,,,,,29493,10.0,10,,,,,,
,,,,,29504,11.0,11,,,,,,
,,,,,29511,7.0,7,,,,,,
,,,,,29518,7.0,7,,,,,,
,,,,,29522,4.0,4,,,,,,
,,,,,29529,7.0,7,,,,,,
,,,,,29541,12.0,12,,,,,,
,,,,,29562,21.0,21,,,,,,
,,,,,29567,5.0,5,,,,,,
,,,,,29582,15.0,15,,,,,,
,,,,,29585,3.0,3,,,,,,
,,,,,29593,8.0,8,,,,,,
,,,,,29597,4.0,4,,,,,,
,,,,,29616,19.0,19,,,,,,
,,,,,29620,4.0,4,,,,,,
,,,,,29638,18.0,18,,,,,,
,,,,,29646,8.0,8,,,,,,
,,,,,29657,11.0,11,,,,,,
,,,,,29664,7.0,7,,,,,,
,,,,,29668,4.0,4,,,,,,
,,,,,29674,6.0,6,,,,,,
,,,,,29681,7.0,7,,,,,,
,,,,,29687,6.0,6,,,,,,
,,,,,29697,10.0,10,,,,,,
,,,,,29709,12.0,12,,,,,,
,,,,,29716,7.0,7,,,,,,
,,,,,29724,8.0,8,,,,,,
,,,,,29737,13.0,13,,,,,,
,,,,,29740,3.0,3,,,,,,
,,,,,29749,9.0,9,,,,,,
,,,,,29753,4.0,4,,,,,,
,,,,,29762,9.0,9,,,,,,
,,,,,29766,4.0,4,,,,,,
,,,,,29770,4.0,4,,,,,,
,,,,,29775,5.0,5,,,,,,
,,,,,29779,4.0,4,,,,,,
,,,,,29782,3.0,3,,,,,,
,,,,,29785,3.0,3,,,,,,
,,,,,29797,12.0,12,,,,,,
,,,,,29800,3.0,3,,,,,,
,,,,,29810,10.0,10,,,,,,
,,,,,29818,8.0,8,,,,,,
,,,,,29824,6.0,6,,,,,,
,,,,,29828,4.0,4,,,,,,
,,,,,29838,10.0,10,,,,,,
,,,,,29841,3.0,3,,,,,,
,,,,,29845,4.0,4,,,,,,
,,,,,29850,5.0,5,,,,,,
,,,,,29860,10.0,10,,,,,,
,,,,,29868,8.0,8,,,,,,
,,,,,29871,3.0,3,,,,,,
,,,,,29881,10.0,10,,,,,,
,,,,,29888,7.0,7,,,,,,
,,,,,29896,8.0,8,,,,,,
,,,,,29899,3.0,3,,,,,,
,,,,,29916,17.0,17,,,,,,
,,,,,29920,4.0,4,,,,,,
,,,,,29923,3.0,3,,,,,,
,,,,,29927,4.0,4,,,,,,
,,,,,29937,10.0,10,,,,,,
,,,,,29944,7.0,7,,,,,,
,,,,,29957,13.0,13,,,,,,
,,,,,29961,4.0,4,,,,,,
,,,,,29967,6.0,6,,,,,,
,,,,,29972,5.0,5,,,,,,
,,,,,29981,9.0,9,,,,,,
,,,,,29990,9.0,9,,,,,,
,,,,,29995,5.0,5,,,,,,
7.0,4.97996,20.0,3.0,7.0,30000,,,2.3543996810913086,5.009132385253906,4.768259048461914,0.0003,0.0003,0.1
,,,,,30001,6.0,6,,,,,,
,,,,,30005,4.0,4,,,,,,
,,,,,30008,3.0,3,,,,,,
,,,,,30014,6.0,6,,,,,,
,,,,,30018,4.0,4,,,,,,
,,,,,30027,9.0,9,,,,,,
,,,,,30033,6.0,6,,,,,,
,,,,,30037,4.0,4,,,,,,
,,,,,30045,8.0,8,,,,,,
,,,,,30050,5.0,5,,,,,,
,,,,,30066,16.0,16,,,,,,
,,,,,30075,9.0,9,,,,,,
,,,,,30081,6.0,6,,,,,,
,,,,,30084,3.0,3,,,,,,
,,,,,30094,10.0,10,,,,,,
,,,,,30103,9.0,9,,,,,,
,,,,,30107,4.0,4,,,,,,
,,,,,30112,5.0,5,,,,,,
,,,,,30116,4.0,4,,,,,,
,,,,,30122,6.0,6,,,,,,
,,,,,30125,3.0,3,,,,,,
,,,,,30135,10.0,10,,,,,,
,,,,,30142,7.0,7,,,,,,
,,,,,30153,11.0,11,,,,,,
,,,,,30162,9.0,9,,,,,,
,,,,,30168,6.0,6,,,,,,
,,,,,30171,3.0,3,,,,,,
,,,,,30176,5.0,5,,,,,,
,,,,,30189,13.0,13,,,,,,
,,,,,30193,4.0,4,,,,,,
,,,,,30203,10.0,10,,,,,,
,,,,,30215,12.0,12,,,,,,
,,,,,30219,4.0,4,,,,,,
,,,,,30226,7.0,7,,,,,,
,,,,,30242,16.0,16,,,,,,
,,,,,30258,16.0,16,,,,,,
,,,,,30263,5.0,5,,,,,,
,,,,,30267,4.0,4,,,,,,
,,,,,30275,8.0,8,,,,,,
,,,,,30278,3.0,3,,,,,,
,,,,,30282,4.0,4,,,,,,
,,,,,30286,4.0,4,,,,,,
,,,,,30294,8.0,8,,,,,,
,,,,,30299,5.0,5,,,,,,
,,,,,30302,3.0,3,,,,,,
,,,,,30309,7.0,7,,,,,,
,,,,,30313,4.0,4,,,,,,
,,,,,30322,9.0,9,,,,,,
,,,,,30326,4.0,4,,,,,,
,,,,,30330,4.0,4,,,,,,
,,,,,30337,7.0,7,,,,,,
,,,,,30344,7.0,7,,,,,,
,,,,,30349,5.0,5,,,,,,
,,,,,30353,4.0,4,,,,,,
,,,,,30356,3.0,3,,,,,,
,,,,,30361,5.0,5,,,,,,
,,,,,30367,6.0,6,,,,,,
,,,,,30372,5.0,5,,,,,,
,,,,,30377,5.0,5,,,,,,
,,,,,30382,5.0,5,,,,,,
,,,,,30394,12.0,12,,,,,,
,,,,,30400,6.0,6,,,,,,
,,,,,30408,8.0,8,,,,,,
,,,,,30414,6.0,6,,,,,,
,,,,,30431,17.0,17,,,,,,
,,,,,30437,6.0,6,,,,,,
,,,,,30451,14.0,14,,,,,,
,,,,,30457,6.0,6,,,,,,
,,,,,30461,4.0,4,,,,,,
,,,,,30470,9.0,9,,,,,,
,,,,,30476,6.0,6,,,,,,
,,,,,30479,3.0,3,,,,,,
,,,,,30484,5.0,5,,,,,,
,,,,,30488,4.0,4,,,,,,
,,,,,30494,6.0,6,,,,,,
,,,,,30497,3.0,3,,,,,,
,,,,,30503,6.0,6,,,,,,
,,,,,30514,11.0,11,,,,,,
,,,,,30526,12.0,12,,,,,,
,,,,,30535,9.0,9,,,,,,
,,,,,30538,3.0,3,,,,,,
,,,,,30541,3.0,3,,,,,,
,,,,,30551,10.0,10,,,,,,
,,,,,30563,12.0,12,,,,,,
,,,,,30573,10.0,10,,,,,,
,,,,,30579,6.0,6,,,,,,
,,,,,30590,11.0,11,,,,,,
,,,,,30601,11.0,11,,,,,,
,,,,,30605,4.0,4,,,,,,
,,,,,30613,8.0,8,,,,,,
,,,,,30618,5.0,5,,,,,,
,,,,,30622,4.0,4,,,,,,
,,,,,30629,7.0,7,,,,,,
,,,,,30633,4.0,4,,,,,,
,,,,,30638,5.0,5,,,,,,
,,,,,30645,7.0,7,,,,,,
,,,,,30650,5.0,5,,,,,,
,,,,,30653,3.0,3,,,,,,
,,,,,30670,17.0,17,,,,,,
,,,,,30677,7.0,7,,,,,,
,,,,,30681,4.0,4,,,,,,
,,,,,30686,5.0,5,,,,,,
,,,,,30689,3.0,3,,,,,,
,,,,,30694,5.0,5,,,,,,
,,,,,30706,12.0,12,,,,,,
,,,,,30715,9.0,9,,,,,,
,,,,,30718,3.0,3,,,,,,
,,,,,30726,8.0,8,,,,,,
,,,,,30732,6.0,6,,,,,,
,,,,,30735,3.0,3,,,,,,
,,,,,30748,13.0,13,,,,,,
,,,,,30754,6.0,6,,,,,,
,,,,,30758,4.0,4,,,,,,
,,,,,30762,4.0,4,,,,,,
,,,,,30766,4.0,4,,,,,,
,,,,,30770,4.0,4,,,,,,
,,,,,30773,3.0,3,,,,,,
,,,,,30796,23.0,23,,,,,,
,,,,,30802,6.0,6,,,,,,
,,,,,30811,9.0,9,,,,,,
,,,,,30816,5.0,5,,,,,,
,,,,,30819,3.0,3,,,,,,
,,,,,30823,4.0,4,,,,,,
,,,,,30829,6.0,6,,,,,,
,,,,,30832,3.0,3,,,,,,
,,,,,30838,6.0,6,,,,,,
,,,,,30841,3.0,3,,,,,,
,,,,,30851,10.0,10,,,,,,
,,,,,30867,16.0,16,,,,,,
,,,,,30881,14.0,14,,,,,,
,,,,,30893,12.0,12,,,,,,
,,,,,30905,12.0,12,,,,,,
,,,,,30909,4.0,4,,,,,,
,,,,,30919,10.0,10,,,,,,
,,,,,30929,10.0,10,,,,,,
,,,,,30942,13.0,13,,,,,,
,,,,,30946,4.0,4,,,,,,
,,,,,30964,18.0,18,,,,,,
,,,,,30970,6.0,6,,,,,,
,,,,,30973,3.0,3,,,,,,
,,,,,30976,3.0,3,,,,,,
,,,,,30988,12.0,12,,,,,,
,,,,,30993,5.0,5,,,,,,
,,,,,31000,,,2.058239459991455,4.918935298919678,4.9976420402526855,0.0003,0.0003,0.1
,,,,,31001,8.0,8,,,,,,
,,,,,31005,4.0,4,,,,,,
,,,,,31010,5.0,5,,,,,,
,,,,,31016,6.0,6,,,,,,
,,,,,31020,4.0,4,,,,,,
,,,,,31033,13.0,13,,,,,,
,,,,,31041,8.0,8,,,,,,
,,,,,31051,10.0,10,,,,,,
,,,,,31066,15.0,15,,,,,,
,,,,,31073,7.0,7,,,,,,
,,,,,31083,10.0,10,,,,,,
,,,,,31086,3.0,3,,,,,,
,,,,,31092,6.0,6,,,,,,
,,,,,31096,4.0,4,,,,,,
,,,,,31101,5.0,5,,,,,,
,,,,,31106,5.0,5,,,,,,
,,,,,31110,4.0,4,,,,,,
,,,,,31120,10.0,10,,,,,,
,,,,,31123,3.0,3,,,,,,
,,,,,31133,10.0,10,,,,,,
,,,,,31139,6.0,6,,,,,,
,,,,,31148,9.0,9,,,,,,
,,,,,31151,3.0,3,,,,,,
,,,,,31160,9.0,9,,,,,,
,,,,,31165,5.0,5,,,,,,
,,,,,31169,4.0,4,,,,,,
,,,,,31172,3.0,3,,,,,,
,,,,,31176,4.0,4,,,,,,
,,,,,31180,4.0,4,,,,,,
,,,,,31192,12.0,12,,,,,,
,,,,,31203,11.0,11,,,,,,
,,,,,31208,5.0,5,,,,,,
,,,,,31215,7.0,7,,,,,,
,,,,,31223,8.0,8,,,,,,
,,,,,31227,4.0,4,,,,,,
,,,,,31230,3.0,3,,,,,,
,,,,,31238,8.0,8,,,,,,
,,,,,31246,8.0,8,,,,,,
,,,,,31256,10.0,10,,,,,,
,,,,,31259,3.0,3,,,,,,
,,,,,31273,14.0,14,,,,,,
,,,,,31281,8.0,8,,,,,,
,,,,,31284,3.0,3,,,,,,
,,,,,31287,3.0,3,,,,,,
,,,,,31290,3.0,3,,,,,,
,,,,,31295,5.0,5,,,,,,
,,,,,31298,3.0,3,,,,,,
,,,,,31305,7.0,7,,,,,,
,,,,,31310,5.0,5,,,,,,
,,,,,31313,3.0,3,,,,,,
,,,,,31319,6.0,6,,,,,,
,,,,,31326,7.0,7,,,,,,
,,,,,31333,7.0,7,,,,,,
,,,,,31336,3.0,3,,,,,,
,,,,,31340,4.0,4,,,,,,
,,,,,31344,4.0,4,,,,,,
,,,,,31349,5.0,5,,,,,,
,,,,,31354,5.0,5,,,,,,
,,,,,31362,8.0,8,,,,,,
,,,,,31365,3.0,3,,,,,,
,,,,,31371,6.0,6,,,,,,
,,,,,31377,6.0,6,,,,,,
,,,,,31381,4.0,4,,,,,,
,,,,,31386,5.0,5,,,,,,
,,,,,31390,4.0,4,,,,,,
,,,,,31397,7.0,7,,,,,,
,,,,,31406,9.0,9,,,,,,
,,,,,31409,3.0,3,,,,,,
,,,,,31413,4.0,4,,,,,,
,,,,,31419,6.0,6,,,,,,
,,,,,31436,17.0,17,,,,,,
,,,,,31440,4.0,4,,,,,,
,,,,,31455,15.0,15,,,,,,
,,,,,31462,7.0,7,,,,,,
,,,,,31465,3.0,3,,,,,,
,,,,,31470,5.0,5,,,,,,
,,,,,31475,5.0,5,,,,,,
,,,,,31486,11.0,11,,,,,,
,,,,,31491,5.0,5,,,,,,
,,,,,31495,4.0,4,,,,,,
,,,,,31504,9.0,9,,,,,,
,,,,,31508,4.0,4,,,,,,
,,,,,31515,7.0,7,,,,,,
,,,,,31520,5.0,5,,,,,,
,,,,,31524,4.0,4,,,,,,
,,,,,31532,8.0,8,,,,,,
,,,,,31536,4.0,4,,,,,,
,,,,,31540,4.0,4,,,,,,
,,,,,31547,7.0,7,,,,,,
,,,,,31553,6.0,6,,,,,,
,,,,,31564,11.0,11,,,,,,
,,,,,31574,10.0,10,,,,,,
,,,,,31589,15.0,15,,,,,,
,,,,,31601,12.0,12,,,,,,
,,,,,31604,3.0,3,,,,,,
,,,,,31608,4.0,4,,,,,,
,,,,,31620,12.0,12,,,,,,
,,,,,31624,4.0,4,,,,,,
,,,,,31628,4.0,4,,,,,,
,,,,,31632,4.0,4,,,,,,
,,,,,31641,9.0,9,,,,,,
,,,,,31648,7.0,7,,,,,,
,,,,,31653,5.0,5,,,,,,
,,,,,31657,4.0,4,,,,,,
,,,,,31662,5.0,5,,,,,,
,,,,,31669,7.0,7,,,,,,
,,,,,31673,4.0,4,,,,,,
,,,,,31676,3.0,3,,,,,,
,,,,,31679,3.0,3,,,,,,
,,,,,31682,3.0,3,,,,,,
,,,,,31688,6.0,6,,,,,,
,,,,,31704,16.0,16,,,,,,
,,,,,31712,8.0,8,,,,,,
,,,,,31722,10.0,10,,,,,,
,,,,,31732,10.0,10,,,,,,
,,,,,31738,6.0,6,,,,,,
,,,,,31744,6.0,6,,,,,,
,,,,,31749,5.0,5,,,,,,
,,,,,31753,4.0,4,,,,,,
,,,,,31756,3.0,3,,,,,,
,,,,,31759,3.0,3,,,,,,
,,,,,31769,10.0,10,,,,,,
,,,,,31775,6.0,6,,,,,,
,,,,,31780,5.0,5,,,,,,
,,,,,31783,3.0,3,,,,,,
,,,,,31786,3.0,3,,,,,,
,,,,,31793,7.0,7,,,,,,
,,,,,31798,5.0,5,,,,,,
,,,,,31811,13.0,13,,,,,,
,,,,,31815,4.0,4,,,,,,
,,,,,31819,4.0,4,,,,,,
,,,,,31829,10.0,10,,,,,,
,,,,,31833,4.0,4,,,,,,
,,,,,31840,7.0,7,,,,,,
,,,,,31846,6.0,6,,,,,,
,,,,,31850,4.0,4,,,,,,
,,,,,31854,4.0,4,,,,,,
,,,,,31861,7.0,7,,,,,,
,,,,,31866,5.0,5,,,,,,
,,,,,31870,4.0,4,,,,,,
,,,,,31874,4.0,4,,,,,,
,,,,,31884,10.0,10,,,,,,
,,,,,31892,8.0,8,,,,,,
,,,,,31897,5.0,5,,,,,,
,,,,,31902,5.0,5,,,,,,
,,,,,31911,9.0,9,,,,,,
,,,,,31918,7.0,7,,,,,,
,,,,,31921,3.0,3,,,,,,
,,,,,31927,6.0,6,,,,,,
,,,,,31930,3.0,3,,,,,,
,,,,,31938,8.0,8,,,,,,
,,,,,31943,5.0,5,,,,,,
,,,,,31947,4.0,4,,,,,,
,,,,,31952,5.0,5,,,,,,
,,,,,31960,8.0,8,,,,,,
,,,,,31970,10.0,10,,,,,,
,,,,,31975,5.0,5,,,,,,
,,,,,31989,14.0,14,,,,,,
,,,,,31994,5.0,5,,,,,,
,,,,,32000,,,2.303816556930542,5.115118503570557,5.068657398223877,0.0003,0.0003,0.1
,,,,,32015,21.0,21,,,,,,
,,,,,32021,6.0,6,,,,,,
,,,,,32029,8.0,8,,,,,,
,,,,,32032,3.0,3,,,,,,
,,,,,32040,8.0,8,,,,,,
,,,,,32050,10.0,10,,,,,,
,,,,,32060,10.0,10,,,,,,
,,,,,32064,4.0,4,,,,,,
,,,,,32067,3.0,3,,,,,,
,,,,,32076,9.0,9,,,,,,
,,,,,32079,3.0,3,,,,,,
,,,,,32090,11.0,11,,,,,,
,,,,,32093,3.0,3,,,,,,
,,,,,32104,11.0,11,,,,,,
,,,,,32109,5.0,5,,,,,,
,,,,,32114,5.0,5,,,,,,
,,,,,32119,5.0,5,,,,,,
,,,,,32124,5.0,5,,,,,,
,,,,,32127,3.0,3,,,,,,
,,,,,32132,5.0,5,,,,,,
,,,,,32140,8.0,8,,,,,,
,,,,,32146,6.0,6,,,,,,
,,,,,32149,3.0,3,,,,,,
,,,,,32166,17.0,17,,,,,,
,,,,,32177,11.0,11,,,,,,
,,,,,32181,4.0,4,,,,,,
,,,,,32188,7.0,7,,,,,,
,,,,,32194,6.0,6,,,,,,
,,,,,32198,4.0,4,,,,,,
,,,,,32204,6.0,6,,,,,,
,,,,,32214,10.0,10,,,,,,
,,,,,32223,9.0,9,,,,,,
,,,,,32234,11.0,11,,,,,,
,,,,,32240,6.0,6,,,,,,
,,,,,32243,3.0,3,,,,,,
,,,,,32252,9.0,9,,,,,,
,,,,,32257,5.0,5,,,,,,
,,,,,32261,4.0,4,,,,,,
,,,,,32269,8.0,8,,,,,,
,,,,,32284,15.0,15,,,,,,
,,,,,32287,3.0,3,,,,,,
,,,,,32292,5.0,5,,,,,,
,,,,,32298,6.0,6,,,,,,
,,,,,32306,8.0,8,,,,,,
,,,,,32312,6.0,6,,,,,,
,,,,,32319,7.0,7,,,,,,
,,,,,32325,6.0,6,,,,,,
,,,,,32328,3.0,3,,,,,,
,,,,,32336,8.0,8,,,,,,
,,,,,32340,4.0,4,,,,,,
,,,,,32349,9.0,9,,,,,,
,,,,,32358,9.0,9,,,,,,
,,,,,32367,9.0,9,,,,,,
,,,,,32375,8.0,8,,,,,,
,,,,,32379,4.0,4,,,,,,
,,,,,32387,8.0,8,,,,,,
,,,,,32390,3.0,3,,,,,,
,,,,,32398,8.0,8,,,,,,
,,,,,32403,5.0,5,,,,,,
,,,,,32415,12.0,12,,,,,,
,,,,,32420,5.0,5,,,,,,
,,,,,32430,10.0,10,,,,,,
,,,,,32439,9.0,9,,,,,,
,,,,,32445,6.0,6,,,,,,
,,,,,32452,7.0,7,,,,,,
,,,,,32461,9.0,9,,,,,,
,,,,,32472,11.0,11,,,,,,
,,,,,32475,3.0,3,,,,,,
,,,,,32481,6.0,6,,,,,,
,,,,,32484,3.0,3,,,,,,
,,,,,32488,4.0,4,,,,,,
,,,,,32495,7.0,7,,,,,,
,,,,,32501,6.0,6,,,,,,
,,,,,32507,6.0,6,,,,,,
,,,,,32511,4.0,4,,,,,,
,,,,,32519,8.0,8,,,,,,
,,,,,32522,3.0,3,,,,,,
,,,,,32538,16.0,16,,,,,,
,,,,,32543,5.0,5,,,,,,
,,,,,32553,10.0,10,,,,,,
,,,,,32556,3.0,3,,,,,,
,,,,,32560,4.0,4,,,,,,
,,,,,32564,4.0,4,,,,,,
,,,,,32570,6.0,6,,,,,,
,,,,,32575,5.0,5,,,,,,
,,,,,32580,5.0,5,,,,,,
,,,,,32583,3.0,3,,,,,,
,,,,,32591,8.0,8,,,,,,
,,,,,32595,4.0,4,,,,,,
,,,,,32603,8.0,8,,,,,,
,,,,,32607,4.0,4,,,,,,
,,,,,32613,6.0,6,,,,,,
,,,,,32616,3.0,3,,,,,,
,,,,,32622,6.0,6,,,,,,
,,,,,32628,6.0,6,,,,,,
,,,,,32631,3.0,3,,,,,,
,,,,,32635,4.0,4,,,,,,
,,,,,32640,5.0,5,,,,,,
,,,,,32648,8.0,8,,,,,,
,,,,,32652,4.0,4,,,,,,
,,,,,32659,7.0,7,,,,,,
,,,,,32666,7.0,7,,,,,,
,,,,,32672,6.0,6,,,,,,
,,,,,32680,8.0,8,,,,,,
,,,,,32684,4.0,4,,,,,,
,,,,,32691,7.0,7,,,,,,
,,,,,32695,4.0,4,,,,,,
,,,,,32702,7.0,7,,,,,,
,,,,,32710,8.0,8,,,,,,
,,,,,32718,8.0,8,,,,,,
,,,,,32723,5.0,5,,,,,,
,,,,,32730,7.0,7,,,,,,
,,,,,32735,5.0,5,,,,,,
,,,,,32739,4.0,4,,,,,,
,,,,,32743,4.0,4,,,,,,
,,,,,32747,4.0,4,,,,,,
,,,,,32764,17.0,17,,,,,,
,,,,,32768,4.0,4,,,,,,
,,,,,32777,9.0,9,,,,,,
,,,,,32780,3.0,3,,,,,,
,,,,,32789,9.0,9,,,,,,
,,,,,32797,8.0,8,,,,,,
,,,,,32806,9.0,9,,,,,,
,,,,,32812,6.0,6,,,,,,
,,,,,32818,6.0,6,,,,,,
,,,,,32829,11.0,11,,,,,,
,,,,,32833,4.0,4,,,,,,
,,,,,32836,3.0,3,,,,,,
,,,,,32855,19.0,19,,,,,,
,,,,,32861,6.0,6,,,,,,
,,,,,32864,3.0,3,,,,,,
,,,,,32867,3.0,3,,,,,,
,,,,,32877,10.0,10,,,,,,
,,,,,32884,7.0,7,,,,,,
,,,,,32897,13.0,13,,,,,,
,,,,,32900,3.0,3,,,,,,
,,,,,32914,14.0,14,,,,,,
,,,,,32923,9.0,9,,,,,,
,,,,,32931,8.0,8,,,,,,
,,,,,32938,7.0,7,,,,,,
,,,,,32944,6.0,6,,,,,,
,,,,,32961,17.0,17,,,,,,
,,,,,32969,8.0,8,,,,,,
,,,,,32973,4.0,4,,,,,,
,,,,,32978,5.0,5,,,,,,
,,,,,32982,4.0,4,,,,,,
,,,,,32989,7.0,7,,,,,,
,,,,,32993,4.0,4,,,,,,
,,,,,33000,,,2.0274264812469482,5.05914306640625,4.9033637046813965,0.0003,0.0003,0.1
,,,,,33002,9.0,9,,,,,,
,,,,,33005,3.0,3,,,,,,
,,,,,33012,7.0,7,,,,,,
,,,,,33024,12.0,12,,,,,,
,,,,,33032,8.0,8,,,,,,
,,,,,33042,10.0,10,,,,,,
,,,,,33049,7.0,7,,,,,,
,,,,,33055,6.0,6,,,,,,
,,,,,33058,3.0,3,,,,,,
,,,,,33065,7.0,7,,,,,,
,,,,,33070,5.0,5,,,,,,
,,,,,33080,10.0,10,,,,,,
,,,,,33083,3.0,3,,,,,,
,,,,,33086,3.0,3,,,,,,
,,,,,33089,3.0,3,,,,,,
,,,,,33096,7.0,7,,,,,,
,,,,,33099,3.0,3,,,,,,
,,,,,33107,8.0,8,,,,,,
,,,,,33111,4.0,4,,,,,,
,,,,,33114,3.0,3,,,,,,
,,,,,33118,4.0,4,,,,,,
,,,,,33125,7.0,7,,,,,,
,,,,,33128,3.0,3,,,,,,
,,,,,33134,6.0,6,,,,,,
,,,,,33138,4.0,4,,,,,,
,,,,,33142,4.0,4,,,,,,
,,,,,33151,9.0,9,,,,,,
,,,,,33159,8.0,8,,,,,,
,,,,,33162,3.0,3,,,,,,
,,,,,33165,3.0,3,,,,,,
,,,,,33169,4.0,4,,,,,,
,,,,,33180,11.0,11,,,,,,
,,,,,33183,3.0,3,,,,,,
,,,,,33195,12.0,12,,,,,,
,,,,,33223,28.0,28,,,,,,
,,,,,33231,8.0,8,,,,,,
,,,,,33239,8.0,8,,,,,,
,,,,,33242,3.0,3,,,,,,
,,,,,33248,6.0,6,,,,,,
,,,,,33266,18.0,18,,,,,,
,,,,,33270,4.0,4,,,,,,
,,,,,33275,5.0,5,,,,,,
,,,,,33279,4.0,4,,,,,,
,,,,,33283,4.0,4,,,,,,
,,,,,33295,12.0,12,,,,,,
,,,,,33300,5.0,5,,,,,,
,,,,,33303,3.0,3,,,,,,
,,,,,33310,7.0,7,,,,,,
,,,,,33313,3.0,3,,,,,,
,,,,,33320,7.0,7,,,,,,
,,,,,33325,5.0,5,,,,,,
,,,,,33328,3.0,3,,,,,,
,,,,,33342,14.0,14,,,,,,
,,,,,33360,18.0,18,,,,,,
,,,,,33366,6.0,6,,,,,,
,,,,,33376,10.0,10,,,,,,
,,,,,33383,7.0,7,,,,,,
,,,,,33393,10.0,10,,,,,,
,,,,,33399,6.0,6,,,,,,
,,,,,33405,6.0,6,,,,,,
,,,,,33413,8.0,8,,,,,,
,,,,,33418,5.0,5,,,,,,
,,,,,33423,5.0,5,,,,,,
,,,,,33427,4.0,4,,,,,,
,,,,,33448,21.0,21,,,,,,
,,,,,33455,7.0,7,,,,,,
,,,,,33460,5.0,5,,,,,,
,,,,,33472,12.0,12,,,,,,
,,,,,33480,8.0,8,,,,,,
,,,,,33489,9.0,9,,,,,,
,,,,,33494,5.0,5,,,,,,
,,,,,33499,5.0,5,,,,,,
,,,,,33503,4.0,4,,,,,,
,,,,,33507,4.0,4,,,,,,
,,,,,33521,14.0,14,,,,,,
,,,,,33525,4.0,4,,,,,,
,,,,,33535,10.0,10,,,,,,
,,,,,33540,5.0,5,,,,,,
,,,,,33548,8.0,8,,,,,,
,,,,,33554,6.0,6,,,,,,
,,,,,33559,5.0,5,,,,,,
,,,,,33564,5.0,5,,,,,,
,,,,,33567,3.0,3,,,,,,
,,,,,33570,3.0,3,,,,,,
,,,,,33584,14.0,14,,,,,,
,,,,,33589,5.0,5,,,,,,
,,,,,33597,8.0,8,,,,,,
,,,,,33602,5.0,5,,,,,,
,,,,,33609,7.0,7,,,,,,
,,,,,33612,3.0,3,,,,,,
,,,,,33617,5.0,5,,,,,,
,,,,,33624,7.0,7,,,,,,
,,,,,33628,4.0,4,,,,,,
,,,,,33631,3.0,3,,,,,,
,,,,,33634,3.0,3,,,,,,
,,,,,33638,4.0,4,,,,,,
,,,,,33645,7.0,7,,,,,,
,,,,,33649,4.0,4,,,,,,
,,,,,33653,4.0,4,,,,,,
,,,,,33660,7.0,7,,,,,,
,,,,,33671,11.0,11,,,,,,
,,,,,33675,4.0,4,,,,,,
,,,,,33699,24.0,24,,,,,,
,,,,,33704,5.0,5,,,,,,
,,,,,33709,5.0,5,,,,,,
,,,,,33714,5.0,5,,,,,,
,,,,,33720,6.0,6,,,,,,
,,,,,33723,3.0,3,,,,,,
,,,,,33730,7.0,7,,,,,,
,,,,,33734,4.0,4,,,,,,
,,,,,33740,6.0,6,,,,,,
,,,,,33745,5.0,5,,,,,,
,,,,,33757,12.0,12,,,,,,
,,,,,33763,6.0,6,,,,,,
,,,,,33767,4.0,4,,,,,,
,,,,,33771,4.0,4,,,,,,
,,,,,33775,4.0,4,,,,,,
,,,,,33784,9.0,9,,,,,,
,,,,,33793,9.0,9,,,,,,
,,,,,33799,6.0,6,,,,,,
,,,,,33803,4.0,4,,,,,,
,,,,,33808,5.0,5,,,,,,
,,,,,33811,3.0,3,,,,,,
,,,,,33815,4.0,4,,,,,,
,,,,,33826,11.0,11,,,,,,
,,,,,33831,5.0,5,,,,,,
,,,,,33838,7.0,7,,,,,,
,,,,,33856,18.0,18,,,,,,
,,,,,33865,9.0,9,,,,,,
,,,,,33874,9.0,9,,,,,,
,,,,,33879,5.0,5,,,,,,
,,,,,33892,13.0,13,,,,,,
,,,,,33899,7.0,7,,,,,,
,,,,,33917,18.0,18,,,,,,
,,,,,33928,11.0,11,,,,,,
,,,,,33934,6.0,6,,,,,,
,,,,,33944,10.0,10,,,,,,
,,,,,33948,4.0,4,,,,,,
,,,,,33958,10.0,10,,,,,,
,,,,,33961,3.0,3,,,,,,
,,,,,33968,7.0,7,,,,,,
,,,,,33977,9.0,9,,,,,,
,,,,,33981,4.0,4,,,,,,
,,,,,33986,5.0,5,,,,,,
,,,,,33989,3.0,3,,,,,,
,,,,,33993,4.0,4,,,,,,
,,,,,34000,,,2.187971591949463,5.063905715942383,5.143608093261719,0.0003,0.0003,0.1
,,,,,34005,12.0,12,,,,,,
,,,,,34015,10.0,10,,,,,,
,,,,,34019,4.0,4,,,,,,
,,,,,34029,10.0,10,,,,,,
,,,,,34035,6.0,6,,,,,,
,,,,,34038,3.0,3,,,,,,
,,,,,34055,17.0,17,,,,,,
,,,,,34061,6.0,6,,,,,,
,,,,,34064,3.0,3,,,,,,
,,,,,34076,12.0,12,,,,,,
,,,,,34083,7.0,7,,,,,,
,,,,,34091,8.0,8,,,,,,
,,,,,34095,4.0,4,,,,,,
,,,,,34113,18.0,18,,,,,,
,,,,,34120,7.0,7,,,,,,
,,,,,34124,4.0,4,,,,,,
,,,,,34130,6.0,6,,,,,,
,,,,,34133,3.0,3,,,,,,
,,,,,34138,5.0,5,,,,,,
,,,,,34142,4.0,4,,,,,,
,,,,,34150,8.0,8,,,,,,
,,,,,34156,6.0,6,,,,,,
,,,,,34164,8.0,8,,,,,,
,,,,,34169,5.0,5,,,,,,
,,,,,34176,7.0,7,,,,,,
,,,,,34183,7.0,7,,,,,,
,,,,,34189,6.0,6,,,,,,
,,,,,34196,7.0,7,,,,,,
,,,,,34200,4.0,4,,,,,,
,,,,,34205,5.0,5,,,,,,
,,,,,34209,4.0,4,,,,,,
,,,,,34219,10.0,10,,,,,,
,,,,,34231,12.0,12,,,,,,
,,,,,34246,15.0,15,,,,,,
,,,,,34249,3.0,3,,,,,,
,,,,,34252,3.0,3,,,,,,
,,,,,34256,4.0,4,,,,,,
,,,,,34264,8.0,8,,,,,,
,,,,,34267,3.0,3,,,,,,
,,,,,34271,4.0,4,,,,,,
,,,,,34274,3.0,3,,,,,,
,,,,,34278,4.0,4,,,,,,
,,,,,34292,14.0,14,,,,,,
,,,,,34300,8.0,8,,,,,,
,,,,,34312,12.0,12,,,,,,
,,,,,34318,6.0,6,,,,,,
,,,,,34329,11.0,11,,,,,,
,,,,,34346,17.0,17,,,,,,
,,,,,34357,11.0,11,,,,,,
,,,,,34360,3.0,3,,,,,,
,,,,,34364,4.0,4,,,,,,
,,,,,34367,3.0,3,,,,,,
,,,,,34375,8.0,8,,,,,,
,,,,,34381,6.0,6,,,,,,
,,,,,34389,8.0,8,,,,,,
,,,,,34394,5.0,5,,,,,,
,,,,,34404,10.0,10,,,,,,
,,,,,34414,10.0,10,,,,,,
,,,,,34417,3.0,3,,,,,,
,,,,,34424,7.0,7,,,,,,
,,,,,34429,5.0,5,,,,,,
,,,,,34437,8.0,8,,,,,,
,,,,,34442,5.0,5,,,,,,
,,,,,34447,5.0,5,,,,,,
,,,,,34456,9.0,9,,,,,,
,,,,,34460,4.0,4,,,,,,
,,,,,34464,4.0,4,,,,,,
,,,,,34468,4.0,4,,,,,,
,,,,,34471,3.0,3,,,,,,
,,,,,34475,4.0,4,,,,,,
,,,,,34479,4.0,4,,,,,,
,,,,,34483,4.0,4,,,,,,
,,,,,34488,5.0,5,,,,,,
,,,,,34491,3.0,3,,,,,,
,,,,,34499,8.0,8,,,,,,
,,,,,34518,19.0,19,,,,,,
,,,,,34521,3.0,3,,,,,,
,,,,,34528,7.0,7,,,,,,
,,,,,34531,3.0,3,,,,,,
,,,,,34539,8.0,8,,,,,,
,,,,,34546,7.0,7,,,,,,
,,,,,34552,6.0,6,,,,,,
,,,,,34556,4.0,4,,,,,,
,,,,,34560,4.0,4,,,,,,
,,,,,34564,4.0,4,,,,,,
,,,,,34574,10.0,10,,,,,,
,,,,,34581,7.0,7,,,,,,
,,,,,34586,5.0,5,,,,,,
,,,,,34597,11.0,11,,,,,,
,,,,,34600,3.0,3,,,,,,
,,,,,34607,7.0,7,,,,,,
,,,,,34610,3.0,3,,,,,,
,,,,,34614,4.0,4,,,,,,
,,,,,34632,18.0,18,,,,,,
,,,,,34637,5.0,5,,,,,,
,,,,,34640,3.0,3,,,,,,
,,,,,34660,20.0,20,,,,,,
,,,,,34667,7.0,7,,,,,,
,,,,,34672,5.0,5,,,,,,
,,,,,34676,4.0,4,,,,,,
,,,,,34680,4.0,4,,,,,,
,,,,,34691,11.0,11,,,,,,
,,,,,34697,6.0,6,,,,,,
,,,,,34700,3.0,3,,,,,,
,,,,,34703,3.0,3,,,,,,
,,,,,34708,5.0,5,,,,,,
,,,,,34713,5.0,5,,,,,,
,,,,,34720,7.0,7,,,,,,
,,,,,34726,6.0,6,,,,,,
,,,,,34733,7.0,7,,,,,,
,,,,,34737,4.0,4,,,,,,
,,,,,34746,9.0,9,,,,,,
,,,,,34757,11.0,11,,,,,,
,,,,,34760,3.0,3,,,,,,
,,,,,34770,10.0,10,,,,,,
,,,,,34780,10.0,10,,,,,,
,,,,,34784,4.0,4,,,,,,
,,,,,34810,26.0,26,,,,,,
,,,,,34817,7.0,7,,,,,,
,,,,,34836,19.0,19,,,,,,
,,,,,34844,8.0,8,,,,,,
,,,,,34848,4.0,4,,,,,,
,,,,,34856,8.0,8,,,,,,
,,,,,34867,11.0,11,,,,,,
,,,,,34872,5.0,5,,,,,,
,,,,,34877,5.0,5,,,,,,
,,,,,34881,4.0,4,,,,,,
,,,,,34901,20.0,20,,,,,,
,,,,,34904,3.0,3,,,,,,
,,,,,34907,3.0,3,,,,,,
,,,,,34911,4.0,4,,,,,,
,,,,,34914,3.0,3,,,,,,
,,,,,34919,5.0,5,,,,,,
,,,,,34924,5.0,5,,,,,,
,,,,,34928,4.0,4,,,,,,
,,,,,34933,5.0,5,,,,,,
,,,,,34939,6.0,6,,,,,,
,,,,,34942,3.0,3,,,,,,
,,,,,34946,4.0,4,,,,,,
,,,,,34966,20.0,20,,,,,,
,,,,,34973,7.0,7,,,,,,
,,,,,34977,4.0,4,,,,,,
,,,,,34981,4.0,4,,,,,,
,,,,,34987,6.0,6,,,,,,
,,,,,34991,4.0,4,,,,,,
,,,,,34994,3.0,3,,,,,,
,,,,,34999,5.0,5,,,,,,
7.6,4.247352,18.0,3.0,7.6,35000,,,2.296837568283081,4.832918167114258,4.9630842208862305,0.0003,0.0003,0.1
,,,,,35002,3.0,3,,,,,,
,,,,,35007,5.0,5,,,,,,
,,,,,35012,5.0,5,,,,,,
,,,,,35020,8.0,8,,,,,,
,,,,,35025,5.0,5,,,,,,
,,,,,35029,4.0,4,,,,,,
,,,,,35044,15.0,15,,,,,,
,,,,,35052,8.0,8,,,,,,
,,,,,35055,3.0,3,,,,,,
,,,,,35058,3.0,3,,,,,,
,,,,,35062,4.0,4,,,,,,
,,,,,35072,10.0,10,,,,,,
,,,,,35078,6.0,6,,,,,,
,,,,,35081,3.0,3,,,,,,
,,,,,35091,10.0,10,,,,,,
,,,,,35101,10.0,10,,,,,,
,,,,,35109,8.0,8,,,,,,
,,,,,35119,10.0,10,,,,,,
,,,,,35123,4.0,4,,,,,,
,,,,,35128,5.0,5,,,,,,
,,,,,35134,6.0,6,,,,,,
,,,,,35150,16.0,16,,,,,,
,,,,,35154,4.0,4,,,,,,
,,,,,35157,3.0,3,,,,,,
,,,,,35160,3.0,3,,,,,,
,,,,,35170,10.0,10,,,,,,
,,,,,35173,3.0,3,,,,,,
,,,,,35188,15.0,15,,,,,,
,,,,,35192,4.0,4,,,,,,
,,,,,35196,4.0,4,,,,,,
,,,,,35201,5.0,5,,,,,,
,,,,,35205,4.0,4,,,,,,
,,,,,35209,4.0,4,,,,,,
,,,,,35222,13.0,13,,,,,,
,,,,,35226,4.0,4,,,,,,
,,,,,35230,4.0,4,,,,,,
,,,,,35234,4.0,4,,,,,,
,,,,,35237,3.0,3,,,,,,
,,,,,35242,5.0,5,,,,,,
,,,,,35248,6.0,6,,,,,,
,,,,,35251,3.0,3,,,,,,
,,,,,35262,11.0,11,,,,,,
,,,,,35270,8.0,8,,,,,,
,,,,,35281,11.0,11,,,,,,
,,,,,35288,7.0,7,,,,,,
,,,,,35294,6.0,6,,,,,,
,,,,,35299,5.0,5,,,,,,
,,,,,35303,4.0,4,,,,,,
,,,,,35317,14.0,14,,,,,,
,,,,,35327,10.0,10,,,,,,
,,,,,35343,16.0,16,,,,,,
,,,,,35346,3.0,3,,,,,,
,,,,,35352,6.0,6,,,,,,
,,,,,35360,8.0,8,,,,,,
,,,,,35367,7.0,7,,,,,,
,,,,,35371,4.0,4,,,,,,
,,,,,35381,10.0,10,,,,,,
,,,,,35384,3.0,3,,,,,,
,,,,,35387,3.0,3,,,,,,
,,,,,35393,6.0,6,,,,,,
,,,,,35402,9.0,9,,,,,,
,,,,,35405,3.0,3,,,,,,
,,,,,35412,7.0,7,,,,,,
,,,,,35416,4.0,4,,,,,,
,,,,,35419,3.0,3,,,,,,
,,,,,35425,6.0,6,,,,,,
,,,,,35431,6.0,6,,,,,,
,,,,,35443,12.0,12,,,,,,
,,,,,35446,3.0,3,,,,,,
,,,,,35450,4.0,4,,,,,,
,,,,,35458,8.0,8,,,,,,
,,,,,35471,13.0,13,,,,,,
,,,,,35487,16.0,16,,,,,,
,,,,,35494,7.0,7,,,,,,
,,,,,35500,6.0,6,,,,,,
,,,,,35504,4.0,4,,,,,,
,,,,,35510,6.0,6,,,,,,
,,,,,35514,4.0,4,,,,,,
,,,,,35521,7.0,7,,,,,,
,,,,,35531,10.0,10,,,,,,
,,,,,35535,4.0,4,,,,,,
,,,,,35541,6.0,6,,,,,,
,,,,,35551,10.0,10,,,,,,
,,,,,35554,3.0,3,,,,,,
,,,,,35559,5.0,5,,,,,,
,,,,,35578,19.0,19,,,,,,
,,,,,35581,3.0,3,,,,,,
,,,,,35585,4.0,4,,,,,,
,,,,,35589,4.0,4,,,,,,
,,,,,35593,4.0,4,,,,,,
,,,,,35597,4.0,4,,,,,,
,,,,,35602,5.0,5,,,,,,
,,,,,35606,4.0,4,,,,,,
,,,,,35610,4.0,4,,,,,,
,,,,,35614,4.0,4,,,,,,
,,,,,35617,3.0,3,,,,,,
,,,,,35627,10.0,10,,,,,,
,,,,,35632,5.0,5,,,,,,
,,,,,35639,7.0,7,,,,,,
,,,,,35648,9.0,9,,,,,,
,,,,,35652,4.0,4,,,,,,
,,,,,35668,16.0,16,,,,,,
,,,,,35675,7.0,7,,,,,,
,,,,,35679,4.0,4,,,,,,
,,,,,35684,5.0,5,,,,,,
,,,,,35689,5.0,5,,,,,,
,,,,,35695,6.0,6,,,,,,
,,,,,35700,5.0,5,,,,,,
,,,,,35708,8.0,8,,,,,,
,,,,,35712,4.0,4,,,,,,
,,,,,35716,4.0,4,,,,,,
,,,,,35723,7.0,7,,,,,,
,,,,,35734,11.0,11,,,,,,
,,,,,35740,6.0,6,,,,,,
,,,,,35743,3.0,3,,,,,,
,,,,,35753,10.0,10,,,,,,
,,,,,35757,4.0,4,,,,,,
,,,,,35763,6.0,6,,,,,,
,,,,,35782,19.0,19,,,,,,
,,,,,35786,4.0,4,,,,,,
,,,,,35791,5.0,5,,,,,,
,,,,,35796,5.0,5,,,,,,
,,,,,35801,5.0,5,,,,,,
,,,,,35805,4.0,4,,,,,,
,,,,,35811,6.0,6,,,,,,
,,,,,35819,8.0,8,,,,,,
,,,,,35824,5.0,5,,,,,,
,,,,,35830,6.0,6,,,,,,
,,,,,35835,5.0,5,,,,,,
,,,,,35839,4.0,4,,,,,,
,,,,,35843,4.0,4,,,,,,
,,,,,35847,4.0,4,,,,,,
,,,,,35851,4.0,4,,,,,,
,,,,,35863,12.0,12,,,,,,
,,,,,35868,5.0,5,,,,,,
,,,,,35874,6.0,6,,,,,,
,,,,,35880,6.0,6,,,,,,
,,,,,35883,3.0,3,,,,,,
,,,,,35895,12.0,12,,,,,,
,,,,,35898,3.0,3,,,,,,
,,,,,35910,12.0,12,,,,,,
,,,,,35919,9.0,9,,,,,,
,,,,,35924,5.0,5,,,,,,
,,,,,35927,3.0,3,,,,,,
,,,,,35930,3.0,3,,,,,,
,,,,,35934,4.0,4,,,,,,
,,,,,35946,12.0,12,,,,,,
,,,,,35951,5.0,5,,,,,,
,,,,,35960,9.0,9,,,,,,
,,,,,35965,5.0,5,,,,,,
,,,,,35972,7.0,7,,,,,,
,,,,,35976,4.0,4,,,,,,
,,,,,35982,6.0,6,,,,,,
,,,,,35989,7.0,7,,,,,,
,,,,,35994,5.0,5,,,,,,
,,,,,36000,,,2.0729217529296875,5.165945053100586,5.229996681213379,0.0003,0.0003,0.1
,,,,,36005,11.0,11,,,,,,
,,,,,36008,3.0,3,,,,,,
,,,,,36023,15.0,15,,,,,,
,,,,,36027,4.0,4,,,,,,
,,,,,36036,9.0,9,,,,,,
,,,,,36065,29.0,29,,,,,,
,,,,,36079,14.0,14,,,,,,
,,,,,36093,14.0,14,,,,,,
,,,,,36098,5.0,5,,,,,,
,,,,,36104,6.0,6,,,,,,
,,,,,36117,13.0,13,,,,,,
,,,,,36128,11.0,11,,,,,,
,,,,,36132,4.0,4,,,,,,
,,,,,36136,4.0,4,,,,,,
,,,,,36143,7.0,7,,,,,,
,,,,,36150,7.0,7,,,,,,
,,,,,36153,3.0,3,,,,,,
,,,,,36157,4.0,4,,,,,,
,,,,,36165,8.0,8,,,,,,
,,,,,36174,9.0,9,,,,,,
,,,,,36183,9.0,9,,,,,,
,,,,,36192,9.0,9,,,,,,
,,,,,36197,5.0,5,,,,,,
,,,,,36215,18.0,18,,,,,,
,,,,,36226,11.0,11,,,,,,
,,,,,36238,12.0,12,,,,,,
,,,,,36241,3.0,3,,,,,,
,,,,,36246,5.0,5,,,,,,
,,,,,36252,6.0,6,,,,,,
,,,,,36262,10.0,10,,,,,,
,,,,,36272,10.0,10,,,,,,
,,,,,36276,4.0,4,,,,,,
,,,,,36282,6.0,6,,,,,,
,,,,,36295,13.0,13,,,,,,
,,,,,36306,11.0,11,,,,,,
,,,,,36309,3.0,3,,,,,,
,,,,,36316,7.0,7,,,,,,
,,,,,36320,4.0,4,,,,,,
,,,,,36325,5.0,5,,,,,,
,,,,,36335,10.0,10,,,,,,
,,,,,36344,9.0,9,,,,,,
,,,,,36348,4.0,4,,,,,,
,,,,,36352,4.0,4,,,,,,
,,,,,36368,16.0,16,,,,,,
,,,,,36373,5.0,5,,,,,,
,,,,,36390,17.0,17,,,,,,
,,,,,36396,6.0,6,,,,,,
,,,,,36403,7.0,7,,,,,,
,,,,,36415,12.0,12,,,,,,
,,,,,36419,4.0,4,,,,,,
,,,,,36425,6.0,6,,,,,,
,,,,,36433,8.0,8,,,,,,
,,,,,36437,4.0,4,,,,,,
,,,,,36441,4.0,4,,,,,,
,,,,,36444,3.0,3,,,,,,
,,,,,36447,3.0,3,,,,,,
,,,,,36451,4.0,4,,,,,,
,,,,,36457,6.0,6,,,,,,
,,,,,36465,8.0,8,,,,,,
,,,,,36468,3.0,3,,,,,,
,,,,,36472,4.0,4,,,,,,
,,,,,36477,5.0,5,,,,,,
,,,,,36487,10.0,10,,,,,,
,,,,,36490,3.0,3,,,,,,
,,,,,36493,3.0,3,,,,,,
,,,,,36499,6.0,6,,,,,,
,,,,,36505,6.0,6,,,,,,
,,,,,36509,4.0,4,,,,,,
,,,,,36513,4.0,4,,,,,,
,,,,,36524,11.0,11,,,,,,
,,,,,36527,3.0,3,,,,,,
,,,,,36537,10.0,10,,,,,,
,,,,,36543,6.0,6,,,,,,
,,,,,36547,4.0,4,,,,,,
,,,,,36551,4.0,4,,,,,,
,,,,,36555,4.0,4,,,,,,
,,,,,36563,8.0,8,,,,,,
,,,,,36570,7.0,7,,,,,,
,,,,,36579,9.0,9,,,,,,
,,,,,36587,8.0,8,,,,,,
,,,,,36592,5.0,5,,,,,,
,,,,,36597,5.0,5,,,,,,
,,,,,36604,7.0,7,,,,,,
,,,,,36609,5.0,5,,,,,,
,,,,,36625,16.0,16,,,,,,
,,,,,36637,12.0,12,,,,,,
,,,,,36648,11.0,11,,,,,,
,,,,,36661,13.0,13,,,,,,
,,,,,36665,4.0,4,,,,,,
,,,,,36673,8.0,8,,,,,,
,,,,,36676,3.0,3,,,,,,
,,,,,36680,4.0,4,,,,,,
,,,,,36684,4.0,4,,,,,,
,,,,,36692,8.0,8,,,,,,
,,,,,36696,4.0,4,,,,,,
,,,,,36700,4.0,4,,,,,,
,,,,,36703,3.0,3,,,,,,
,,,,,36709,6.0,6,,,,,,
,,,,,36738,29.0,29,,,,,,
,,,,,36742,4.0,4,,,,,,
,,,,,36762,20.0,20,,,,,,
,,,,,36767,5.0,5,,,,,,
,,,,,36772,5.0,5,,,,,,
,,,,,36775,3.0,3,,,,,,
,,,,,36780,5.0,5,,,,,,
,,,,,36786,6.0,6,,,,,,
,,,,,36799,13.0,13,,,,,,
,,,,,36806,7.0,7,,,,,,
,,,,,36815,9.0,9,,,,,,
,,,,,36826,11.0,11,,,,,,
,,,,,36830,4.0,4,,,,,,
,,,,,36838,8.0,8,,,,,,
,,,,,36841,3.0,3,,,,,,
,,,,,36846,5.0,5,,,,,,
,,,,,36850,4.0,4,,,,,,
,,,,,36856,6.0,6,,,,,,
,,,,,36864,8.0,8,,,,,,
,,,,,36868,4.0,4,,,,,,
,,,,,36873,5.0,5,,,,,,
,,,,,36877,4.0,4,,,,,,
,,,,,36882,5.0,5,,,,,,
,,,,,36886,4.0,4,,,,,,
,,,,,36891,5.0,5,,,,,,
,,,,,36896,5.0,5,,,,,,
,,,,,36903,7.0,7,,,,,,
,,,,,36916,13.0,13,,,,,,
,,,,,36919,3.0,3,,,,,,
,,,,,36927,8.0,8,,,,,,
,,,,,36931,4.0,4,,,,,,
,,,,,36937,6.0,6,,,,,,
,,,,,36946,9.0,9,,,,,,
,,,,,36951,5.0,5,,,,,,
,,,,,36954,3.0,3,,,,,,
,,,,,36968,14.0,14,,,,,,
,,,,,36973,5.0,5,,,,,,
,,,,,36977,4.0,4,,,,,,
,,,,,36981,4.0,4,,,,,,
,,,,,36985,4.0,4,,,,,,
,,,,,36992,7.0,7,,,,,,
,,,,,36997,5.0,5,,,,,,
,,,,,37000,,,1.8948357105255127,4.857871055603027,4.567112922668457,0.0003,0.0003,0.1
,,,,,37001,4.0,4,,,,,,
,,,,,37005,4.0,4,,,,,,
,,,,,37009,4.0,4,,,,,,
,,,,,37013,4.0,4,,,,,,
,,,,,37017,4.0,4,,,,,,
,,,,,37020,3.0,3,,,,,,
,,,,,37025,5.0,5,,,,,,
,,,,,37029,4.0,4,,,,,,
,,,,,37036,7.0,7,,,,,,
,,,,,37039,3.0,3,,,,,,
,,,,,37047,8.0,8,,,,,,
,,,,,37054,7.0,7,,,,,,
,,,,,37067,13.0,13,,,,,,
,,,,,37073,6.0,6,,,,,,
,,,,,37076,3.0,3,,,,,,
,,,,,37080,4.0,4,,,,,,
,,,,,37084,4.0,4,,,,,,
,,,,,37091,7.0,7,,,,,,
,,,,,37094,3.0,3,,,,,,
,,,,,37110,16.0,16,,,,,,
,,,,,37120,10.0,10,,,,,,
,,,,,37123,3.0,3,,,,,,
,,,,,37127,4.0,4,,,,,,
,,,,,37131,4.0,4,,,,,,
,,,,,37149,18.0,18,,,,,,
,,,,,37156,7.0,7,,,,,,
,,,,,37165,9.0,9,,,,,,
,,,,,37170,5.0,5,,,,,,
,,,,,37174,4.0,4,,,,,,
,,,,,37190,16.0,16,,,,,,
,,,,,37197,7.0,7,,,,,,
,,,,,37203,6.0,6,,,,,,
,,,,,37212,9.0,9,,,,,,
,,,,,37215,3.0,3,,,,,,
,,,,,37220,5.0,5,,,,,,
,,,,,37223,3.0,3,,,,,,
,,,,,37227,4.0,4,,,,,,
,,,,,37233,6.0,6,,,,,,
,,,,,37236,3.0,3,,,,,,
,,,,,37244,8.0,8,,,,,,
,,,,,37254,10.0,10,,,,,,
,,,,,37276,22.0,22,,,,,,
,,,,,37279,3.0,3,,,,,,
,,,,,37284,5.0,5,,,,,,
,,,,,37289,5.0,5,,,,,,
,,,,,37293,4.0,4,,,,,,
,,,,,37300,7.0,7,,,,,,
,,,,,37306,6.0,6,,,,,,
,,,,,37310,4.0,4,,,,,,
,,,,,37315,5.0,5,,,,,,
,,,,,37326,11.0,11,,,,,,
,,,,,37331,5.0,5,,,,,,
,,,,,37335,4.0,4,,,,,,
,,,,,37339,4.0,4,,,,,,
,,,,,37346,7.0,7,,,,,,
,,,,,37357,11.0,11,,,,,,
,,,,,37363,6.0,6,,,,,,
,,,,,37370,7.0,7,,,,,,
,,,,,37375,5.0,5,,,,,,
,,,,,37380,5.0,5,,,,,,
,,,,,37388,8.0,8,,,,,,
,,,,,37391,3.0,3,,,,,,
,,,,,37395,4.0,4,,,,,,
,,,,,37401,6.0,6,,,,,,
,,,,,37411,10.0,10,,,,,,
,,,,,37417,6.0,6,,,,,,
,,,,,37426,9.0,9,,,,,,
,,,,,37436,10.0,10,,,,,,
,,,,,37444,8.0,8,,,,,,
,,,,,37461,17.0,17,,,,,,
,,,,,37464,3.0,3,,,,,,
,,,,,37475,11.0,11,,,,,,
,,,,,37480,5.0,5,,,,,,
,,,,,37485,5.0,5,,,,,,
,,,,,37498,13.0,13,,,,,,
,,,,,37508,10.0,10,,,,,,
,,,,,37517,9.0,9,,,,,,
,,,,,37523,6.0,6,,,,,,
,,,,,37526,3.0,3,,,,,,
,,,,,37530,4.0,4,,,,,,
,,,,,37535,5.0,5,,,,,,
,,,,,37542,7.0,7,,,,,,
,,,,,37547,5.0,5,,,,,,
,,,,,37565,18.0,18,,,,,,
,,,,,37573,8.0,8,,,,,,
,,,,,37582,9.0,9,,,,,,
,,,,,37602,20.0,20,,,,,,
,,,,,37617,15.0,15,,,,,,
,,,,,37620,3.0,3,,,,,,
,,,,,37630,10.0,10,,,,,,
,,,,,37634,4.0,4,,,,,,
,,,,,37641,7.0,7,,,,,,
,,,,,37644,3.0,3,,,,,,
,,,,,37650,6.0,6,,,,,,
,,,,,37666,16.0,16,,,,,,
,,,,,37670,4.0,4,,,,,,
,,,,,37676,6.0,6,,,,,,
,,,,,37680,4.0,4,,,,,,
,,,,,37685,5.0,5,,,,,,
,,,,,37690,5.0,5,,,,,,
,,,,,37693,3.0,3,,,,,,
,,,,,37700,7.0,7,,,,,,
,,,,,37715,15.0,15,,,,,,
,,,,,37733,18.0,18,,,,,,
,,,,,37743,10.0,10,,,,,,
,,,,,37749,6.0,6,,,,,,
,,,,,37760,11.0,11,,,,,,
,,,,,37766,6.0,6,,,,,,
,,,,,37779,13.0,13,,,,,,
,,,,,37782,3.0,3,,,,,,
,,,,,37785,3.0,3,,,,,,
,,,,,37791,6.0,6,,,,,,
,,,,,37794,3.0,3,,,,,,
,,,,,37799,5.0,5,,,,,,
,,,,,37815,16.0,16,,,,,,
,,,,,37820,5.0,5,,,,,,
,,,,,37826,6.0,6,,,,,,
,,,,,37839,13.0,13,,,,,,
,,,,,37845,6.0,6,,,,,,
,,,,,37862,17.0,17,,,,,,
,,,,,37865,3.0,3,,,,,,
,,,,,37869,4.0,4,,,,,,
,,,,,37878,9.0,9,,,,,,
,,,,,37890,12.0,12,,,,,,
,,,,,37901,11.0,11,,,,,,
,,,,,37905,4.0,4,,,,,,
,,,,,37915,10.0,10,,,,,,
,,,,,37919,4.0,4,,,,,,
,,,,,37923,4.0,4,,,,,,
,,,,,37927,4.0,4,,,,,,
,,,,,37946,19.0,19,,,,,,
,,,,,37951,5.0,5,,,,,,
,,,,,37957,6.0,6,,,,,,
,,,,,37960,3.0,3,,,,,,
,,,,,37963,3.0,3,,,,,,
,,,,,37966,3.0,3,,,,,,
,,,,,37973,7.0,7,,,,,,
,,,,,37979,6.0,6,,,,,,
,,,,,37983,4.0,4,,,,,,
,,,,,37995,12.0,12,,,,,,
,,,,,37999,4.0,4,,,,,,
,,,,,38000,,,2.0153114795684814,4.858620643615723,4.980486869812012,0.0003,0.0003,0.1
,,,,,38006,7.0,7,,,,,,
,,,,,38013,7.0,7,,,,,,
,,,,,38023,10.0,10,,,,,,
,,,,,38037,14.0,14,,,,,,
,,,,,38040,3.0,3,,,,,,
,,,,,38045,5.0,5,,,,,,
,,,,,38048,3.0,3,,,,,,
,,,,,38067,19.0,19,,,,,,
,,,,,38076,9.0,9,,,,,,
,,,,,38083,7.0,7,,,,,,
,,,,,38086,3.0,3,,,,,,
,,,,,38100,14.0,14,,,,,,
,,,,,38105,5.0,5,,,,,,
,,,,,38119,14.0,14,,,,,,
,,,,,38123,4.0,4,,,,,,
,,,,,38127,4.0,4,,,,,,
,,,,,38134,7.0,7,,,,,,
,,,,,38144,10.0,10,,,,,,
,,,,,38150,6.0,6,,,,,,
,,,,,38154,4.0,4,,,,,,
,,,,,38171,17.0,17,,,,,,
,,,,,38175,4.0,4,,,,,,
,,,,,38179,4.0,4,,,,,,
,,,,,38187,8.0,8,,,,,,
,,,,,38191,4.0,4,,,,,,
,,,,,38197,6.0,6,,,,,,
,,,,,38206,9.0,9,,,,,,
,,,,,38210,4.0,4,,,,,,
,,,,,38216,6.0,6,,,,,,
,,,,,38221,5.0,5,,,,,,
,,,,,38225,4.0,4,,,,,,
,,,,,38233,8.0,8,,,,,,
,,,,,38245,12.0,12,,,,,,
,,,,,38251,6.0,6,,,,,,
,,,,,38256,5.0,5,,,,,,
,,,,,38262,6.0,6,,,,,,
,,,,,38266,4.0,4,,,,,,
,,,,,38270,4.0,4,,,,,,
,,,,,38273,3.0,3,,,,,,
,,,,,38283,10.0,10,,,,,,
,,,,,38286,3.0,3,,,,,,
,,,,,38291,5.0,5,,,,,,
,,,,,38299,8.0,8,,,,,,
,,,,,38303,4.0,4,,,,,,
,,,,,38306,3.0,3,,,,,,
,,,,,38312,6.0,6,,,,,,
,,,,,38325,13.0,13,,,,,,
,,,,,38332,7.0,7,,,,,,
,,,,,38337,5.0,5,,,,,,
,,,,,38342,5.0,5,,,,,,
,,,,,38349,7.0,7,,,,,,
,,,,,38353,4.0,4,,,,,,
,,,,,38360,7.0,7,,,,,,
,,,,,38373,13.0,13,,,,,,
,,,,,38388,15.0,15,,,,,,
,,,,,38394,6.0,6,,,,,,
,,,,,38405,11.0,11,,,,,,
,,,,,38422,17.0,17,,,,,,
,,,,,38430,8.0,8,,,,,,
,,,,,38433,3.0,3,,,,,,
,,,,,38436,3.0,3,,,,,,
,,,,,38440,4.0,4,,,,,,
,,,,,38447,7.0,7,,,,,,
,,,,,38451,4.0,4,,,,,,
,,,,,38455,4.0,4,,,,,,
,,,,,38462,7.0,7,,,,,,
,,,,,38467,5.0,5,,,,,,
,,,,,38474,7.0,7,,,,,,
,,,,,38484,10.0,10,,,,,,
,,,,,38494,10.0,10,,,,,,
,,,,,38498,4.0,4,,,,,,
,,,,,38515,17.0,17,,,,,,
,,,,,38521,6.0,6,,,,,,
,,,,,38530,9.0,9,,,,,,
,,,,,38534,4.0,4,,,,,,
,,,,,38539,5.0,5,,,,,,
,,,,,38543,4.0,4,,,,,,
,,,,,38551,8.0,8,,,,,,
,,,,,38560,9.0,9,,,,,,
,,,,,38566,6.0,6,,,,,,
,,,,,38586,20.0,20,,,,,,
,,,,,38593,7.0,7,,,,,,
,,,,,38599,6.0,6,,,,,,
,,,,,38604,5.0,5,,,,,,
,,,,,38611,7.0,7,,,,,,
,,,,,38614,3.0,3,,,,,,
,,,,,38617,3.0,3,,,,,,
,,,,,38621,4.0,4,,,,,,
,,,,,38626,5.0,5,,,,,,
,,,,,38630,4.0,4,,,,,,
,,,,,38633,3.0,3,,,,,,
,,,,,38640,7.0,7,,,,,,
,,,,,38648,8.0,8,,,,,,
,,,,,38654,6.0,6,,,,,,
,,,,,38657,3.0,3,,,,,,
,,,,,38660,3.0,3,,,,,,
,,,,,38663,3.0,3,,,,,,
,,,,,38668,5.0,5,,,,,,
,,,,,38678,10.0,10,,,,,,
,,,,,38682,4.0,4,,,,,,
,,,,,38685,3.0,3,,,,,,
,,,,,38693,8.0,8,,,,,,
,,,,,38698,5.0,5,,,,,,
,,,,,38702,4.0,4,,,,,,
,,,,,38709,7.0,7,,,,,,
,,,,,38717,8.0,8,,,,,,
,,,,,38731,14.0,14,,,,,,
,,,,,38734,3.0,3,,,,,,
,,,,,38744,10.0,10,,,,,,
,,,,,38749,5.0,5,,,,,,
,,,,,38758,9.0,9,,,,,,
,,,,,38763,5.0,5,,,,,,
,,,,,38768,5.0,5,,,,,,
,,,,,38779,11.0,11,,,,,,
,,,,,38785,6.0,6,,,,,,
,,,,,38789,4.0,4,,,,,,
,,,,,38794,5.0,5,,,,,,
,,,,,38800,6.0,6,,,,,,
,,,,,38803,3.0,3,,,,,,
,,,,,38809,6.0,6,,,,,,
,,,,,38814,5.0,5,,,,,,
,,,,,38820,6.0,6,,,,,,
,,,,,38831,11.0,11,,,,,,
,,,,,38839,8.0,8,,,,,,
,,,,,38844,5.0,5,,,,,,
,,,,,38848,4.0,4,,,,,,
,,,,,38860,12.0,12,,,,,,
,,,,,38863,3.0,3,,,,,,
,,,,,38874,11.0,11,,,,,,
,,,,,38879,5.0,5,,,,,,
,,,,,38886,7.0,7,,,,,,
,,,,,38894,8.0,8,,,,,,
,,,,,38898,4.0,4,,,,,,
,,,,,38904,6.0,6,,,,,,
,,,,,38911,7.0,7,,,,,,
,,,,,38916,5.0,5,,,,,,
,,,,,38923,7.0,7,,,,,,
,,,,,38935,12.0,12,,,,,,
,,,,,38939,4.0,4,,,,,,
,,,,,38950,11.0,11,,,,,,
,,,,,38953,3.0,3,,,,,,
,,,,,38971,18.0,18,,,,,,
,,,,,38974,3.0,3,,,,,,
,,,,,38978,4.0,4,,,,,,
,,,,,38993,15.0,15,,,,,,
,,,,,38998,5.0,5,,,,,,
,,,,,39000,,,1.9282153844833374,4.634093284606934,4.5400590896606445,0.0003,0.0003,0.1
,,,,,39006,8.0,8,,,,,,
,,,,,39011,5.0,5,,,,,,
,,,,,39015,4.0,4,,,,,,
,,,,,39020,5.0,5,,,,,,
,,,,,39024,4.0,4,,,,,,
,,,,,39030,6.0,6,,,,,,
,,,,,39038,8.0,8,,,,,,
,,,,,39047,9.0,9,,,,,,
,,,,,39055,8.0,8,,,,,,
,,,,,39060,5.0,5,,,,,,
,,,,,39064,4.0,4,,,,,,
,,,,,39068,4.0,4,,,,,,
,,,,,39073,5.0,5,,,,,,
,,,,,39077,4.0,4,,,,,,
,,,,,39090,13.0,13,,,,,,
,,,,,39099,9.0,9,,,,,,
,,,,,39105,6.0,6,,,,,,
,,,,,39111,6.0,6,,,,,,
,,,,,39114,3.0,3,,,,,,
,,,,,39120,6.0,6,,,,,,
,,,,,39123,3.0,3,,,,,,
,,,,,39126,3.0,3,,,,,,
,,,,,39138,12.0,12,,,,,,
,,,,,39149,11.0,11,,,,,,
,,,,,39153,4.0,4,,,,,,
,,,,,39158,5.0,5,,,,,,
,,,,,39171,13.0,13,,,,,,
,,,,,39176,5.0,5,,,,,,
,,,,,39183,7.0,7,,,,,,
,,,,,39187,4.0,4,,,,,,
,,,,,39190,3.0,3,,,,,,
,,,,,39194,4.0,4,,,,,,
,,,,,39203,9.0,9,,,,,,
,,,,,39208,5.0,5,,,,,,
,,,,,39221,13.0,13,,,,,,
,,,,,39224,3.0,3,,,,,,
,,,,,39240,16.0,16,,,,,,
,,,,,39256,16.0,16,,,,,,
,,,,,39269,13.0,13,,,,,,
,,,,,39291,22.0,22,,,,,,
,,,,,39296,5.0,5,,,,,,
,,,,,39300,4.0,4,,,,,,
,,,,,39306,6.0,6,,,,,,
,,,,,39317,11.0,11,,,,,,
,,,,,39332,15.0,15,,,,,,
,,,,,39335,3.0,3,,,,,,
,,,,,39339,4.0,4,,,,,,
,,,,,39346,7.0,7,,,,,,
,,,,,39349,3.0,3,,,,,,
,,,,,39355,6.0,6,,,,,,
,,,,,39362,7.0,7,,,,,,
,,,,,39373,11.0,11,,,,,,
,,,,,39377,4.0,4,,,,,,
,,,,,39381,4.0,4,,,,,,
,,,,,39389,8.0,8,,,,,,
,,,,,39397,8.0,8,,,,,,
,,,,,39416,19.0,19,,,,,,
,,,,,39419,3.0,3,,,,,,
,,,,,39424,5.0,5,,,,,,
,,,,,39429,5.0,5,,,,,,
,,,,,39435,6.0,6,,,,,,
,,,,,39439,4.0,4,,,,,,
,,,,,39445,6.0,6,,,,,,
,,,,,39448,3.0,3,,,,,,
,,,,,39462,14.0,14,,,,,,
,,,,,39466,4.0,4,,,,,,
,,,,,39471,5.0,5,,,,,,
,,,,,39482,11.0,11,,,,,,
,,,,,39491,9.0,9,,,,,,
,,,,,39497,6.0,6,,,,,,
,,,,,39501,4.0,4,,,,,,
,,,,,39512,11.0,11,,,,,,
,,,,,39525,13.0,13,,,,,,
,,,,,39529,4.0,4,,,,,,
,,,,,39533,4.0,4,,,,,,
,,,,,39537,4.0,4,,,,,,
,,,,,39540,3.0,3,,,,,,
,,,,,39554,14.0,14,,,,,,
,,,,,39563,9.0,9,,,,,,
,,,,,39567,4.0,4,,,,,,
,,,,,39570,3.0,3,,,,,,
,,,,,39579,9.0,9,,,,,,
,,,,,39587,8.0,8,,,,,,
,,,,,39595,8.0,8,,,,,,
,,,,,39600,5.0,5,,,,,,
,,,,,39619,19.0,19,,,,,,
,,,,,39627,8.0,8,,,,,,
,,,,,39632,5.0,5,,,,,,
,,,,,39641,9.0,9,,,,,,
,,,,,39645,4.0,4,,,,,,
,,,,,39650,5.0,5,,,,,,
,,,,,39653,3.0,3,,,,,,
,,,,,39657,4.0,4,,,,,,
,,,,,39662,5.0,5,,,,,,
,,,,,39668,6.0,6,,,,,,
,,,,,39672,4.0,4,,,,,,
,,,,,39691,19.0,19,,,,,,
,,,,,39710,19.0,19,,,,,,
,,,,,39717,7.0,7,,,,,,
,,,,,39721,4.0,4,,,,,,
,,,,,39725,4.0,4,,,,,,
,,,,,39730,5.0,5,,,,,,
,,,,,39736,6.0,6,,,,,,
,,,,,39744,8.0,8,,,,,,
,,,,,39751,7.0,7,,,,,,
,,,,,39755,4.0,4,,,,,,
,,,,,39759,4.0,4,,,,,,
,,,,,39763,4.0,4,,,,,,
,,,,,39766,3.0,3,,,,,,
,,,,,39771,5.0,5,,,,,,
,,,,,39776,5.0,5,,,,,,
,,,,,39781,5.0,5,,,,,,
,,,,,39790,9.0,9,,,,,,
,,,,,39807,17.0,17,,,,,,
,,,,,39815,8.0,8,,,,,,
,,,,,39818,3.0,3,,,,,,
,,,,,39822,4.0,4,,,,,,
,,,,,39829,7.0,7,,,,,,
,,,,,39835,6.0,6,,,,,,
,,,,,39838,3.0,3,,,,,,
,,,,,39843,5.0,5,,,,,,
,,,,,39848,5.0,5,,,,,,
,,,,,39853,5.0,5,,,,,,
,,,,,39858,5.0,5,,,,,,
,,,,,39863,5.0,5,,,,,,
,,,,,39869,6.0,6,,,,,,
,,,,,39873,4.0,4,,,,,,
,,,,,39878,5.0,5,,,,,,
,,,,,39887,9.0,9,,,,,,
,,,,,39895,8.0,8,,,,,,
,,,,,39906,11.0,11,,,,,,
,,,,,39912,6.0,6,,,,,,
,,,,,39926,14.0,14,,,,,,
,,,,,39929,3.0,3,,,,,,
,,,,,39939,10.0,10,,,,,,
,,,,,39946,7.0,7,,,,,,
,,,,,39950,4.0,4,,,,,,
,,,,,39963,13.0,13,,,,,,
,,,,,39972,9.0,9,,,,,,
,,,,,39978,6.0,6,,,,,,
,,,,,39984,6.0,6,,,,,,
,,,,,39989,5.0,5,,,,,,
,,,,,39992,3.0,3,,,,,,
,,,,,39997,5.0,5,,,,,,
9.2,6.2096696,25.0,4.0,9.2,40000,,,1.9051240682601929,5.300591945648193,5.289927959442139,0.0003,0.0003,0.1
,,,,,40001,4.0,4,,,,,,
,,,,,40009,8.0,8,,,,,,
,,,,,40015,6.0,6,,,,,,
,,,,,40023,8.0,8,,,,,,
,,,,,40027,4.0,4,,,,,,
,,,,,40036,9.0,9,,,,,,
,,,,,40043,7.0,7,,,,,,
,,,,,40059,16.0,16,,,,,,
,,,,,40063,4.0,4,,,,,,
,,,,,40086,23.0,23,,,,,,
,,,,,40090,4.0,4,,,,,,
,,,,,40094,4.0,4,,,,,,
,,,,,40099,5.0,5,,,,,,
,,,,,40113,14.0,14,,,,,,
,,,,,40121,8.0,8,,,,,,
,,,,,40125,4.0,4,,,,,,
,,,,,40129,4.0,4,,,,,,
,,,,,40132,3.0,3,,,,,,
,,,,,40137,5.0,5,,,,,,
,,,,,40140,3.0,3,,,,,,
,,,,,40144,4.0,4,,,,,,
,,,,,40147,3.0,3,,,,,,
,,,,,40154,7.0,7,,,,,,
,,,,,40159,5.0,5,,,,,,
,,,,,40175,16.0,16,,,,,,
,,,,,40181,6.0,6,,,,,,
,,,,,40191,10.0,10,,,,,,
,,,,,40197,6.0,6,,,,,,
,,,,,40202,5.0,5,,,,,,
,,,,,40207,5.0,5,,,,,,
,,,,,40211,4.0,4,,,,,,
,,,,,40214,3.0,3,,,,,,
,,,,,40218,4.0,4,,,,,,
,,,,,40221,3.0,3,,,,,,
,,,,,40227,6.0,6,,,,,,
,,,,,40231,4.0,4,,,,,,
,,,,,40236,5.0,5,,,,,,
,,,,,40243,7.0,7,,,,,,
,,,,,40248,5.0,5,,,,,,
,,,,,40251,3.0,3,,,,,,
,,,,,40257,6.0,6,,,,,,
,,,,,40264,7.0,7,,,,,,
,,,,,40269,5.0,5,,,,,,
,,,,,40278,9.0,9,,,,,,
,,,,,40281,3.0,3,,,,,,
,,,,,40296,15.0,15,,,,,,
,,,,,40299,3.0,3,,,,,,
,,,,,40304,5.0,5,,,,,,
,,,,,40308,4.0,4,,,,,,
,,,,,40312,4.0,4,,,,,,
,,,,,40317,5.0,5,,,,,,
,,,,,40326,9.0,9,,,,,,
,,,,,40330,4.0,4,,,,,,
,,,,,40335,5.0,5,,,,,,
,,,,,40338,3.0,3,,,,,,
,,,,,40343,5.0,5,,,,,,
,,,,,40347,4.0,4,,,,,,
,,,,,40357,10.0,10,,,,,,
,,,,,40364,7.0,7,,,,,,
,,,,,40369,5.0,5,,,,,,
,,,,,40381,12.0,12,,,,,,
,,,,,40391,10.0,10,,,,,,
,,,,,40403,12.0,12,,,,,,
,,,,,40409,6.0,6,,,,,,
,,,,,40422,13.0,13,,,,,,
,,,,,40427,5.0,5,,,,,,
,,,,,40432,5.0,5,,,,,,
,,,,,40440,8.0,8,,,,,,
,,,,,40448,8.0,8,,,,,,
,,,,,40455,7.0,7,,,,,,
,,,,,40458,3.0,3,,,,,,
,,,,,40464,6.0,6,,,,,,
,,,,,40474,10.0,10,,,,,,
,,,,,40480,6.0,6,,,,,,
,,,,,40484,4.0,4,,,,,,
,,,,,40491,7.0,7,,,,,,
,,,,,40502,11.0,11,,,,,,
,,,,,40506,4.0,4,,,,,,
,,,,,40511,5.0,5,,,,,,
,,,,,40521,10.0,10,,,,,,
,,,,,40528,7.0,7,,,,,,
,,,,,40554,26.0,26,,,,,,
,,,,,40558,4.0,4,,,,,,
,,,,,40563,5.0,5,,,,,,
,,,,,40567,4.0,4,,,,,,
,,,,,40574,7.0,7,,,,,,
,,,,,40583,9.0,9,,,,,,
,,,,,40590,7.0,7,,,,,,
,,,,,40596,6.0,6,,,,,,
,,,,,40601,5.0,5,,,,,,
,,,,,40605,4.0,4,,,,,,
,,,,,40616,11.0,11,,,,,,
,,,,,40620,4.0,4,,,,,,
,,,,,40625,5.0,5,,,,,,
,,,,,40628,3.0,3,,,,,,
,,,,,40637,9.0,9,,,,,,
,,,,,40653,16.0,16,,,,,,
,,,,,40662,9.0,9,,,,,,
,,,,,40666,4.0,4,,,,,,
,,,,,40671,5.0,5,,,,,,
,,,,,40678,7.0,7,,,,,,
,,,,,40682,4.0,4,,,,,,
,,,,,40687,5.0,5,,,,,,
,,,,,40691,4.0,4,,,,,,
,,,,,40704,13.0,13,,,,,,
,,,,,40707,3.0,3,,,,,,
,,,,,40717,10.0,10,,,,,,
,,,,,40721,4.0,4,,,,,,
,,,,,40725,4.0,4,,,,,,
,,,,,40736,11.0,11,,,,,,
,,,,,40740,4.0,4,,,,,,
,,,,,40752,12.0,12,,,,,,
,,,,,40758,6.0,6,,,,,,
,,,,,40762,4.0,4,,,,,,
,,,,,40765,3.0,3,,,,,,
,,,,,40769,4.0,4,,,,,,
,,,,,40773,4.0,4,,,,,,
,,,,,40784,11.0,11,,,,,,
,,,,,40787,3.0,3,,,,,,
,,,,,40794,7.0,7,,,,,,
,,,,,40799,5.0,5,,,,,,
,,,,,40802,3.0,3,,,,,,
,,,,,40806,4.0,4,,,,,,
,,,,,40819,13.0,13,,,,,,
,,,,,40824,5.0,5,,,,,,
,,,,,40841,17.0,17,,,,,,
,,,,,40846,5.0,5,,,,,,
,,,,,40849,3.0,3,,,,,,
,,,,,40860,11.0,11,,,,,,
,,,,,40877,17.0,17,,,,,,
,,,,,40881,4.0,4,,,,,,
,,,,,40886,5.0,5,,,,,,
,,,,,40890,4.0,4,,,,,,
,,,,,40894,4.0,4,,,,,,
,,,,,40898,4.0,4,,,,,,
,,,,,40913,15.0,15,,,,,,
,,,,,40917,4.0,4,,,,,,
,,,,,40928,11.0,11,,,,,,
,,,,,40933,5.0,5,,,,,,
,,,,,40938,5.0,5,,,,,,
,,,,,40944,6.0,6,,,,,,
,,,,,40954,10.0,10,,,,,,
,,,,,40960,6.0,6,,,,,,
,,,,,40967,7.0,7,,,,,,
,,,,,40971,4.0,4,,,,,,
,,,,,40979,8.0,8,,,,,,
,,,,,40987,8.0,8,,,,,,
,,,,,40993,6.0,6,,,,,,
,,,,,40996,3.0,3,,,,,,
,,,,,40999,3.0,3,,,,,,
,,,,,41000,,,1.8187850713729858,4.963355541229248,5.190780162811279,0.0003,0.0003,0.1
,,,,,41003,4.0,4,,,,,,
,,,,,41012,9.0,9,,,,,,
,,,,,41028,16.0,16,,,,,,
,,,,,41032,4.0,4,,,,,,
,,,,,41036,4.0,4,,,,,,
,,,,,41042,6.0,6,,,,,,
,,,,,41046,4.0,4,,,,,,
,,,,,41050,4.0,4,,,,,,
,,,,,41054,4.0,4,,,,,,
,,,,,41062,8.0,8,,,,,,
,,,,,41069,7.0,7,,,,,,
,,,,,41075,6.0,6,,,,,,
,,,,,41083,8.0,8,,,,,,
,,,,,41087,4.0,4,,,,,,
,,,,,41091,4.0,4,,,,,,
,,,,,41102,11.0,11,,,,,,
,,,,,41107,5.0,5,,,,,,
,,,,,41110,3.0,3,,,,,,
,,,,,41113,3.0,3,,,,,,
,,,,,41118,5.0,5,,,,,,
,,,,,41122,4.0,4,,,,,,
,,,,,41125,3.0,3,,,,,,
,,,,,41132,7.0,7,,,,,,
,,,,,41139,7.0,7,,,,,,
,,,,,41143,4.0,4,,,,,,
,,,,,41148,5.0,5,,,,,,
,,,,,41152,4.0,4,,,,,,
,,,,,41157,5.0,5,,,,,,
,,,,,41164,7.0,7,,,,,,
,,,,,41170,6.0,6,,,,,,
,,,,,41186,16.0,16,,,,,,
,,,,,41192,6.0,6,,,,,,
,,,,,41195,3.0,3,,,,,,
,,,,,41202,7.0,7,,,,,,
,,,,,41213,11.0,11,,,,,,
,,,,,41221,8.0,8,,,,,,
,,,,,41226,5.0,5,,,,,,
,,,,,41231,5.0,5,,,,,,
,,,,,41241,10.0,10,,,,,,
,,,,,41245,4.0,4,,,,,,
,,,,,41251,6.0,6,,,,,,
,,,,,41264,13.0,13,,,,,,
,,,,,41269,5.0,5,,,,,,
,,,,,41273,4.0,4,,,,,,
,,,,,41278,5.0,5,,,,,,
,,,,,41283,5.0,5,,,,,,
,,,,,41288,5.0,5,,,,,,
,,,,,41291,3.0,3,,,,,,
,,,,,41298,7.0,7,,,,,,
,,,,,41306,8.0,8,,,,,,
,,,,,41312,6.0,6,,,,,,
,,,,,41316,4.0,4,,,,,,
,,,,,41324,8.0,8,,,,,,
,,,,,41333,9.0,9,,,,,,
,,,,,41338,5.0,5,,,,,,
,,,,,41343,5.0,5,,,,,,
,,,,,41348,5.0,5,,,,,,
,,,,,41351,3.0,3,,,,,,
,,,,,41358,7.0,7,,,,,,
,,,,,41366,8.0,8,,,,,,
,,,,,41378,12.0,12,,,,,,
,,,,,41381,3.0,3,,,,,,
,,,,,41385,4.0,4,,,,,,
,,,,,41398,13.0,13,,,,,,
,,,,,41402,4.0,4,,,,,,
,,,,,41408,6.0,6,,,,,,
,,,,,41412,4.0,4,,,,,,
,,,,,41420,8.0,8,,,,,,
,,,,,41427,7.0,7,,,,,,
,,,,,41434,7.0,7,,,,,,
,,,,,41446,12.0,12,,,,,,
,,,,,41451,5.0,5,,,,,,
,,,,,41462,11.0,11,,,,,,
,,,,,41465,3.0,3,,,,,,
,,,,,41468,3.0,3,,,,,,
,,,,,41471,3.0,3,,,,,,
,,,,,41483,12.0,12,,,,,,
,,,,,41486,3.0,3,,,,,,
,,,,,41493,7.0,7,,,,,,
,,,,,41496,3.0,3,,,,,,
,,,,,41500,4.0,4,,,,,,
,,,,,41503,3.0,3,,,,,,
,,,,,41511,8.0,8,,,,,,
,,,,,41515,4.0,4,,,,,,
,,,,,41518,3.0,3,,,,,,
,,,,,41521,3.0,3,,,,,,
,,,,,41525,4.0,4,,,,,,
,,,,,41528,3.0,3,,,,,,
,,,,,41533,5.0,5,,,,,,
,,,,,41538,5.0,5,,,,,,
,,,,,41543,5.0,5,,,,,,
,,,,,41548,5.0,5,,,,,,
,,,,,41553,5.0,5,,,,,,
,,,,,41559,6.0,6,,,,,,
,,,,,41567,8.0,8,,,,,,
,,,,,41575,8.0,8,,,,,,
,,,,,41580,5.0,5,,,,,,
,,,,,41588,8.0,8,,,,,,
,,,,,41609,21.0,21,,,,,,
,,,,,41612,3.0,3,,,,,,
,,,,,41616,4.0,4,,,,,,
,,,,,41620,4.0,4,,,,,,
,,,,,41625,5.0,5,,,,,,
,,,,,41630,5.0,5,,,,,,
,,,,,41636,6.0,6,,,,,,
,,,,,41639,3.0,3,,,,,,
,,,,,41648,9.0,9,,,,,,
,,,,,41652,4.0,4,,,,,,
,,,,,41656,4.0,4,,,,,,
,,,,,41666,10.0,10,,,,,,
,,,,,41673,7.0,7,,,,,,
,,,,,41676,3.0,3,,,,,,
,,,,,41687,11.0,11,,,,,,
,,,,,41691,4.0,4,,,,,,
,,,,,41697,6.0,6,,,,,,
,,,,,41709,12.0,12,,,,,,
,,,,,41714,5.0,5,,,,,,
,,,,,41723,9.0,9,,,,,,
,,,,,41733,10.0,10,,,,,,
,,,,,41740,7.0,7,,,,,,
,,,,,41744,4.0,4,,,,,,
,,,,,41763,19.0,19,,,,,,
,,,,,41770,7.0,7,,,,,,
,,,,,41774,4.0,4,,,,,,
,,,,,41777,3.0,3,,,,,,
,,,,,41784,7.0,7,,,,,,
,,,,,41797,13.0,13,,,,,,
,,,,,41807,10.0,10,,,,,,
,,,,,41821,14.0,14,,,,,,
,,,,,41828,7.0,7,,,,,,
,,,,,41832,4.0,4,,,,,,
,,,,,41839,7.0,7,,,,,,
,,,,,41843,4.0,4,,,,,,
,,,,,41846,3.0,3,,,,,,
,,,,,41850,4.0,4,,,,,,
,,,,,41857,7.0,7,,,,,,
,,,,,41860,3.0,3,,,,,,
,,,,,41864,4.0,4,,,,,,
,,,,,41869,5.0,5,,,,,,
,,,,,41874,5.0,5,,,,,,
,,,,,41886,12.0,12,,,,,,
,,,,,41889,3.0,3,,,,,,
,,,,,41897,8.0,8,,,,,,
,,,,,41903,6.0,6,,,,,,
,,,,,41910,7.0,7,,,,,,
,,,,,41917,7.0,7,,,,,,
,,,,,41920,3.0,3,,,,,,
,,,,,41924,4.0,4,,,,,,
,,,,,41932,8.0,8,,,,,,
,,,,,41936,4.0,4,,,,,,
,,,,,41942,6.0,6,,,,,,
,,,,,41953,11.0,11,,,,,,
,,,,,41958,5.0,5,,,,,,
,,,,,41961,3.0,3,,,,,,
,,,,,41965,4.0,4,,,,,,
,,,,,41968,3.0,3,,,,,,
,,,,,41972,4.0,4,,,,,,
,,,,,41980,8.0,8,,,,,,
,,,,,41983,3.0,3,,,,,,
,,,,,41994,11.0,11,,,,,,
,,,,,42000,6.0,6,,,,,,
,,,,,42000,,,2.039501667022705,4.76374626159668,4.71379280090332,0.0003,0.0003,0.1
,,,,,42023,23.0,23,,,,,,
,,,,,42027,4.0,4,,,,,,
,,,,,42033,6.0,6,,,,,,
,,,,,42037,4.0,4,,,,,,
,,,,,42043,6.0,6,,,,,,
,,,,,42048,5.0,5,,,,,,
,,,,,42051,3.0,3,,,,,,
,,,,,42055,4.0,4,,,,,,
,,,,,42061,6.0,6,,,,,,
,,,,,42070,9.0,9,,,,,,
,,,,,42076,6.0,6,,,,,,
,,,,,42083,7.0,7,,,,,,
,,,,,42086,3.0,3,,,,,,
,,,,,42103,17.0,17,,,,,,
,,,,,42106,3.0,3,,,,,,
,,,,,42109,3.0,3,,,,,,
,,,,,42112,3.0,3,,,,,,
,,,,,42117,5.0,5,,,,,,
,,,,,42122,5.0,5,,,,,,
,,,,,42129,7.0,7,,,,,,
,,,,,42140,11.0,11,,,,,,
,,,,,42152,12.0,12,,,,,,
,,,,,42162,10.0,10,,,,,,
,,,,,42171,9.0,9,,,,,,
,,,,,42175,4.0,4,,,,,,
,,,,,42203,28.0,28,,,,,,
,,,,,42208,5.0,5,,,,,,
,,,,,42211,3.0,3,,,,,,
,,,,,42215,4.0,4,,,,,,
,,,,,42220,5.0,5,,,,,,
,,,,,42227,7.0,7,,,,,,
,,,,,42237,10.0,10,,,,,,
,,,,,42240,3.0,3,,,,,,
,,,,,42244,4.0,4,,,,,,
,,,,,42251,7.0,7,,,,,,
,,,,,42258,7.0,7,,,,,,
,,,,,42267,9.0,9,,,,,,
,,,,,42278,11.0,11,,,,,,
,,,,,42285,7.0,7,,,,,,
,,,,,42294,9.0,9,,,,,,
,,,,,42301,7.0,7,,,,,,
,,,,,42307,6.0,6,,,,,,
,,,,,42322,15.0,15,,,,,,
,,,,,42325,3.0,3,,,,,,
,,,,,42331,6.0,6,,,,,,
,,,,,42339,8.0,8,,,,,,
,,,,,42345,6.0,6,,,,,,
,,,,,42360,15.0,15,,,,,,
,,,,,42369,9.0,9,,,,,,
,,,,,42372,3.0,3,,,,,,
,,,,,42376,4.0,4,,,,,,
,,,,,42385,9.0,9,,,,,,
,,,,,42388,3.0,3,,,,,,
,,,,,42391,3.0,3,,,,,,
,,,,,42396,5.0,5,,,,,,
,,,,,42413,17.0,17,,,,,,
,,,,,42416,3.0,3,,,,,,
,,,,,42423,7.0,7,,,,,,
,,,,,42428,5.0,5,,,,,,
,,,,,42434,6.0,6,,,,,,
,,,,,42439,5.0,5,,,,,,
,,,,,42442,3.0,3,,,,,,
,,,,,42446,4.0,4,,,,,,
,,,,,42449,3.0,3,,,,,,
,,,,,42452,3.0,3,,,,,,
,,,,,42459,7.0,7,,,,,,
,,,,,42468,9.0,9,,,,,,
,,,,,42478,10.0,10,,,,,,
,,,,,42491,13.0,13,,,,,,
,,,,,42494,3.0,3,,,,,,
,,,,,42498,4.0,4,,,,,,
,,,,,42506,8.0,8,,,,,,
,,,,,42510,4.0,4,,,,,,
,,,,,42515,5.0,5,,,,,,
,,,,,42519,4.0,4,,,,,,
,,,,,42523,4.0,4,,,,,,
,,,,,42533,10.0,10,,,,,,
,,,,,42542,9.0,9,,,,,,
,,,,,42548,6.0,6,,,,,,
,,,,,42554,6.0,6,,,,,,
,,,,,42559,5.0,5,,,,,,
,,,,,42562,3.0,3,,,,,,
,,,,,42567,5.0,5,,,,,,
,,,,,42570,3.0,3,,,,,,
,,,,,42574,4.0,4,,,,,,
,,,,,42584,10.0,10,,,,,,
,,,,,42602,18.0,18,,,,,,
,,,,,42606,4.0,4,,,,,,
,,,,,42612,6.0,6,,,,,,
,,,,,42619,7.0,7,,,,,,
,,,,,42622,3.0,3,,,,,,
,,,,,42626,4.0,4,,,,,,
,,,,,42642,16.0,16,,,,,,
,,,,,42648,6.0,6,,,,,,
,,,,,42652,4.0,4,,,,,,
,,,,,42662,10.0,10,,,,,,
,,,,,42666,4.0,4,,,,,,
,,,,,42670,4.0,4,,,,,,
,,,,,42677,7.0,7,,,,,,
,,,,,42682,5.0,5,,,,,,
,,,,,42694,12.0,12,,,,,,
,,,,,42697,3.0,3,,,,,,
,,,,,42712,15.0,15,,,,,,
,,,,,42730,18.0,18,,,,,,
,,,,,42739,9.0,9,,,,,,
,,,,,42750,11.0,11,,,,,,
,,,,,42756,6.0,6,,,,,,
,,,,,42778,22.0,22,,,,,,
,,,,,42784,6.0,6,,,,,,
,,,,,42791,7.0,7,,,,,,
,,,,,42798,7.0,7,,,,,,
,,,,,42801,3.0,3,,,,,,
,,,,,42805,4.0,4,,,,,,
,,,,,42811,6.0,6,,,,,,
,,,,,42823,12.0,12,,,,,,
,,,,,42827,4.0,4,,,,,,
,,,,,42835,8.0,8,,,,,,
,,,,,42843,8.0,8,,,,,,
,,,,,42849,6.0,6,,,,,,
,,,,,42852,3.0,3,,,,,,
,,,,,42857,5.0,5,,,,,,
,,,,,42863,6.0,6,,,,,,
,,,,,42867,4.0,4,,,,,,
,,,,,42872,5.0,5,,,,,,
,,,,,42880,8.0,8,,,,,,
,,,,,42883,3.0,3,,,,,,
,,,,,42900,17.0,17,,,,,,
,,,,,42907,7.0,7,,,,,,
,,,,,42911,4.0,4,,,,,,
,,,,,42917,6.0,6,,,,,,
,,,,,42920,3.0,3,,,,,,
,,,,,42926,6.0,6,,,,,,
,,,,,42935,9.0,9,,,,,,
,,,,,42940,5.0,5,,,,,,
,,,,,42960,20.0,20,,,,,,
,,,,,42968,8.0,8,,,,,,
,,,,,42972,4.0,4,,,,,,
,,,,,42976,4.0,4,,,,,,
,,,,,42981,5.0,5,,,,,,
,,,,,42985,4.0,4,,,,,,
,,,,,42990,5.0,5,,,,,,
,,,,,42997,7.0,7,,,,,,
,,,,,43000,,,1.9643948078155518,4.759426593780518,4.549755573272705,0.0003,0.0003,0.1
,,,,,43002,5.0,5,,,,,,
,,,,,43007,5.0,5,,,,,,
,,,,,43013,6.0,6,,,,,,
,,,,,43017,4.0,4,,,,,,
,,,,,43022,5.0,5,,,,,,
,,,,,43032,10.0,10,,,,,,
,,,,,43037,5.0,5,,,,,,
,,,,,43040,3.0,3,,,,,,
,,,,,43043,3.0,3,,,,,,
,,,,,43066,23.0,23,,,,,,
,,,,,43074,8.0,8,,,,,,
,,,,,43078,4.0,4,,,,,,
,,,,,43081,3.0,3,,,,,,
,,,,,43085,4.0,4,,,,,,
,,,,,43089,4.0,4,,,,,,
,,,,,43092,3.0,3,,,,,,
,,,,,43097,5.0,5,,,,,,
,,,,,43104,7.0,7,,,,,,
,,,,,43112,8.0,8,,,,,,
,,,,,43116,4.0,4,,,,,,
,,,,,43122,6.0,6,,,,,,
,,,,,43126,4.0,4,,,,,,
,,,,,43135,9.0,9,,,,,,
,,,,,43138,3.0,3,,,,,,
,,,,,43151,13.0,13,,,,,,
,,,,,43161,10.0,10,,,,,,
,,,,,43173,12.0,12,,,,,,
,,,,,43178,5.0,5,,,,,,
,,,,,43182,4.0,4,,,,,,
,,,,,43191,9.0,9,,,,,,
,,,,,43194,3.0,3,,,,,,
,,,,,43200,6.0,6,,,,,,
,,,,,43204,4.0,4,,,,,,
,,,,,43207,3.0,3,,,,,,
,,,,,43210,3.0,3,,,,,,
,,,,,43214,4.0,4,,,,,,
,,,,,43226,12.0,12,,,,,,
,,,,,43231,5.0,5,,,,,,
,,,,,43234,3.0,3,,,,,,
,,,,,43241,7.0,7,,,,,,
,,,,,43246,5.0,5,,,,,,
,,,,,43253,7.0,7,,,,,,
,,,,,43266,13.0,13,,,,,,
,,,,,43271,5.0,5,,,,,,
,,,,,43276,5.0,5,,,,,,
,,,,,43287,11.0,11,,,,,,
,,,,,43292,5.0,5,,,,,,
,,,,,43299,7.0,7,,,,,,
,,,,,43302,3.0,3,,,,,,
,,,,,43307,5.0,5,,,,,,
,,,,,43311,4.0,4,,,,,,
,,,,,43314,3.0,3,,,,,,
,,,,,43321,7.0,7,,,,,,
,,,,,43333,12.0,12,,,,,,
,,,,,43339,6.0,6,,,,,,
,,,,,43350,11.0,11,,,,,,
,,,,,43356,6.0,6,,,,,,
,,,,,43366,10.0,10,,,,,,
,,,,,43377,11.0,11,,,,,,
,,,,,43381,4.0,4,,,,,,
,,,,,43389,8.0,8,,,,,,
,,,,,43393,4.0,4,,,,,,
,,,,,43396,3.0,3,,,,,,
,,,,,43401,5.0,5,,,,,,
,,,,,43405,4.0,4,,,,,,
,,,,,43415,10.0,10,,,,,,
,,,,,43420,5.0,5,,,,,,
,,,,,43426,6.0,6,,,,,,
,,,,,43431,5.0,5,,,,,,
,,,,,43438,7.0,7,,,,,,
,,,,,43444,6.0,6,,,,,,
,,,,,43453,9.0,9,,,,,,
,,,,,43456,3.0,3,,,,,,
,,,,,43462,6.0,6,,,,,,
,,,,,43465,3.0,3,,,,,,
,,,,,43468,3.0,3,,,,,,
,,,,,43476,8.0,8,,,,,,
,,,,,43489,13.0,13,,,,,,
,,,,,43493,4.0,4,,,,,,
,,,,,43499,6.0,6,,,,,,
,,,,,43505,6.0,6,,,,,,
,,,,,43522,17.0,17,,,,,,
,,,,,43536,14.0,14,,,,,,
,,,,,43547,11.0,11,,,,,,
,,,,,43552,5.0,5,,,,,,
,,,,,43558,6.0,6,,,,,,
,,,,,43562,4.0,4,,,,,,
,,,,,43573,11.0,11,,,,,,
,,,,,43578,5.0,5,,,,,,
,,,,,43589,11.0,11,,,,,,
,,,,,43594,5.0,5,,,,,,
,,,,,43607,13.0,13,,,,,,
,,,,,43613,6.0,6,,,,,,
,,,,,43624,11.0,11,,,,,,
,,,,,43630,6.0,6,,,,,,
,,,,,43636,6.0,6,,,,,,
,,,,,43640,4.0,4,,,,,,
,,,,,43653,13.0,13,,,,,,
,,,,,43663,10.0,10,,,,,,
,,,,,43668,5.0,5,,,,,,
,,,,,43680,12.0,12,,,,,,
,,,,,43690,10.0,10,,,,,,
,,,,,43694,4.0,4,,,,,,
,,,,,43697,3.0,3,,,,,,
,,,,,43702,5.0,5,,,,,,
,,,,,43707,5.0,5,,,,,,
,,,,,43715,8.0,8,,,,,,
,,,,,43722,7.0,7,,,,,,
,,,,,43727,5.0,5,,,,,,
,,,,,43736,9.0,9,,,,,,
,,,,,43739,3.0,3,,,,,,
,,,,,43743,4.0,4,,,,,,
,,,,,43752,9.0,9,,,,,,
,,,,,43762,10.0,10,,,,,,
,,,,,43765,3.0,3,,,,,,
,,,,,43770,5.0,5,,,,,,
,,,,,43787,17.0,17,,,,,,
,,,,,43791,4.0,4,,,,,,
,,,,,43802,11.0,11,,,,,,
,,,,,43806,4.0,4,,,,,,
,,,,,43815,9.0,9,,,,,,
,,,,,43819,4.0,4,,,,,,
,,,,,43822,3.0,3,,,,,,
,,,,,43825,3.0,3,,,,,,
,,,,,43843,18.0,18,,,,,,
,,,,,43849,6.0,6,,,,,,
,,,,,43853,4.0,4,,,,,,
,,,,,43857,4.0,4,,,,,,
,,,,,43867,10.0,10,,,,,,
,,,,,43872,5.0,5,,,,,,
,,,,,43884,12.0,12,,,,,,
,,,,,43889,5.0,5,,,,,,
,,,,,43894,5.0,5,,,,,,
,,,,,43897,3.0,3,,,,,,
,,,,,43908,11.0,11,,,,,,
,,,,,43914,6.0,6,,,,,,
,,,,,43917,3.0,3,,,,,,
,,,,,43921,4.0,4,,,,,,
,,,,,43946,25.0,25,,,,,,
,,,,,43956,10.0,10,,,,,,
,,,,,43968,12.0,12,,,,,,
,,,,,43972,4.0,4,,,,,,
,,,,,43976,4.0,4,,,,,,
,,,,,43983,7.0,7,,,,,,
,,,,,43988,5.0,5,,,,,,
,,,,,43994,6.0,6,,,,,,
,,,,,44000,,,2.3127269744873047,5.241815567016602,5.23615026473999,0.0003,0.0003,0.1
,,,,,44004,10.0,10,,,,,,
,,,,,44010,6.0,6,,,,,,
,,,,,44013,3.0,3,,,,,,
,,,,,44020,7.0,7,,,,,,
,,,,,44029,9.0,9,,,,,,
,,,,,44035,6.0,6,,,,,,
,,,,,44047,12.0,12,,,,,,
,,,,,44059,12.0,12,,,,,,
,,,,,44078,19.0,19,,,,,,
,,,,,44086,8.0,8,,,,,,
,,,,,44094,8.0,8,,,,,,
,,,,,44105,11.0,11,,,,,,
,,,,,44109,4.0,4,,,,,,
,,,,,44113,4.0,4,,,,,,
,,,,,44117,4.0,4,,,,,,
,,,,,44135,18.0,18,,,,,,
,,,,,44147,12.0,12,,,,,,
,,,,,44152,5.0,5,,,,,,
,,,,,44155,3.0,3,,,,,,
,,,,,44165,10.0,10,,,,,,
,,,,,44176,11.0,11,,,,,,
,,,,,44184,8.0,8,,,,,,
,,,,,44190,6.0,6,,,,,,
,,,,,44195,5.0,5,,,,,,
,,,,,44199,4.0,4,,,,,,
,,,,,44203,4.0,4,,,,,,
,,,,,44211,8.0,8,,,,,,
,,,,,44215,4.0,4,,,,,,
,,,,,44220,5.0,5,,,,,,
,,,,,44224,4.0,4,,,,,,
,,,,,44228,4.0,4,,,,,,
,,,,,44233,5.0,5,,,,,,
,,,,,44243,10.0,10,,,,,,
,,,,,44250,7.0,7,,,,,,
,,,,,44254,4.0,4,,,,,,
,,,,,44259,5.0,5,,,,,,
,,,,,44263,4.0,4,,,,,,
,,,,,44272,9.0,9,,,,,,
,,,,,44280,8.0,8,,,,,,
,,,,,44284,4.0,4,,,,,,
,,,,,44287,3.0,3,,,,,,
,,,,,44296,9.0,9,,,,,,
,,,,,44300,4.0,4,,,,,,
,,,,,44305,5.0,5,,,,,,
,,,,,44314,9.0,9,,,,,,
,,,,,44317,3.0,3,,,,,,
,,,,,44320,3.0,3,,,,,,
,,,,,44329,9.0,9,,,,,,
,,,,,44336,7.0,7,,,,,,
,,,,,44341,5.0,5,,,,,,
,,,,,44350,9.0,9,,,,,,
,,,,,44353,3.0,3,,,,,,
,,,,,44357,4.0,4,,,,,,
,,,,,44371,14.0,14,,,,,,
,,,,,44377,6.0,6,,,,,,
,,,,,44384,7.0,7,,,,,,
,,,,,44388,4.0,4,,,,,,
,,,,,44396,8.0,8,,,,,,
,,,,,44404,8.0,8,,,,,,
,,,,,44411,7.0,7,,,,,,
,,,,,44417,6.0,6,,,,,,
,,,,,44420,3.0,3,,,,,,
,,,,,44423,3.0,3,,,,,,
,,,,,44428,5.0,5,,,,,,
,,,,,44431,3.0,3,,,,,,
,,,,,44440,9.0,9,,,,,,
,,,,,44445,5.0,5,,,,,,
,,,,,44454,9.0,9,,,,,,
,,,,,44461,7.0,7,,,,,,
,,,,,44471,10.0,10,,,,,,
,,,,,44474,3.0,3,,,,,,
,,,,,44479,5.0,5,,,,,,
,,,,,44486,7.0,7,,,,,,
,,,,,44490,4.0,4,,,,,,
,,,,,44495,5.0,5,,,,,,
,,,,,44500,5.0,5,,,,,,
,,,,,44508,8.0,8,,,,,,
,,,,,44511,3.0,3,,,,,,
,,,,,44515,4.0,4,,,,,,
,,,,,44535,20.0,20,,,,,,
,,,,,44539,4.0,4,,,,,,
,,,,,44544,5.0,5,,,,,,
,,,,,44548,4.0,4,,,,,,
,,,,,44554,6.0,6,,,,,,
,,,,,44563,9.0,9,,,,,,
,,,,,44566,3.0,3,,,,,,
,,,,,44575,9.0,9,,,,,,
,,,,,44585,10.0,10,,,,,,
,,,,,44588,3.0,3,,,,,,
,,,,,44592,4.0,4,,,,,,
,,,,,44596,4.0,4,,,,,,
,,,,,44600,4.0,4,,,,,,
,,,,,44606,6.0,6,,,,,,
,,,,,44610,4.0,4,,,,,,
,,,,,44619,9.0,9,,,,,,
,,,,,44638,19.0,19,,,,,,
,,,,,44650,12.0,12,,,,,,
,,,,,44657,7.0,7,,,,,,
,,,,,44664,7.0,7,,,,,,
,,,,,44668,4.0,4,,,,,,
,,,,,44674,6.0,6,,,,,,
,,,,,44678,4.0,4,,,,,,
,,,,,44689,11.0,11,,,,,,
,,,,,44701,12.0,12,,,,,,
,,,,,44704,3.0,3,,,,,,
,,,,,44713,9.0,9,,,,,,
,,,,,44717,4.0,4,,,,,,
,,,,,44720,3.0,3,,,,,,
,,,,,44726,6.0,6,,,,,,
,,,,,44734,8.0,8,,,,,,
,,,,,44742,8.0,8,,,,,,
,,,,,44746,4.0,4,,,,,,
,,,,,44749,3.0,3,,,,,,
,,,,,44760,11.0,11,,,,,,
,,,,,44763,3.0,3,,,,,,
,,,,,44767,4.0,4,,,,,,
,,,,,44772,5.0,5,,,,,,
,,,,,44776,4.0,4,,,,,,
,,,,,44780,4.0,4,,,,,,
,,,,,44785,5.0,5,,,,,,
,,,,,44789,4.0,4,,,,,,
,,,,,44799,10.0,10,,,,,,
,,,,,44804,5.0,5,,,,,,
,,,,,44809,5.0,5,,,,,,
,,,,,44823,14.0,14,,,,,,
,,,,,44827,4.0,4,,,,,,
,,,,,44835,8.0,8,,,,,,
,,,,,44846,11.0,11,,,,,,
,,,,,44850,4.0,4,,,,,,
,,,,,44861,11.0,11,,,,,,
,,,,,44866,5.0,5,,,,,,
,,,,,44869,3.0,3,,,,,,
,,,,,44881,12.0,12,,,,,,
,,,,,44891,10.0,10,,,,,,
,,,,,44904,13.0,13,,,,,,
,,,,,44917,13.0,13,,,,,,
,,,,,44922,5.0,5,,,,,,
,,,,,44926,4.0,4,,,,,,
,,,,,44931,5.0,5,,,,,,
,,,,,44934,3.0,3,,,,,,
,,,,,44942,8.0,8,,,,,,
,,,,,44950,8.0,8,,,,,,
,,,,,44954,4.0,4,,,,,,
,,,,,44958,4.0,4,,,,,,
,,,,,44965,7.0,7,,,,,,
,,,,,44980,15.0,15,,,,,,
,,,,,44984,4.0,4,,,,,,
,,,,,44989,5.0,5,,,,,,
,,,,,44993,4.0,4,,,,,,
,,,,,44996,3.0,3,,,,,,
,,,,,44999,3.0,3,,,,,,
6.8,3.3105893,13.0,3.0,6.8,45000,,,2.205519676208496,5.219778537750244,4.919904708862305,0.0003,0.0003,0.1
,,,,,45015,16.0,16,,,,,,
,,,,,45020,5.0,5,,,,,,
,,,,,45033,13.0,13,,,,,,
,,,,,45041,8.0,8,,,,,,
,,,,,45049,8.0,8,,,,,,
,,,,,45054,5.0,5,,,,,,
,,,,,45063,9.0,9,,,,,,
,,,,,45068,5.0,5,,,,,,
,,,,,45073,5.0,5,,,,,,
,,,,,45079,6.0,6,,,,,,
,,,,,45083,4.0,4,,,,,,
,,,,,45091,8.0,8,,,,,,
,,,,,45100,9.0,9,,,,,,
,,,,,45103,3.0,3,,,,,,
,,,,,45107,4.0,4,,,,,,
,,,,,45123,16.0,16,,,,,,
,,,,,45135,12.0,12,,,,,,
,,,,,45139,4.0,4,,,,,,
,,,,,45146,7.0,7,,,,,,
,,,,,45150,4.0,4,,,,,,
,,,,,45160,10.0,10,,,,,,
,,,,,45163,3.0,3,,,,,,
,,,,,45168,5.0,5,,,,,,
,,,,,45184,16.0,16,,,,,,
,,,,,45191,7.0,7,,,,,,
,,,,,45201,10.0,10,,,,,,
,,,,,45208,7.0,7,,,,,,
,,,,,45218,10.0,10,,,,,,
,,,,,45227,9.0,9,,,,,,
,,,,,45234,7.0,7,,,,,,
,,,,,45238,4.0,4,,,,,,
,,,,,45245,7.0,7,,,,,,
,,,,,45248,3.0,3,,,,,,
,,,,,45255,7.0,7,,,,,,
,,,,,45259,4.0,4,,,,,,
,,,,,45265,6.0,6,,,,,,
,,,,,45269,4.0,4,,,,,,
,,,,,45272,3.0,3,,,,,,
,,,,,45275,3.0,3,,,,,,
,,,,,45287,12.0,12,,,,,,
,,,,,45294,7.0,7,,,,,,
,,,,,45302,8.0,8,,,,,,
,,,,,45306,4.0,4,,,,,,
,,,,,45312,6.0,6,,,,,,
,,,,,45327,15.0,15,,,,,,
,,,,,45336,9.0,9,,,,,,
,,,,,45344,8.0,8,,,,,,
,,,,,45350,6.0,6,,,,,,
,,,,,45353,3.0,3,,,,,,
,,,,,45362,9.0,9,,,,,,
,,,,,45367,5.0,5,,,,,,
,,,,,45383,16.0,16,,,,,,
,,,,,45388,5.0,5,,,,,,
,,,,,45396,8.0,8,,,,,,
,,,,,45405,9.0,9,,,,,,
,,,,,45408,3.0,3,,,,,,
,,,,,45416,8.0,8,,,,,,
,,,,,45421,5.0,5,,,,,,
,,,,,45429,8.0,8,,,,,,
,,,,,45433,4.0,4,,,,,,
,,,,,45451,18.0,18,,,,,,
,,,,,45457,6.0,6,,,,,,
,,,,,45462,5.0,5,,,,,,
,,,,,45469,7.0,7,,,,,,
,,,,,45473,4.0,4,,,,,,
,,,,,45479,6.0,6,,,,,,
,,,,,45482,3.0,3,,,,,,
,,,,,45500,18.0,18,,,,,,
,,,,,45506,6.0,6,,,,,,
,,,,,45511,5.0,5,,,,,,
,,,,,45515,4.0,4,,,,,,
,,,,,45519,4.0,4,,,,,,
,,,,,45524,5.0,5,,,,,,
,,,,,45530,6.0,6,,,,,,
,,,,,45533,3.0,3,,,,,,
,,,,,45556,23.0,23,,,,,,
,,,,,45563,7.0,7,,,,,,
,,,,,45573,10.0,10,,,,,,
,,,,,45584,11.0,11,,,,,,
,,,,,45597,13.0,13,,,,,,
,,,,,45602,5.0,5,,,,,,
,,,,,45607,5.0,5,,,,,,
,,,,,45611,4.0,4,,,,,,
,,,,,45622,11.0,11,,,,,,
,,,,,45627,5.0,5,,,,,,
,,,,,45632,5.0,5,,,,,,
,,,,,45637,5.0,5,,,,,,
,,,,,45649,12.0,12,,,,,,
,,,,,45662,13.0,13,,,,,,
,,,,,45675,13.0,13,,,,,,
,,,,,45679,4.0,4,,,,,,
,,,,,45684,5.0,5,,,,,,
,,,,,45688,4.0,4,,,,,,
,,,,,45696,8.0,8,,,,,,
,,,,,45701,5.0,5,,,,,,
,,,,,45714,13.0,13,,,,,,
,,,,,45722,8.0,8,,,,,,
,,,,,45729,7.0,7,,,,,,
,,,,,45739,10.0,10,,,,,,
,,,,,45749,10.0,10,,,,,,
,,,,,45760,11.0,11,,,,,,
,,,,,45765,5.0,5,,,,,,
,,,,,45770,5.0,5,,,,,,
,,,,,45775,5.0,5,,,,,,
,,,,,45778,3.0,3,,,,,,
,,,,,45782,4.0,4,,,,,,
,,,,,45787,5.0,5,,,,,,
,,,,,45797,10.0,10,,,,,,
,,,,,45801,4.0,4,,,,,,
,,,,,45807,6.0,6,,,,,,
,,,,,45815,8.0,8,,,,,,
,,,,,45819,4.0,4,,,,,,
,,,,,45824,5.0,5,,,,,,
,,,,,45827,3.0,3,,,,,,
,,,,,45839,12.0,12,,,,,,
,,,,,45846,7.0,7,,,,,,
,,,,,45856,10.0,10,,,,,,
,,,,,45860,4.0,4,,,,,,
,,,,,45868,8.0,8,,,,,,
,,,,,45875,7.0,7,,,,,,
,,,,,45880,5.0,5,,,,,,
,,,,,45906,26.0,26,,,,,,
,,,,,45919,13.0,13,,,,,,
,,,,,45922,3.0,3,,,,,,
,,,,,45931,9.0,9,,,,,,
,,,,,45934,3.0,3,,,,,,
,,,,,45944,10.0,10,,,,,,
,,,,,45948,4.0,4,,,,,,
,,,,,45958,10.0,10,,,,,,
,,,,,45964,6.0,6,,,,,,
,,,,,45974,10.0,10,,,,,,
,,,,,45978,4.0,4,,,,,,
,,,,,45982,4.0,4,,,,,,
,,,,,45989,7.0,7,,,,,,
,,,,,46000,11.0,11,,,,,,
,,,,,46000,,,2.3750510215759277,4.809940338134766,4.959099769592285,0.0003,0.0003,0.1
,,,,,46004,4.0,4,,,,,,
,,,,,46009,5.0,5,,,,,,
,,,,,46015,6.0,6,,,,,,
,,,,,46023,8.0,8,,,,,,
,,,,,46026,3.0,3,,,,,,
,,,,,46033,7.0,7,,,,,,
,,,,,46036,3.0,3,,,,,,
,,,,,46049,13.0,13,,,,,,
,,,,,46055,6.0,6,,,,,,
,,,,,46064,9.0,9,,,,,,
,,,,,46074,10.0,10,,,,,,
,,,,,46078,4.0,4,,,,,,
,,,,,46089,11.0,11,,,,,,
,,,,,46092,3.0,3,,,,,,
,,,,,46096,4.0,4,,,,,,
,,,,,46106,10.0,10,,,,,,
,,,,,46112,6.0,6,,,,,,
,,,,,46117,5.0,5,,,,,,
,,,,,46125,8.0,8,,,,,,
,,,,,46134,9.0,9,,,,,,
,,,,,46144,10.0,10,,,,,,
,,,,,46150,6.0,6,,,,,,
,,,,,46163,13.0,13,,,,,,
,,,,,46170,7.0,7,,,,,,
,,,,,46174,4.0,4,,,,,,
,,,,,46179,5.0,5,,,,,,
,,,,,46189,10.0,10,,,,,,
,,,,,46200,11.0,11,,,,,,
,,,,,46212,12.0,12,,,,,,
,,,,,46221,9.0,9,,,,,,
,,,,,46234,13.0,13,,,,,,
,,,,,46238,4.0,4,,,,,,
,,,,,46242,4.0,4,,,,,,
,,,,,46247,5.0,5,,,,,,
,,,,,46252,5.0,5,,,,,,
,,,,,46255,3.0,3,,,,,,
,,,,,46263,8.0,8,,,,,,
,,,,,46270,7.0,7,,,,,,
,,,,,46282,12.0,12,,,,,,
,,,,,46286,4.0,4,,,,,,
,,,,,46289,3.0,3,,,,,,
,,,,,46293,4.0,4,,,,,,
,,,,,46296,3.0,3,,,,,,
,,,,,46302,6.0,6,,,,,,
,,,,,46305,3.0,3,,,,,,
,,,,,46317,12.0,12,,,,,,
,,,,,46322,5.0,5,,,,,,
,,,,,46326,4.0,4,,,,,,
,,,,,46330,4.0,4,,,,,,
,,,,,46347,17.0,17,,,,,,
,,,,,46351,4.0,4,,,,,,
,,,,,46358,7.0,7,,,,,,
,,,,,46363,5.0,5,,,,,,
,,,,,46373,10.0,10,,,,,,
,,,,,46376,3.0,3,,,,,,
,,,,,46379,3.0,3,,,,,,
,,,,,46384,5.0,5,,,,,,
,,,,,46388,4.0,4,,,,,,
,,,,,46392,4.0,4,,,,,,
,,,,,46402,10.0,10,,,,,,
,,,,,46409,7.0,7,,,,,,
,,,,,46421,12.0,12,,,,,,
,,,,,46434,13.0,13,,,,,,
,,,,,46439,5.0,5,,,,,,
,,,,,46444,5.0,5,,,,,,
,,,,,46451,7.0,7,,,,,,
,,,,,46455,4.0,4,,,,,,
,,,,,46460,5.0,5,,,,,,
,,,,,46464,4.0,4,,,,,,
,,,,,46471,7.0,7,,,,,,
,,,,,46494,23.0,23,,,,,,
,,,,,46501,7.0,7,,,,,,
,,,,,46506,5.0,5,,,,,,
,,,,,46509,3.0,3,,,,,,
,,,,,46520,11.0,11,,,,,,
,,,,,46535,15.0,15,,,,,,
,,,,,46539,4.0,4,,,,,,
,,,,,46548,9.0,9,,,,,,
,,,,,46554,6.0,6,,,,,,
,,,,,46559,5.0,5,,,,,,
,,,,,46571,12.0,12,,,,,,
,,,,,46577,6.0,6,,,,,,
,,,,,46588,11.0,11,,,,,,
,,,,,46591,3.0,3,,,,,,
,,,,,46597,6.0,6,,,,,,
,,,,,46612,15.0,15,,,,,,
,,,,,46620,8.0,8,,,,,,
,,,,,46625,5.0,5,,,,,,
,,,,,46628,3.0,3,,,,,,
,,,,,46639,11.0,11,,,,,,
,,,,,46644,5.0,5,,,,,,
,,,,,46650,6.0,6,,,,,,
,,,,,46658,8.0,8,,,,,,
,,,,,46662,4.0,4,,,,,,
,,,,,46665,3.0,3,,,,,,
,,,,,46669,4.0,4,,,,,,
,,,,,46674,5.0,5,,,,,,
,,,,,46678,4.0,4,,,,,,
,,,,,46681,3.0,3,,,,,,
,,,,,46685,4.0,4,,,,,,
,,,,,46689,4.0,4,,,,,,
,,,,,46692,3.0,3,,,,,,
,,,,,46697,5.0,5,,,,,,
,,,,,46701,4.0,4,,,,,,
,,,,,46709,8.0,8,,,,,,
,,,,,46718,9.0,9,,,,,,
,,,,,46723,5.0,5,,,,,,
,,,,,46727,4.0,4,,,,,,
,,,,,46731,4.0,4,,,,,,
,,,,,46739,8.0,8,,,,,,
,,,,,46743,4.0,4,,,,,,
,,,,,46752,9.0,9,,,,,,
,,,,,46757,5.0,5,,,,,,
,,,,,46760,3.0,3,,,,,,
,,,,,46769,9.0,9,,,,,,
,,,,,46776,7.0,7,,,,,,
,,,,,46779,3.0,3,,,,,,
,,,,,46790,11.0,11,,,,,,
,,,,,46793,3.0,3,,,,,,
,,,,,46805,12.0,12,,,,,,
,,,,,46809,4.0,4,,,,,,
,,,,,46818,9.0,9,,,,,,
,,,,,46823,5.0,5,,,,,,
,,,,,46831,8.0,8,,,,,,
,,,,,46834,3.0,3,,,,,,
,,,,,46843,9.0,9,,,,,,
,,,,,46851,8.0,8,,,,,,
,,,,,46865,14.0,14,,,,,,
,,,,,46871,6.0,6,,,,,,
,,,,,46881,10.0,10,,,,,,
,,,,,46889,8.0,8,,,,,,
,,,,,46896,7.0,7,,,,,,
,,,,,46901,5.0,5,,,,,,
,,,,,46910,9.0,9,,,,,,
,,,,,46918,8.0,8,,,,,,
,,,,,46930,12.0,12,,,,,,
,,,,,46950,20.0,20,,,,,,
,,,,,46956,6.0,6,,,,,,
,,,,,46960,4.0,4,,,,,,
,,,,,46973,13.0,13,,,,,,
,,,,,46983,10.0,10,,,,,,
,,,,,46987,4.0,4,,,,,,
,,,,,46998,11.0,11,,,,,,
,,,,,47000,,,2.314966917037964,4.744900226593018,4.708406448364258,0.0003,0.0003,0.1
,,,,,47017,19.0,19,,,,,,
,,,,,47025,8.0,8,,,,,,
,,,,,47035,10.0,10,,,,,,
,,,,,47042,7.0,7,,,,,,
,,,,,47049,7.0,7,,,,,,
,,,,,47055,6.0,6,,,,,,
,,,,,47059,4.0,4,,,,,,
,,,,,47063,4.0,4,,,,,,
,,,,,47067,4.0,4,,,,,,
,,,,,47073,6.0,6,,,,,,
,,,,,47077,4.0,4,,,,,,
,,,,,47085,8.0,8,,,,,,
,,,,,47090,5.0,5,,,,,,
,,,,,47096,6.0,6,,,,,,
,,,,,47110,14.0,14,,,,,,
,,,,,47116,6.0,6,,,,,,
,,,,,47125,9.0,9,,,,,,
,,,,,47132,7.0,7,,,,,,
,,,,,47148,16.0,16,,,,,,
,,,,,47153,5.0,5,,,,,,
,,,,,47159,6.0,6,,,,,,
,,,,,47170,11.0,11,,,,,,
,,,,,47175,5.0,5,,,,,,
,,,,,47181,6.0,6,,,,,,
,,,,,47185,4.0,4,,,,,,
,,,,,47206,21.0,21,,,,,,
,,,,,47211,5.0,5,,,,,,
,,,,,47216,5.0,5,,,,,,
,,,,,47220,4.0,4,,,,,,
,,,,,47225,5.0,5,,,,,,
,,,,,47231,6.0,6,,,,,,
,,,,,47245,14.0,14,,,,,,
,,,,,47251,6.0,6,,,,,,
,,,,,47261,10.0,10,,,,,,
,,,,,47267,6.0,6,,,,,,
,,,,,47282,15.0,15,,,,,,
,,,,,47286,4.0,4,,,,,,
,,,,,47293,7.0,7,,,,,,
,,,,,47299,6.0,6,,,,,,
,,,,,47302,3.0,3,,,,,,
,,,,,47306,4.0,4,,,,,,
,,,,,47311,5.0,5,,,,,,
,,,,,47314,3.0,3,,,,,,
,,,,,47320,6.0,6,,,,,,
,,,,,47325,5.0,5,,,,,,
,,,,,47331,6.0,6,,,,,,
,,,,,47354,23.0,23,,,,,,
,,,,,47357,3.0,3,,,,,,
,,,,,47367,10.0,10,,,,,,
,,,,,47371,4.0,4,,,,,,
,,,,,47376,5.0,5,,,,,,
,,,,,47379,3.0,3,,,,,,
,,,,,47388,9.0,9,,,,,,
,,,,,47395,7.0,7,,,,,,
,,,,,47398,3.0,3,,,,,,
,,,,,47413,15.0,15,,,,,,
,,,,,47418,5.0,5,,,,,,
,,,,,47429,11.0,11,,,,,,
,,,,,47433,4.0,4,,,,,,
,,,,,47444,11.0,11,,,,,,
,,,,,47447,3.0,3,,,,,,
,,,,,47452,5.0,5,,,,,,
,,,,,47477,25.0,25,,,,,,
,,,,,47481,4.0,4,,,,,,
,,,,,47493,12.0,12,,,,,,
,,,,,47502,9.0,9,,,,,,
,,,,,47515,13.0,13,,,,,,
,,,,,47522,7.0,7,,,,,,
,,,,,47527,5.0,5,,,,,,
,,,,,47532,5.0,5,,,,,,
,,,,,47536,4.0,4,,,,,,
,,,,,47540,4.0,4,,,,,,
,,,,,47553,13.0,13,,,,,,
,,,,,47560,7.0,7,,,,,,
,,,,,47567,7.0,7,,,,,,
,,,,,47573,6.0,6,,,,,,
,,,,,47577,4.0,4,,,,,,
,,,,,47583,6.0,6,,,,,,
,,,,,47588,5.0,5,,,,,,
,,,,,47592,4.0,4,,,,,,
,,,,,47597,5.0,5,,,,,,
,,,,,47605,8.0,8,,,,,,
,,,,,47616,11.0,11,,,,,,
,,,,,47623,7.0,7,,,,,,
,,,,,47634,11.0,11,,,,,,
,,,,,47661,27.0,27,,,,,,
,,,,,47673,12.0,12,,,,,,
,,,,,47677,4.0,4,,,,,,
,,,,,47682,5.0,5,,,,,,
,,,,,47690,8.0,8,,,,,,
,,,,,47696,6.0,6,,,,,,
,,,,,47701,5.0,5,,,,,,
,,,,,47707,6.0,6,,,,,,
,,,,,47713,6.0,6,,,,,,
,,,,,47716,3.0,3,,,,,,
,,,,,47723,7.0,7,,,,,,
,,,,,47740,17.0,17,,,,,,
,,,,,47744,4.0,4,,,,,,
,,,,,47749,5.0,5,,,,,,
,,,,,47758,9.0,9,,,,,,
,,,,,47763,5.0,5,,,,,,
,,,,,47767,4.0,4,,,,,,
,,,,,47774,7.0,7,,,,,,
,,,,,47777,3.0,3,,,,,,
,,,,,47784,7.0,7,,,,,,
,,,,,47790,6.0,6,,,,,,
,,,,,47793,3.0,3,,,,,,
,,,,,47797,4.0,4,,,,,,
,,,,,47801,4.0,4,,,,,,
,,,,,47809,8.0,8,,,,,,
,,,,,47815,6.0,6,,,,,,
,,,,,47821,6.0,6,,,,,,
,,,,,47834,13.0,13,,,,,,
,,,,,47839,5.0,5,,,,,,
,,,,,47843,4.0,4,,,,,,
,,,,,47850,7.0,7,,,,,,
,,,,,47856,6.0,6,,,,,,
,,,,,47864,8.0,8,,,,,,
,,,,,47873,9.0,9,,,,,,
,,,,,47877,4.0,4,,,,,,
,,,,,47888,11.0,11,,,,,,
,,,,,47894,6.0,6,,,,,,
,,,,,47910,16.0,16,,,,,,
,,,,,47916,6.0,6,,,,,,
,,,,,47922,6.0,6,,,,,,
,,,,,47934,12.0,12,,,,,,
,,,,,47937,3.0,3,,,,,,
,,,,,47944,7.0,7,,,,,,
,,,,,47950,6.0,6,,,,,,
,,,,,47959,9.0,9,,,,,,
,,,,,47964,5.0,5,,,,,,
,,,,,47971,7.0,7,,,,,,
,,,,,47976,5.0,5,,,,,,
,,,,,47980,4.0,4,,,,,,
,,,,,47983,3.0,3,,,,,,
,,,,,47990,7.0,7,,,,,,
,,,,,48000,10.0,10,,,,,,
,,,,,48000,,,2.435154438018799,5.081935882568359,4.918906211853027,0.0003,0.0003,0.1
,,,,,48007,7.0,7,,,,,,
,,,,,48010,3.0,3,,,,,,
,,,,,48014,4.0,4,,,,,,
,,,,,48021,7.0,7,,,,,,
,,,,,48033,12.0,12,,,,,,
,,,,,48057,24.0,24,,,,,,
,,,,,48063,6.0,6,,,,,,
,,,,,48066,3.0,3,,,,,,
,,,,,48075,9.0,9,,,,,,
,,,,,48083,8.0,8,,,,,,
,,,,,48089,6.0,6,,,,,,
,,,,,48093,4.0,4,,,,,,
,,,,,48101,8.0,8,,,,,,
,,,,,48116,15.0,15,,,,,,
,,,,,48123,7.0,7,,,,,,
,,,,,48130,7.0,7,,,,,,
,,,,,48134,4.0,4,,,,,,
,,,,,48142,8.0,8,,,,,,
,,,,,48149,7.0,7,,,,,,
,,,,,48152,3.0,3,,,,,,
,,,,,48162,10.0,10,,,,,,
,,,,,48165,3.0,3,,,,,,
,,,,,48173,8.0,8,,,,,,
,,,,,48176,3.0,3,,,,,,
,,,,,48180,4.0,4,,,,,,
,,,,,48188,8.0,8,,,,,,
,,,,,48192,4.0,4,,,,,,
,,,,,48195,3.0,3,,,,,,
,,,,,48200,5.0,5,,,,,,
,,,,,48207,7.0,7,,,,,,
,,,,,48215,8.0,8,,,,,,
,,,,,48220,5.0,5,,,,,,
,,,,,48223,3.0,3,,,,,,
,,,,,48230,7.0,7,,,,,,
,,,,,48235,5.0,5,,,,,,
,,,,,48240,5.0,5,,,,,,
,,,,,48243,3.0,3,,,,,,
,,,,,48249,6.0,6,,,,,,
,,,,,48255,6.0,6,,,,,,
,,,,,48263,8.0,8,,,,,,
,,,,,48273,10.0,10,,,,,,
,,,,,48284,11.0,11,,,,,,
,,,,,48291,7.0,7,,,,,,
,,,,,48297,6.0,6,,,,,,
,,,,,48301,4.0,4,,,,,,
,,,,,48308,7.0,7,,,,,,
,,,,,48311,3.0,3,,,,,,
,,,,,48315,4.0,4,,,,,,
,,,,,48326,11.0,11,,,,,,
,,,,,48329,3.0,3,,,,,,
,,,,,48340,11.0,11,,,,,,
,,,,,48348,8.0,8,,,,,,
,,,,,48354,6.0,6,,,,,,
,,,,,48357,3.0,3,,,,,,
,,,,,48363,6.0,6,,,,,,
,,,,,48367,4.0,4,,,,,,
,,,,,48376,9.0,9,,,,,,
,,,,,48387,11.0,11,,,,,,
,,,,,48392,5.0,5,,,,,,
,,,,,48396,4.0,4,,,,,,
,,,,,48407,11.0,11,,,,,,
,,,,,48425,18.0,18,,,,,,
,,,,,48434,9.0,9,,,,,,
,,,,,48443,9.0,9,,,,,,
,,,,,48451,8.0,8,,,,,,
,,,,,48462,11.0,11,,,,,,
,,,,,48465,3.0,3,,,,,,
,,,,,48469,4.0,4,,,,,,
,,,,,48478,9.0,9,,,,,,
,,,,,48482,4.0,4,,,,,,
,,,,,48487,5.0,5,,,,,,
,,,,,48490,3.0,3,,,,,,
,,,,,48509,19.0,19,,,,,,
,,,,,48512,3.0,3,,,,,,
,,,,,48516,4.0,4,,,,,,
,,,,,48525,9.0,9,,,,,,
,,,,,48530,5.0,5,,,,,,
,,,,,48539,9.0,9,,,,,,
,,,,,48567,28.0,28,,,,,,
,,,,,48577,10.0,10,,,,,,
,,,,,48581,4.0,4,,,,,,
,,,,,48586,5.0,5,,,,,,
,,,,,48589,3.0,3,,,,,,
,,,,,48595,6.0,6,,,,,,
,,,,,48602,7.0,7,,,,,,
,,,,,48626,24.0,24,,,,,,
,,,,,48630,4.0,4,,,,,,
,,,,,48637,7.0,7,,,,,,
,,,,,48644,7.0,7,,,,,,
,,,,,48656,12.0,12,,,,,,
,,,,,48661,5.0,5,,,,,,
,,,,,48664,3.0,3,,,,,,
,,,,,48673,9.0,9,,,,,,
,,,,,48682,9.0,9,,,,,,
,,,,,48685,3.0,3,,,,,,
,,,,,48690,5.0,5,,,,,,
,,,,,48696,6.0,6,,,,,,
,,,,,48700,4.0,4,,,,,,
,,,,,48705,5.0,5,,,,,,
,,,,,48715,10.0,10,,,,,,
,,,,,48724,9.0,9,,,,,,
,,,,,48727,3.0,3,,,,,,
,,,,,48736,9.0,9,,,,,,
,,,,,48739,3.0,3,,,,,,
,,,,,48743,4.0,4,,,,,,
,,,,,48751,8.0,8,,,,,,
,,,,,48757,6.0,6,,,,,,
,,,,,48762,5.0,5,,,,,,
,,,,,48771,9.0,9,,,,,,
,,,,,48776,5.0,5,,,,,,
,,,,,48786,10.0,10,,,,,,
,,,,,48794,8.0,8,,,,,,
,,,,,48809,15.0,15,,,,,,
,,,,,48817,8.0,8,,,,,,
,,,,,48822,5.0,5,,,,,,
,,,,,48825,3.0,3,,,,,,
,,,,,48828,3.0,3,,,,,,
,,,,,48835,7.0,7,,,,,,
,,,,,48839,4.0,4,,,,,,
,,,,,48848,9.0,9,,,,,,
,,,,,48852,4.0,4,,,,,,
,,,,,48858,6.0,6,,,,,,
,,,,,48862,4.0,4,,,,,,
,,,,,48866,4.0,4,,,,,,
,,,,,48870,4.0,4,,,,,,
,,,,,48874,4.0,4,,,,,,
,,,,,48884,10.0,10,,,,,,
,,,,,48895,11.0,11,,,,,,
,,,,,48904,9.0,9,,,,,,
,,,,,48921,17.0,17,,,,,,
,,,,,48926,5.0,5,,,,,,
,,,,,48937,11.0,11,,,,,,
,,,,,48941,4.0,4,,,,,,
,,,,,48944,3.0,3,,,,,,
,,,,,48951,7.0,7,,,,,,
,,,,,48956,5.0,5,,,,,,
,,,,,48960,4.0,4,,,,,,
,,,,,48967,7.0,7,,,,,,
,,,,,48971,4.0,4,,,,,,
,,,,,48974,3.0,3,,,,,,
,,,,,48981,7.0,7,,,,,,
,,,,,48984,3.0,3,,,,,,
,,,,,48988,4.0,4,,,,,,
,,,,,48994,6.0,6,,,,,,
,,,,,48998,4.0,4,,,,,,
,,,,,49000,,,2.2762670516967773,5.078961372375488,5.112545013427734,0.0003,0.0003,0.1
,,,,,49004,6.0,6,,,,,,
,,,,,49010,6.0,6,,,,,,
,,,,,49016,6.0,6,,,,,,
,,,,,49025,9.0,9,,,,,,
,,,,,49029,4.0,4,,,,,,
,,,,,49037,8.0,8,,,,,,
,,,,,49050,13.0,13,,,,,,
,,,,,49055,5.0,5,,,,,,
,,,,,49060,5.0,5,,,,,,
,,,,,49065,5.0,5,,,,,,
,,,,,49072,7.0,7,,,,,,
,,,,,49075,3.0,3,,,,,,
,,,,,49083,8.0,8,,,,,,
,,,,,49096,13.0,13,,,,,,
,,,,,49102,6.0,6,,,,,,
,,,,,49105,3.0,3,,,,,,
,,,,,49108,3.0,3,,,,,,
,,,,,49113,5.0,5,,,,,,
,,,,,49118,5.0,5,,,,,,
,,,,,49123,5.0,5,,,,,,
,,,,,49132,9.0,9,,,,,,
,,,,,49138,6.0,6,,,,,,
,,,,,49141,3.0,3,,,,,,
,,,,,49148,7.0,7,,,,,,
,,,,,49155,7.0,7,,,,,,
,,,,,49164,9.0,9,,,,,,
,,,,,49176,12.0,12,,,,,,
,,,,,49180,4.0,4,,,,,,
,,,,,49200,20.0,20,,,,,,
,,,,,49204,4.0,4,,,,,,
,,,,,49211,7.0,7,,,,,,
,,,,,49220,9.0,9,,,,,,
,,,,,49229,9.0,9,,,,,,
,,,,,49238,9.0,9,,,,,,
,,,,,49256,18.0,18,,,,,,
,,,,,49263,7.0,7,,,,,,
,,,,,49267,4.0,4,,,,,,
,,,,,49276,9.0,9,,,,,,
,,,,,49283,7.0,7,,,,,,
,,,,,49289,6.0,6,,,,,,
,,,,,49305,16.0,16,,,,,,
,,,,,49310,5.0,5,,,,,,
,,,,,49319,9.0,9,,,,,,
,,,,,49323,4.0,4,,,,,,
,,,,,49361,38.0,38,,,,,,
,,,,,49369,8.0,8,,,,,,
,,,,,49387,18.0,18,,,,,,
,,,,,49395,8.0,8,,,,,,
,,,,,49399,4.0,4,,,,,,
,,,,,49405,6.0,6,,,,,,
,,,,,49409,4.0,4,,,,,,
,,,,,49413,4.0,4,,,,,,
,,,,,49417,4.0,4,,,,,,
,,,,,49421,4.0,4,,,,,,
,,,,,49424,3.0,3,,,,,,
,,,,,49431,7.0,7,,,,,,
,,,,,49441,10.0,10,,,,,,
,,,,,49452,11.0,11,,,,,,
,,,,,49463,11.0,11,,,,,,
,,,,,49479,16.0,16,,,,,,
,,,,,49483,4.0,4,,,,,,
,,,,,49486,3.0,3,,,,,,
,,,,,49489,3.0,3,,,,,,
,,,,,49493,4.0,4,,,,,,
,,,,,49500,7.0,7,,,,,,
,,,,,49509,9.0,9,,,,,,
,,,,,49515,6.0,6,,,,,,
,,,,,49521,6.0,6,,,,,,
,,,,,49524,3.0,3,,,,,,
,,,,,49532,8.0,8,,,,,,
,,,,,49536,4.0,4,,,,,,
,,,,,49542,6.0,6,,,,,,
,,,,,49551,9.0,9,,,,,,
,,,,,49557,6.0,6,,,,,,
,,,,,49567,10.0,10,,,,,,
,,,,,49575,8.0,8,,,,,,
,,,,,49580,5.0,5,,,,,,
,,,,,49583,3.0,3,,,,,,
,,,,,49597,14.0,14,,,,,,
,,,,,49602,5.0,5,,,,,,
,,,,,49606,4.0,4,,,,,,
,,,,,49613,7.0,7,,,,,,
,,,,,49617,4.0,4,,,,,,
,,,,,49620,3.0,3,,,,,,
,,,,,49624,4.0,4,,,,,,
,,,,,49640,16.0,16,,,,,,
,,,,,49646,6.0,6,,,,,,
,,,,,49653,7.0,7,,,,,,
,,,,,49658,5.0,5,,,,,,
,,,,,49672,14.0,14,,,,,,
,,,,,49678,6.0,6,,,,,,
,,,,,49685,7.0,7,,,,,,
,,,,,49692,7.0,7,,,,,,
,,,,,49695,3.0,3,,,,,,
,,,,,49704,9.0,9,,,,,,
,,,,,49713,9.0,9,,,,,,
,,,,,49721,8.0,8,,,,,,
,,,,,49725,4.0,4,,,,,,
,,,,,49728,3.0,3,,,,,,
,,,,,49731,3.0,3,,,,,,
,,,,,49747,16.0,16,,,,,,
,,,,,49751,4.0,4,,,,,,
,,,,,49761,10.0,10,,,,,,
,,,,,49772,11.0,11,,,,,,
,,,,,49776,4.0,4,,,,,,
,,,,,49784,8.0,8,,,,,,
,,,,,49791,7.0,7,,,,,,
,,,,,49799,8.0,8,,,,,,
,,,,,49802,3.0,3,,,,,,
,,,,,49808,6.0,6,,,,,,
,,,,,49813,5.0,5,,,,,,
,,,,,49818,5.0,5,,,,,,
,,,,,49822,4.0,4,,,,,,
,,,,,49829,7.0,7,,,,,,
,,,,,49852,23.0,23,,,,,,
,,,,,49857,5.0,5,,,,,,
,,,,,49861,4.0,4,,,,,,
,,,,,49869,8.0,8,,,,,,
,,,,,49873,4.0,4,,,,,,
,,,,,49882,9.0,9,,,,,,
,,,,,49887,5.0,5,,,,,,
,,,,,49892,5.0,5,,,,,,
,,,,,49896,4.0,4,,,,,,
,,,,,49899,3.0,3,,,,,,
,,,,,49907,8.0,8,,,,,,
,,,,,49918,11.0,11,,,,,,
,,,,,49924,6.0,6,,,,,,
,,,,,49931,7.0,7,,,,,,
,,,,,49935,4.0,4,,,,,,
,,,,,49947,12.0,12,,,,,,
,,,,,49960,13.0,13,,,,,,
,,,,,49968,8.0,8,,,,,,
,,,,,49972,4.0,4,,,,,,
,,,,,49977,5.0,5,,,,,,
,,,,,49984,7.0,7,,,,,,
,,,,,49994,10.0,10,,,,,,
,,,,,49999,5.0,5,,,,,,
