Eval_AverageReturn,Eval_StdReturn,Eval_MaxReturn,Eval_MinReturn,Eval_AverageEpLen,step,Train_EpisodeReturn,Train_EpisodeLen,critic_loss,q_values,target_values,grad_norm,epsilon,lr
-863.29895,218.83394,-568.22876,-1219.3253,111.0,0,,,,,,,,
,,,,,89,-413.4511,90,,,,,,
,,,,,180,-129.59723,91,,,,,,
,,,,,272,-93.96472,92,,,,,,
,,,,,350,-164.93484,78,,,,,,
,,,,,450,-138.41122,100,,,,,,
,,,,,520,-103.36057,70,,,,,,
,,,,,595,-362.58844,75,,,,,,
,,,,,703,-214.33286,108,,,,,,
,,,,,788,-265.21667,85,,,,,,
,,,,,886,-373.1177,98,,,,,,
,,,,,962,-214.17804,76,,,,,,
,,,,,1043,-267.38416,81,,,,,,
,,,,,1121,-348.92618,78,,,,,,
,,,,,1201,-103.40901,80,,,,,,
,,,,,1285,-106.09813,84,,,,,,
,,,,,1386,-291.54733,101,,,,,,
,,,,,1485,-136.37906,99,,,,,,
,,,,,1554,-125.268,69,,,,,,
,,,,,1644,-295.59564,90,,,,,,
,,,,,1742,-91.653076,98,,,,,,
,,,,,1815,-68.569565,73,,,,,,
,,,,,1890,-264.5963,75,,,,,,
,,,,,1951,-89.48044,61,,,,,,
,,,,,2037,-141.71655,86,,,,,,
,,,,,2096,-128.9565,59,,,,,,
,,,,,2205,-314.3543,109,,,,,,
,,,,,2299,-108.42183,94,,,,,,
,,,,,2366,-115.11174,67,,,,,,
,,,,,2461,-334.30115,95,,,,,,
,,,,,2535,-70.02745,74,,,,,,
,,,,,2630,-317.58936,95,,,,,,
,,,,,2757,32.24225,127,,,,,,
,,,,,2883,-230.74207,126,,,,,,
,,,,,2976,-153.31485,93,,,,,,
,,,,,3088,-213.89026,112,,,,,,
,,,,,3158,-104.369,70,,,,,,
,,,,,3270,-22.072014,112,,,,,,
,,,,,3390,-172.14337,120,,,,,,
,,,,,3464,-103.43059,74,,,,,,
,,,,,3532,-95.18965,68,,,,,,
,,,,,3640,-157.9652,108,,,,,,
,,,,,3707,-61.571537,67,,,,,,
,,,,,3790,-120.02144,83,,,,,,
,,,,,3851,-159.3395,61,,,,,,
,,,,,3971,-353.94974,120,,,,,,
,,,,,4068,-219.0656,97,,,,,,
,,,,,4124,-164.53542,56,,,,,,
,,,,,4228,-266.82532,104,,,,,,
,,,,,4332,-262.0341,104,,,,,,
,,,,,4405,-247.96799,73,,,,,,
,,,,,4512,-361.57123,107,,,,,,
,,,,,4615,-46.670307,103,,,,,,
,,,,,4679,-80.32879,64,,,,,,
,,,,,4776,-144.36089,97,,,,,,
,,,,,4894,-118.52033,118,,,,,,
,,,,,4969,-269.13474,75,,,,,,
,,,,,5092,-246.1434,123,,,,,,
,,,,,5203,-115.40442,111,,,,,,
,,,,,5316,-274.2957,113,,,,,,
,,,,,5381,-107.430115,65,,,,,,
,,,,,5453,-61.12599,72,,,,,,
,,,,,5558,-66.012596,105,,,,,,
,,,,,5639,40.170166,81,,,,,,
,,,,,5765,-190.43002,126,,,,,,
,,,,,5864,-118.821526,99,,,,,,
,,,,,5977,-161.60764,113,,,,,,
,,,,,6049,-102.658104,72,,,,,,
,,,,,6165,-15.11293,116,,,,,,
,,,,,6256,-446.51974,91,,,,,,
,,,,,6343,-102.04998,87,,,,,,
,,,,,6459,-203.60776,116,,,,,,
,,,,,6553,-123.71733,94,,,,,,
,,,,,6652,-78.69839,99,,,,,,
,,,,,6729,-81.112366,77,,,,,,
,,,,,6841,-485.32077,112,,,,,,
,,,,,6900,-159.53687,59,,,,,,
,,,,,6968,-100.153946,68,,,,,,
,,,,,7064,-155.52136,96,,,,,,
,,,,,7153,-86.10266,89,,,,,,
,,,,,7250,-120.524025,97,,,,,,
,,,,,7384,-225.19354,134,,,,,,
,,,,,7491,-118.64172,107,,,,,,
,,,,,7561,-257.67047,70,,,,,,
,,,,,7663,-194.78798,102,,,,,,
,,,,,7757,-83.055435,94,,,,,,
,,,,,7825,-116.32412,68,,,,,,
,,,,,7930,-37.92434,105,,,,,,
,,,,,8029,-419.03586,99,,,,,,
,,,,,8130,-122.72676,101,,,,,,
,,,,,8251,-128.06006,121,,,,,,
,,,,,8399,-225.90997,148,,,,,,
,,,,,8529,-331.6352,130,,,,,,
,,,,,8603,-198.21187,74,,,,,,
,,,,,8731,-138.93211,128,,,,,,
,,,,,8814,21.080536,83,,,,,,
,,,,,8879,-46.59701,65,,,,,,
,,,,,8978,-442.0965,99,,,,,,
,,,,,9056,-213.98827,78,,,,,,
,,,,,9150,-116.894295,94,,,,,,
,,,,,9242,-408.34607,92,,,,,,
,,,,,9365,-497.3603,123,,,,,,
,,,,,9450,-97.93835,85,,,,,,
,,,,,9540,-106.75967,90,,,,,,
,,,,,9656,-120.867004,116,,,,,,
,,,,,9780,-79.28735,124,,,,,,
,,,,,9875,-263.5217,95,,,,,,
,,,,,9984,-245.48964,109,,,,,,
-942.4894,375.95898,-460.07828,-1821.0433,140.6,10000,,,,,,,,
,,,,,10078,-156.44542,94,,,,,,
,,,,,10191,-278.66257,113,,,,,,
,,,,,10318,-30.168861,127,,,,,,
,,,,,10433,-307.62924,115,,,,,,
,,,,,10520,-141.9098,87,,,,,,
,,,,,10658,-237.75554,138,,,,,,
,,,,,10726,-65.82326,68,,,,,,
,,,,,10822,-280.20276,96,,,,,,
,,,,,10943,-103.17906,121,,,,,,
,,,,,11094,-107.86556,151,,,,,,
,,,,,11235,-97.86489,141,,,,,,
,,,,,11351,-206.18646,116,,,,,,
,,,,,11435,-156.94595,84,,,,,,
,,,,,11534,-258.667,99,,,,,,
,,,,,11653,-152.42847,119,,,,,,
,,,,,11743,-417.92743,90,,,,,,
,,,,,11863,-414.55417,120,,,,,,
,,,,,11976,-286.23065,113,,,,,,
,,,,,12072,-311.00458,96,,,,,,
,,,,,12236,-301.70752,164,,,,,,
,,,,,12307,-79.28869,71,,,,,,
,,,,,12368,-143.11783,61,,,,,,
,,,,,12459,-335.64545,91,,,,,,
,,,,,12521,-182.89697,62,,,,,,
,,,,,12648,-281.1745,127,,,,,,
,,,,,12710,-128.2615,62,,,,,,
,,,,,12817,-302.27014,107,,,,,,
,,,,,12893,-208.80797,76,,,,,,
,,,,,12965,-273.4438,72,,,,,,
,,,,,13062,-117.40427,97,,,,,,
,,,,,13158,-419.1869,96,,,,,,
,,,,,13224,-76.89178,66,,,,,,
,,,,,13347,-197.45334,123,,,,,,
,,,,,13407,-185.74323,60,,,,,,
,,,,,13471,-165.5187,64,,,,,,
,,,,,13565,-79.30473,94,,,,,,
,,,,,13639,-195.06197,74,,,,,,
,,,,,13728,-407.2748,89,,,,,,
,,,,,13870,-155.60233,142,,,,,,
,,,,,13971,-539.20715,101,,,,,,
,,,,,14046,-113.553635,75,,,,,,
,,,,,14153,-203.42406,107,,,,,,
,,,,,14272,-69.196724,119,,,,,,
,,,,,14374,-210.32275,102,,,,,,
,,,,,14506,-127.92078,132,,,,,,
,,,,,14578,-259.06268,72,,,,,,
,,,,,14714,-201.30913,136,,,,,,
,,,,,14805,-91.51116,91,,,,,,
,,,,,14934,-129.1245,129,,,,,,
,,,,,15031,-65.74481,97,,,,,,
,,,,,15106,-134.231,75,,,,,,
,,,,,15183,-348.78387,77,,,,,,
,,,,,15268,-494.13986,85,,,,,,
,,,,,15390,-109.17048,122,,,,,,
,,,,,15477,-419.2399,87,,,,,,
,,,,,15570,-88.453354,93,,,,,,
,,,,,15674,-328.96036,104,,,,,,
,,,,,15817,-361.99594,143,,,,,,
,,,,,15899,-87.562904,82,,,,,,
,,,,,15991,-94.9316,92,,,,,,
,,,,,16120,-183.259,129,,,,,,
,,,,,16247,-205.23587,127,,,,,,
,,,,,16313,-86.14668,66,,,,,,
,,,,,16411,-294.1986,98,,,,,,
,,,,,16507,-280.03644,96,,,,,,
,,,,,16597,-345.024,90,,,,,,
,,,,,16666,-82.391945,69,,,,,,
,,,,,16752,-353.6601,86,,,,,,
,,,,,16859,-334.83084,107,,,,,,
,,,,,17859,83.66108,1000,,,,,,
,,,,,17947,-106.17645,88,,,,,,
,,,,,18044,-209.10867,97,,,,,,
,,,,,18139,-447.02948,95,,,,,,
,,,,,18269,-187.06894,130,,,,,,
,,,,,18421,-191.27414,152,,,,,,
,,,,,18527,-131.32861,106,,,,,,
,,,,,18640,-493.66913,113,,,,,,
,,,,,18755,-116.9747,115,,,,,,
,,,,,18817,-70.74361,62,,,,,,
,,,,,18907,-423.97647,90,,,,,,
,,,,,18996,-311.58087,89,,,,,,
,,,,,19069,-133.28323,73,,,,,,
,,,,,19135,-53.251297,66,,,,,,
,,,,,19252,-153.15659,117,,,,,,
,,,,,19331,-155.22765,79,,,,,,
,,,,,19401,-80.55772,70,,,,,,
,,,,,19483,-60.031673,82,,,,,,
,,,,,19570,-423.42114,87,,,,,,
,,,,,19674,-221.39575,104,,,,,,
,,,,,19813,-227.20789,139,,,,,,
,,,,,19898,-193.89716,85,,,,,,
,,,,,19965,-105.96423,67,,,,,,
-662.21075,113.73063,-498.05942,-829.2896,92.8,20000,,,187.30258178710938,-0.07487136125564575,-2.879255533218384,17.602811813354492,0.88,0.003
,,,,,20072,-420.5911,107,,,,,,
,,,,,20170,-293.72687,98,,,,,,
,,,,,20302,-75.494385,132,,,,,,
,,,,,20376,-126.029564,74,,,,,,
,,,,,20454,-262.43427,78,,,,,,
,,,,,20593,-118.999985,139,,,,,,
,,,,,20748,-74.76088,155,,,,,,
,,,,,20827,-166.72934,79,,,,,,
,,,,,20945,-316.92316,118,,,,,,
,,,,,21000,,,113.26704406738281,-2.783308506011963,-2.967588424682617,40.609989166259766,0.874,0.003
,,,,,21062,-162.51042,117,,,,,,
,,,,,21135,-158.59048,73,,,,,,
,,,,,21247,-328.75714,112,,,,,,
,,,,,21355,-111.268875,108,,,,,,
,,,,,21483,-97.227325,128,,,,,,
,,,,,21587,-130.90132,104,,,,,,
,,,,,21683,-102.11959,96,,,,,,
,,,,,21836,-138.80878,153,,,,,,
,,,,,21943,-180.73871,107,,,,,,
,,,,,22000,,,2.7527341842651367,-2.062905788421631,-1.4253790378570557,13.817849159240723,0.868,0.003
,,,,,22048,-88.37532,105,,,,,,
,,,,,23000,,,4.99963903427124,-2.3576531410217285,-2.282130479812622,13.447112083435059,0.862,0.003
,,,,,23048,69.57045,1000,,,,,,
,,,,,23201,-107.905754,153,,,,,,
,,,,,23303,-134.7774,102,,,,,,
,,,,,23374,-88.280136,71,,,,,,
,,,,,23509,-78.73227,135,,,,,,
,,,,,23586,-87.80358,77,,,,,,
,,,,,23703,-103.30042,117,,,,,,
,,,,,23814,14.557205,111,,,,,,
,,,,,23886,-102.18972,72,,,,,,
,,,,,23949,-122.07678,63,,,,,,
,,,,,24000,,,57.621124267578125,-4.675328254699707,-5.824664115905762,61.67625427246094,0.856,0.003
,,,,,24049,-77.99986,100,,,,,,
,,,,,24131,-54.95185,82,,,,,,
,,,,,24243,-208.72104,112,,,,,,
,,,,,24365,-129.83273,122,,,,,,
,,,,,24436,-153.60239,71,,,,,,
,,,,,24506,-117.1799,70,,,,,,
,,,,,24586,-290.43555,80,,,,,,
,,,,,24669,-136.3255,83,,,,,,
,,,,,24747,-123.44568,78,,,,,,
,,,,,24852,-167.99269,105,,,,,,
,,,,,24949,-107.64124,97,,,,,,
,,,,,25000,,,3.0798399448394775,-0.6465081572532654,-0.3228515386581421,12.788712501525879,0.85,0.003
,,,,,25080,-71.785866,131,,,,,,
,,,,,25180,-354.02417,100,,,,,,
,,,,,25271,-126.98382,91,,,,,,
,,,,,25376,-140.09343,105,,,,,,
,,,,,25474,-76.73628,98,,,,,,
,,,,,25573,-255.18184,99,,,,,,
,,,,,25697,-167.63242,124,,,,,,
,,,,,25794,-94.89036,97,,,,,,
,,,,,25880,-190.96204,86,,,,,,
,,,,,25992,-324.66562,112,,,,,,
,,,,,26000,,,104.60453033447266,-4.724272727966309,-6.259764671325684,85.58312225341797,0.844,0.003
,,,,,26057,-156.48291,65,,,,,,
,,,,,26132,-88.04449,75,,,,,,
,,,,,26220,-112.81628,88,,,,,,
,,,,,26373,-51.351093,153,,,,,,
,,,,,26512,-108.47711,139,,,,,,
,,,,,26614,-97.11181,102,,,,,,
,,,,,26733,38.48506,119,,,,,,
,,,,,26848,-3.569809,115,,,,,,
,,,,,26919,-72.579605,71,,,,,,
,,,,,26987,-81.62381,68,,,,,,
,,,,,27000,,,63.839744567871094,-4.276500701904297,-5.549294471740723,76.69252014160156,0.838,0.003
,,,,,27087,-92.089325,100,,,,,,
,,,,,27255,-103.33045,168,,,,,,
,,,,,27373,-69.39419,118,,,,,,
,,,,,27454,-127.178085,81,,,,,,
,,,,,27576,-95.50756,122,,,,,,
,,,,,27684,-156.34064,108,,,,,,
,,,,,27801,-100.14983,117,,,,,,
,,,,,27891,-79.82186,90,,,,,,
,,,,,28000,,,4.651894569396973,-4.621551513671875,-4.377674579620361,23.595312118530273,0.832,0.003
,,,,,28020,-113.57381,129,,,,,,
,,,,,28146,-96.12285,126,,,,,,
,,,,,28230,-32.159515,84,,,,,,
,,,,,28306,-51.84948,76,,,,,,
,,,,,28421,-71.24077,115,,,,,,
,,,,,28563,-112.84577,142,,,,,,
,,,,,28631,-105.929474,68,,,,,,
,,,,,28749,-271.38107,118,,,,,,
,,,,,28853,-139.08592,104,,,,,,
,,,,,28934,-84.70068,81,,,,,,
,,,,,28991,-126.09056,57,,,,,,
,,,,,29000,,,7.5688862800598145,-2.3941962718963623,-2.495760202407837,25.412019729614258,0.8260000000000001,0.003
,,,,,29118,-106.40769,127,,,,,,
,,,,,29222,-118.89878,104,,,,,,
,,,,,29341,-117.75127,119,,,,,,
,,,,,29417,-64.902466,76,,,,,,
,,,,,29507,-71.429756,90,,,,,,
,,,,,29609,-105.819466,102,,,,,,
,,,,,29702,-94.19606,93,,,,,,
,,,,,29791,-132.02829,89,,,,,,
,,,,,29865,-23.483887,74,,,,,,
,,,,,29997,-90.6306,132,,,,,,
7.5081406,35.918194,52.392548,-57.03087,220.7,30000,,,16.831552505493164,0.9627590775489807,0.6449453830718994,54.17308044433594,0.82,0.003
,,,,,30074,-129.14969,77,,,,,,
,,,,,30139,-118.24246,65,,,,,,
,,,,,30290,-87.9352,151,,,,,,
,,,,,30389,-131.10123,99,,,,,,
,,,,,30529,-37.680664,140,,,,,,
,,,,,30645,-312.41724,116,,,,,,
,,,,,30778,-141.48405,133,,,,,,
,,,,,30853,-92.27653,75,,,,,,
,,,,,31000,,,4.356647491455078,6.785144805908203,7.112735271453857,24.380823135375977,0.8140000000000001,0.003
,,,,,31015,-200.18079,162,,,,,,
,,,,,31086,-69.0609,71,,,,,,
,,,,,31191,-91.23259,105,,,,,,
,,,,,31269,-81.92424,78,,,,,,
,,,,,31371,-165.47397,102,,,,,,
,,,,,31464,-115.62004,93,,,,,,
,,,,,31555,-95.80932,91,,,,,,
,,,,,31683,-106.84178,128,,,,,,
,,,,,31794,-39.369297,111,,,,,,
,,,,,31908,-51.316933,114,,,,,,
,,,,,32000,,,4.682754993438721,1.8305968046188354,1.7734973430633545,21.620269775390625,0.808,0.003
,,,,,32016,-159.77863,108,,,,,,
,,,,,32108,-109.351135,92,,,,,,
,,,,,32211,-59.310146,103,,,,,,
,,,,,32335,-70.50922,124,,,,,,
,,,,,32440,-16.783798,105,,,,,,
,,,,,32549,-103.24201,109,,,,,,
,,,,,32676,-73.553505,127,,,,,,
,,,,,32758,-69.79414,82,,,,,,
,,,,,32839,-70.704994,81,,,,,,
,,,,,32946,-254.27777,107,,,,,,
,,,,,33000,,,3.5521862506866455,-1.280165433883667,-0.9734358787536621,19.850250244140625,0.802,0.003
,,,,,33055,-44.392303,109,,,,,,
,,,,,33144,-81.01294,89,,,,,,
,,,,,33262,-75.95968,118,,,,,,
,,,,,33344,-147.3765,82,,,,,,
,,,,,33497,-39.60852,153,,,,,,
,,,,,33592,45.772583,95,,,,,,
,,,,,33703,-58.008156,111,,,,,,
,,,,,33844,-68.60524,141,,,,,,
,,,,,33990,-13.182175,146,,,,,,
,,,,,34000,,,103.42279815673828,-1.3088011741638184,0.017112135887145996,126.2258071899414,0.796,0.003
,,,,,34068,-174.89706,78,,,,,,
,,,,,34194,-115.066574,126,,,,,,
,,,,,34311,-156.4255,117,,,,,,
,,,,,34419,-42.1201,108,,,,,,
,,,,,34500,-70.76884,81,,,,,,
,,,,,34601,-89.997826,101,,,,,,
,,,,,34673,-35.956985,72,,,,,,
,,,,,34781,-73.92301,108,,,,,,
,,,,,34847,-81.18078,66,,,,,,
,,,,,34931,-122.709946,84,,,,,,
,,,,,35000,,,144.93540954589844,0.20726490020751953,-1.258089303970337,122.43798828125,0.79,0.003
,,,,,35051,-99.29381,120,,,,,,
,,,,,35175,-110.68877,124,,,,,,
,,,,,35250,-48.354706,75,,,,,,
,,,,,35323,-54.50786,73,,,,,,
,,,,,35465,-106.33888,142,,,,,,
,,,,,35531,-63.036385,66,,,,,,
,,,,,35629,-80.350876,98,,,,,,
,,,,,35723,-137.67444,94,,,,,,
,,,,,35841,-51.75995,118,,,,,,
,,,,,35960,-103.18592,119,,,,,,
,,,,,36000,,,12.651496887207031,1.6254976987838745,2.565075397491455,63.03641128540039,0.784,0.003
,,,,,36046,-95.368195,86,,,,,,
,,,,,36125,-50.857124,79,,,,,,
,,,,,36238,-95.99935,113,,,,,,
,,,,,36335,-39.001976,97,,,,,,
,,,,,36430,-119.66057,95,,,,,,
,,,,,36507,-64.35234,77,,,,,,
,,,,,36581,-43.652313,74,,,,,,
,,,,,36710,-79.3578,129,,,,,,
,,,,,36805,-29.87185,95,,,,,,
,,,,,36921,-71.174774,116,,,,,,
,,,,,37000,,,14.650368690490723,-0.29807281494140625,-0.34699392318725586,56.48701858520508,0.778,0.003
,,,,,37032,-68.85416,111,,,,,,
,,,,,37116,-96.98014,84,,,,,,
,,,,,37222,-72.69441,106,,,,,,
,,,,,37291,-96.642,69,,,,,,
,,,,,37405,-93.83956,114,,,,,,
,,,,,37518,-96.175224,113,,,,,,
,,,,,37651,-58.57293,133,,,,,,
,,,,,37748,-22.865593,97,,,,,,
,,,,,37828,-71.48232,80,,,,,,
,,,,,37892,-80.534004,64,,,,,,
,,,,,38000,,,9.670955657958984,7.043954372406006,5.913702011108398,39.01726531982422,0.772,0.003
,,,,,38028,-91.86357,136,,,,,,
,,,,,38145,-83.61413,117,,,,,,
,,,,,38240,-52.15058,95,,,,,,
,,,,,38341,-115.43653,101,,,,,,
,,,,,38436,-65.401054,95,,,,,,
,,,,,38575,3.9561539,139,,,,,,
,,,,,38667,-83.54094,92,,,,,,
,,,,,38772,-76.40645,105,,,,,,
,,,,,38891,-81.84085,119,,,,,,
,,,,,39000,,,138.01364135742188,-1.8789429664611816,-1.8533215522766113,202.94483947753906,0.766,0.003
,,,,,39037,11.600327,146,,,,,,
,,,,,39137,-75.729095,100,,,,,,
,,,,,39214,-47.969814,77,,,,,,
,,,,,39281,-74.416306,67,,,,,,
,,,,,39380,-83.78677,99,,,,,,
,,,,,39506,-272.13843,126,,,,,,
,,,,,39613,-99.57867,107,,,,,,
,,,,,39690,-17.005562,77,,,,,,
,,,,,39781,-86.3436,91,,,,,,
,,,,,39891,-49.94635,110,,,,,,
-144.98824,213.98016,233.78732,-538.69714,553.8,40000,,,4.223275184631348,6.936856269836426,6.382692337036133,29.554523468017578,0.76,0.003
,,,,,40017,-93.77471,126,,,,,,
,,,,,40136,-80.37631,119,,,,,,
,,,,,40216,-69.93267,80,,,,,,
,,,,,40345,-57.48941,129,,,,,,
,,,,,40445,-112.74484,100,,,,,,
,,,,,40523,-82.33602,78,,,,,,
,,,,,40590,-66.12867,67,,,,,,
,,,,,40695,-66.11712,105,,,,,,
,,,,,40782,-77.01889,87,,,,,,
,,,,,40858,-67.58846,76,,,,,,
,,,,,40934,-51.022736,76,,,,,,
,,,,,41000,,,5.390549659729004,-1.526322841644287,-1.9422156810760498,29.600961685180664,0.754,0.003
,,,,,41026,-40.393436,92,,,,,,
,,,,,41091,-90.029434,65,,,,,,
,,,,,41177,-47.1085,86,,,,,,
,,,,,41294,-219.76315,117,,,,,,
,,,,,41407,-118.76543,113,,,,,,
,,,,,41500,-82.73762,93,,,,,,
,,,,,41559,-96.83756,59,,,,,,
,,,,,41678,-131.70226,119,,,,,,
,,,,,41776,-41.96321,98,,,,,,
,,,,,41910,-79.667885,134,,,,,,
,,,,,42000,,,13.620634078979492,5.9211578369140625,5.116330146789551,57.05116271972656,0.748,0.003
,,,,,42004,-93.69064,94,,,,,,
,,,,,42145,-102.19496,141,,,,,,
,,,,,42243,-73.13617,98,,,,,,
,,,,,42354,-131.91057,111,,,,,,
,,,,,42448,-53.95788,94,,,,,,
,,,,,42539,-51.18324,91,,,,,,
,,,,,42641,-39.091187,102,,,,,,
,,,,,42746,-98.97489,105,,,,,,
,,,,,42870,-50.58858,124,,,,,,
,,,,,42963,-49.76642,93,,,,,,
,,,,,43000,,,14.035970687866211,14.127100944519043,14.18553352355957,65.96333312988281,0.742,0.003
,,,,,43037,-56.33619,74,,,,,,
,,,,,43105,-44.589703,68,,,,,,
,,,,,43228,-58.8415,123,,,,,,
,,,,,43333,-40.650097,105,,,,,,
,,,,,43459,-72.68511,126,,,,,,
,,,,,43540,-131.72998,81,,,,,,
,,,,,43641,-117.7301,101,,,,,,
,,,,,43716,-110.85751,75,,,,,,
,,,,,43816,-139.17528,100,,,,,,
,,,,,43885,-127.90656,69,,,,,,
,,,,,44000,,,13.318246841430664,9.782506942749023,9.590709686279297,71.90609741210938,0.736,0.003
,,,,,44017,-84.609375,132,,,,,,
,,,,,44085,-72.338684,68,,,,,,
,,,,,44168,-56.7901,83,,,,,,
,,,,,44272,-93.872025,104,,,,,,
,,,,,44338,-197.9767,66,,,,,,
,,,,,44430,-109.18625,92,,,,,,
,,,,,44513,-66.76146,83,,,,,,
,,,,,44608,-35.84352,95,,,,,,
,,,,,44688,-78.84974,80,,,,,,
,,,,,44804,-56.930176,116,,,,,,
,,,,,44901,-40.733837,97,,,,,,
,,,,,45000,,,72.3455810546875,7.331747055053711,8.665667533874512,167.67942810058594,0.73,0.003
,,,,,45025,-8.657257,124,,,,,,
,,,,,45081,-49.208187,56,,,,,,
,,,,,45166,-38.220882,85,,,,,,
,,,,,45254,-84.74073,88,,,,,,
,,,,,45372,-63.514572,118,,,,,,
,,,,,45446,-73.37193,74,,,,,,
,,,,,45525,-41.509003,79,,,,,,
,,,,,45636,-35.778023,111,,,,,,
,,,,,45725,-73.32628,89,,,,,,
,,,,,45788,-68.27408,63,,,,,,
,,,,,45859,-100.80402,71,,,,,,
,,,,,45970,-58.949356,111,,,,,,
,,,,,46000,,,18.230426788330078,1.065002679824829,1.7400941848754883,66.21905517578125,0.724,0.003
,,,,,46068,-64.12925,98,,,,,,
,,,,,46166,-127.328705,98,,,,,,
,,,,,46243,-80.08075,77,,,,,,
,,,,,46326,-55.856922,83,,,,,,
,,,,,46424,-66.19879,98,,,,,,
,,,,,46510,-98.52062,86,,,,,,
,,,,,46579,-105.5251,69,,,,,,
,,,,,46652,-60.812927,73,,,,,,
,,,,,46787,-92.71287,135,,,,,,
,,,,,46896,-122.26932,109,,,,,,
,,,,,46975,-88.385315,79,,,,,,
,,,,,47000,,,7.929376125335693,17.028064727783203,16.62417984008789,36.59239196777344,0.718,0.003
,,,,,47060,-91.72254,85,,,,,,
,,,,,47144,-47.39341,84,,,,,,
,,,,,47234,-64.49491,90,,,,,,
,,,,,47365,-41.1293,131,,,,,,
,,,,,47442,-137.60841,77,,,,,,
,,,,,47543,-68.53493,101,,,,,,
,,,,,47640,-98.71155,97,,,,,,
,,,,,47723,-17.898994,83,,,,,,
,,,,,47836,-115.052986,113,,,,,,
,,,,,47909,-73.44046,73,,,,,,
,,,,,47993,-57.303223,84,,,,,,
,,,,,48000,,,7.761441707611084,10.042617797851562,9.964665412902832,35.04263687133789,0.712,0.003
,,,,,48097,-73.754906,104,,,,,,
,,,,,48231,-37.317062,134,,,,,,
,,,,,48340,-137.56192,109,,,,,,
,,,,,48431,-47.82332,91,,,,,,
,,,,,48511,-46.900578,80,,,,,,
,,,,,48571,-54.622257,60,,,,,,
,,,,,48665,-70.9423,94,,,,,,
,,,,,48739,-75.3139,74,,,,,,
,,,,,48827,-44.768356,88,,,,,,
,,,,,48905,-74.68579,78,,,,,,
,,,,,48990,-41.29917,85,,,,,,
,,,,,49000,,,8.566465377807617,23.488893508911133,22.394556045532227,53.72349166870117,0.706,0.003
,,,,,49121,-100.21923,131,,,,,,
,,,,,49217,-113.337105,96,,,,,,
,,,,,49321,-42.796185,104,,,,,,
,,,,,49478,-48.984524,157,,,,,,
,,,,,49585,-104.71158,107,,,,,,
,,,,,49695,-118.351006,110,,,,,,
,,,,,49781,-68.54771,86,,,,,,
,,,,,49872,-93.56339,91,,,,,,
,,,,,49971,-71.00214,99,,,,,,
-59.263428,133.26048,194.22379,-321.3137,281.8,50000,,,26.921016693115234,9.41639232635498,8.338767051696777,115.46920776367188,0.7,0.003
,,,,,50033,-103.63329,62,,,,,,
,,,,,50151,-82.18977,118,,,,,,
,,,,,50236,-50.664318,85,,,,,,
,,,,,50322,-19.274132,86,,,,,,
,,,,,50405,-62.215298,83,,,,,,
,,,,,50495,-113.42796,90,,,,,,
,,,,,50576,-49.436512,81,,,,,,
,,,,,50683,-117.58111,107,,,,,,
,,,,,50756,-81.75502,73,,,,,,
,,,,,50858,-60.344887,102,,,,,,
,,,,,51000,,,7.223883152008057,15.361863136291504,15.03426742553711,30.4891300201416,0.694,0.003
,,,,,51025,-106.52431,167,,,,,,
,,,,,51158,-6.5549774,133,,,,,,
,,,,,51272,-89.613045,114,,,,,,
,,,,,51336,-49.214634,64,,,,,,
,,,,,51417,-20.942291,81,,,,,,
,,,,,51489,-60.227306,72,,,,,,
,,,,,51618,-54.829357,129,,,,,,
,,,,,51702,-73.80319,84,,,,,,
,,,,,51784,-53.998016,82,,,,,,
,,,,,51859,-8.284645,75,,,,,,
,,,,,51974,-58.632736,115,,,,,,
,,,,,52000,,,26.285280227661133,20.0430908203125,19.08962631225586,96.03987121582031,0.688,0.003
,,,,,52052,19.82631,78,,,,,,
,,,,,52128,-72.28703,76,,,,,,
,,,,,52237,-120.017365,109,,,,,,
,,,,,52318,-11.471489,81,,,,,,
,,,,,52403,-42.39703,85,,,,,,
,,,,,52503,-86.78452,100,,,,,,
,,,,,52602,-83.10553,99,,,,,,
,,,,,52677,-66.959854,75,,,,,,
,,,,,52743,-94.07622,66,,,,,,
,,,,,52853,-145.20016,110,,,,,,
,,,,,52935,-57.629078,82,,,,,,
,,,,,53000,,,30.23284912109375,18.72836685180664,18.80118751525879,98.20269775390625,0.6819999999999999,0.003
,,,,,53021,-24.89917,86,,,,,,
,,,,,53115,-46.71162,94,,,,,,
,,,,,53213,-90.29894,98,,,,,,
,,,,,53325,-87.748985,112,,,,,,
,,,,,53398,-108.04415,73,,,,,,
,,,,,53476,-78.643875,78,,,,,,
,,,,,53580,-90.23916,104,,,,,,
,,,,,53698,-88.121735,118,,,,,,
,,,,,53837,-115.05359,139,,,,,,
,,,,,53947,-22.778725,110,,,,,,
,,,,,54000,,,356.3243713378906,19.73006820678711,22.36896514892578,593.4633178710938,0.6759999999999999,0.003
,,,,,54062,-52.810146,115,,,,,,
,,,,,54155,-82.607,93,,,,,,
,,,,,54260,-9.328926,105,,,,,,
,,,,,54385,-40.374676,125,,,,,,
,,,,,54464,-47.706882,79,,,,,,
,,,,,54566,-82.33042,102,,,,,,
,,,,,54668,-89.42343,102,,,,,,
,,,,,54772,-86.50759,104,,,,,,
,,,,,54888,-121.629166,116,,,,,,
,,,,,54974,-84.88986,86,,,,,,
,,,,,55000,,,74.26351165771484,15.9856595993042,15.379829406738281,156.7172393798828,0.67,0.003
,,,,,55092,-25.71521,118,,,,,,
,,,,,55186,-56.42064,94,,,,,,
,,,,,55311,-42.783073,125,,,,,,
,,,,,55415,-70.497185,104,,,,,,
,,,,,55529,-66.55566,114,,,,,,
,,,,,55661,-89.724075,132,,,,,,
,,,,,55765,-38.53151,104,,,,,,
,,,,,55862,-105.61822,97,,,,,,
,,,,,55947,-50.29575,85,,,,,,
,,,,,56000,,,31.345611572265625,20.183353424072266,19.631671905517578,72.26030731201172,0.6639999999999999,0.003
,,,,,56046,-88.20855,99,,,,,,
,,,,,56129,-51.297554,83,,,,,,
,,,,,56218,-58.097363,89,,,,,,
,,,,,56320,-84.300316,102,,,,,,
,,,,,56394,-42.205845,74,,,,,,
,,,,,56516,-94.14887,122,,,,,,
,,,,,56601,-82.45686,85,,,,,,
,,,,,56724,-100.89008,123,,,,,,
,,,,,56830,-28.63459,106,,,,,,
,,,,,56945,-221.86725,115,,,,,,
,,,,,57000,,,63.339874267578125,12.100285530090332,10.432121276855469,138.02310180664062,0.6579999999999999,0.003
,,,,,57083,-41.996628,138,,,,,,
,,,,,57163,-47.393707,80,,,,,,
,,,,,57294,-35.68988,131,,,,,,
,,,,,57357,-85.725876,63,,,,,,
,,,,,57456,-52.953785,99,,,,,,
,,,,,57566,-61.732914,110,,,,,,
,,,,,57698,-122.71405,132,,,,,,
,,,,,57806,-79.74424,108,,,,,,
,,,,,57881,-40.077293,75,,,,,,
,,,,,57954,-23.294579,73,,,,,,
,,,,,58000,,,21.33915138244629,17.941770553588867,18.219688415527344,54.35007858276367,0.652,0.003
,,,,,58017,-61.475483,63,,,,,,
,,,,,58123,-91.300705,106,,,,,,
,,,,,58202,-22.272896,79,,,,,,
,,,,,58325,-123.38974,123,,,,,,
,,,,,58423,-70.2514,98,,,,,,
,,,,,58519,-53.39355,96,,,,,,
,,,,,58618,-70.448746,99,,,,,,
,,,,,58731,-72.25763,113,,,,,,
,,,,,58848,-43.84259,117,,,,,,
,,,,,58923,-43.578125,75,,,,,,
,,,,,59000,,,5.548322677612305,15.006338119506836,15.36448860168457,38.01332092285156,0.646,0.003
,,,,,59008,-98.81004,85,,,,,,
,,,,,59097,-71.43858,89,,,,,,
,,,,,59201,-94.15909,104,,,,,,
,,,,,59292,5.83654,91,,,,,,
,,,,,59387,-30.86715,95,,,,,,
,,,,,59471,-87.77382,84,,,,,,
,,,,,59546,-20.736115,75,,,,,,
,,,,,59655,-41.788902,109,,,,,,
,,,,,59784,-24.688347,129,,,,,,
,,,,,59869,-55.321865,85,,,,,,
,,,,,59968,-30.13137,99,,,,,,
-74.88756,164.33662,248.39917,-297.97644,483.7,60000,,,182.34022521972656,25.722152709960938,27.21698760986328,96.76543426513672,0.6399999999999999,0.003
,,,,,60095,-76.1279,127,,,,,,
,,,,,60189,-76.46519,94,,,,,,
,,,,,60321,-50.47631,132,,,,,,
,,,,,60402,-30.268105,81,,,,,,
,,,,,60470,-64.13503,68,,,,,,
,,,,,60539,-47.87481,69,,,,,,
,,,,,60620,-80.26909,81,,,,,,
,,,,,60718,-68.10257,98,,,,,,
,,,,,60820,-10.492683,102,,,,,,
,,,,,60913,-40.851944,93,,,,,,
,,,,,60985,-47.20407,72,,,,,,
,,,,,61000,,,14.003755569458008,28.090795516967773,27.69329833984375,60.49263000488281,0.634,0.003
,,,,,61070,-30.547966,85,,,,,,
,,,,,61143,-97.9044,73,,,,,,
,,,,,61239,-42.066566,96,,,,,,
,,,,,61343,-88.84611,104,,,,,,
,,,,,61439,-97.56797,96,,,,,,
,,,,,61507,-50.44173,68,,,,,,
,,,,,61607,-84.90107,100,,,,,,
,,,,,61707,-105.04229,100,,,,,,
,,,,,61791,-71.21186,84,,,,,,
,,,,,61887,-110.08402,96,,,,,,
,,,,,61974,-83.1456,87,,,,,,
,,,,,62000,,,7.225929260253906,25.359683990478516,25.541810989379883,39.40950393676758,0.628,0.003
,,,,,62058,-73.99771,84,,,,,,
,,,,,62133,-12.055801,75,,,,,,
,,,,,62209,-122.67729,76,,,,,,
,,,,,62325,-23.387909,116,,,,,,
,,,,,62427,-48.116165,102,,,,,,
,,,,,62550,-55.029522,123,,,,,,
,,,,,62632,9.269997,82,,,,,,
,,,,,62757,-60.17376,125,,,,,,
,,,,,62835,-117.50917,78,,,,,,
,,,,,62904,-28.460167,69,,,,,,
,,,,,63000,,,35.6497802734375,27.76982307434082,27.400754928588867,67.50420379638672,0.622,0.003
,,,,,63029,2.7131653,125,,,,,,
,,,,,63107,-54.650616,78,,,,,,
,,,,,63192,-3.8061752,85,,,,,,
,,,,,63282,-108.65307,90,,,,,,
,,,,,63350,-48.505962,68,,,,,,
,,,,,63471,-50.45229,121,,,,,,
,,,,,63566,-86.94339,95,,,,,,
,,,,,63644,-51.889088,78,,,,,,
,,,,,63741,-49.419186,97,,,,,,
,,,,,63870,-22.471962,129,,,,,,
,,,,,63950,-79.543434,80,,,,,,
,,,,,64000,,,49.50398635864258,23.61296272277832,23.458988189697266,147.2464141845703,0.616,0.003
,,,,,64073,-34.490295,123,,,,,,
,,,,,64178,-25.12873,105,,,,,,
,,,,,64288,-111.11643,110,,,,,,
,,,,,64398,-83.776375,110,,,,,,
,,,,,64473,-39.77051,75,,,,,,
,,,,,64538,-10.815407,65,,,,,,
,,,,,64643,39.33374,105,,,,,,
,,,,,64754,-75.40027,111,,,,,,
,,,,,64863,-58.757015,109,,,,,,
,,,,,64960,-33.01516,97,,,,,,
,,,,,65000,,,137.67282104492188,19.77338409423828,20.562646865844727,197.30116271972656,0.61,0.003
,,,,,65049,-102.83612,89,,,,,,
,,,,,65139,-85.33745,90,,,,,,
,,,,,65266,-68.03673,127,,,,,,
,,,,,65347,-29.214096,81,,,,,,
,,,,,65441,-95.7889,94,,,,,,
,,,,,65595,-168.76416,154,,,,,,
,,,,,65688,-16.588066,93,,,,,,
,,,,,65764,-102.30461,76,,,,,,
,,,,,65843,-79.73457,79,,,,,,
,,,,,65978,-25.927368,135,,,,,,
,,,,,66000,,,18.21361541748047,17.38636016845703,17.403589248657227,89.48465728759766,0.604,0.003
,,,,,66064,-59.10009,86,,,,,,
,,,,,66143,5.8155136,79,,,,,,
,,,,,66268,-1.0603104,125,,,,,,
,,,,,66359,-86.40083,91,,,,,,
,,,,,66423,-40.99995,64,,,,,,
,,,,,66527,-49.5886,104,,,,,,
,,,,,66619,-74.7746,92,,,,,,
,,,,,66727,-40.107124,108,,,,,,
,,,,,66810,-10.017029,83,,,,,,
,,,,,66914,-85.67147,104,,,,,,
,,,,,67000,,,52.97119140625,24.120223999023438,24.325584411621094,286.7236022949219,0.598,0.003
,,,,,67012,-39.5903,98,,,,,,
,,,,,67136,-62.22153,124,,,,,,
,,,,,67234,-60.77751,98,,,,,,
,,,,,67327,-55.915432,93,,,,,,
,,,,,67433,-16.827332,106,,,,,,
,,,,,67577,-17.728676,144,,,,,,
,,,,,67679,-100.690636,102,,,,,,
,,,,,67759,-33.670975,80,,,,,,
,,,,,67821,-29.857956,62,,,,,,
,,,,,67941,-22.20485,120,,,,,,
,,,,,68000,,,16.55232810974121,24.121421813964844,23.24759292602539,61.275184631347656,0.5920000000000001,0.003
,,,,,68042,-43.966507,101,,,,,,
,,,,,68117,-62.400585,75,,,,,,
,,,,,68216,-66.34103,99,,,,,,
,,,,,68357,-1.2609558,141,,,,,,
,,,,,68475,-47.363735,118,,,,,,
,,,,,68558,-34.196014,83,,,,,,
,,,,,68652,-45.313976,94,,,,,,
,,,,,68778,-64.761246,126,,,,,,
,,,,,68878,-24.657623,100,,,,,,
,,,,,68970,-41.257725,92,,,,,,
,,,,,69000,,,23.191572189331055,18.96816062927246,19.09126091003418,100.84485626220703,0.586,0.003
,,,,,69048,-60.219894,78,,,,,,
,,,,,69132,-112.189,84,,,,,,
,,,,,69220,-47.78287,88,,,,,,
,,,,,69306,-94.98239,86,,,,,,
,,,,,69398,-70.80585,92,,,,,,
,,,,,69491,59.833344,93,,,,,,
,,,,,69602,-67.49643,111,,,,,,
,,,,,69715,-54.476936,113,,,,,,
,,,,,69796,-6.8312607,81,,,,,,
,,,,,69923,-35.285545,127,,,,,,
-206.80396,102.110146,14.998695,-379.44153,291.1,70000,,,20.563888549804688,36.907554626464844,35.857425689697266,97.20221710205078,0.58,0.003
,,,,,70060,-12.044472,137,,,,,,
,,,,,70162,-58.163857,102,,,,,,
,,,,,70240,-35.886948,78,,,,,,
,,,,,70356,-39.90609,116,,,,,,
,,,,,70507,-52.073643,151,,,,,,
,,,,,70609,-52.00036,102,,,,,,
,,,,,70687,13.513145,78,,,,,,
,,,,,70815,10.963516,128,,,,,,
,,,,,70896,-27.491951,81,,,,,,
,,,,,70995,18.345703,99,,,,,,
,,,,,71000,,,11.998430252075195,29.148391723632812,29.28372573852539,51.18528747558594,0.5740000000000001,0.003
,,,,,71102,-14.2834015,107,,,,,,
,,,,,71196,-57.928337,94,,,,,,
,,,,,71284,-19.271446,88,,,,,,
,,,,,71380,-80.650925,96,,,,,,
,,,,,71476,-72.46295,96,,,,,,
,,,,,71560,-57.10101,84,,,,,,
,,,,,71649,-42.724808,89,,,,,,
,,,,,71753,-100.56254,104,,,,,,
,,,,,71851,-35.105705,98,,,,,,
,,,,,71938,-34.785057,87,,,,,,
,,,,,72000,,,41.99238967895508,32.8455810546875,33.76531982421875,157.28668212890625,0.5680000000000001,0.003
,,,,,72041,-27.186928,103,,,,,,
,,,,,72140,-44.81373,99,,,,,,
,,,,,72236,-59.932014,96,,,,,,
,,,,,72352,1.0328903,116,,,,,,
,,,,,72431,-51.32892,79,,,,,,
,,,,,72524,-77.249084,93,,,,,,
,,,,,72629,-51.132027,105,,,,,,
,,,,,72725,8.069069,96,,,,,,
,,,,,72859,-16.163925,134,,,,,,
,,,,,72955,-55.12697,96,,,,,,
,,,,,73000,,,10.7662353515625,30.273107528686523,30.845844268798828,53.28520584106445,0.5619999999999999,0.003
,,,,,73016,-87.860275,61,,,,,,
,,,,,73102,-60.036346,86,,,,,,
,,,,,73215,-77.1135,113,,,,,,
,,,,,73348,-52.523438,133,,,,,,
,,,,,73428,-29.711708,80,,,,,,
,,,,,73513,-30.164467,85,,,,,,
,,,,,73594,-77.432495,81,,,,,,
,,,,,73686,-23.849152,92,,,,,,
,,,,,73773,-52.62679,87,,,,,,
,,,,,73895,-22.566818,122,,,,,,
,,,,,73978,-23.17743,83,,,,,,
,,,,,74000,,,6.686990737915039,21.587825775146484,22.11776351928711,34.5302848815918,0.556,0.003
,,,,,74059,-20.792534,81,,,,,,
,,,,,74141,-28.93592,82,,,,,,
,,,,,74209,-63.814487,68,,,,,,
,,,,,74322,-69.316826,113,,,,,,
,,,,,74426,-18.408386,104,,,,,,
,,,,,74526,-35.215378,100,,,,,,
,,,,,74642,-75.386536,116,,,,,,
,,,,,74712,-21.931458,70,,,,,,
,,,,,74820,-61.97314,108,,,,,,
,,,,,74899,5.0469894,79,,,,,,
,,,,,75000,,,10.963126182556152,33.745967864990234,32.981754302978516,57.644554138183594,0.55,0.003
,,,,,75029,-3.59964,130,,,,,,
,,,,,75122,-52.827297,93,,,,,,
,,,,,75225,-57.705826,103,,,,,,
,,,,,75343,-37.945007,118,,,,,,
,,,,,75465,-97.11544,122,,,,,,
,,,,,75562,36.215195,97,,,,,,
,,,,,75666,-12.515106,104,,,,,,
,,,,,75746,-47.85912,80,,,,,,
,,,,,75833,-174.95673,87,,,,,,
,,,,,75909,-18.912613,76,,,,,,
,,,,,75985,-31.864464,76,,,,,,
,,,,,76000,,,29.334091186523438,30.512359619140625,28.925701141357422,98.10677337646484,0.5439999999999999,0.003
,,,,,76085,-30.054062,100,,,,,,
,,,,,76174,-60.079536,89,,,,,,
,,,,,76317,-143.84851,143,,,,,,
,,,,,76402,-59.99539,85,,,,,,
,,,,,76507,-23.480553,105,,,,,,
,,,,,77000,,,12.195064544677734,23.94562530517578,24.54997444152832,55.7050895690918,0.538,0.003
,,,,,77488,-288.90634,981,,,,,,
,,,,,77569,-22.676544,81,,,,,,
,,,,,77680,-15.522575,111,,,,,,
,,,,,77772,-55.749195,92,,,,,,
,,,,,77846,-21.856133,74,,,,,,
,,,,,77931,-62.555946,85,,,,,,
,,,,,78000,,,10.583995819091797,37.98900604248047,37.26972961425781,58.42432403564453,0.532,0.003
,,,,,78033,-273.79785,102,,,,,,
,,,,,78135,-23.076744,102,,,,,,
,,,,,78235,-73.78572,100,,,,,,
,,,,,78347,-72.66864,112,,,,,,
,,,,,78429,-15.934792,82,,,,,,
,,,,,78521,-23.282562,92,,,,,,
,,,,,78628,-24.908905,107,,,,,,
,,,,,78739,-3.469284,111,,,,,,
,,,,,78841,-26.850334,102,,,,,,
,,,,,78933,-11.614975,92,,,,,,
,,,,,79000,,,19.158214569091797,20.211923599243164,19.63663101196289,63.539920806884766,0.526,0.003
,,,,,79032,-52.3314,99,,,,,,
,,,,,79141,-10.955399,109,,,,,,
,,,,,79258,0.7032089,117,,,,,,
,,,,,79635,-225.07195,377,,,,,,
,,,,,79762,-46.439396,127,,,,,,
,,,,,79891,24.939186,129,,,,,,
,,,,,79993,-51.010223,102,,,,,,
94.7904,154.3221,251.3399,-256.6753,362.4,80000,,,19.43198585510254,36.170249938964844,35.722801208496094,81.51206970214844,0.52,0.003
,,,,,80094,32.714935,101,,,,,,
,,,,,80211,-47.368958,117,,,,,,
,,,,,80326,-44.036392,115,,,,,,
,,,,,80421,33.547073,95,,,,,,
,,,,,80552,-57.073242,131,,,,,,
,,,,,80642,29.32286,90,,,,,,
,,,,,80773,-11.735474,131,,,,,,
,,,,,80887,-14.889259,114,,,,,,
,,,,,80983,16.541603,96,,,,,,
,,,,,81000,,,13.209348678588867,37.401756286621094,37.509002685546875,46.52877426147461,0.514,0.003
,,,,,81065,-35.602226,82,,,,,,
,,,,,81162,-17.599571,97,,,,,,
,,,,,81299,-14.830437,137,,,,,,
,,,,,81411,-111.03291,112,,,,,,
,,,,,81514,-15.351166,103,,,,,,
,,,,,81604,-36.485744,90,,,,,,
,,,,,81718,-71.375626,114,,,,,,
,,,,,81848,17.475266,130,,,,,,
,,,,,81922,-68.170395,74,,,,,,
,,,,,82000,,,30.79370880126953,26.908084869384766,25.89361000061035,125.65570831298828,0.508,0.003
,,,,,82023,-39.05016,101,,,,,,
,,,,,82162,-1.0728455,139,,,,,,
,,,,,82263,-80.93595,101,,,,,,
,,,,,82352,-76.39631,89,,,,,,
,,,,,82450,-76.46982,98,,,,,,
,,,,,82582,-40.197205,132,,,,,,
,,,,,82671,-54.59753,89,,,,,,
,,,,,82767,-32.426476,96,,,,,,
,,,,,82849,-54.493225,82,,,,,,
,,,,,82965,-23.489334,116,,,,,,
,,,,,83000,,,11.17749309539795,39.616695404052734,39.85076904296875,44.4457893371582,0.502,0.003
,,,,,83046,12.531105,81,,,,,,
,,,,,83168,-0.89437103,122,,,,,,
,,,,,83275,24.204994,107,,,,,,
,,,,,83372,-32.061493,97,,,,,,
,,,,,83484,-21.86998,112,,,,,,
,,,,,83573,-70.581345,89,,,,,,
,,,,,83694,-67.369354,121,,,,,,
,,,,,83815,-17.976143,121,,,,,,
,,,,,83927,-35.90673,112,,,,,,
,,,,,84000,,,22.816402435302734,28.700439453125,28.35186004638672,71.12923431396484,0.4959999999999999,0.003
,,,,,84042,-17.875336,115,,,,,,
,,,,,84171,-37.573055,129,,,,,,
,,,,,84264,-5.6510773,93,,,,,,
,,,,,84346,-94.81295,82,,,,,,
,,,,,84433,-27.99469,87,,,,,,
,,,,,84547,-47.597954,114,,,,,,
,,,,,84670,-21.454224,123,,,,,,
,,,,,84794,-53.90719,124,,,,,,
,,,,,84902,-24.606155,108,,,,,,
,,,,,84990,-9.588478,88,,,,,,
,,,,,85000,,,8.051904678344727,41.59691619873047,41.209922790527344,44.205535888671875,0.49,0.003
,,,,,85262,-280.9511,272,,,,,,
,,,,,85422,32.676285,160,,,,,,
,,,,,85538,-40.883263,116,,,,,,
,,,,,85625,-45.4619,87,,,,,,
,,,,,85769,-13.73381,144,,,,,,
,,,,,85861,-32.073402,92,,,,,,
,,,,,86000,,,9.583808898925781,36.65278625488281,35.825321197509766,47.11420822143555,0.484,0.003
,,,,,86005,-27.57785,144,,,,,,
,,,,,86119,-52.73827,114,,,,,,
,,,,,86228,-66.78653,109,,,,,,
,,,,,86386,-16.929192,158,,,,,,
,,,,,86469,-31.63256,83,,,,,,
,,,,,86597,-2.3587875,128,,,,,,
,,,,,86701,-31.483925,104,,,,,,
,,,,,86793,-39.203365,92,,,,,,
,,,,,86892,-57.368923,99,,,,,,
,,,,,87000,,,17.56960678100586,26.953168869018555,27.238571166992188,57.86490249633789,0.478,0.003
,,,,,87007,-22.083801,115,,,,,,
,,,,,87096,-63.076736,89,,,,,,
,,,,,87219,0.4714203,123,,,,,,
,,,,,87317,-69.989105,98,,,,,,
,,,,,87486,-23.380959,169,,,,,,
,,,,,87599,-82.649734,113,,,,,,
,,,,,87697,-34.644737,98,,,,,,
,,,,,88000,,,39.310237884521484,30.396364212036133,29.741546630859375,90.72818756103516,0.472,0.003
,,,,,88579,-266.8861,882,,,,,,
,,,,,88682,-38.612774,103,,,,,,
,,,,,88811,-73.99457,129,,,,,,
,,,,,88917,22.718964,106,,,,,,
,,,,,89000,,,29.56768035888672,36.69817352294922,38.007747650146484,57.30284118652344,0.46599999999999997,0.003
,,,,,89060,-27.304413,143,,,,,,
,,,,,89173,-5.1256104,113,,,,,,
,,,,,89255,-1.1089935,82,,,,,,
,,,,,89485,-174.19482,230,,,,,,
,,,,,89588,-61.76011,103,,,,,,
,,,,,89731,-3.8664856,143,,,,,,
,,,,,89840,-42.55237,109,,,,,,
,,,,,89900,-45.391037,60,,,,,,
-226.41696,55.8272,-118.96957,-289.3076,435.3,90000,,,112.45954895019531,32.10887145996094,33.359130859375,168.59893798828125,0.45999999999999996,0.003
,,,,,90016,-18.551651,116,,,,,,
,,,,,90130,9.753929,114,,,,,,
,,,,,90637,-177.85953,507,,,,,,
,,,,,90756,-0.15901184,119,,,,,,
,,,,,91000,,,20.268218994140625,28.070873260498047,28.524030685424805,53.2540397644043,0.45399999999999996,0.003
,,,,,91729,-104.13605,973,,,,,,
,,,,,91837,-18.58474,108,,,,,,
,,,,,92000,,,88.04854583740234,34.111045837402344,34.78942108154297,153.94129943847656,0.44800000000000006,0.003
,,,,,92008,23.424057,171,,,,,,
,,,,,92151,-59.77688,143,,,,,,
,,,,,93000,,,13.530221939086914,38.50336456298828,38.809696197509766,51.72878646850586,0.44199999999999995,0.003
,,,,,93151,61.670776,1000,,,,,,
,,,,,93826,-11.712624,675,,,,,,
,,,,,94000,,,43.46454620361328,44.464866638183594,43.292598724365234,94.3520736694336,0.43599999999999994,0.003
,,,,,94826,83.91158,1000,,,,,,
,,,,,94910,-45.295326,84,,,,,,
,,,,,95000,,,18.881153106689453,37.3763427734375,37.8541259765625,63.38172912597656,0.43000000000000005,0.003
,,,,,95910,60.82167,1000,,,,,,
,,,,,96000,,,20.20055389404297,46.41121292114258,46.67106628417969,73.65259552001953,0.42399999999999993,0.003
,,,,,96041,-92.79544,131,,,,,,
,,,,,96132,-1.1656189,91,,,,,,
,,,,,96252,-31.107353,120,,,,,,
,,,,,96414,-30.17517,162,,,,,,
,,,,,96528,-29.196861,114,,,,,,
,,,,,96644,-31.740395,116,,,,,,
,,,,,96851,-209.24873,207,,,,,,
,,,,,97000,,,24.310504913330078,30.533153533935547,31.03315544128418,60.3328857421875,0.41800000000000004,0.003
,,,,,97163,-145.77481,312,,,,,,
,,,,,97291,-46.585567,128,,,,,,
,,,,,97396,-18.001328,105,,,,,,
,,,,,97525,-0.59371185,129,,,,,,
,,,,,98000,,,42.64139175415039,44.04246520996094,43.057350158691406,86.15965270996094,0.41200000000000003,0.003
,,,,,98525,43.03184,1000,,,,,,
,,,,,98644,-15.811012,119,,,,,,
,,,,,98762,-1.4791031,118,,,,,,
,,,,,99000,,,16.718597412109375,56.01291275024414,55.25884246826172,53.913421630859375,0.4059999999999999,0.003
,,,,,99002,-360.5836,240,,,,,,
,,,,,99163,8.638351,161,,,,,,
,,,,,99351,-180.90988,188,,,,,,
,,,,,99448,-43.736725,97,,,,,,
,,,,,99588,-21.268913,140,,,,,,
,,,,,99713,-51.751297,125,,,,,,
-211.20552,75.44843,-114.053474,-380.1169,232.2,100000,,,17.025972366333008,41.96099090576172,42.63825988769531,67.13846588134766,0.4,0.003
,,,,,100713,92.77325,1000,,,,,,
,,,,,100790,25.338219,77,,,,,,
,,,,,100947,10.645752,157,,,,,,
,,,,,101000,,,17.528039932250977,52.89187240600586,51.478702545166016,67.13835906982422,0.394,0.003
,,,,,101235,2.842949,288,,,,,,
,,,,,102000,,,14.838855743408203,42.705169677734375,41.7279052734375,68.09552764892578,0.3879999999999999,0.003
,,,,,102235,97.861206,1000,,,,,,
,,,,,103000,,,18.254770278930664,50.592559814453125,50.87776565551758,61.89293670654297,0.382,0.003
,,,,,103235,131.9263,1000,,,,,,
,,,,,103466,-84.84442,231,,,,,,
,,,,,104000,,,21.54491424560547,47.27788543701172,48.30702209472656,88.75418853759766,0.376,0.003
,,,,,104466,32.031986,1000,,,,,,
,,,,,105000,,,19.419265747070312,48.68426513671875,48.67849349975586,63.487274169921875,0.37,0.003
,,,,,105466,81.06599,1000,,,,,,
,,,,,105699,-21.373672,233,,,,,,
,,,,,105832,-5.087227,133,,,,,,
,,,,,105955,25.815033,123,,,,,,
,,,,,106000,,,89.75051879882812,62.921539306640625,61.90727996826172,89.80361938476562,0.364,0.003
,,,,,106955,44.32001,1000,,,,,,
,,,,,107000,,,41.196861267089844,52.053863525390625,53.665000915527344,110.58502197265625,0.358,0.003
,,,,,107092,-119.82244,137,,,,,,
,,,,,107193,23.085854,101,,,,,,
,,,,,107361,24.048706,168,,,,,,
,,,,,107456,-37.458725,95,,,,,,
,,,,,108000,,,13.546646118164062,41.63933563232422,40.57604217529297,53.74651336669922,0.352,0.003
,,,,,108456,85.35258,1000,,,,,,
,,,,,108573,-166.13348,117,,,,,,
,,,,,108666,-39.552658,93,,,,,,
,,,,,109000,,,27.787153244018555,41.731178283691406,41.6270866394043,80.07788848876953,0.346,0.003
,,,,,109259,-226.17413,593,,,,,,
86.7305,159.70116,209.43501,-251.37904,594.2,110000,,,34.3682746887207,39.368309020996094,38.55144500732422,65.07813262939453,0.3400000000000001,0.003
,,,,,110259,58.12649,1000,,,,,,
,,,,,111000,,,11.118342399597168,57.28752899169922,57.144248962402344,39.45658874511719,0.33399999999999996,0.003
,,,,,111259,28.474579,1000,,,,,,
,,,,,112000,,,35.62190246582031,46.44167709350586,45.83021545410156,92.88928985595703,0.32799999999999996,0.003
,,,,,112259,67.64794,1000,,,,,,
,,,,,113000,,,20.6368465423584,56.38227081298828,55.939002990722656,88.14771270751953,0.32200000000000006,0.003
,,,,,113259,76.73165,1000,,,,,,
,,,,,113403,-73.75962,144,,,,,,
,,,,,113591,-191.83936,188,,,,,,
,,,,,113733,-57.567757,142,,,,,,
,,,,,113931,-187.54211,198,,,,,,
,,,,,114000,,,27.699867248535156,44.9161376953125,45.54104995727539,75.23291015625,0.31599999999999995,0.003
,,,,,114931,29.210306,1000,,,,,,
,,,,,115000,,,14.607076644897461,46.511436462402344,46.17439270019531,63.35542297363281,0.30999999999999994,0.003
,,,,,115819,-290.3302,888,,,,,,
,,,,,115948,-10.716347,129,,,,,,
,,,,,116000,,,10.505424499511719,43.138877868652344,42.80814743041992,38.78842544555664,0.30400000000000005,0.003
,,,,,116048,-30.199677,100,,,,,,
,,,,,116558,-161.42062,510,,,,,,
,,,,,116812,-197.0543,254,,,,,,
,,,,,116909,2.0443115,97,,,,,,
,,,,,117000,,,12.949429512023926,51.28493118286133,51.18113327026367,51.85822677612305,0.29799999999999993,0.003
,,,,,117450,-262.7708,541,,,,,,
,,,,,117611,29.05223,161,,,,,,
,,,,,118000,,,39.43983459472656,59.96530532836914,60.376220703125,101.5433120727539,0.29200000000000004,0.003
,,,,,118611,75.988,1000,,,,,,
,,,,,118715,-130.03531,104,,,,,,
,,,,,119000,,,17.746864318847656,49.382049560546875,48.59695053100586,65.08802032470703,0.28600000000000003,0.003
,,,,,119715,65.72099,1000,,,,,,
-79.79225,168.09245,234.77583,-303.61432,574.6,120000,,,14.624073028564453,56.750144958496094,56.277191162109375,67.967529296875,0.2799999999999999,0.003
,,,,,120715,-121.223976,1000,,,,,,
,,,,,120934,-205.35689,219,,,,,,
,,,,,121000,,,44.587284088134766,43.72408676147461,43.478797912597656,87.09168243408203,0.274,0.003
,,,,,121046,-32.307922,112,,,,,,
,,,,,122000,,,25.041534423828125,47.091190338134766,48.391502380371094,87.00202178955078,0.268,0.003
,,,,,122046,56.632378,1000,,,,,,
,,,,,122837,-19.46566,791,,,,,,
,,,,,123000,,,61.37615966796875,49.03328323364258,49.788124084472656,159.97511291503906,0.262,0.003
,,,,,123116,-148.16934,279,,,,,,
,,,,,124000,,,15.88192367553711,60.19468307495117,60.73368835449219,65.73148345947266,0.256,0.003
,,,,,124116,-8.864354,1000,,,,,,
,,,,,125000,,,266.4290466308594,50.4078369140625,49.99857711791992,248.1518096923828,0.25,0.003
,,,,,125116,-14.094479,1000,,,,,,
,,,,,126000,,,7.980244159698486,59.47064208984375,59.46473693847656,33.64177703857422,0.244,0.003
,,,,,126116,51.880726,1000,,,,,,
,,,,,127000,,,57.14482116699219,39.40591049194336,37.33599090576172,81.67608642578125,0.238,0.003
,,,,,127116,11.996226,1000,,,,,,
,,,,,128000,,,17.83226776123047,65.6408920288086,66.3979721069336,63.47623825073242,0.23199999999999998,0.003
,,,,,128085,172.42929,969,,,,,,
,,,,,128276,-81.74512,191,,,,,,
,,,,,129000,,,18.429967880249023,48.0195198059082,47.8161735534668,75.65662384033203,0.22599999999999998,0.003
,,,,,129276,20.171093,1000,,,,,,
1.5692612,166.05515,211.18616,-319.82288,767.1,130000,,,33.146888732910156,44.58334732055664,45.49816131591797,108.2755126953125,0.21999999999999997,0.003
,,,,,130276,113.30972,1000,,,,,,
,,,,,130689,-196.72934,413,,,,,,
,,,,,131000,,,36.873741149902344,56.20024871826172,55.40709686279297,104.56353759765625,0.21399999999999997,0.003
,,,,,131689,-66.986984,1000,,,,,,
,,,,,132000,,,20.260194778442383,53.80029296875,54.703224182128906,97.04680633544922,0.20799999999999996,0.003
,,,,,132689,14.130195,1000,,,,,,
,,,,,132802,-12.487534,113,,,,,,
,,,,,133000,,,16.4525146484375,58.3231201171875,57.58098220825195,54.62995910644531,0.20199999999999996,0.003
,,,,,133802,44.257195,1000,,,,,,
,,,,,134000,,,14.974915504455566,56.45487976074219,54.86827087402344,59.52877426147461,0.19599999999999995,0.003
,,,,,134318,203.65024,516,,,,,,
,,,,,135000,,,34.943336486816406,50.24690246582031,49.2990608215332,103.31531524658203,0.18999999999999995,0.003
,,,,,135211,-177.13641,893,,,,,,
,,,,,135715,230.51631,504,,,,,,
,,,,,136000,,,16.2572078704834,65.75988006591797,65.18321990966797,73.7546157836914,0.18400000000000005,0.003
,,,,,136715,41.221222,1000,,,,,,
,,,,,137000,,,30.91265869140625,66.09577941894531,64.95234680175781,118.5057373046875,0.17799999999999994,0.003
,,,,,137715,39.47991,1000,,,,,,
,,,,,138000,,,19.306053161621094,55.558433532714844,54.79768753051758,60.482940673828125,0.17199999999999993,0.003
,,,,,138715,108.15316,1000,,,,,,
,,,,,139000,,,31.300029754638672,61.0590934753418,62.17479705810547,81.9690933227539,0.16600000000000004,0.003
,,,,,139711,221.97641,996,,,,,,
,,,,,139941,-1.7008667,230,,,,,,
135.56259,88.364586,227.754,-107.30967,651.4,140000,,,53.484066009521484,57.04090881347656,58.71475601196289,142.82858276367188,0.15999999999999992,0.003
,,,,,140654,223.91928,713,,,,,,
,,,,,140792,-27.17804,138,,,,,,
,,,,,141000,,,12.36320686340332,55.94337844848633,55.98029327392578,46.85987854003906,0.15400000000000003,0.003
,,,,,141224,-110.8197,432,,,,,,
,,,,,142000,,,64.58104705810547,62.0973014831543,62.967185974121094,140.02772521972656,0.14800000000000002,0.003
,,,,,142224,120.029434,1000,,,,,,
,,,,,142401,18.963234,177,,,,,,
,,,,,142953,254.07777,552,,,,,,
,,,,,143000,,,35.25248336791992,57.366493225097656,58.71160125732422,90.8507308959961,0.1419999999999999,0.003
,,,,,143953,144.05714,1000,,,,,,
,,,,,144000,,,12.351946830749512,59.69844055175781,59.85003662109375,62.38256072998047,0.136,0.003
,,,,,144953,-10.342811,1000,,,,,,
,,,,,145000,,,54.613101959228516,60.14305877685547,59.58111572265625,101.37997436523438,0.13,0.003
,,,,,145893,216.94046,940,,,,,,
,,,,,146000,,,39.38873291015625,51.30448532104492,52.55428695678711,82.77617645263672,0.12399999999999989,0.003
,,,,,146270,200.11682,377,,,,,,
,,,,,147000,,,12.858604431152344,60.47097396850586,59.529151916503906,35.481624603271484,0.118,0.003
,,,,,147270,137.99542,1000,,,,,,
,,,,,147639,270.07065,369,,,,,,
,,,,,148000,,,14.506365776062012,52.07575607299805,52.92263412475586,57.29005813598633,0.11199999999999999,0.003
,,,,,148639,119.53499,1000,,,,,,
,,,,,149000,,,15.951971054077148,64.16557312011719,65.00536346435547,81.74455261230469,0.10599999999999998,0.003
,,,,,149639,17.862928,1000,,,,,,
,,,,,149760,-105.22112,121,,,,,,
6.016734,165.85854,246.9864,-241.16437,535.1,150000,,,19.148643493652344,64.80097961425781,64.07661437988281,72.19921112060547,0.1,0.003
,,,,,150076,-194.02441,316,,,,,,
,,,,,150313,-152.89192,237,,,,,,
,,,,,151000,,,15.217494010925293,69.12570190429688,68.99211120605469,48.564022064208984,0.09946666666666668,0.003
,,,,,151313,-31.844303,1000,,,,,,
,,,,,152000,,,23.466060638427734,65.38023376464844,64.62794494628906,90.297119140625,0.09893333333333335,0.003
,,,,,152313,-105.68307,1000,,,,,,
,,,,,152730,-87.14913,417,,,,,,
,,,,,153000,,,24.366365432739258,52.42107391357422,53.12464141845703,67.61380004882812,0.0984,0.003
,,,,,153253,-130.4905,523,,,,,,
,,,,,153750,-180.49019,497,,,,,,
,,,,,154000,,,13.940176010131836,66.03147888183594,65.90478515625,41.82898712158203,0.09786666666666667,0.003
,,,,,154257,-243.55122,507,,,,,,
,,,,,154881,201.89066,624,,,,,,
,,,,,155000,,,23.928516387939453,52.65558624267578,53.29737091064453,82.82357788085938,0.09733333333333334,0.003
,,,,,155160,-107.6209,279,,,,,,
,,,,,155955,144.69757,795,,,,,,
,,,,,156000,,,6.926061630249023,57.18842315673828,56.61335372924805,30.596906661987305,0.09680000000000001,0.003
,,,,,156748,-193.24034,793,,,,,,
,,,,,157000,,,15.395774841308594,66.55764770507812,66.52839660644531,44.37870788574219,0.09626666666666667,0.003
,,,,,157191,-39.426785,443,,,,,,
,,,,,158000,,,24.786270141601562,59.25989532470703,59.719478607177734,62.46481704711914,0.09573333333333334,0.003
,,,,,158191,-7.066219,1000,,,,,,
,,,,,159000,,,23.726613998413086,71.64295959472656,73.20545959472656,70.17449951171875,0.0952,0.003
,,,,,159068,158.91257,877,,,,,,
147.33887,116.54138,249.60638,-160.56448,555.7,160000,,,34.35784149169922,53.287879943847656,53.71380615234375,90.06521606445312,0.09466666666666668,0.003
,,,,,160068,61.480724,1000,,,,,,
,,,,,160731,238.80211,663,,,,,,
,,,,,160918,6.8360443,187,,,,,,
,,,,,161000,,,21.22014617919922,59.45417022705078,58.3492546081543,65.5495376586914,0.09413333333333333,0.003
,,,,,161918,-61.939793,1000,,,,,,
,,,,,162000,,,23.54562759399414,55.87889862060547,55.75861358642578,47.160491943359375,0.0936,0.003
,,,,,162918,165.51633,1000,,,,,,
,,,,,163000,,,18.26504898071289,59.10387420654297,58.75938034057617,83.96253967285156,0.09306666666666667,0.003
,,,,,163918,-74.118515,1000,,,,,,
,,,,,164000,,,16.55251121520996,53.53425216674805,53.066349029541016,58.6986198425293,0.09253333333333334,0.003
,,,,,164150,-80.90683,232,,,,,,
,,,,,164758,266.39148,608,,,,,,
,,,,,164987,8.791664,229,,,,,,
,,,,,165000,,,59.506187438964844,55.2330207824707,55.85345458984375,122.99000549316406,0.092,0.003
,,,,,165659,234.92838,672,,,,,,
,,,,,165948,-62.379074,289,,,,,,
,,,,,166000,,,63.206573486328125,58.461769104003906,58.27897644042969,75.49696350097656,0.09146666666666667,0.003
,,,,,166518,173.3387,570,,,,,,
,,,,,167000,,,16.704355239868164,64.77903747558594,65.218017578125,65.22259521484375,0.09093333333333334,0.003
,,,,,167371,-227.72485,853,,,,,,
,,,,,168000,,,12.634471893310547,68.85440063476562,68.33439636230469,36.179866790771484,0.09040000000000001,0.003
,,,,,168250,252.95647,879,,,,,,
,,,,,168716,230.56094,466,,,,,,
,,,,,169000,,,15.75663948059082,68.19976806640625,68.28157806396484,73.80366516113281,0.08986666666666668,0.003
,,,,,169322,164.37004,606,,,,,,
,,,,,169852,192.75833,530,,,,,,
-15.770584,153.63042,241.77686,-176.29704,501.4,170000,,,15.451034545898438,59.510345458984375,59.04686737060547,55.81771469116211,0.08933333333333333,0.003
,,,,,170303,243.30467,451,,,,,,
,,,,,170641,238.51146,338,,,,,,
,,,,,171000,,,19.336219787597656,57.28944396972656,57.0994873046875,50.390541076660156,0.0888,0.003
,,,,,171048,-217.49222,407,,,,,,
,,,,,171483,192.8651,435,,,,,,
,,,,,172000,,,62.47795486450195,57.91748046875,57.417049407958984,115.72598266601562,0.08826666666666667,0.003
,,,,,172483,117.9103,1000,,,,,,
,,,,,173000,,,16.36272430419922,71.08718872070312,70.85746765136719,47.199283599853516,0.08773333333333334,0.003
,,,,,173020,225.4925,537,,,,,,
,,,,,173471,236.80632,451,,,,,,
,,,,,174000,,,13.175678253173828,85.9092025756836,86.18252563476562,57.622230529785156,0.0872,0.003
,,,,,174454,149.75945,983,,,,,,
,,,,,175000,,,16.422256469726562,64.78445434570312,64.63020324707031,44.808006286621094,0.08666666666666667,0.003
,,,,,175454,101.83324,1000,,,,,,
,,,,,175817,-107.71901,363,,,,,,
,,,,,176000,,,13.056333541870117,70.0539779663086,70.8773422241211,40.04318618774414,0.08613333333333334,0.003
,,,,,176287,212.42293,470,,,,,,
,,,,,177000,,,50.82186508178711,68.5487060546875,66.35662078857422,156.6969451904297,0.08560000000000001,0.003
,,,,,177287,50.90394,1000,,,,,,
,,,,,177662,234.70363,375,,,,,,
,,,,,178000,,,189.4978485107422,59.72462463378906,60.8920783996582,197.84518432617188,0.08506666666666667,0.003
,,,,,178662,117.16757,1000,,,,,,
,,,,,179000,,,54.073219299316406,49.37086486816406,49.154449462890625,107.70206451416016,0.08453333333333334,0.003
,,,,,179662,35.83469,1000,,,,,,
19.800535,131.47629,241.70222,-115.08374,523.3,180000,,,87.08293151855469,56.30995559692383,56.50526428222656,121.57855987548828,0.084,0.003
,,,,,180537,164.03009,875,,,,,,
,,,,,181000,,,16.672134399414062,68.51249694824219,68.05111694335938,53.98952865600586,0.08346666666666668,0.003
,,,,,181336,-342.8106,799,,,,,,
,,,,,182000,,,11.640524864196777,68.82566833496094,69.22555541992188,44.642704010009766,0.08293333333333333,0.003
,,,,,182336,77.72255,1000,,,,,,
,,,,,183000,,,19.177095413208008,61.02351379394531,61.5694580078125,48.14333724975586,0.0824,0.003
,,,,,183086,206.58978,750,,,,,,
,,,,,184000,,,15.552597045898438,71.79188537597656,71.3848648071289,80.0314712524414,0.08186666666666667,0.003
,,,,,184086,-71.04798,1000,,,,,,
,,,,,184884,156.60457,798,,,,,,
,,,,,185000,,,15.553781509399414,63.846839904785156,63.417030334472656,55.97774887084961,0.08133333333333334,0.003
,,,,,185626,188.11972,742,,,,,,
,,,,,186000,,,52.29966354370117,74.51686096191406,75.05255126953125,100.05899810791016,0.08080000000000001,0.003
,,,,,186062,154.75803,436,,,,,,
,,,,,186677,175.61794,615,,,,,,
,,,,,187000,,,40.58012008666992,64.83705139160156,63.922515869140625,121.28656005859375,0.08026666666666667,0.003
,,,,,187606,129.17076,929,,,,,,
,,,,,188000,,,20.63488006591797,74.54241943359375,72.84724426269531,51.441627502441406,0.07973333333333334,0.003
,,,,,188274,200.50327,668,,,,,,
,,,,,188757,233.6963,483,,,,,,
,,,,,189000,,,17.91600799560547,79.44866180419922,79.616455078125,53.999420166015625,0.0792,0.003
,,,,,189757,79.202286,1000,,,,,,
-28.3662,145.34944,186.09279,-250.6536,846.6,190000,,,42.029510498046875,77.32109069824219,76.8324966430664,76.91043090820312,0.07866666666666668,0.003
,,,,,190489,214.01257,732,,,,,,
,,,,,191000,,,20.60232162475586,71.76304626464844,71.55451202392578,64.1077651977539,0.07813333333333333,0.003
,,,,,191309,237.63617,820,,,,,,
,,,,,192000,,,17.0809326171875,65.73785400390625,65.33695220947266,59.638492584228516,0.0776,0.003
,,,,,192040,236.38193,731,,,,,,
,,,,,192929,222.94012,889,,,,,,
,,,,,193000,,,18.62445640563965,55.961360931396484,56.29113006591797,49.37845993041992,0.07706666666666667,0.003
,,,,,193680,220.63885,751,,,,,,
,,,,,194000,,,31.00753402709961,65.76454162597656,65.0821304321289,67.3731460571289,0.07653333333333334,0.003
,,,,,194251,157.36829,571,,,,,,
,,,,,194737,185.13977,486,,,,,,
,,,,,195000,,,279.34307861328125,76.309326171875,73.67062377929688,116.63775634765625,0.07600000000000001,0.003
,,,,,195058,218.1287,321,,,,,,
,,,,,195541,-182.08392,483,,,,,,
,,,,,196000,,,9.08893871307373,75.49043273925781,75.29664611816406,47.11031723022461,0.07546666666666668,0.003
,,,,,196541,65.262375,1000,,,,,,
,,,,,197000,,,22.84900665283203,64.21649169921875,64.9603271484375,65.66287231445312,0.07493333333333334,0.003
,,,,,197541,100.12726,1000,,,,,,
,,,,,198000,,,10.703376770019531,78.16438293457031,78.00047302246094,40.54806900024414,0.07440000000000001,0.003
,,,,,198541,97.98998,1000,,,,,,
,,,,,199000,,,172.985595703125,61.500606536865234,61.52537155151367,123.9431381225586,0.07386666666666666,0.003
,,,,,199217,256.6496,676,,,,,,
-190.5237,90.67648,-19.247356,-324.97583,625.7,200000,,,33.423011779785156,63.95124816894531,63.72156524658203,66.8481216430664,0.07333333333333333,0.003
,,,,,200217,-75.86929,1000,,,,,,
,,,,,200461,-105.481804,244,,,,,,
,,,,,200779,-275.78143,318,,,,,,
,,,,,201000,,,20.767066955566406,66.68968200683594,66.16609191894531,55.63992691040039,0.0728,0.003
,,,,,201140,231.04814,361,,,,,,
,,,,,202000,,,121.91900634765625,60.448177337646484,59.56449508666992,295.7178649902344,0.07226666666666667,0.003
,,,,,202140,102.84441,1000,,,,,,
,,,,,202438,-143.34987,298,,,,,,
,,,,,203000,,,27.708084106445312,66.47782135009766,67.0257568359375,48.59971237182617,0.07173333333333334,0.003
,,,,,203423,195.45047,985,,,,,,
,,,,,204000,,,25.496274948120117,70.63105010986328,71.00489807128906,64.3909912109375,0.07120000000000001,0.003
,,,,,204423,54.452877,1000,,,,,,
,,,,,204739,-126.265976,316,,,,,,
,,,,,205000,,,22.32365608215332,63.871002197265625,64.41130828857422,68.97010803222656,0.07066666666666667,0.003
,,,,,205739,-109.61325,1000,,,,,,
,,,,,206000,,,23.423412322998047,62.42796325683594,62.270957946777344,69.74026489257812,0.07013333333333334,0.003
,,,,,206270,222.61221,531,,,,,,
,,,,,207000,,,9.808735847473145,77.80020141601562,76.73260498046875,45.09452819824219,0.06960000000000001,0.003
,,,,,207200,152.68451,930,,,,,,
,,,,,207988,157.91997,788,,,,,,
,,,,,208000,,,31.13707160949707,67.68132019042969,66.8865737915039,202.0087432861328,0.06906666666666667,0.003
,,,,,208137,-2.59581,149,,,,,,
,,,,,208634,182.13443,497,,,,,,
,,,,,209000,,,15.436500549316406,54.99995422363281,54.67924499511719,61.225345611572266,0.06853333333333333,0.003
,,,,,209071,210.98698,437,,,,,,
,,,,,209832,201.14554,761,,,,,,
-100.932785,140.0676,136.70572,-293.4562,591.3,210000,,,13.422077178955078,49.16285705566406,49.61436462402344,43.08833694458008,0.068,0.003
,,,,,210831,98.40381,999,,,,,,
,,,,,211000,,,23.499780654907227,59.1002197265625,58.788902282714844,72.54302978515625,0.06746666666666667,0.003
,,,,,211447,155.5613,616,,,,,,
,,,,,211935,221.47464,488,,,,,,
,,,,,212000,,,14.828746795654297,74.03662872314453,72.98324584960938,57.44127655029297,0.06693333333333334,0.003
,,,,,212356,218.90523,421,,,,,,
,,,,,213000,,,11.554102897644043,66.78379821777344,65.96753692626953,56.087615966796875,0.06640000000000001,0.003
,,,,,213312,196.97589,956,,,,,,
,,,,,214000,,,32.18909454345703,58.58333206176758,58.38597869873047,98.89237976074219,0.06586666666666667,0.003
,,,,,214079,222.36786,767,,,,,,
,,,,,215000,,,15.420860290527344,62.69586181640625,62.92090606689453,71.9244384765625,0.06533333333333333,0.003
,,,,,215079,79.019775,1000,,,,,,
,,,,,215897,192.49454,818,,,,,,
,,,,,216000,,,28.813627243041992,65.14694213867188,65.62120056152344,105.86140441894531,0.0648,0.003
,,,,,216061,-182.24942,164,,,,,,
,,,,,217000,,,16.087221145629883,66.53492736816406,65.37251281738281,50.325408935546875,0.06426666666666667,0.003
,,,,,217061,9.331042,1000,,,,,,
,,,,,217920,193.53357,859,,,,,,
,,,,,218000,,,369.29754638671875,56.502742767333984,58.98884582519531,197.6199951171875,0.06373333333333334,0.003
,,,,,218920,79.74772,1000,,,,,,
,,,,,219000,,,21.180957794189453,72.66879272460938,73.05013275146484,54.81647872924805,0.0632,0.003
,,,,,219920,60.290775,1000,,,,,,
39.263786,145.65152,185.76927,-253.86668,807.8,220000,,,18.362730026245117,63.24532699584961,64.29297637939453,129.49346923828125,0.06266666666666668,0.003
,,,,,220920,-37.18747,1000,,,,,,
,,,,,221000,,,31.068737030029297,59.82368087768555,59.47731018066406,68.06439208984375,0.06213333333333334,0.003
,,,,,221644,214.69003,724,,,,,,
,,,,,222000,,,33.72065353393555,52.43592834472656,51.02949523925781,87.13774871826172,0.06160000000000001,0.003
,,,,,222644,41.326485,1000,,,,,,
,,,,,223000,,,14.637008666992188,67.73191833496094,68.18231201171875,53.56473922729492,0.06106666666666667,0.003
,,,,,223091,-211.12378,447,,,,,,
,,,,,223537,236.95349,446,,,,,,
,,,,,224000,,,7.70526123046875,62.772151947021484,62.76588439941406,57.139034271240234,0.060533333333333335,0.003
,,,,,224537,-2.5645614,1000,,,,,,
,,,,,225000,,,15.331073760986328,66.35813903808594,65.6226806640625,44.34746170043945,0.060000000000000005,0.003
,,,,,225408,176.64944,871,,,,,,
,,,,,226000,,,15.673563957214355,60.1427116394043,60.210731506347656,117.69416046142578,0.05946666666666667,0.003
,,,,,226156,209.4803,748,,,,,,
,,,,,227000,,,12.578200340270996,56.84282302856445,56.355533599853516,47.82737731933594,0.05893333333333334,0.003
,,,,,227156,55.740326,1000,,,,,,
,,,,,227794,200.24486,638,,,,,,
,,,,,228000,,,12.799310684204102,51.02168655395508,51.99365234375,37.80635452270508,0.0584,0.003
,,,,,228073,263.27197,279,,,,,,
,,,,,228311,-56.003742,238,,,,,,
,,,,,229000,,,38.208740234375,57.930477142333984,58.746822357177734,86.08120727539062,0.05786666666666668,0.003
,,,,,229065,-47.89572,754,,,,,,
,,,,,229195,-125.92436,130,,,,,,
,,,,,229381,-55.560047,186,,,,,,
,,,,,229681,226.78653,300,,,,,,
-148.59877,60.186787,-77.885345,-285.43347,666.4,230000,,,8.831934928894043,63.287841796875,62.33649444580078,38.67103576660156,0.05733333333333334,0.003
,,,,,230359,165.39932,678,,,,,,
,,,,,231000,,,34.24435043334961,56.30380630493164,55.161582946777344,55.44058609008789,0.0568,0.003
,,,,,231194,119.90028,835,,,,,,
,,,,,232000,,,22.123619079589844,55.067996978759766,55.36912155151367,44.734554290771484,0.05626666666666667,0.003
,,,,,232069,215.1987,875,,,,,,
,,,,,233000,,,12.028705596923828,54.784393310546875,55.56529998779297,43.921875,0.055733333333333336,0.003
,,,,,233069,-31.806448,1000,,,,,,
,,,,,233822,176.36324,753,,,,,,
,,,,,234000,,,9.74917984008789,66.63081359863281,65.99545288085938,41.83009338378906,0.0552,0.003
,,,,,234312,197.56839,490,,,,,,
,,,,,234526,23.844429,214,,,,,,
,,,,,235000,,,169.98411560058594,50.11939239501953,47.68583679199219,240.1410675048828,0.054666666666666676,0.003
,,,,,235213,-117.58247,687,,,,,,
,,,,,236000,,,13.557801246643066,63.604068756103516,63.12493896484375,36.994300842285156,0.05413333333333334,0.003
,,,,,236213,118.473724,1000,,,,,,
,,,,,236672,279.8922,459,,,,,,
,,,,,237000,,,16.364093780517578,61.05842971801758,61.072418212890625,110.95704650878906,0.05360000000000001,0.003
,,,,,237180,188.11267,508,,,,,,
,,,,,237621,211.07074,441,,,,,,
,,,,,238000,,,40.29475021362305,56.42644500732422,55.54271697998047,89.89151000976562,0.05306666666666667,0.003
,,,,,238512,177.44598,891,,,,,,
,,,,,238892,234.90527,380,,,,,,
,,,,,239000,,,36.05634307861328,54.31756591796875,53.545711517333984,142.91729736328125,0.052533333333333335,0.003
,,,,,239297,-40.10336,405,,,,,,
,,,,,239787,257.20007,490,,,,,,
105.64156,176.63524,307.26346,-86.52276,641.9,240000,,,32.700923919677734,59.51134490966797,58.783599853515625,112.5489501953125,0.052000000000000005,0.003
,,,,,240338,201.0505,551,,,,,,
,,,,,240689,250.011,351,,,,,,
,,,,,241000,,,9.704858779907227,57.09421920776367,56.249794006347656,36.9968147277832,0.05146666666666667,0.003
,,,,,241224,244.68967,535,,,,,,
,,,,,242000,,,92.53679656982422,60.02772521972656,60.28497314453125,59.207698822021484,0.050933333333333344,0.003
,,,,,242224,115.04348,1000,,,,,,
,,,,,242729,222.29904,505,,,,,,
,,,,,243000,,,5.899378776550293,60.14155578613281,60.10609436035156,31.470380783081055,0.05040000000000001,0.003
,,,,,243199,221.06372,470,,,,,,
,,,,,243596,7.682358,397,,,,,,
,,,,,244000,,,11.00875473022461,64.81547546386719,64.3248291015625,66.20076751708984,0.04986666666666667,0.003
,,,,,244182,179.43066,586,,,,,,
,,,,,244990,171.56409,808,,,,,,
,,,,,245000,,,8.701050758361816,57.68814468383789,57.91553497314453,27.22330665588379,0.04933333333333334,0.003
,,,,,245428,253.27873,438,,,,,,
,,,,,245659,268.34238,231,,,,,,
,,,,,246000,,,12.430085182189941,64.15318298339844,64.00869750976562,46.911922454833984,0.0488,0.003
,,,,,246216,216.41394,557,,,,,,
,,,,,246551,271.06815,335,,,,,,
,,,,,247000,,,17.190534591674805,58.75569152832031,59.2199592590332,54.39100646972656,0.04826666666666667,0.003
,,,,,247184,201.54202,633,,,,,,
,,,,,247413,247.33244,229,,,,,,
,,,,,247777,222.24763,364,,,,,,
,,,,,248000,,,36.481502532958984,63.15747833251953,62.7310905456543,94.48580169677734,0.047733333333333336,0.003
,,,,,248680,91.77284,903,,,,,,
,,,,,249000,,,18.217269897460938,55.58924865722656,55.74647521972656,57.8550910949707,0.0472,0.003
,,,,,249633,241.85075,953,,,,,,
187.38474,120.89585,277.08414,-152.60548,394.2,250000,,,29.649320602416992,51.313236236572266,52.32490158081055,59.90360641479492,0.046666666666666676,0.003
,,,,,250016,241.28389,383,,,,,,
,,,,,250310,299.96573,294,,,,,,
,,,,,250785,214.08723,475,,,,,,
,,,,,251000,,,92.73501586914062,54.28364562988281,53.14105224609375,128.61090087890625,0.04613333333333334,0.003
,,,,,251516,229.81393,731,,,,,,
,,,,,251691,53.245316,175,,,,,,
,,,,,251988,271.347,297,,,,,,
,,,,,252000,,,5.987751007080078,61.61807632446289,61.35179901123047,23.68148422241211,0.0456,0.003
,,,,,252263,311.59903,275,,,,,,
,,,,,252816,212.57431,553,,,,,,
,,,,,253000,,,104.77045440673828,61.35021209716797,59.78459167480469,136.1740264892578,0.04506666666666667,0.003
,,,,,253811,92.01218,995,,,,,,
,,,,,254000,,,36.860198974609375,56.73051834106445,57.2809944152832,197.95950317382812,0.044533333333333334,0.003
,,,,,254700,233.47464,889,,,,,,
,,,,,255000,,,13.789566040039062,55.82042694091797,56.614158630371094,63.019317626953125,0.04400000000000001,0.003
,,,,,255352,236.6157,652,,,,,,
,,,,,255647,235.49176,295,,,,,,
,,,,,256000,,,7.687751770019531,55.63454818725586,55.19819259643555,29.121376037597656,0.043466666666666674,0.003
,,,,,256251,230.24657,604,,,,,,
,,,,,256561,269.0258,310,,,,,,
,,,,,257000,,,25.910625457763672,65.06936645507812,64.38593292236328,75.19085693359375,0.04293333333333334,0.003
,,,,,257177,249.78569,616,,,,,,
,,,,,257693,169.43274,516,,,,,,
,,,,,258000,,,17.87682342529297,63.00787353515625,63.339202880859375,85.8729248046875,0.04240000000000001,0.003
,,,,,258307,211.05016,614,,,,,,
,,,,,258848,215.96783,541,,,,,,
,,,,,259000,,,13.94099235534668,54.43315124511719,54.766021728515625,46.20280456542969,0.04186666666666667,0.003
,,,,,259094,272.15137,246,,,,,,
,,,,,259428,241.441,334,,,,,,
207.60498,84.33656,314.63324,-14.498512,403.6,260000,,,12.935140609741211,58.920597076416016,59.179481506347656,46.108436584472656,0.04133333333333334,0.003
,,,,,260087,195.49081,659,,,,,,
,,,,,260478,233.28455,391,,,,,,
,,,,,261000,,,7.572149276733398,60.83607482910156,61.23963928222656,29.950130462646484,0.0408,0.003
,,,,,261478,-32.135593,1000,,,,,,
,,,,,262000,,,18.83987045288086,52.830726623535156,54.0563850402832,91.960693359375,0.040266666666666666,0.003
,,,,,262478,68.94534,1000,,,,,,
,,,,,262984,223.22115,506,,,,,,
,,,,,263000,,,26.66047477722168,47.66209030151367,47.159664154052734,52.49997329711914,0.03973333333333334,0.003
,,,,,263361,239.64877,377,,,,,,
,,,,,264000,,,126.08585357666016,50.75295639038086,53.271156311035156,68.19615936279297,0.039200000000000006,0.003
,,,,,264123,152.87956,762,,,,,,
,,,,,264950,201.12567,827,,,,,,
,,,,,265000,,,27.9239501953125,50.10459899902344,51.20861053466797,54.170082092285156,0.03866666666666667,0.003
,,,,,265326,265.07275,376,,,,,,
,,,,,265650,288.29422,324,,,,,,
,,,,,266000,,,10.670016288757324,57.3529167175293,56.63557434082031,48.24192810058594,0.03813333333333334,0.003
,,,,,266278,299.2963,628,,,,,,
,,,,,267000,,,14.142378807067871,57.476173400878906,57.2769775390625,41.04770278930664,0.0376,0.003
,,,,,267278,-97.58935,1000,,,,,,
,,,,,267525,267.51117,247,,,,,,
,,,,,267639,-40.73979,114,,,,,,
,,,,,267914,-27.613708,275,,,,,,
,,,,,268000,,,17.777278900146484,62.08684539794922,62.0767822265625,72.60391235351562,0.03706666666666668,0.003
,,,,,268143,227.34274,229,,,,,,
,,,,,269000,,,16.287670135498047,50.87158966064453,50.549346923828125,54.705142974853516,0.036533333333333334,0.003
,,,,,269143,165.26402,1000,,,,,,
,,,,,269435,244.68259,292,,,,,,
,,,,,269654,-36.212387,219,,,,,,
,,,,,269814,26.298447,160,,,,,,
-103.010574,109.99817,214.06967,-221.98691,897.7,270000,,,27.523826599121094,58.529518127441406,58.356239318847656,57.33851623535156,0.036000000000000004,0.003
,,,,,270174,296.35645,360,,,,,,
,,,,,270392,250.35864,218,,,,,,
,,,,,271000,,,12.204545021057129,54.51123809814453,54.102783203125,75.61116790771484,0.035466666666666674,0.003
,,,,,271015,242.64268,623,,,,,,
,,,,,271203,-0.037231445,188,,,,,,
,,,,,271511,250.32768,308,,,,,,
,,,,,271625,40.296112,114,,,,,,
,,,,,271995,249.63525,370,,,,,,
,,,,,272000,,,16.08563232421875,46.816184997558594,46.78529739379883,51.529354095458984,0.03493333333333333,0.003
,,,,,272204,260.15472,209,,,,,,
,,,,,272573,283.526,369,,,,,,
,,,,,272828,234.46014,255,,,,,,
,,,,,273000,,,10.092676162719727,51.18954849243164,51.78099822998047,35.06728744506836,0.034400000000000014,0.003
,,,,,273267,238.24442,439,,,,,,
,,,,,273874,242.3817,607,,,,,,
,,,,,274000,,,8.371376037597656,60.19306564331055,60.37213897705078,33.31423568725586,0.03386666666666667,0.003
,,,,,274023,-142.89914,149,,,,,,
,,,,,274398,213.21243,375,,,,,,
,,,,,274658,-247.14429,260,,,,,,
,,,,,275000,,,8.533201217651367,56.50347137451172,57.508392333984375,43.016441345214844,0.03333333333333334,0.003
,,,,,275304,157.42151,646,,,,,,
,,,,,275586,260.70605,282,,,,,,
,,,,,275951,261.55417,365,,,,,,
,,,,,276000,,,12.300328254699707,56.92662811279297,57.36627960205078,69.57952117919922,0.03280000000000001,0.003
,,,,,276133,222.36847,182,,,,,,
,,,,,276584,252.92645,451,,,,,,
,,,,,277000,,,10.602078437805176,38.297935485839844,37.988197326660156,33.647945404052734,0.032266666666666666,0.003
,,,,,277135,208.38959,551,,,,,,
,,,,,277440,253.7179,305,,,,,,
,,,,,277742,279.7024,302,,,,,,
,,,,,278000,,,121.86165618896484,60.186363220214844,58.578460693359375,68.5136947631836,0.031733333333333336,0.003
,,,,,278147,242.15707,405,,,,,,
,,,,,278495,281.77667,348,,,,,,
,,,,,278773,269.94604,278,,,,,,
,,,,,279000,,,56.97149658203125,61.898658752441406,63.69868087768555,202.78164672851562,0.031200000000000006,0.003
,,,,,279075,269.35645,302,,,,,,
,,,,,279522,252.48322,447,,,,,,
255.36836,23.585562,295.0689,228.49174,219.8,280000,,,26.819442749023438,46.792930603027344,46.149078369140625,47.82508850097656,0.03066666666666666,0.003
,,,,,280522,14.88706,1000,,,,,,
,,,,,280796,261.1125,274,,,,,,
,,,,,281000,,,8.96554183959961,50.251136779785156,50.084999084472656,27.426054000854492,0.030133333333333345,0.003
,,,,,281392,231.13116,596,,,,,,
,,,,,281911,260.20163,519,,,,,,
,,,,,282000,,,9.897937774658203,44.19457244873047,44.483829498291016,79.06604766845703,0.0296,0.003
,,,,,282191,272.92242,280,,,,,,
,,,,,282430,180.4487,239,,,,,,
,,,,,282854,259.12042,424,,,,,,
,,,,,283000,,,9.306990623474121,60.666358947753906,60.97449493408203,42.27815246582031,0.02906666666666667,0.003
,,,,,283109,18.714142,255,,,,,,
,,,,,283673,279.17102,564,,,,,,
,,,,,283935,234.31627,262,,,,,,
,,,,,284000,,,16.965389251708984,50.03599166870117,50.04441833496094,63.99129104614258,0.02853333333333334,0.003
,,,,,284560,221.94391,625,,,,,,
,,,,,285000,,,18.720733642578125,38.252479553222656,37.379520416259766,32.459381103515625,0.027999999999999997,0.003
,,,,,285468,247.57272,908,,,,,,
,,,,,285682,229.802,214,,,,,,
,,,,,286000,,,49.8392333984375,62.712501525878906,62.88340759277344,73.94400024414062,0.02746666666666668,0.003
,,,,,286033,237.84013,351,,,,,,
,,,,,287000,,,28.557777404785156,42.17134475708008,41.12384033203125,62.96820831298828,0.026933333333333337,0.003
,,,,,287033,63.062897,1000,,,,,,
,,,,,287382,248.04257,349,,,,,,
,,,,,287524,18.148651,142,,,,,,
,,,,,288000,,,15.326894760131836,53.31230926513672,53.60716247558594,43.0245246887207,0.026400000000000007,0.003
,,,,,288022,191.89627,498,,,,,,
,,,,,288281,272.0823,259,,,,,,
,,,,,288601,177.02032,320,,,,,,
,,,,,289000,,,7.213773250579834,58.09381103515625,58.17366027832031,22.90959358215332,0.025866666666666677,0.003
,,,,,289033,240.33244,432,,,,,,
,,,,,289272,270.88068,239,,,,,,
,,,,,289504,264.07092,232,,,,,,
73.70509,135.78186,255.24457,-61.916386,805.1,290000,,,5.8637166023254395,49.175193786621094,49.363853454589844,23.608177185058594,0.025333333333333333,0.003
,,,,,290148,237.40228,644,,,,,,
,,,,,290574,244.49042,426,,,,,,
,,,,,290883,251.75497,309,,,,,,
,,,,,291000,,,10.797451972961426,51.038246154785156,51.537750244140625,40.278221130371094,0.024800000000000003,0.003
,,,,,291215,257.52344,332,,,,,,
,,,,,291325,2.9506302,110,,,,,,
,,,,,291934,185.9624,609,,,,,,
,,,,,292000,,,11.20635986328125,48.52614974975586,48.149810791015625,64.4237060546875,0.024266666666666672,0.003
,,,,,292231,239.6731,297,,,,,,
,,,,,292862,235.75044,631,,,,,,
,,,,,293000,,,12.001870155334473,56.439735412597656,56.70648193359375,32.423763275146484,0.02373333333333333,0.003
,,,,,293314,268.23035,452,,,,,,
,,,,,293836,242.90039,522,,,,,,
,,,,,294000,,,11.662595748901367,54.612361907958984,54.86824035644531,42.447574615478516,0.023200000000000012,0.003
,,,,,294097,268.95062,261,,,,,,
,,,,,294412,230.75682,315,,,,,,
,,,,,295000,,,18.37419319152832,44.784786224365234,44.835548400878906,125.88262939453125,0.02266666666666667,0.003
,,,,,295106,185.46918,694,,,,,,
,,,,,295286,232.0443,180,,,,,,
,,,,,295559,263.83728,273,,,,,,
,,,,,295790,246.14641,231,,,,,,
,,,,,296000,,,11.620843887329102,48.958595275878906,48.75849914550781,30.087907791137695,0.022133333333333338,0.003
,,,,,296225,232.66046,435,,,,,,
,,,,,296631,255.49501,406,,,,,,
,,,,,296740,39.440918,109,,,,,,
,,,,,297000,,,8.463438034057617,51.22925567626953,51.6435661315918,38.275787353515625,0.021600000000000008,0.003
,,,,,297740,3.1181695,1000,,,,,,
,,,,,297914,290.6114,174,,,,,,
,,,,,298000,,,18.6468505859375,53.52680587768555,53.17580032348633,41.55646896362305,0.021066666666666664,0.003
,,,,,298914,9.788175,1000,,,,,,
,,,,,299000,,,10.086917877197266,56.269283294677734,55.82548522949219,27.9334659576416,0.020533333333333334,0.003
,,,,,299240,230.98602,326,,,,,,
,,,,,299826,175.09085,586,,,,,,
183.7761,79.46939,260.61163,-9.7561455,649.9,300000,,,12.25381851196289,51.65980911254883,50.56256866455078,36.749046325683594,0.02,0.003
,,,,,300059,217.4314,233,,,,,,
,,,,,300896,-204.06154,837,,,,,,
,,,,,301000,,,8.164380073547363,51.76853942871094,52.01879119873047,50.352134704589844,0.02,0.003
,,,,,301164,224.07248,268,,,,,,
,,,,,301575,179.77783,411,,,,,,
,,,,,302000,,,14.610970497131348,54.066917419433594,53.661766052246094,47.34580993652344,0.02,0.003
,,,,,302289,178.07959,714,,,,,,
,,,,,302622,217.29865,333,,,,,,
,,,,,302811,260.464,189,,,,,,
,,,,,303000,,,10.560473442077637,50.299556732177734,49.996315002441406,34.33944320678711,0.02,0.003
,,,,,303561,261.99878,750,,,,,,
,,,,,303957,182.32278,396,,,,,,
,,,,,304000,,,11.833288192749023,45.48774719238281,45.63337707519531,32.548255920410156,0.02,0.003
,,,,,304220,235.41954,263,,,,,,
,,,,,304457,215.08553,237,,,,,,
,,,,,304649,227.75519,192,,,,,,
,,,,,304955,250.04344,306,,,,,,
,,,,,305000,,,121.01087951660156,49.077178955078125,51.65001678466797,58.095184326171875,0.02,0.003
,,,,,305246,-79.55501,291,,,,,,
,,,,,305702,280.1056,456,,,,,,
,,,,,305930,232.88321,228,,,,,,
,,,,,306000,,,21.282930374145508,54.075408935546875,52.98323440551758,27.17145347595215,0.02,0.003
,,,,,306030,-48.424347,100,,,,,,
,,,,,306113,29.559479,83,,,,,,
,,,,,306707,208.29327,594,,,,,,
,,,,,307000,,,6.29598331451416,46.75782012939453,47.03971862792969,26.263002395629883,0.02,0.003
,,,,,307016,228.84166,309,,,,,,
,,,,,307289,226.16582,273,,,,,,
,,,,,307415,46.409103,126,,,,,,
,,,,,307727,-92.965034,312,,,,,,
,,,,,308000,,,14.770777702331543,43.34424591064453,42.348358154296875,58.411170959472656,0.02,0.003
,,,,,308060,271.31897,333,,,,,,
,,,,,308526,245.36829,466,,,,,,
,,,,,308987,171.64055,461,,,,,,
,,,,,309000,,,122.76971435546875,42.088985443115234,43.09601593017578,59.116756439208984,0.02,0.003
,,,,,309440,251.98814,453,,,,,,
,,,,,309681,277.97952,241,,,,,,
100.49451,162.51936,253.34691,-245.53824,457.9,310000,,,16.53702163696289,52.58085250854492,51.61728286743164,50.890811920166016,0.02,0.003
,,,,,310623,228.45213,942,,,,,,
,,,,,310947,275.92145,324,,,,,,
,,,,,311000,,,7.036027908325195,35.37392044067383,34.86739730834961,35.38127517700195,0.02,0.003
,,,,,311211,-20.418327,264,,,,,,
,,,,,311593,-159.68474,382,,,,,,
,,,,,311868,265.46594,275,,,,,,
,,,,,312000,,,12.63847541809082,49.36334228515625,49.25691223144531,28.85709571838379,0.02,0.003
,,,,,312282,261.99677,414,,,,,,
,,,,,312577,-150.70241,295,,,,,,
,,,,,313000,,,22.739551544189453,52.19532775878906,52.73780059814453,70.95751190185547,0.02,0.003
,,,,,313275,159.70595,698,,,,,,
,,,,,313696,177.82599,421,,,,,,
,,,,,314000,,,15.52745246887207,48.12494659423828,47.6968879699707,41.462459564208984,0.02,0.003
,,,,,314063,262.05087,367,,,,,,
,,,,,314711,-180.07947,648,,,,,,
,,,,,315000,,,10.393484115600586,60.028533935546875,59.91533279418945,28.26095962524414,0.02,0.003
,,,,,315244,234.73611,533,,,,,,
,,,,,315669,227.19339,425,,,,,,
,,,,,316000,,,8.626699447631836,61.4543342590332,61.624420166015625,31.414663314819336,0.02,0.003
,,,,,316207,189.57428,538,,,,,,
,,,,,317000,,,7.622598171234131,62.123321533203125,61.77002716064453,43.88542556762695,0.02,0.003
,,,,,317064,137.2408,857,,,,,,
,,,,,317518,227.63095,454,,,,,,
,,,,,317897,234.08565,379,,,,,,
,,,,,318000,,,12.147132873535156,47.62763595581055,47.14861297607422,61.0426025390625,0.02,0.003
,,,,,318285,272.89886,388,,,,,,
,,,,,318393,69.80591,108,,,,,,
,,,,,318717,258.7868,324,,,,,,
,,,,,318983,198.7511,266,,,,,,
,,,,,319000,,,15.006797790527344,50.266517639160156,49.884742736816406,46.35755920410156,0.02,0.003
,,,,,319292,257.73062,309,,,,,,
,,,,,319591,-36.907036,299,,,,,,
,,,,,319899,246.02367,308,,,,,,
193.76572,70.7685,291.17926,14.7782135,249.8,320000,,,12.95504093170166,44.163490295410156,45.03704833984375,44.46284103393555,0.02,0.003
,,,,,320127,280.02545,228,,,,,,
,,,,,320403,246.64372,276,,,,,,
,,,,,320887,184.54877,484,,,,,,
,,,,,321000,,,14.910443305969238,54.71141052246094,54.102638244628906,28.73768424987793,0.02,0.003
,,,,,321392,249.89635,505,,,,,,
,,,,,321970,256.71634,578,,,,,,
,,,,,322000,,,10.972622871398926,52.18971633911133,53.5284423828125,45.12619400024414,0.02,0.003
,,,,,322235,255.47339,265,,,,,,
,,,,,322480,-134.40114,245,,,,,,
,,,,,323000,,,14.84702205657959,49.223480224609375,49.382972717285156,38.29135513305664,0.02,0.003
,,,,,323480,67.640686,1000,,,,,,
,,,,,323593,-8.007233,113,,,,,,
,,,,,324000,,,26.58448028564453,54.11588668823242,54.26561737060547,80.70658111572266,0.02,0.003
,,,,,324140,206.08089,547,,,,,,
,,,,,324642,271.8589,502,,,,,,
,,,,,324989,272.62616,347,,,,,,
,,,,,325000,,,6.442082405090332,47.574424743652344,47.24322509765625,27.47833251953125,0.02,0.003
,,,,,325654,202.19052,665,,,,,,
,,,,,325980,277.51373,326,,,,,,
,,,,,326000,,,20.822635650634766,56.092529296875,56.73181915283203,67.1255111694336,0.02,0.003
,,,,,326400,260.90717,420,,,,,,
,,,,,326650,23.407455,250,,,,,,
,,,,,327000,,,20.020469665527344,60.45095443725586,59.310821533203125,61.24449157714844,0.02,0.003
,,,,,327158,192.72256,508,,,,,,
,,,,,327519,275.91827,361,,,,,,
,,,,,327647,21.486023,128,,,,,,
,,,,,327758,-25.35804,111,,,,,,
,,,,,328000,,,12.956476211547852,55.18128967285156,55.27678680419922,41.57985305786133,0.02,0.003
,,,,,328193,171.95189,435,,,,,,
,,,,,328355,-17.197784,162,,,,,,
,,,,,328747,312.40137,392,,,,,,
,,,,,329000,,,8.712217330932617,60.74944305419922,60.05000686645508,36.009033203125,0.02,0.003
,,,,,329067,266.0281,320,,,,,,
,,,,,329632,245.9053,565,,,,,,
16.1842,147.27237,242.41217,-176.43668,303.5,330000,,,8.436497688293457,53.54801940917969,53.333858489990234,26.292936325073242,0.02,0.003
,,,,,330106,287.12903,474,,,,,,
,,,,,330440,286.17944,334,,,,,,
,,,,,330897,209.35327,457,,,,,,
,,,,,331000,,,12.596299171447754,53.438201904296875,53.34918975830078,32.939697265625,0.02,0.003
,,,,,331498,233.66078,601,,,,,,
,,,,,332000,,,14.582490921020508,45.72403335571289,45.04852294921875,33.13299560546875,0.02,0.003
,,,,,332008,-59.833035,510,,,,,,
,,,,,332487,240.44066,479,,,,,,
,,,,,333000,,,113.11091613769531,53.96672821044922,54.71025848388672,65.78357696533203,0.02,0.003
,,,,,333058,279.29153,571,,,,,,
,,,,,333449,244.16508,391,,,,,,
,,,,,334000,,,25.7148494720459,54.01539611816406,53.88938903808594,61.93678283691406,0.02,0.003
,,,,,334126,182.9932,677,,,,,,
,,,,,334471,194.11118,345,,,,,,
,,,,,334600,50.702362,129,,,,,,
,,,,,334915,235.73999,315,,,,,,
,,,,,335000,,,12.336786270141602,51.49702835083008,51.84177017211914,55.06294250488281,0.02,0.003
,,,,,335167,264.20813,252,,,,,,
,,,,,335571,-137.73836,404,,,,,,
,,,,,335917,279.51694,346,,,,,,
,,,,,336000,,,19.40121841430664,46.517311096191406,46.804603576660156,42.191429138183594,0.02,0.003
,,,,,336372,205.75116,455,,,,,,
,,,,,336732,200.28143,360,,,,,,
,,,,,336965,233.59381,233,,,,,,
,,,,,337000,,,8.276838302612305,54.37882995605469,54.52162170410156,30.958145141601562,0.02,0.003
,,,,,337370,-116.34684,405,,,,,,
,,,,,337643,269.98682,273,,,,,,
,,,,,338000,,,54.97948455810547,45.70901870727539,44.95288848876953,449.9421081542969,0.02,0.003
,,,,,338320,258.91635,677,,,,,,
,,,,,338687,-80.343796,367,,,,,,
,,,,,338837,4.060768,150,,,,,,
,,,,,339000,,,15.480481147766113,48.94783020019531,48.686248779296875,42.66680908203125,0.02,0.003
,,,,,339361,198.0645,524,,,,,,
,,,,,339617,224.87051,256,,,,,,
-147.2194,118.47552,3.5879974,-349.6186,675.0,340000,,,10.35317611694336,55.258304595947266,55.28270721435547,32.9481315612793,0.02,0.003
,,,,,340617,-11.189959,1000,,,,,,
,,,,,341000,,,10.40860366821289,48.047157287597656,48.29210662841797,35.5189323425293,0.02,0.003
,,,,,341087,237.55899,470,,,,,,
,,,,,341518,214.69664,431,,,,,,
,,,,,342000,,,9.41779899597168,57.44001388549805,57.991310119628906,26.079748153686523,0.02,0.003
,,,,,342164,240.1251,646,,,,,,
,,,,,342554,274.50104,390,,,,,,
,,,,,343000,,,9.474418640136719,52.68824768066406,53.191131591796875,47.82514572143555,0.02,0.003
,,,,,343554,-67.58835,1000,,,,,,
,,,,,343666,-47.754257,112,,,,,,
,,,,,344000,,,115.51570892333984,53.669677734375,55.92355728149414,50.78310012817383,0.02,0.003
,,,,,344015,224.77753,349,,,,,,
,,,,,344498,224.43106,483,,,,,,
,,,,,345000,,,15.692228317260742,49.98782730102539,50.34941864013672,54.76780700683594,0.02,0.003
,,,,,345273,138.04881,775,,,,,,
,,,,,345728,215.43152,455,,,,,,
,,,,,346000,,,15.228309631347656,50.966957092285156,51.553123474121094,52.94690704345703,0.02,0.003
,,,,,346728,-74.13653,1000,,,,,,
,,,,,347000,,,23.931278228759766,45.732383728027344,45.302738189697266,72.08436584472656,0.02,0.003
,,,,,347225,248.73534,497,,,,,,
,,,,,347417,266.7569,192,,,,,,
,,,,,347628,169.66371,211,,,,,,
,,,,,347937,-76.39613,309,,,,,,
,,,,,348000,,,4.444894313812256,51.122337341308594,51.02296447753906,13.585214614868164,0.02,0.003
,,,,,348310,-119.634544,373,,,,,,
,,,,,348688,206.7143,378,,,,,,
,,,,,349000,,,10.128216743469238,50.542789459228516,50.442195892333984,44.84585952758789,0.02,0.003
,,,,,349688,25.330519,1000,,,,,,
-28.722721,200.67747,273.69284,-239.52484,290.2,350000,,,7.603704929351807,52.92831039428711,52.86439514160156,42.51945877075195,0.02,0.003
,,,,,350210,169.16866,522,,,,,,
,,,,,350807,265.14685,597,,,,,,
,,,,,351000,,,27.2228946685791,45.18781280517578,45.524620056152344,35.81920623779297,0.02,0.003
,,,,,351001,264.22864,194,,,,,,
,,,,,351390,277.53253,389,,,,,,
,,,,,351664,259.5489,274,,,,,,
,,,,,352000,,,113.36153411865234,46.46631622314453,47.68286895751953,145.7669677734375,0.02,0.003
,,,,,352057,239.1418,393,,,,,,
,,,,,352631,293.8495,574,,,,,,
,,,,,352894,250.96004,263,,,,,,
,,,,,353000,,,135.27975463867188,50.84153747558594,48.607032775878906,75.9468994140625,0.02,0.003
,,,,,353114,255.165,220,,,,,,
,,,,,353218,11.9328,104,,,,,,
,,,,,353446,266.8822,228,,,,,,
,,,,,353936,264.90485,490,,,,,,
,,,,,354000,,,9.639286041259766,50.55457305908203,49.7923583984375,27.52344512939453,0.02,0.003
,,,,,354029,60.610306,93,,,,,,
,,,,,354425,209.28195,396,,,,,,
,,,,,354805,181.01282,380,,,,,,
,,,,,355000,,,11.895191192626953,39.53490447998047,38.59510803222656,28.098329544067383,0.02,0.003
,,,,,355102,305.12582,297,,,,,,
,,,,,355433,264.989,331,,,,,,
,,,,,355883,-167.33765,450,,,,,,
,,,,,356000,,,5.3846282958984375,50.90794372558594,50.95379638671875,25.53981590270996,0.02,0.003
,,,,,356187,233.40376,304,,,,,,
,,,,,356589,274.24475,402,,,,,,
,,,,,356861,260.34296,272,,,,,,
,,,,,357000,,,17.864002227783203,43.34954833984375,43.14606857299805,27.623292922973633,0.02,0.003
,,,,,357152,236.53508,291,,,,,,
,,,,,357753,255.77185,601,,,,,,
,,,,,357971,269.96735,218,,,,,,
,,,,,358000,,,9.812257766723633,47.583412170410156,47.786041259765625,31.82725715637207,0.02,0.003
,,,,,358160,-16.884727,189,,,,,,
,,,,,358728,235.53304,568,,,,,,
,,,,,359000,,,17.31455421447754,44.62617874145508,45.342613220214844,46.97557067871094,0.02,0.003
,,,,,359148,275.896,420,,,,,,
,,,,,359609,275.31976,461,,,,,,
,,,,,359835,233.7471,226,,,,,,
63.40266,153.34433,233.13022,-203.43202,240.1,360000,,,7.207910537719727,42.074119567871094,42.3770866394043,33.51742172241211,0.02,0.003
,,,,,360031,271.20358,196,,,,,,
,,,,,360675,-63.40575,644,,,,,,
,,,,,361000,,,32.39227294921875,47.40291213989258,46.489112854003906,102.3866195678711,0.02,0.003
,,,,,361005,176.62085,330,,,,,,
,,,,,362000,,,16.351707458496094,46.15082931518555,46.082000732421875,52.624114990234375,0.02,0.003
,,,,,362005,60.97007,1000,,,,,,
,,,,,362262,200.56711,257,,,,,,
,,,,,362375,43.513,113,,,,,,
,,,,,362953,145.3222,578,,,,,,
,,,,,363000,,,14.112798690795898,52.59783172607422,52.977203369140625,41.73189926147461,0.02,0.003
,,,,,363054,59.04979,101,,,,,,
,,,,,363352,212.8382,298,,,,,,
,,,,,363852,169.996,500,,,,,,
,,,,,363957,42.466736,105,,,,,,
,,,,,364000,,,8.523904800415039,52.1407470703125,51.517860412597656,29.08400535583496,0.02,0.003
,,,,,364289,249.98334,332,,,,,,
,,,,,364377,-28.90879,88,,,,,,
,,,,,364729,249.63391,352,,,,,,
,,,,,365000,,,12.112517356872559,44.085514068603516,45.050567626953125,43.32029724121094,0.02,0.003
,,,,,365118,141.03171,389,,,,,,
,,,,,365623,238.90265,505,,,,,,
,,,,,365959,286.84784,336,,,,,,
,,,,,366000,,,12.560029983520508,53.62497329711914,53.8814582824707,43.188758850097656,0.02,0.003
,,,,,366296,-194.43509,337,,,,,,
,,,,,367000,,,11.110759735107422,44.259857177734375,44.34739685058594,30.90445327758789,0.02,0.003
,,,,,367195,155.85333,899,,,,,,
,,,,,367696,-201.26364,501,,,,,,
,,,,,367971,270.14093,275,,,,,,
,,,,,368000,,,12.422164916992188,49.55870056152344,50.004798889160156,41.4528923034668,0.02,0.003
,,,,,368243,258.49106,272,,,,,,
,,,,,368549,248.068,306,,,,,,
,,,,,369000,,,30.971342086791992,43.633846282958984,43.670230865478516,60.411380767822266,0.02,0.003
,,,,,369274,262.3282,725,,,,,,
,,,,,369583,198.54082,309,,,,,,
,,,,,369838,296.63602,255,,,,,,
-35.008316,120.981705,199.10123,-190.42213,442.9,370000,,,45.1872673034668,46.891536712646484,47.256431579589844,59.79747772216797,0.02,0.003
,,,,,370838,-55.529823,1000,,,,,,
,,,,,371000,,,17.630878448486328,48.91091537475586,48.60276412963867,46.99333190917969,0.02,0.003
,,,,,371838,108.07571,1000,,,,,,
,,,,,372000,,,11.535895347595215,47.92546463012695,48.668495178222656,41.05414962768555,0.02,0.003
,,,,,372181,243.14832,343,,,,,,
,,,,,372572,261.66895,391,,,,,,
,,,,,372715,-12.0082855,143,,,,,,
,,,,,372963,250.308,248,,,,,,
,,,,,373000,,,13.61915397644043,41.73577117919922,41.717952728271484,37.46327590942383,0.02,0.003
,,,,,373103,21.044838,140,,,,,,
,,,,,373364,208.72562,261,,,,,,
,,,,,373862,219.8227,498,,,,,,
,,,,,374000,,,10.521499633789062,46.49143981933594,46.79985427856445,21.385765075683594,0.02,0.003
,,,,,374138,265.63898,276,,,,,,
,,,,,374389,259.4237,251,,,,,,
,,,,,374686,241.66608,297,,,,,,
,,,,,374945,215.50269,259,,,,,,
,,,,,375000,,,21.99998664855957,51.65804672241211,51.51014709472656,47.01338195800781,0.02,0.003
,,,,,375923,137.03479,978,,,,,,
,,,,,376000,,,5.762673377990723,55.67753601074219,55.29181671142578,21.606849670410156,0.02,0.003
,,,,,376373,219.07399,450,,,,,,
,,,,,376714,230.97336,341,,,,,,
,,,,,377000,,,11.881518363952637,53.25436019897461,53.24759292602539,31.421354293823242,0.02,0.003
,,,,,377290,209.25134,576,,,,,,
,,,,,377669,201.84927,379,,,,,,
,,,,,378000,,,10.115217208862305,46.3525276184082,46.26014709472656,29.091197967529297,0.02,0.003
,,,,,378669,-32.17953,1000,,,,,,
,,,,,379000,,,12.197858810424805,46.97788619995117,45.9144401550293,92.62254333496094,0.02,0.003
,,,,,379058,284.95782,389,,,,,,
,,,,,379735,103.63575,677,,,,,,
87.15068,117.73354,239.21976,-86.55591,443.0,380000,,,8.41066837310791,44.24437713623047,45.082069396972656,31.420658111572266,0.02,0.003
,,,,,380735,25.720905,1000,,,,,,
,,,,,380987,244.31158,252,,,,,,
,,,,,381000,,,6.969876289367676,47.716644287109375,47.5543327331543,21.39801597595215,0.02,0.003
,,,,,381626,179.01657,639,,,,,,
,,,,,381986,181.12099,360,,,,,,
,,,,,382000,,,12.127735137939453,55.78177261352539,56.18864440917969,55.138427734375,0.02,0.003
,,,,,382508,221.60664,522,,,,,,
,,,,,382785,250.6255,277,,,,,,
,,,,,382993,-195.30885,208,,,,,,
,,,,,383000,,,13.567290306091309,50.770851135253906,51.076202392578125,50.20029067993164,0.02,0.003
,,,,,383364,230.62675,371,,,,,,
,,,,,384000,,,6.725975513458252,48.56706237792969,48.398780822753906,19.090599060058594,0.02,0.003
,,,,,384364,-2.8091702,1000,,,,,,
,,,,,385000,,,18.930599212646484,38.49958419799805,39.4180908203125,58.657108306884766,0.02,0.003
,,,,,385113,111.950836,749,,,,,,
,,,,,385458,252.6336,345,,,,,,
,,,,,385737,238.09636,279,,,,,,
,,,,,386000,,,88.31463623046875,54.483421325683594,55.87580871582031,80.32237243652344,0.02,0.003
,,,,,386170,231.05177,433,,,,,,
,,,,,386652,243.9353,482,,,,,,
,,,,,387000,,,151.69677734375,50.87449264526367,53.29550552368164,54.75054931640625,0.02,0.003
,,,,,387074,-223.42546,422,,,,,,
,,,,,387562,212.23824,488,,,,,,
,,,,,387729,43.995117,167,,,,,,
,,,,,388000,,,9.375691413879395,50.40509796142578,50.481788635253906,20.049043655395508,0.02,0.003
,,,,,388017,307.34198,288,,,,,,
,,,,,388451,238.14197,434,,,,,,
,,,,,389000,,,12.35009479522705,47.082740783691406,46.16498565673828,33.9401969909668,0.02,0.003
,,,,,389206,186.24652,755,,,,,,
,,,,,389615,266.4452,409,,,,,,
,,,,,389869,-162.72098,254,,,,,,
98.7724,141.42587,292.94968,-117.62963,239.3,390000,,,13.045839309692383,49.748863220214844,50.34728240966797,29.428611755371094,0.02,0.003
,,,,,390145,-153.78835,276,,,,,,
,,,,,390501,169.3583,356,,,,,,
,,,,,390722,272.36578,221,,,,,,
,,,,,390950,214.88696,228,,,,,,
,,,,,391000,,,15.89002799987793,50.39125061035156,51.00984573364258,51.284820556640625,0.02,0.003
,,,,,391134,282.3298,184,,,,,,
,,,,,391423,238.48743,289,,,,,,
,,,,,391679,212.64285,256,,,,,,
,,,,,392000,,,8.405477523803711,48.70667266845703,48.63684844970703,25.709367752075195,0.02,0.003
,,,,,392020,206.38892,341,,,,,,
,,,,,392238,-141.93643,218,,,,,,
,,,,,392437,278.16766,199,,,,,,
,,,,,392719,23.46286,282,,,,,,
,,,,,392985,237.76334,266,,,,,,
,,,,,393000,,,9.98093318939209,46.87666320800781,46.351539611816406,34.535484313964844,0.02,0.003
,,,,,393198,268.58658,213,,,,,,
,,,,,393684,164.94383,486,,,,,,
,,,,,394000,,,6.554998874664307,49.615753173828125,49.31953430175781,26.396272659301758,0.02,0.003
,,,,,394021,283.79108,337,,,,,,
,,,,,394547,289.17206,526,,,,,,
,,,,,394812,287.08105,265,,,,,,
,,,,,395000,,,18.7213134765625,53.18897247314453,52.83041000366211,35.108482360839844,0.02,0.003
,,,,,395144,256.79187,332,,,,,,
,,,,,395449,277.62668,305,,,,,,
,,,,,395823,229.6084,374,,,,,,
,,,,,396000,,,17.356037139892578,42.192726135253906,41.59083557128906,66.82051086425781,0.02,0.003
,,,,,396296,275.33658,473,,,,,,
,,,,,396493,254.31796,197,,,,,,
,,,,,396804,233.41989,311,,,,,,
,,,,,396992,-253.1772,188,,,,,,
,,,,,397000,,,8.831807136535645,50.39310836791992,50.90000915527344,25.495777130126953,0.02,0.003
,,,,,397187,3.1256485,195,,,,,,
,,,,,397603,242.3226,416,,,,,,
,,,,,397984,272.95422,381,,,,,,
,,,,,398000,,,19.10687255859375,42.396568298339844,42.6373176574707,37.0655632019043,0.02,0.003
,,,,,398220,237.6239,236,,,,,,
,,,,,398412,-206.23961,192,,,,,,
,,,,,398650,236.08073,238,,,,,,
,,,,,398977,257.28403,327,,,,,,
,,,,,399000,,,10.681129455566406,50.66371154785156,50.96806335449219,25.15202522277832,0.02,0.003
,,,,,399401,294.00037,424,,,,,,
,,,,,399587,253.77235,186,,,,,,
,,,,,399927,266.98483,340,,,,,,
92.94544,164.73053,233.80473,-236.03246,404.4,400000,,,9.786633491516113,48.43997573852539,48.15519714355469,31.380966186523438,0.02,0.003
,,,,,400355,258.63403,428,,,,,,
,,,,,400563,275.26465,208,,,,,,
,,,,,400895,270.16986,332,,,,,,
,,,,,401000,,,5.689916610717773,45.84280014038086,45.024925231933594,30.92184829711914,0.02,0.003
,,,,,401315,181.61203,420,,,,,,
,,,,,401940,177.5354,625,,,,,,
,,,,,402000,,,11.42458724975586,52.28221893310547,53.169612884521484,30.188312530517578,0.02,0.003
,,,,,402187,271.93332,247,,,,,,
,,,,,402483,275.99265,296,,,,,,
,,,,,402724,254.4835,241,,,,,,
,,,,,403000,,,9.785423278808594,51.54969024658203,52.04935073852539,36.07740783691406,0.02,0.003
,,,,,403014,232.40129,290,,,,,,
,,,,,403229,291.15045,215,,,,,,
,,,,,403569,262.4717,340,,,,,,
,,,,,404000,,,9.650456428527832,55.364620208740234,55.895469665527344,32.9055061340332,0.02,0.003
,,,,,404208,279.25806,639,,,,,,
,,,,,404470,275.09973,262,,,,,,
,,,,,404846,274.0548,376,,,,,,
,,,,,405000,,,17.1616268157959,52.73513412475586,52.54743194580078,53.189640045166016,0.02,0.003
,,,,,405217,-85.028,371,,,,,,
,,,,,405354,-18.60994,137,,,,,,
,,,,,405976,244.9685,622,,,,,,
,,,,,406000,,,14.821805953979492,45.93759536743164,46.00253677368164,28.10930633544922,0.02,0.003
,,,,,406370,250.09038,394,,,,,,
,,,,,406661,273.1006,291,,,,,,
,,,,,407000,,,11.678442001342773,46.7368049621582,45.79692077636719,23.98367691040039,0.02,0.003
,,,,,407024,244.53398,363,,,,,,
,,,,,407221,255.87439,197,,,,,,
,,,,,407457,275.8951,236,,,,,,
,,,,,407898,261.075,441,,,,,,
,,,,,408000,,,91.41569519042969,35.58013153076172,37.00799560546875,129.12905883789062,0.02,0.003
,,,,,408096,255.79855,198,,,,,,
,,,,,408281,280.65985,185,,,,,,
,,,,,408579,271.63593,298,,,,,,
,,,,,409000,,,46.332950592041016,43.98994445800781,42.82853317260742,99.97489166259766,0.02,0.003
,,,,,409570,244.09892,991,,,,,,
,,,,,409954,254.86296,384,,,,,,
194.34291,88.016396,250.53108,-59.748104,323.1,410000,,,3.992926597595215,49.92548370361328,50.01304626464844,20.491073608398438,0.02,0.003
,,,,,410365,231.34286,411,,,,,,
,,,,,410625,285.3014,260,,,,,,
,,,,,411000,,,198.26473999023438,46.36394500732422,49.374549865722656,109.63224029541016,0.02,0.003
,,,,,411016,240.10406,391,,,,,,
,,,,,411304,241.63979,288,,,,,,
,,,,,411467,252.35683,163,,,,,,
,,,,,412000,,,22.869556427001953,42.66136169433594,41.75309753417969,71.50154113769531,0.02,0.003
,,,,,412467,16.28433,1000,,,,,,
,,,,,412683,206.88641,216,,,,,,
,,,,,413000,,,34.29942321777344,54.17462158203125,54.73808288574219,116.96769714355469,0.02,0.003
,,,,,413449,190.67953,766,,,,,,
,,,,,413704,217.4036,255,,,,,,
,,,,,413924,248.79358,220,,,,,,
,,,,,414000,,,106.82029724121094,44.16809844970703,45.459388732910156,50.427833557128906,0.02,0.003
,,,,,414198,278.13367,274,,,,,,
,,,,,414511,219.72429,313,,,,,,
,,,,,414860,273.88623,349,,,,,,
,,,,,415000,,,60.73957824707031,52.254398345947266,50.82521057128906,68.34626007080078,0.02,0.003
,,,,,415187,276.80124,327,,,,,,
,,,,,415366,213.38977,179,,,,,,
,,,,,415668,255.30597,302,,,,,,
,,,,,415757,9.322823,89,,,,,,
,,,,,416000,,,17.876937866210938,44.805076599121094,44.6029052734375,64.78197479248047,0.02,0.003
,,,,,416143,225.91946,386,,,,,,
,,,,,416353,203.64252,210,,,,,,
,,,,,416661,256.32016,308,,,,,,
,,,,,417000,,,15.366005897521973,50.706077575683594,51.206336975097656,49.247589111328125,0.02,0.003
,,,,,417276,253.0368,615,,,,,,
,,,,,417619,175.90459,343,,,,,,
,,,,,417959,213.03764,340,,,,,,
,,,,,418000,,,5.369783401489258,50.41714096069336,50.12567138671875,26.387624740600586,0.02,0.003
,,,,,418452,137.36752,493,,,,,,
,,,,,418565,-0.13023376,113,,,,,,
,,,,,419000,,,9.186826705932617,44.460750579833984,44.42442321777344,29.28192901611328,0.02,0.003
,,,,,419030,231.22617,465,,,,,,
,,,,,419253,267.63055,223,,,,,,
,,,,,419527,274.09857,274,,,,,,
,,,,,419646,-45.910427,119,,,,,,
246.9952,30.097393,289.7367,196.72952,315.6,420000,,,8.652929306030273,49.17844009399414,49.687156677246094,26.15111541748047,0.02,0.003
,,,,,420034,277.75214,388,,,,,,
,,,,,420604,297.0958,570,,,,,,
,,,,,420923,272.18817,319,,,,,,
,,,,,421000,,,12.37880802154541,51.140296936035156,51.220115661621094,20.23056411743164,0.02,0.003
,,,,,421275,273.26096,352,,,,,,
,,,,,421633,252.10062,358,,,,,,
,,,,,422000,,,18.9293212890625,44.243408203125,44.00784683227539,35.56494903564453,0.02,0.003
,,,,,422017,292.42517,384,,,,,,
,,,,,422381,294.1604,364,,,,,,
,,,,,422740,254.26602,359,,,,,,
,,,,,422979,225.5734,239,,,,,,
,,,,,423000,,,8.217325210571289,44.7721061706543,45.07752990722656,21.46333885192871,0.02,0.003
,,,,,423274,291.85553,295,,,,,,
,,,,,423557,295.5274,283,,,,,,
,,,,,424000,,,4.234179496765137,50.04882049560547,49.584312438964844,14.566545486450195,0.02,0.003
,,,,,424032,229.31421,475,,,,,,
,,,,,424281,266.8244,249,,,,,,
,,,,,424624,235.88596,343,,,,,,
,,,,,424745,-3.7561417,121,,,,,,
,,,,,425000,,,6.519702911376953,48.33271026611328,47.73767852783203,40.14078903198242,0.02,0.003
,,,,,425038,-139.28998,293,,,,,,
,,,,,425167,-112.52841,129,,,,,,
,,,,,425707,287.06442,540,,,,,,
,,,,,425988,264.78082,281,,,,,,
,,,,,426000,,,30.024520874023438,41.41265869140625,42.095123291015625,149.85540771484375,0.02,0.003
,,,,,426360,306.64813,372,,,,,,
,,,,,426567,235.61746,207,,,,,,
,,,,,426791,254.0011,224,,,,,,
,,,,,427000,,,129.52032470703125,43.65471649169922,43.62812042236328,179.99757385253906,0.02,0.003
,,,,,427791,-0.7449219,1000,,,,,,
,,,,,428000,,,76.64673614501953,43.05495834350586,44.11949920654297,86.54473114013672,0.02,0.003
,,,,,428058,271.30902,267,,,,,,
,,,,,428275,246.53355,217,,,,,,
,,,,,428682,236.9079,407,,,,,,
,,,,,428908,257.98584,226,,,,,,
,,,,,429000,,,6.010149002075195,46.40880584716797,46.42119216918945,20.722463607788086,0.02,0.003
,,,,,429081,256.73807,173,,,,,,
,,,,,429397,319.53278,316,,,,,,
,,,,,429788,184.11148,391,,,,,,
211.60074,63.841743,277.26492,35.157684,263.2,430000,,,8.662939071655273,47.61964797973633,46.869178771972656,29.685617446899414,0.02,0.003
,,,,,430123,197.67538,335,,,,,,
,,,,,430500,197.55069,377,,,,,,
,,,,,430815,235.87901,315,,,,,,
,,,,,431000,,,331.57666015625,46.73126220703125,48.972686767578125,153.1197967529297,0.02,0.003
,,,,,431273,230.47554,458,,,,,,
,,,,,431677,305.70197,404,,,,,,
,,,,,432000,,,16.179889678955078,52.16035079956055,51.252540588378906,67.26819610595703,0.02,0.003
,,,,,432019,264.55627,342,,,,,,
,,,,,432274,228.93373,255,,,,,,
,,,,,432510,271.51837,236,,,,,,
,,,,,432763,223.64668,253,,,,,,
,,,,,433000,,,4.745116233825684,48.81938934326172,48.72892761230469,16.851091384887695,0.02,0.003
,,,,,433013,225.47974,250,,,,,,
,,,,,433499,150.33488,486,,,,,,
,,,,,433932,238.38474,433,,,,,,
,,,,,434000,,,10.869948387145996,47.51366424560547,47.827396392822266,50.622135162353516,0.02,0.003
,,,,,434854,254.21599,922,,,,,,
,,,,,435000,,,5.184379577636719,53.93000793457031,53.89295959472656,19.689577102661133,0.02,0.003
,,,,,435212,252.36464,358,,,,,,
,,,,,436000,,,7.109361171722412,58.84294891357422,58.90853500366211,22.379051208496094,0.02,0.003
,,,,,436137,147.78415,925,,,,,,
,,,,,436258,15.039787,121,,,,,,
,,,,,436518,298.847,260,,,,,,
,,,,,436628,40.647507,110,,,,,,
,,,,,436858,238.39735,230,,,,,,
,,,,,437000,,,12.682145118713379,45.989158630371094,45.59994125366211,56.05276870727539,0.02,0.003
,,,,,437220,271.59045,362,,,,,,
,,,,,437835,302.27316,615,,,,,,
,,,,,438000,,,27.007020950317383,53.780906677246094,54.12264633178711,104.84764099121094,0.02,0.003
,,,,,438041,256.31894,206,,,,,,
,,,,,438301,245.98947,260,,,,,,
,,,,,438758,255.14188,457,,,,,,
,,,,,438907,269.90024,149,,,,,,
,,,,,439000,,,25.271326065063477,53.16295623779297,53.31945037841797,97.28858947753906,0.02,0.003
,,,,,439177,313.97235,270,,,,,,
,,,,,439483,196.58145,306,,,,,,
,,,,,439730,213.57118,247,,,,,,
,,,,,439976,262.82654,246,,,,,,
65.91073,191.53749,305.00558,-152.13074,279.2,440000,,,6.640902996063232,50.722469329833984,50.65198516845703,22.98741912841797,0.02,0.003
,,,,,440103,32.602234,127,,,,,,
,,,,,440474,277.09085,371,,,,,,
,,,,,440763,311.84415,289,,,,,,
,,,,,441000,,,40.26237869262695,50.018638610839844,49.6108283996582,99.32746124267578,0.02,0.003
,,,,,441023,263.44162,260,,,,,,
,,,,,441411,201.68044,388,,,,,,
,,,,,441778,274.1573,367,,,,,,
,,,,,441953,292.4037,175,,,,,,
,,,,,442000,,,5.784550666809082,51.6733512878418,51.57502746582031,20.51449966430664,0.02,0.003
,,,,,442591,177.53937,638,,,,,,
,,,,,443000,,,85.62730407714844,45.53136444091797,46.78472900390625,72.34503936767578,0.02,0.003
,,,,,443096,206.20285,505,,,,,,
,,,,,443474,230.26459,378,,,,,,
,,,,,443692,262.10526,218,,,,,,
,,,,,444000,,,6.095333099365234,51.12705993652344,51.35146713256836,22.514205932617188,0.02,0.003
,,,,,444058,174.59406,366,,,,,,
,,,,,444241,270.1907,183,,,,,,
,,,,,444626,240.18466,385,,,,,,
,,,,,444882,225.08026,256,,,,,,
,,,,,445000,,,20.190309524536133,51.458274841308594,50.63855743408203,56.52019500732422,0.02,0.003
,,,,,445253,235.78452,371,,,,,,
,,,,,445454,267.28668,201,,,,,,
,,,,,445837,241.74716,383,,,,,,
,,,,,446000,,,62.23606872558594,47.68270492553711,48.19868469238281,189.99993896484375,0.02,0.003
,,,,,446042,238.64516,205,,,,,,
,,,,,446332,285.0215,290,,,,,,
,,,,,446448,26.96595,116,,,,,,
,,,,,446699,241.21278,251,,,,,,
,,,,,446856,-10.913673,157,,,,,,
,,,,,447000,,,25.6527042388916,50.836483001708984,50.00923156738281,87.15312194824219,0.02,0.003
,,,,,447204,264.1059,348,,,,,,
,,,,,447477,246.54933,273,,,,,,
,,,,,447787,271.26517,310,,,,,,
,,,,,448000,,,14.782407760620117,50.426082611083984,50.90534591674805,41.07749557495117,0.02,0.003
,,,,,448112,-99.83206,325,,,,,,
,,,,,448412,266.60196,300,,,,,,
,,,,,448889,119.12535,477,,,,,,
,,,,,449000,,,9.296964645385742,53.78813934326172,54.127803802490234,36.78251266479492,0.02,0.003
,,,,,449106,-27.610008,217,,,,,,
,,,,,449444,257.79626,338,,,,,,
,,,,,449618,260.81323,174,,,,,,
231.79646,41.510593,304.28937,149.38124,257.9,450000,,,9.471351623535156,48.514739990234375,48.43937683105469,26.98825454711914,0.02,0.003
,,,,,450006,248.78508,388,,,,,,
,,,,,450440,188.59386,434,,,,,,
,,,,,450888,168.28969,448,,,,,,
,,,,,451000,,,8.822380065917969,49.58837127685547,49.935855865478516,66.12090301513672,0.02,0.003
,,,,,451888,6.777364,1000,,,,,,
,,,,,452000,,,25.698348999023438,45.79948425292969,45.91773986816406,180.49966430664062,0.02,0.003
,,,,,452208,249.03198,320,,,,,,
,,,,,452464,260.18402,256,,,,,,
,,,,,452810,245.7205,346,,,,,,
,,,,,453000,,,10.235468864440918,46.207183837890625,46.25349044799805,22.76498031616211,0.02,0.003
,,,,,453077,276.09647,267,,,,,,
,,,,,453525,169.51483,448,,,,,,
,,,,,453811,251.84961,286,,,,,,
,,,,,454000,,,18.067100524902344,56.5858154296875,56.35689926147461,53.417728424072266,0.02,0.003
,,,,,454322,226.46878,511,,,,,,
,,,,,454787,166.50037,465,,,,,,
,,,,,455000,,,6.562015056610107,51.97380828857422,52.156227111816406,20.635778427124023,0.02,0.003
,,,,,455036,281.54932,249,,,,,,
,,,,,455364,197.70906,328,,,,,,
,,,,,456000,,,14.699952125549316,55.75917434692383,54.699729919433594,38.42145538330078,0.02,0.003
,,,,,456176,-192.27557,812,,,,,,
,,,,,456467,246.59793,291,,,,,,
,,,,,456765,219.8132,298,,,,,,
,,,,,457000,,,17.171812057495117,48.019683837890625,48.39678955078125,33.17133712768555,0.02,0.003
,,,,,457398,182.01816,633,,,,,,
,,,,,457647,256.10394,249,,,,,,
,,,,,457899,295.35162,252,,,,,,
,,,,,458000,,,19.02202606201172,49.587398529052734,49.50133514404297,46.14020919799805,0.02,0.003
,,,,,458328,194.22421,429,,,,,,
,,,,,458583,248.59296,255,,,,,,
,,,,,458869,241.2476,286,,,,,,
,,,,,459000,,,5.939399719238281,53.27989196777344,52.96281051635742,16.255081176757812,0.02,0.003
,,,,,459447,283.88928,578,,,,,,
,,,,,459739,281.4126,292,,,,,,
,,,,,459951,-186.59578,212,,,,,,
118.07233,131.56372,263.3576,-87.00754,291.1,460000,,,9.537836074829102,43.57353591918945,44.21673583984375,30.90370750427246,0.02,0.003
,,,,,460760,199.15521,809,,,,,,
,,,,,460933,257.30072,173,,,,,,
,,,,,461000,,,7.433380126953125,56.212684631347656,55.6437873840332,35.02947235107422,0.02,0.003
,,,,,461176,298.54117,243,,,,,,
,,,,,461435,166.92812,259,,,,,,
,,,,,461754,237.88005,319,,,,,,
,,,,,462000,,,47.26868438720703,48.76757049560547,49.40691375732422,72.852783203125,0.02,0.003
,,,,,462299,-89.59261,545,,,,,,
,,,,,462544,240.11415,245,,,,,,
,,,,,463000,,,8.565899848937988,51.61954879760742,51.607635498046875,21.885292053222656,0.02,0.003
,,,,,463098,257.33722,554,,,,,,
,,,,,463321,251.80698,223,,,,,,
,,,,,463713,301.2678,392,,,,,,
,,,,,463910,277.96936,197,,,,,,
,,,,,464000,,,10.794113159179688,58.943912506103516,58.707767486572266,46.49983596801758,0.02,0.003
,,,,,464277,238.42725,367,,,,,,
,,,,,464897,173.51624,620,,,,,,
,,,,,465000,,,46.816280364990234,50.03563690185547,51.43534469604492,96.07831573486328,0.02,0.003
,,,,,465108,245.56372,211,,,,,,
,,,,,465293,278.06012,185,,,,,,
,,,,,465467,281.5434,174,,,,,,
,,,,,465843,199.91449,376,,,,,,
,,,,,466000,,,293.1109619140625,52.04606628417969,49.74443817138672,129.4164581298828,0.02,0.003
,,,,,466131,270.247,288,,,,,,
,,,,,466326,224.79575,195,,,,,,
,,,,,466775,206.06714,449,,,,,,
,,,,,467000,,,4.514952659606934,56.847198486328125,56.810951232910156,13.02418041229248,0.02,0.003
,,,,,467675,178.34549,900,,,,,,
,,,,,467856,288.2569,181,,,,,,
,,,,,468000,,,17.54449462890625,48.46989440917969,48.9174690246582,53.827640533447266,0.02,0.003
,,,,,468379,212.18674,523,,,,,,
,,,,,468821,-97.43662,442,,,,,,
,,,,,468960,-32.12165,139,,,,,,
,,,,,469000,,,92.24470520019531,47.72693634033203,48.54380416870117,49.56377410888672,0.02,0.003
,,,,,469239,263.18787,279,,,,,,
,,,,,469432,273.11087,193,,,,,,
,,,,,469772,254.82382,340,,,,,,
150.72772,140.13089,272.2458,-128.33441,373.2,470000,,,10.977567672729492,49.2556037902832,49.440834045410156,21.157995223999023,0.02,0.003
,,,,,470152,252.5425,380,,,,,,
,,,,,470817,213.98749,665,,,,,,
,,,,,470975,-87.877,158,,,,,,
,,,,,471000,,,103.81627655029297,48.060569763183594,50.19270706176758,55.947654724121094,0.02,0.003
,,,,,471493,157.5795,518,,,,,,
,,,,,472000,,,5.334230899810791,47.05042266845703,47.06367111206055,17.163970947265625,0.02,0.003
,,,,,472049,157.47836,556,,,,,,
,,,,,472436,261.24646,387,,,,,,
,,,,,472822,280.52362,386,,,,,,
,,,,,473000,,,6.824037551879883,40.64868927001953,40.07355880737305,24.303138732910156,0.02,0.003
,,,,,473603,211.07666,781,,,,,,
,,,,,473923,228.67621,320,,,,,,
,,,,,474000,,,24.698606491088867,54.02894592285156,54.407501220703125,35.58957290649414,0.02,0.003
,,,,,474322,227.16492,399,,,,,,
,,,,,474465,38.502792,143,,,,,,
,,,,,474733,247.04991,268,,,,,,
,,,,,474871,25.161491,138,,,,,,
,,,,,475000,,,13.346603393554688,50.013771057128906,49.489898681640625,31.386476516723633,0.02,0.003
,,,,,475023,284.03235,152,,,,,,
,,,,,475158,-20.075867,135,,,,,,
,,,,,476000,,,167.12054443359375,42.87868118286133,40.07383728027344,184.45391845703125,0.02,0.003
,,,,,476158,96.385,1000,,,,,,
,,,,,476636,183.31903,478,,,,,,
,,,,,476858,270.90204,222,,,,,,
,,,,,477000,,,13.287027359008789,45.873870849609375,45.646690368652344,29.510927200317383,0.02,0.003
,,,,,477424,286.6427,566,,,,,,
,,,,,478000,,,9.003586769104004,58.10936737060547,58.51184844970703,27.459957122802734,0.02,0.003
,,,,,478008,200.5281,584,,,,,,
,,,,,478285,182.74666,277,,,,,,
,,,,,478965,203.2015,680,,,,,,
,,,,,479000,,,9.934602737426758,58.752235412597656,58.54332733154297,31.893198013305664,0.02,0.003
,,,,,479237,296.99,272,,,,,,
177.7289,68.173454,241.6534,51.102715,616.3,480000,,,8.59786319732666,47.22997283935547,47.463958740234375,31.24944305419922,0.02,0.003
,,,,,480234,146.01144,997,,,,,,
,,,,,480923,264.58252,689,,,,,,
,,,,,481000,,,6.42990779876709,48.10296630859375,48.578216552734375,27.287260055541992,0.02,0.003
,,,,,481387,249.66353,464,,,,,,
,,,,,481657,285.48376,270,,,,,,
,,,,,482000,,,8.527069091796875,44.97000503540039,44.81305694580078,27.30087661743164,0.02,0.003
,,,,,482412,223.64417,755,,,,,,
,,,,,482759,231.17604,347,,,,,,
,,,,,483000,,,13.357934951782227,43.1109619140625,42.7244873046875,25.02138900756836,0.02,0.003
,,,,,483167,202.6152,408,,,,,,
,,,,,483367,287.1945,200,,,,,,
,,,,,483732,278.3875,365,,,,,,
,,,,,483872,-10.653641,140,,,,,,
,,,,,484000,,,14.014991760253906,48.595584869384766,48.87732696533203,45.6818733215332,0.02,0.003
,,,,,484265,186.39156,393,,,,,,
,,,,,484505,254.3414,240,,,,,,
,,,,,485000,,,16.224225997924805,47.78425598144531,48.84153366088867,43.61210632324219,0.02,0.003
,,,,,485231,212.78178,726,,,,,,
,,,,,486000,,,5.090770721435547,44.25401306152344,44.38035583496094,23.520875930786133,0.02,0.003
,,,,,486231,133.56876,1000,,,,,,
,,,,,486483,264.52847,252,,,,,,
,,,,,486674,206.5054,191,,,,,,
,,,,,486869,247.25641,195,,,,,,
,,,,,487000,,,8.566893577575684,49.535804748535156,49.689170837402344,15.170957565307617,0.02,0.003
,,,,,487374,171.17259,505,,,,,,
,,,,,487489,14.421394,115,,,,,,
,,,,,488000,,,12.020252227783203,48.3494987487793,47.88035202026367,21.460765838623047,0.02,0.003
,,,,,488044,208.57399,555,,,,,,
,,,,,488285,244.11473,241,,,,,,
,,,,,488775,190.66667,490,,,,,,
,,,,,488972,267.70496,197,,,,,,
,,,,,489000,,,7.502040386199951,48.61939239501953,48.83491516113281,18.416854858398438,0.02,0.003
,,,,,489972,137.42271,1000,,,,,,
181.7594,103.211266,297.1137,-13.834572,383.1,490000,,,10.389525413513184,49.26862335205078,49.25074005126953,24.533662796020508,0.02,0.003
,,,,,490185,-30.996284,213,,,,,,
,,,,,490674,179.81491,489,,,,,,
,,,,,491000,,,15.329119682312012,47.294803619384766,46.578556060791016,33.84499740600586,0.02,0.003
,,,,,491033,151.62689,359,,,,,,
,,,,,491146,43.009308,113,,,,,,
,,,,,491361,246.69466,215,,,,,,
,,,,,492000,,,9.557861328125,50.35874557495117,50.33985900878906,30.947330474853516,0.02,0.003
,,,,,492066,-173.56192,705,,,,,,
,,,,,492528,234.99333,462,,,,,,
,,,,,492681,37.329712,153,,,,,,
,,,,,492828,18.100296,147,,,,,,
,,,,,493000,,,9.548616409301758,42.748130798339844,42.60078430175781,24.755168914794922,0.02,0.003
,,,,,493097,255.05493,269,,,,,,
,,,,,493746,152.0231,649,,,,,,
,,,,,494000,,,27.002344131469727,48.9577522277832,48.642005920410156,35.87413024902344,0.02,0.003
,,,,,494010,203.2027,264,,,,,,
,,,,,494461,227.74301,451,,,,,,
,,,,,494830,239.50133,369,,,,,,
,,,,,495000,,,8.72085189819336,51.796875,52.638702392578125,30.472579956054688,0.02,0.003
,,,,,495131,231.98625,301,,,,,,
,,,,,495513,191.5249,382,,,,,,
,,,,,495644,31.249603,131,,,,,,
,,,,,496000,,,13.732501983642578,55.04352569580078,54.8953857421875,42.87568664550781,0.02,0.003
,,,,,496204,183.11891,560,,,,,,
,,,,,496393,258.083,189,,,,,,
,,,,,496622,258.0617,229,,,,,,
,,,,,496739,10.398773,117,,,,,,
,,,,,496984,281.72543,245,,,,,,
,,,,,497000,,,9.99258804321289,51.90576171875,51.75546646118164,75.88986206054688,0.02,0.003
,,,,,497287,243.19824,303,,,,,,
,,,,,497709,261.28403,422,,,,,,
,,,,,498000,,,11.64443302154541,53.038692474365234,53.8572883605957,59.81510925292969,0.02,0.003
,,,,,498199,210.45567,490,,,,,,
,,,,,498896,-169.65222,697,,,,,,
,,,,,499000,,,6.8990654945373535,49.803287506103516,50.259796142578125,26.473657608032227,0.02,0.003
,,,,,499018,-27.046898,122,,,,,,
,,,,,499626,158.18788,608,,,,,,
,,,,,499724,30.19806,98,,,,,,
