Eval_AverageReturn,Eval_StdReturn,Eval_MaxReturn,Eval_MinReturn,Eval_AverageEpLen,step,Train_EpisodeReturn,Train_EpisodeLen,actor_loss,entropy,critic_loss,q_values,target_values,actor_lr,critic_lr,temperature
16.562395,5.9378242,30.411427,8.199155,18.9,0,,,,,,,,,,
,,,,,47,53.156494,48,,,,,,,,
,,,,,68,15.285259,21,,,,,,,,
,,,,,89,11.056242,21,,,,,,,,
,,,,,117,13.172992,28,,,,,,,,
,,,,,140,9.649354,23,,,,,,,,
,,,,,150,7.7678146,10,,,,,,,,
,,,,,163,11.2163315,13,,,,,,,,
,,,,,173,6.994768,10,,,,,,,,
,,,,,191,15.90512,18,,,,,,,,
,,,,,235,56.700684,44,,,,,,,,
,,,,,267,24.393328,32,,,,,,,,
,,,,,288,9.283285,21,,,,,,,,
,,,,,308,15.824649,20,,,,,,,,
,,,,,323,11.037024,15,,,,,,,,
,,,,,370,41.885036,47,,,,,,,,
,,,,,383,10.153838,13,,,,,,,,
,,,,,416,24.273129,33,,,,,,,,
,,,,,443,19.966995,27,,,,,,,,
,,,,,492,47.716522,49,,,,,,,,
,,,,,506,10.743415,14,,,,,,,,
,,,,,534,24.658274,28,,,,,,,,
,,,,,545,8.288847,11,,,,,,,,
,,,,,583,34.889,38,,,,,,,,
,,,,,612,30.002209,29,,,,,,,,
,,,,,626,13.0209255,14,,,,,,,,
,,,,,643,10.386114,17,,,,,,,,
,,,,,672,41.780415,29,,,,,,,,
,,,,,707,17.115772,35,,,,,,,,
,,,,,743,29.643932,36,,,,,,,,
,,,,,766,27.616182,23,,,,,,,,
,,,,,783,13.537548,17,,,,,,,,
,,,,,814,14.741295,31,,,,,,,,
,,,,,828,10.278256,14,,,,,,,,
,,,,,852,25.471266,24,,,,,,,,
,,,,,865,9.685158,13,,,,,,,,
,,,,,877,9.038716,12,,,,,,,,
,,,,,901,24.1623,24,,,,,,,,
,,,,,913,8.609627,12,,,,,,,,
,,,,,923,7.9095993,10,,,,,,,,
,,,,,946,20.890192,23,,,,,,,,
,,,,,963,16.15598,17,,,,,,,,
,,,,,978,11.4283,15,,,,,,,,
,,,,,1001,22.702982,23,,,,,,,,
,,,,,1019,7.483383,18,,,,,,,,
,,,,,1050,19.544172,31,,,,,,,,
,,,,,1064,9.791138,14,,,,,,,,
,,,,,1095,33.86264,31,,,,,,,,
,,,,,1105,5.1646395,10,,,,,,,,
,,,,,1126,6.5725274,21,,,,,,,,
,,,,,1134,5.326231,8,,,,,,,,
,,,,,1154,22.157013,20,,,,,,,,
,,,,,1175,20.740643,21,,,,,,,,
,,,,,1194,18.468853,19,,,,,,,,
,,,,,1211,18.011955,17,,,,,,,,
,,,,,1238,26.99107,27,,,,,,,,
,,,,,1276,37.604187,38,,,,,,,,
,,,,,1290,13.505654,14,,,,,,,,
,,,,,1335,31.994442,45,,,,,,,,
,,,,,1357,13.967605,22,,,,,,,,
,,,,,1376,10.565664,19,,,,,,,,
,,,,,1391,9.252731,15,,,,,,,,
,,,,,1415,10.439297,24,,,,,,,,
,,,,,1442,20.44094,27,,,,,,,,
,,,,,1471,29.110003,29,,,,,,,,
,,,,,1499,21.114904,28,,,,,,,,
,,,,,1526,36.58459,27,,,,,,,,
,,,,,1551,27.787582,25,,,,,,,,
,,,,,1581,28.971842,30,,,,,,,,
,,,,,1594,11.445737,13,,,,,,,,
,,,,,1629,47.61091,35,,,,,,,,
,,,,,1639,8.688251,10,,,,,,,,
,,,,,1670,14.196895,31,,,,,,,,
,,,,,1696,27.819206,26,,,,,,,,
,,,,,1719,11.211596,23,,,,,,,,
,,,,,1747,29.208593,28,,,,,,,,
,,,,,1784,35.88866,37,,,,,,,,
,,,,,1809,11.421155,25,,,,,,,,
,,,,,1828,15.274766,19,,,,,,,,
,,,,,1845,12.927313,17,,,,,,,,
,,,,,1866,10.629701,21,,,,,,,,
,,,,,1881,13.243564,15,,,,,,,,
,,,,,1900,17.852875,19,,,,,,,,
,,,,,1929,21.746355,29,,,,,,,,
,,,,,1949,14.669768,20,,,,,,,,
,,,,,1973,12.231292,24,,,,,,,,
,,,,,1984,8.617631,11,,,,,,,,
,,,,,2014,26.021969,30,,,,,,,,
,,,,,2035,12.621755,21,,,,,,,,
,,,,,2056,18.917212,21,,,,,,,,
,,,,,2074,19.897324,18,,,,,,,,
,,,,,2101,21.181225,27,,,,,,,,
,,,,,2110,6.605118,9,,,,,,,,
,,,,,2151,34.962864,41,,,,,,,,
,,,,,2165,12.39382,14,,,,,,,,
,,,,,2188,12.066762,23,,,,,,,,
,,,,,2231,38.39452,43,,,,,,,,
,,,,,2251,10.843904,20,,,,,,,,
,,,,,2294,38.353947,43,,,,,,,,
,,,,,2311,9.291738,17,,,,,,,,
,,,,,2325,15.245506,14,,,,,,,,
,,,,,2368,43.57379,43,,,,,,,,
,,,,,2382,7.7074537,14,,,,,,,,
,,,,,2403,11.873885,21,,,,,,,,
,,,,,2422,8.307208,19,,,,,,,,
,,,,,2448,13.883104,26,,,,,,,,
,,,,,2469,14.934826,21,,,,,,,,
,,,,,2487,11.342226,18,,,,,,,,
,,,,,2519,18.348442,32,,,,,,,,
,,,,,2534,10.775672,15,,,,,,,,
,,,,,2552,14.253804,18,,,,,,,,
,,,,,2582,33.885307,30,,,,,,,,
,,,,,2611,25.947088,29,,,,,,,,
,,,,,2634,24.225523,23,,,,,,,,
,,,,,2650,13.538768,16,,,,,,,,
,,,,,2678,39.602707,28,,,,,,,,
,,,,,2696,7.929173,18,,,,,,,,
,,,,,2723,30.88894,27,,,,,,,,
,,,,,2735,5.9448853,12,,,,,,,,
,,,,,2749,9.539359,14,,,,,,,,
,,,,,2787,60.15194,38,,,,,,,,
,,,,,2802,6.537633,15,,,,,,,,
,,,,,2834,17.524563,32,,,,,,,,
,,,,,2853,9.223507,19,,,,,,,,
,,,,,2886,38.632076,33,,,,,,,,
,,,,,2927,36.108265,41,,,,,,,,
,,,,,2943,10.1144,16,,,,,,,,
,,,,,2952,6.417101,9,,,,,,,,
,,,,,2979,17.591616,27,,,,,,,,
,,,,,2993,11.438488,14,,,,,,,,
,,,,,3014,12.618669,21,,,,,,,,
,,,,,3095,103.75371,81,,,,,,,,
,,,,,3108,8.833956,13,,,,,,,,
,,,,,3121,10.664612,13,,,,,,,,
,,,,,3129,5.9419503,8,,,,,,,,
,,,,,3141,8.760339,12,,,,,,,,
,,,,,3165,26.316164,24,,,,,,,,
,,,,,3194,33.548847,29,,,,,,,,
,,,,,3206,10.018539,12,,,,,,,,
,,,,,3252,60.436485,46,,,,,,,,
,,,,,3274,16.719486,22,,,,,,,,
,,,,,3299,18.732122,25,,,,,,,,
,,,,,3333,28.77455,34,,,,,,,,
,,,,,3347,12.997389,14,,,,,,,,
,,,,,3360,11.711771,13,,,,,,,,
,,,,,3378,15.25076,18,,,,,,,,
,,,,,3391,7.119512,13,,,,,,,,
,,,,,3411,11.014673,20,,,,,,,,
,,,,,3425,10.191329,14,,,,,,,,
,,,,,3444,19.797028,19,,,,,,,,
,,,,,3467,12.130001,23,,,,,,,,
,,,,,3478,7.1176634,11,,,,,,,,
,,,,,3503,14.602721,25,,,,,,,,
,,,,,3513,6.4693003,10,,,,,,,,
,,,,,3528,9.859066,15,,,,,,,,
,,,,,3544,10.3417,16,,,,,,,,
,,,,,3569,17.824415,25,,,,,,,,
,,,,,3580,9.148213,11,,,,,,,,
,,,,,3604,20.73301,24,,,,,,,,
,,,,,3626,24.295969,22,,,,,,,,
,,,,,3670,39.516045,44,,,,,,,,
,,,,,3688,15.404531,18,,,,,,,,
,,,,,3714,17.483875,26,,,,,,,,
,,,,,3734,23.240149,20,,,,,,,,
,,,,,3748,10.673373,14,,,,,,,,
,,,,,3762,10.732627,14,,,,,,,,
,,,,,3780,18.661144,18,,,,,,,,
,,,,,3814,23.064407,34,,,,,,,,
,,,,,3827,9.512365,13,,,,,,,,
,,,,,3841,6.0575466,14,,,,,,,,
,,,,,3858,6.76981,17,,,,,,,,
,,,,,3871,11.982958,13,,,,,,,,
,,,,,3889,10.890539,18,,,,,,,,
,,,,,3926,46.446796,37,,,,,,,,
,,,,,3950,15.055716,24,,,,,,,,
,,,,,3988,29.591537,38,,,,,,,,
,,,,,4020,22.621027,32,,,,,,,,
,,,,,4043,11.842532,23,,,,,,,,
,,,,,4071,18.784649,28,,,,,,,,
,,,,,4090,16.084604,19,,,,,,,,
,,,,,4111,16.049452,21,,,,,,,,
,,,,,4129,10.154881,18,,,,,,,,
,,,,,4151,15.638947,22,,,,,,,,
,,,,,4179,22.10435,28,,,,,,,,
,,,,,4200,21.639397,21,,,,,,,,
,,,,,4225,10.019272,25,,,,,,,,
,,,,,4248,29.379532,23,,,,,,,,
,,,,,4269,6.5507917,21,,,,,,,,
,,,,,4289,15.644891,20,,,,,,,,
,,,,,4309,11.617099,20,,,,,,,,
,,,,,4324,9.969708,15,,,,,,,,
,,,,,4391,67.089,67,,,,,,,,
,,,,,4417,29.68798,26,,,,,,,,
,,,,,4440,23.782265,23,,,,,,,,
,,,,,4448,5.3916807,8,,,,,,,,
,,,,,4472,17.335228,24,,,,,,,,
,,,,,4515,25.677603,43,,,,,,,,
,,,,,4546,13.5448475,31,,,,,,,,
,,,,,4569,21.886211,23,,,,,,,,
,,,,,4594,24.72422,25,,,,,,,,
,,,,,4609,8.982257,15,,,,,,,,
,,,,,4639,30.178942,30,,,,,,,,
,,,,,4653,11.666305,14,,,,,,,,
,,,,,4707,42.83874,54,,,,,,,,
,,,,,4717,6.98876,10,,,,,,,,
,,,,,4729,8.831591,12,,,,,,,,
,,,,,4752,23.219591,23,,,,,,,,
,,,,,4804,92.068344,52,,,,,,,,
,,,,,4814,7.0265336,10,,,,,,,,
,,,,,4837,27.568132,23,,,,,,,,
,,,,,4855,13.911583,18,,,,,,,,
,,,,,4867,6.2134485,12,,,,,,,,
,,,,,4884,8.550085,17,,,,,,,,
,,,,,4900,11.389305,16,,,,,,,,
,,,,,4915,12.283328,15,,,,,,,,
,,,,,4930,13.32099,15,,,,,,,,
,,,,,4948,11.607862,18,,,,,,,,
,,,,,4960,9.775891,12,,,,,,,,
,,,,,4985,30.154224,25,,,,,,,,
18.656824,9.060992,38.019653,9.193705,22.7,5000,,,,,,,,,,
,,,,,5006,17.026564,21,,,,,,,,
,,,,,5027,13.600341,21,,,,,,,,
,,,,,5061,43.88772,34,,,,,,,,
,,,,,5073,10.333051,12,,,,,,,,
,,,,,5094,12.776164,21,,,,,,,,
,,,,,5109,13.823938,15,,,,,,,,
,,,,,5125,11.842686,16,,,,,,,,
,,,,,5160,23.244987,35,,,,,,,,
,,,,,5181,14.634762,21,,,,,,,,
,,,,,5218,14.676651,37,,,,,,,,
,,,,,5234,11.288265,16,,,,,,,,
,,,,,5253,13.694761,19,,,,,,,,
,,,,,5273,22.93123,20,,,,,,,,
,,,,,5294,19.131414,21,,,,,,,,
,,,,,5316,6.1950364,22,,,,,,,,
,,,,,5332,13.067145,16,,,,,,,,
,,,,,5344,8.88584,12,,,,,,,,
,,,,,5358,10.822798,14,,,,,,,,
,,,,,5393,24.241533,35,,,,,,,,
,,,,,5410,16.697456,17,,,,,,,,
,,,,,5447,36.85049,37,,,,,,,,
,,,,,5496,61.918182,49,,,,,,,,
,,,,,5510,11.455927,14,,,,,,,,
,,,,,5544,42.757725,34,,,,,,,,
,,,,,5564,21.971994,20,,,,,,,,
,,,,,5576,8.2562065,12,,,,,,,,
,,,,,5594,15.622201,18,,,,,,,,
,,,,,5610,13.420415,16,,,,,,,,
,,,,,5624,9.12959,14,,,,,,,,
,,,,,5639,15.635745,15,,,,,,,,
,,,,,5658,16.81393,19,,,,,,,,
,,,,,5676,15.542592,18,,,,,,,,
,,,,,5687,8.97095,11,,,,,,,,
,,,,,5700,10.400156,13,,,,,,,,
,,,,,5711,9.64863,11,,,,,,,,
,,,,,5725,10.740776,14,,,,,,,,
,,,,,5752,30.773443,27,,,,,,,,
,,,,,5785,37.175137,33,,,,,,,,
,,,,,5809,11.627508,24,,,,,,,,
,,,,,5824,11.365688,15,,,,,,,,
,,,,,5841,12.91658,17,,,,,,,,
,,,,,5862,21.69332,21,,,,,,,,
,,,,,5928,92.05259,66,,,,,,,,
,,,,,5950,26.209146,22,,,,,,,,
,,,,,5979,22.050613,29,,,,,,,,
,,,,,6035,75.940575,56,,,,,,,,
,,,,,6049,13.105199,14,,,,,,,,
,,,,,6065,16.606638,16,,,,,,,,
,,,,,6101,32.51347,36,,,,,,,,
,,,,,6139,22.290173,38,,,,,,,,
,,,,,6197,76.776726,58,,,,,,,,
,,,,,6240,26.29884,43,,,,,,,,
,,,,,6280,20.50497,40,,,,,,,,
,,,,,6341,112.37581,61,,,,,,,,
,,,,,6355,11.081133,14,,,,,,,,
,,,,,6392,15.793468,37,,,,,,,,
,,,,,6424,36.5708,32,,,,,,,,
,,,,,6466,67.69426,42,,,,,,,,
,,,,,6510,68.524864,44,,,,,,,,
,,,,,6557,58.11178,47,,,,,,,,
,,,,,6585,21.941954,28,,,,,,,,
,,,,,6607,19.144737,22,,,,,,,,
,,,,,6631,14.207691,24,,,,,,,,
,,,,,6693,89.56845,62,,,,,,,,
,,,,,6714,25.29901,21,,,,,,,,
,,,,,6740,25.355703,26,,,,,,,,
,,,,,6757,11.794302,17,,,,,,,,
,,,,,6770,11.751932,13,,,,,,,,
,,,,,6782,8.318445,12,,,,,,,,
,,,,,6792,8.055528,10,,,,,,,,
,,,,,6841,69.24556,49,,,,,,,,
,,,,,6851,7.394222,10,,,,,,,,
,,,,,6868,10.855691,17,,,,,,,,
,,,,,6886,14.020377,18,,,,,,,,
,,,,,6901,15.764972,15,,,,,,,,
,,,,,6924,11.235386,23,,,,,,,,
,,,,,6935,9.258888,11,,,,,,,,
,,,,,6955,17.497091,20,,,,,,,,
,,,,,6970,16.455217,15,,,,,,,,
,,,,,6990,16.9665,20,,,,,,,,
,,,,,7023,22.65021,33,,,,,,,,
,,,,,7038,14.902239,15,,,,,,,,
,,,,,7053,11.241265,15,,,,,,,,
,,,,,7086,21.308699,33,,,,,,,,
,,,,,7106,22.602154,20,,,,,,,,
,,,,,7130,28.857504,24,,,,,,,,
,,,,,7139,5.5487313,9,,,,,,,,
,,,,,7159,14.303204,20,,,,,,,,
,,,,,7183,24.360085,24,,,,,,,,
,,,,,7212,33.29155,29,,,,,,,,
,,,,,7234,26.725231,22,,,,,,,,
,,,,,7261,33.633003,27,,,,,,,,
,,,,,7334,103.4664,73,,,,,,,,
,,,,,7355,18.815516,21,,,,,,,,
,,,,,7385,16.325882,30,,,,,,,,
,,,,,7395,7.7885566,10,,,,,,,,
,,,,,7406,9.074108,11,,,,,,,,
,,,,,7416,8.245529,10,,,,,,,,
,,,,,7463,57.45411,47,,,,,,,,
,,,,,7487,10.733164,24,,,,,,,,
,,,,,7501,10.685081,14,,,,,,,,
,,,,,7522,12.490528,21,,,,,,,,
,,,,,7537,13.665364,15,,,,,,,,
,,,,,7596,105.13479,59,,,,,,,,
,,,,,7646,73.725235,50,,,,,,,,
,,,,,7655,6.72347,9,,,,,,,,
,,,,,7673,18.527472,18,,,,,,,,
,,,,,7688,11.524788,15,,,,,,,,
,,,,,7704,14.48732,16,,,,,,,,
,,,,,7720,15.442905,16,,,,,,,,
,,,,,7768,21.890442,48,,,,,,,,
,,,,,7791,20.947134,23,,,,,,,,
,,,,,7814,22.738663,23,,,,,,,,
,,,,,7838,27.721033,24,,,,,,,,
,,,,,7881,27.986916,43,,,,,,,,
,,,,,7894,8.842251,13,,,,,,,,
,,,,,7957,63.651493,63,,,,,,,,
,,,,,7975,12.355677,18,,,,,,,,
,,,,,7991,16.571602,16,,,,,,,,
,,,,,8045,44.934303,54,,,,,,,,
,,,,,8057,5.0901666,12,,,,,,,,
,,,,,8081,27.185965,24,,,,,,,,
,,,,,8097,11.183105,16,,,,,,,,
,,,,,8123,20.131393,26,,,,,,,,
,,,,,8151,14.030185,28,,,,,,,,
,,,,,8162,8.0033655,11,,,,,,,,
,,,,,8190,21.992203,28,,,,,,,,
,,,,,8218,19.920708,28,,,,,,,,
,,,,,8237,15.668393,19,,,,,,,,
,,,,,8255,14.153079,18,,,,,,,,
,,,,,8264,7.2871733,9,,,,,,,,
,,,,,8302,36.105328,38,,,,,,,,
,,,,,8321,19.52205,19,,,,,,,,
,,,,,8344,23.477589,23,,,,,,,,
,,,,,8359,13.421194,15,,,,,,,,
,,,,,8372,11.535863,13,,,,,,,,
,,,,,8416,66.46892,44,,,,,,,,
,,,,,8432,14.98192,16,,,,,,,,
,,,,,8446,14.514477,14,,,,,,,,
,,,,,8491,43.066048,45,,,,,,,,
,,,,,8517,29.638536,26,,,,,,,,
,,,,,8537,7.9318438,20,,,,,,,,
,,,,,8553,14.66692,16,,,,,,,,
,,,,,8568,13.112611,15,,,,,,,,
,,,,,8581,11.273115,13,,,,,,,,
,,,,,8595,11.109474,14,,,,,,,,
,,,,,8611,11.0377865,16,,,,,,,,
,,,,,8630,19.618599,19,,,,,,,,
,,,,,8665,39.833385,35,,,,,,,,
,,,,,8683,21.053137,18,,,,,,,,
,,,,,8702,20.723125,19,,,,,,,,
,,,,,8750,25.010313,48,,,,,,,,
,,,,,8770,22.761566,20,,,,,,,,
,,,,,8794,27.758213,24,,,,,,,,
,,,,,8812,15.028878,18,,,,,,,,
,,,,,8827,13.765968,15,,,,,,,,
,,,,,8855,32.97438,28,,,,,,,,
,,,,,8873,17.133957,18,,,,,,,,
,,,,,8920,67.35768,47,,,,,,,,
,,,,,8943,19.835907,23,,,,,,,,
,,,,,8964,18.515026,21,,,,,,,,
,,,,,8976,7.7622933,12,,,,,,,,
,,,,,8997,20.667316,21,,,,,,,,
,,,,,9015,19.346962,18,,,,,,,,
,,,,,9033,10.284676,18,,,,,,,,
,,,,,9049,13.280275,16,,,,,,,,
,,,,,9064,8.905355,15,,,,,,,,
,,,,,9083,11.999258,19,,,,,,,,
,,,,,9105,12.977231,22,,,,,,,,
,,,,,9128,18.272982,23,,,,,,,,
,,,,,9160,30.123217,32,,,,,,,,
,,,,,9177,11.507753,17,,,,,,,,
,,,,,9193,9.637453,16,,,,,,,,
,,,,,9231,60.674095,38,,,,,,,,
,,,,,9255,25.515505,24,,,,,,,,
,,,,,9270,13.382392,15,,,,,,,,
,,,,,9282,7.654295,12,,,,,,,,
,,,,,9294,10.527691,12,,,,,,,,
,,,,,9358,122.24289,64,,,,,,,,
,,,,,9393,32.487072,35,,,,,,,,
,,,,,9404,6.8322015,11,,,,,,,,
,,,,,9415,9.95212,11,,,,,,,,
,,,,,9435,10.620813,20,,,,,,,,
,,,,,9460,13.367343,25,,,,,,,,
,,,,,9502,65.88201,42,,,,,,,,
,,,,,9515,9.496503,13,,,,,,,,
,,,,,9542,21.829966,27,,,,,,,,
,,,,,9558,11.980821,16,,,,,,,,
,,,,,9608,82.30916,50,,,,,,,,
,,,,,9645,48.656506,37,,,,,,,,
,,,,,9662,7.4860897,17,,,,,,,,
,,,,,9690,18.50121,28,,,,,,,,
,,,,,9712,16.649675,22,,,,,,,,
,,,,,9728,14.47984,16,,,,,,,,
,,,,,9760,32.103207,32,,,,,,,,
,,,,,9812,49.010624,52,,,,,,,,
,,,,,9827,13.969152,15,,,,,,,,
,,,,,9842,12.856668,15,,,,,,,,
,,,,,9858,16.708612,16,,,,,,,,
,,,,,9879,14.173789,21,,,,,,,,
,,,,,9893,11.157258,14,,,,,,,,
,,,,,9920,13.40315,27,,,,,,,,
,,,,,9946,27.234388,26,,,,,,,,
,,,,,9956,8.019183,10,,,,,,,,
,,,,,9972,12.0681,16,,,,,,,,
31.761938,20.226898,70.51516,9.686468,27.3,10000,,,-0.3640269339084625,2.0116078853607178,1.1402287483215332,0.005363668780773878,0.9982340335845947,0.0003,0.0003,0.1
,,,,,10012,66.49946,40,,,,,,,,
,,,,,10032,16.110254,20,,,,,,,,
,,,,,10063,13.387665,31,,,,,,,,
,,,,,10072,7.0780463,9,,,,,,,,
,,,,,10085,10.954252,13,,,,,,,,
,,,,,10108,24.540638,23,,,,,,,,
,,,,,10123,10.299974,15,,,,,,,,
,,,,,10251,250.85297,128,,,,,,,,
,,,,,10341,129.06116,90,,,,,,,,
,,,,,10386,75.87093,45,,,,,,,,
,,,,,10436,89.1635,50,,,,,,,,
,,,,,10476,64.945465,40,,,,,,,,
,,,,,10538,118.68644,62,,,,,,,,
,,,,,10581,72.953224,43,,,,,,,,
,,,,,10626,77.34614,45,,,,,,,,
,,,,,10682,104.317535,56,,,,,,,,
,,,,,10721,63.577232,39,,,,,,,,
,,,,,10766,74.122826,45,,,,,,,,
,,,,,10807,67.39425,41,,,,,,,,
,,,,,10848,69.73637,41,,,,,,,,
,,,,,10881,53.64728,33,,,,,,,,
,,,,,10929,84.675224,48,,,,,,,,
,,,,,10983,97.44994,54,,,,,,,,
,,,,,11000,,,-6.864192008972168,0.13055667281150818,0.3995395600795746,6.356804847717285,6.3356428146362305,0.0003,0.0003,0.1
,,,,,11022,64.282486,39,,,,,,,,
,,,,,11059,61.31814,37,,,,,,,,
,,,,,11098,64.69285,39,,,,,,,,
,,,,,11143,76.73474,45,,,,,,,,
,,,,,11175,52.130543,32,,,,,,,,
,,,,,11216,68.8428,41,,,,,,,,
,,,,,11249,53.512676,33,,,,,,,,
,,,,,11282,53.580402,33,,,,,,,,
,,,,,11327,76.91768,45,,,,,,,,
,,,,,11363,59.174286,36,,,,,,,,
,,,,,11398,57.662697,35,,,,,,,,
,,,,,11488,205.0755,90,,,,,,,,
,,,,,11576,196.68996,88,,,,,,,,
,,,,,11663,195.89217,87,,,,,,,,
,,,,,11743,176.26143,80,,,,,,,,
,,,,,11831,196.27747,88,,,,,,,,
,,,,,11917,194.27194,86,,,,,,,,
,,,,,12000,,,-14.596668243408203,-0.9350171685218811,4.818116664886475,13.362176895141602,13.563627243041992,0.0003,0.0003,0.1
,,,,,12003,193.47597,86,,,,,,,,
,,,,,12088,186.8656,85,,,,,,,,
,,,,,12174,191.62245,86,,,,,,,,
,,,,,12256,181.33746,82,,,,,,,,
,,,,,12339,183.2234,83,,,,,,,,
,,,,,12422,180.36618,83,,,,,,,,
,,,,,12505,182.3046,83,,,,,,,,
,,,,,12592,193.51485,87,,,,,,,,
,,,,,12674,172.5868,82,,,,,,,,
,,,,,12756,176.67079,82,,,,,,,,
,,,,,12840,183.5235,84,,,,,,,,
,,,,,12926,190.0107,86,,,,,,,,
,,,,,13000,,,-24.1130313873291,-0.7690201997756958,0.9489116072654724,22.749034881591797,22.932371139526367,0.0003,0.0003,0.1
,,,,,13012,188.24162,86,,,,,,,,
,,,,,13096,182.92986,84,,,,,,,,
,,,,,13189,199.21626,93,,,,,,,,
,,,,,13275,189.34021,86,,,,,,,,
,,,,,13362,189.86337,87,,,,,,,,
,,,,,13445,173.37236,83,,,,,,,,
,,,,,13546,227.23964,101,,,,,,,,
,,,,,13643,217.97095,97,,,,,,,,
,,,,,13735,200.89098,92,,,,,,,,
,,,,,13827,203.73851,92,,,,,,,,
,,,,,13924,215.2368,97,,,,,,,,
,,,,,14000,,,-33.55164337158203,-0.7707898616790771,1.3189921379089355,31.97173309326172,32.03459548950195,0.0003,0.0003,0.1
,,,,,14011,187.9732,87,,,,,,,,
,,,,,14108,194.5071,97,,,,,,,,
,,,,,14197,200.96626,89,,,,,,,,
,,,,,14283,190.89743,86,,,,,,,,
,,,,,14369,189.4335,86,,,,,,,,
,,,,,14466,193.08192,97,,,,,,,,
,,,,,14556,194.86061,90,,,,,,,,
,,,,,14643,191.97978,87,,,,,,,,
,,,,,14731,194.19414,88,,,,,,,,
,,,,,14823,191.36815,92,,,,,,,,
,,,,,14908,184.80797,85,,,,,,,,
,,,,,15000,208.19109,92,,,,,,,,
196.0698,4.8851967,205.26068,185.68848,93.6,15000,,,-42.11968994140625,-1.1733192205429077,3.6521475315093994,40.0235481262207,39.837833404541016,0.0003,0.0003,0.1
,,,,,15085,185.9533,85,,,,,,,,
,,,,,15170,183.87158,85,,,,,,,,
,,,,,15264,204.29926,94,,,,,,,,
,,,,,15354,195.09596,90,,,,,,,,
,,,,,15379,43.445316,25,,,,,,,,
,,,,,15476,196.56586,97,,,,,,,,
,,,,,15563,187.66109,87,,,,,,,,
,,,,,15648,180.58064,85,,,,,,,,
,,,,,15738,194.6651,90,,,,,,,,
,,,,,15822,178.45183,84,,,,,,,,
,,,,,15905,174.33922,83,,,,,,,,
,,,,,15988,169.01605,83,,,,,,,,
,,,,,16000,,,-50.53200149536133,-1.1007940769195557,5.674466609954834,48.27491760253906,48.57597351074219,0.0003,0.0003,0.1
,,,,,16015,46.53459,27,,,,,,,,
,,,,,16116,244.00179,101,,,,,,,,
,,,,,16207,200.26024,91,,,,,,,,
,,,,,16294,186.66739,87,,,,,,,,
,,,,,16378,178.68251,84,,,,,,,,
,,,,,16467,187.96146,89,,,,,,,,
,,,,,16554,184.49818,87,,,,,,,,
,,,,,16646,198.96088,92,,,,,,,,
,,,,,16737,194.0447,91,,,,,,,,
,,,,,16823,184.41469,86,,,,,,,,
,,,,,16913,200.34094,90,,,,,,,,
,,,,,17000,,,-58.479251861572266,-1.5348279476165771,3.3245444297790527,55.84356689453125,56.015480041503906,0.0003,0.0003,0.1
,,,,,17005,185.2956,92,,,,,,,,
,,,,,17098,194.61179,93,,,,,,,,
,,,,,17197,207.54439,99,,,,,,,,
,,,,,17291,202.75235,94,,,,,,,,
,,,,,17383,204.21924,92,,,,,,,,
,,,,,17477,200.61668,94,,,,,,,,
,,,,,17568,201.0051,91,,,,,,,,
,,,,,17665,203.22455,97,,,,,,,,
,,,,,17763,224.62596,98,,,,,,,,
,,,,,17861,216.04541,98,,,,,,,,
,,,,,17960,211.39261,99,,,,,,,,
,,,,,18000,,,-66.34613037109375,-0.8930928707122803,9.769822120666504,62.987735748291016,63.39918518066406,0.0003,0.0003,0.1
,,,,,18054,197.46767,94,,,,,,,,
,,,,,18157,226.20166,103,,,,,,,,
,,,,,18250,217.45581,93,,,,,,,,
,,,,,18366,259.10355,116,,,,,,,,
,,,,,18473,231.07191,107,,,,,,,,
,,,,,18580,234.15999,107,,,,,,,,
,,,,,18689,240.90099,109,,,,,,,,
,,,,,18799,238.02313,110,,,,,,,,
,,,,,18903,225.46959,104,,,,,,,,
,,,,,19000,,,-73.94091033935547,-1.2035325765609741,8.01297378540039,71.24059295654297,71.37373352050781,0.0003,0.0003,0.1
,,,,,19025,255.93912,122,,,,,,,,
,,,,,19136,256.1539,111,,,,,,,,
,,,,,19244,235.44122,108,,,,,,,,
,,,,,19342,237.45973,98,,,,,,,,
,,,,,19451,242.61456,109,,,,,,,,
,,,,,19550,235.53094,99,,,,,,,,
,,,,,19653,267.2859,103,,,,,,,,
,,,,,19753,251.5641,100,,,,,,,,
,,,,,19866,260.9397,113,,,,,,,,
,,,,,19972,266.13333,106,,,,,,,,
211.3632,57.80382,247.54285,42.984566,90.8,20000,,,-81.11834716796875,-1.4704385995864868,6.095823287963867,77.26130676269531,77.67094421386719,0.0003,0.0003,0.1
,,,,,20071,245.90161,99,,,,,,,,
,,,,,20168,215.65192,97,,,,,,,,
,,,,,20267,237.14061,99,,,,,,,,
,,,,,20365,238.68918,98,,,,,,,,
,,,,,20466,247.67734,101,,,,,,,,
,,,,,20562,234.33882,96,,,,,,,,
,,,,,20662,238.28973,100,,,,,,,,
,,,,,20763,246.69446,101,,,,,,,,
,,,,,20857,226.01405,94,,,,,,,,
,,,,,20952,227.41994,95,,,,,,,,
,,,,,21000,,,-88.09417724609375,-0.9790382385253906,18.29462242126465,85.05984497070312,86.21588134765625,0.0003,0.0003,0.1
,,,,,21051,240.68498,99,,,,,,,,
,,,,,21153,247.53748,102,,,,,,,,
,,,,,21260,268.38354,107,,,,,,,,
,,,,,21356,232.3628,96,,,,,,,,
,,,,,21460,260.25308,104,,,,,,,,
,,,,,21559,244.86118,99,,,,,,,,
,,,,,21658,242.65424,99,,,,,,,,
,,,,,21683,38.78091,25,,,,,,,,
,,,,,21780,234.9196,97,,,,,,,,
,,,,,21889,282.64883,109,,,,,,,,
,,,,,22000,,,-94.88758087158203,-1.3933802843093872,12.595215797424316,91.57160186767578,91.75601959228516,0.0003,0.0003,0.1
,,,,,22001,292.15546,112,,,,,,,,
,,,,,22104,254.30257,103,,,,,,,,
,,,,,22207,251.02534,103,,,,,,,,
,,,,,22297,212.8543,90,,,,,,,,
,,,,,22321,34.033684,24,,,,,,,,
,,,,,22427,272.14722,106,,,,,,,,
,,,,,22527,246.80205,100,,,,,,,,
,,,,,22617,217.29807,90,,,,,,,,
,,,,,22726,266.70663,109,,,,,,,,
,,,,,22755,46.668037,29,,,,,,,,
,,,,,22864,259.54648,109,,,,,,,,
,,,,,22976,301.2579,112,,,,,,,,
,,,,,23000,,,-99.73951721191406,-1.2161468267440796,10.454498291015625,96.72515869140625,97.41152954101562,0.0003,0.0003,0.1
,,,,,23080,263.79742,104,,,,,,,,
,,,,,23187,281.39026,107,,,,,,,,
,,,,,23295,275.18152,108,,,,,,,,
,,,,,23400,249.2629,105,,,,,,,,
,,,,,23503,250.39769,103,,,,,,,,
,,,,,23609,259.31506,106,,,,,,,,
,,,,,23712,259.17944,103,,,,,,,,
,,,,,23816,255.45917,104,,,,,,,,
,,,,,23914,226.47981,98,,,,,,,,
,,,,,24000,,,-107.45923614501953,-1.1656657457351685,66.15577697753906,105.6793212890625,104.79550170898438,0.0003,0.0003,0.1
,,,,,24015,248.16786,101,,,,,,,,
,,,,,24124,252.95424,109,,,,,,,,
,,,,,24235,256.25644,111,,,,,,,,
,,,,,24343,267.90488,108,,,,,,,,
,,,,,24455,252.11806,112,,,,,,,,
,,,,,24564,252.20598,109,,,,,,,,
,,,,,24676,245.74841,112,,,,,,,,
,,,,,24785,244.33221,109,,,,,,,,
,,,,,24895,240.20149,110,,,,,,,,
269.55353,8.085774,281.8669,256.01257,110.3,25000,,,-109.2287368774414,-1.4793283939361572,41.16245651245117,104.89495849609375,105.81550598144531,0.0003,0.0003,0.1
,,,,,25002,263.5713,107,,,,,,,,
,,,,,25111,263.7222,109,,,,,,,,
,,,,,25225,273.0211,114,,,,,,,,
,,,,,25332,264.38867,107,,,,,,,,
,,,,,25441,262.78372,109,,,,,,,,
,,,,,25552,240.56647,111,,,,,,,,
,,,,,25660,242.86043,108,,,,,,,,
,,,,,25773,266.4035,113,,,,,,,,
,,,,,25894,282.8641,121,,,,,,,,
,,,,,25998,254.3989,104,,,,,,,,
,,,,,26000,,,-114.47593688964844,-1.6104130744934082,6.460803031921387,111.03712463378906,110.7442855834961,0.0003,0.0003,0.1
,,,,,26104,258.04465,106,,,,,,,,
,,,,,26214,272.85742,110,,,,,,,,
,,,,,26319,247.93419,105,,,,,,,,
,,,,,26439,307.01077,120,,,,,,,,
,,,,,26553,302.707,114,,,,,,,,
,,,,,26670,298.933,117,,,,,,,,
,,,,,26781,268.81207,111,,,,,,,,
,,,,,26897,312.2273,116,,,,,,,,
,,,,,27000,,,-120.24771118164062,-1.3332669734954834,14.66877555847168,117.44611358642578,117.39572143554688,0.0003,0.0003,0.1
,,,,,27005,258.94058,108,,,,,,,,
,,,,,27135,317.83197,130,,,,,,,,
,,,,,27246,265.5993,111,,,,,,,,
,,,,,27377,348.6519,131,,,,,,,,
,,,,,27491,288.3177,114,,,,,,,,
,,,,,27610,308.17322,119,,,,,,,,
,,,,,27728,291.9093,118,,,,,,,,
,,,,,27867,318.72968,139,,,,,,,,
,,,,,27985,306.88736,118,,,,,,,,
,,,,,28000,,,-119.36676788330078,-1.9413141012191772,47.96949768066406,115.08003997802734,115.9228286743164,0.0003,0.0003,0.1
,,,,,28107,312.76813,122,,,,,,,,
,,,,,28232,325.64612,125,,,,,,,,
,,,,,28358,336.2305,126,,,,,,,,
,,,,,28470,278.79614,112,,,,,,,,
,,,,,28589,281.03198,119,,,,,,,,
,,,,,28699,281.68225,110,,,,,,,,
,,,,,28823,316.7979,124,,,,,,,,
,,,,,28944,319.83844,121,,,,,,,,
,,,,,29000,,,-120.71600341796875,-2.052542209625244,3.998936176300049,117.79364776611328,117.74821472167969,0.0003,0.0003,0.1
,,,,,29052,279.85355,108,,,,,,,,
,,,,,29167,290.88034,115,,,,,,,,
,,,,,29282,312.9947,115,,,,,,,,
,,,,,29403,313.12344,121,,,,,,,,
,,,,,29515,274.55203,112,,,,,,,,
,,,,,29624,271.02005,109,,,,,,,,
,,,,,29739,292.27194,115,,,,,,,,
,,,,,29849,268.52115,110,,,,,,,,
,,,,,29968,307.5974,119,,,,,,,,
285.17474,11.409301,300.23807,265.84613,115.3,30000,,,-122.9548110961914,-2.0586507320404053,6.332436561584473,119.33238220214844,119.87104797363281,0.0003,0.0003,0.1
,,,,,30113,330.58487,145,,,,,,,,
,,,,,30225,280.2854,112,,,,,,,,
,,,,,30353,268.548,128,,,,,,,,
,,,,,30465,275.43988,112,,,,,,,,
,,,,,30582,252.52394,117,,,,,,,,
,,,,,30708,281.40988,126,,,,,,,,
,,,,,30825,289.93484,117,,,,,,,,
,,,,,30941,287.11728,116,,,,,,,,
,,,,,31000,,,-126.5225601196289,-2.0024077892303467,3.4814136028289795,123.20294952392578,123.25328063964844,0.0003,0.0003,0.1
,,,,,31046,251.63116,105,,,,,,,,
,,,,,31176,310.7281,130,,,,,,,,
,,,,,31286,271.14896,110,,,,,,,,
,,,,,31415,293.2807,129,,,,,,,,
,,,,,31541,302.45956,126,,,,,,,,
,,,,,31668,269.29956,127,,,,,,,,
,,,,,31814,328.39148,146,,,,,,,,
,,,,,31934,292.67,120,,,,,,,,
,,,,,32000,,,-131.41360473632812,-2.0880532264709473,5.115082740783691,125.7969970703125,125.42793273925781,0.0003,0.0003,0.1
,,,,,32067,335.24112,133,,,,,,,,
,,,,,32195,290.2081,128,,,,,,,,
,,,,,32322,294.6078,127,,,,,,,,
,,,,,32459,292.94235,137,,,,,,,,
,,,,,32589,288.12823,130,,,,,,,,
,,,,,32726,311.71472,137,,,,,,,,
,,,,,32846,296.9841,120,,,,,,,,
,,,,,32962,290.62158,116,,,,,,,,
,,,,,33000,,,-132.5078125,-1.7771717309951782,7.6624956130981445,128.718994140625,128.33425903320312,0.0003,0.0003,0.1
,,,,,33095,312.5702,133,,,,,,,,
,,,,,33216,301.0953,121,,,,,,,,
,,,,,33337,286.522,121,,,,,,,,
,,,,,33461,296.52576,124,,,,,,,,
,,,,,33589,300.06436,128,,,,,,,,
,,,,,33716,323.56366,127,,,,,,,,
,,,,,33843,291.21918,127,,,,,,,,
,,,,,33975,310.0144,132,,,,,,,,
,,,,,34000,,,-132.7362823486328,-1.3302980661392212,6.279965400695801,131.01531982421875,131.02932739257812,0.0003,0.0003,0.1
,,,,,34109,303.47543,134,,,,,,,,
,,,,,34232,284.78214,123,,,,,,,,
,,,,,34371,341.50867,139,,,,,,,,
,,,,,34503,316.31064,132,,,,,,,,
,,,,,34622,264.0206,119,,,,,,,,
,,,,,34751,287.74274,129,,,,,,,,
,,,,,34877,305.88992,126,,,,,,,,
297.58276,39.788643,326.02838,200.63017,126.1,35000,,,-132.87632751464844,-1.514155387878418,9.211400032043457,128.92913818359375,129.26300048828125,0.0003,0.0003,0.1
,,,,,35003,299.02924,126,,,,,,,,
,,,,,35145,329.16257,142,,,,,,,,
,,,,,35270,292.0733,125,,,,,,,,
,,,,,35399,292.82712,129,,,,,,,,
,,,,,35536,310.5408,137,,,,,,,,
,,,,,35678,329.99948,142,,,,,,,,
,,,,,35811,325.1416,133,,,,,,,,
,,,,,35943,297.5603,132,,,,,,,,
,,,,,36000,,,-138.25003051757812,-1.6601667404174805,6.682993412017822,134.70986938476562,134.80899047851562,0.0003,0.0003,0.1
,,,,,36064,255.10336,121,,,,,,,,
,,,,,36186,275.28763,122,,,,,,,,
,,,,,36328,329.68256,142,,,,,,,,
,,,,,36450,244.04338,122,,,,,,,,
,,,,,36573,250.87549,123,,,,,,,,
,,,,,36709,324.3019,136,,,,,,,,
,,,,,36835,245.20187,126,,,,,,,,
,,,,,36977,330.13657,142,,,,,,,,
,,,,,37000,,,-135.36102294921875,-1.4454644918441772,17.758544921875,132.5863800048828,132.87344360351562,0.0003,0.0003,0.1
,,,,,37103,230.52193,126,,,,,,,,
,,,,,37222,233.78163,119,,,,,,,,
,,,,,37380,340.91705,158,,,,,,,,
,,,,,37494,215.48322,114,,,,,,,,
,,,,,37628,312.84055,134,,,,,,,,
,,,,,37705,137.21234,77,,,,,,,,
,,,,,37840,267.1102,135,,,,,,,,
,,,,,37968,252.08324,128,,,,,,,,
,,,,,38000,,,-142.49679565429688,-1.308693766593933,3.1560754776000977,140.04995727539062,140.68707275390625,0.0003,0.0003,0.1
,,,,,38120,288.1753,152,,,,,,,,
,,,,,38245,253.18953,125,,,,,,,,
,,,,,38378,261.07462,133,,,,,,,,
,,,,,38406,48.830425,28,,,,,,,,
,,,,,38562,304.69608,156,,,,,,,,
,,,,,38736,349.31488,174,,,,,,,,
,,,,,38861,255.76176,125,,,,,,,,
,,,,,38996,271.85953,135,,,,,,,,
,,,,,39000,,,-130.82369995117188,-1.8454482555389404,18.655677795410156,128.615234375,128.83872985839844,0.0003,0.0003,0.1
,,,,,39120,256.10556,124,,,,,,,,
,,,,,39270,329.69043,150,,,,,,,,
,,,,,39426,300.95013,156,,,,,,,,
,,,,,39550,256.3508,124,,,,,,,,
,,,,,39679,261.56683,129,,,,,,,,
,,,,,39823,288.28552,144,,,,,,,,
,,,,,39961,281.1781,138,,,,,,,,
293.71182,81.721146,343.18802,125.398735,128.7,40000,,,-140.382080078125,-1.0632983446121216,14.740254402160645,137.70994567871094,138.03948974609375,0.0003,0.0003,0.1
,,,,,40094,290.2012,133,,,,,,,,
,,,,,40249,309.63058,155,,,,,,,,
,,,,,40390,280.83322,141,,,,,,,,
,,,,,40551,364.88843,161,,,,,,,,
,,,,,40712,345.20538,161,,,,,,,,
,,,,,40852,280.40155,140,,,,,,,,
,,,,,40987,276.9079,135,,,,,,,,
,,,,,41000,,,-140.11361694335938,-1.1287999153137207,11.91115951538086,138.39208984375,138.6096954345703,0.0003,0.0003,0.1
,,,,,41056,123.86679,69,,,,,,,,
,,,,,41128,131.46112,72,,,,,,,,
,,,,,41269,287.27707,141,,,,,,,,
,,,,,41399,274.7657,130,,,,,,,,
,,,,,41471,126.078224,72,,,,,,,,
,,,,,41608,294.61984,137,,,,,,,,
,,,,,41762,365.94867,154,,,,,,,,
,,,,,41825,104.476776,63,,,,,,,,
,,,,,41897,118.61713,72,,,,,,,,
,,,,,42000,,,-137.59405517578125,-1.116947889328003,16.07683753967285,135.0714874267578,134.40286254882812,0.0003,0.0003,0.1
,,,,,42050,360.12878,153,,,,,,,,
,,,,,42197,355.83267,147,,,,,,,,
,,,,,42344,324.8323,147,,,,,,,,
,,,,,42496,342.69147,152,,,,,,,,
,,,,,42640,300.15973,144,,,,,,,,
,,,,,42780,289.64584,140,,,,,,,,
,,,,,42930,331.05478,150,,,,,,,,
,,,,,43000,,,-141.5025177001953,-1.1750826835632324,2.8047728538513184,139.80714416503906,139.91500854492188,0.0003,0.0003,0.1
,,,,,43083,316.69846,153,,,,,,,,
,,,,,43228,350.54935,145,,,,,,,,
,,,,,43381,332.46567,153,,,,,,,,
,,,,,43549,371.1268,168,,,,,,,,
,,,,,43704,362.9024,155,,,,,,,,
,,,,,43845,337.2578,141,,,,,,,,
,,,,,44000,,,-136.6871795654297,-1.4353101253509521,3.4407293796539307,133.98748779296875,133.6795196533203,0.0003,0.0003,0.1
,,,,,44003,356.03088,158,,,,,,,,
,,,,,44138,317.40634,135,,,,,,,,
,,,,,44279,310.9797,141,,,,,,,,
,,,,,44426,347.40387,147,,,,,,,,
,,,,,44574,312.57092,148,,,,,,,,
,,,,,44735,335.0682,161,,,,,,,,
,,,,,44873,285.58206,138,,,,,,,,
345.99564,16.875927,363.70062,299.53287,148.6,45000,,,-139.69699096679688,-1.0295610427856445,3.029914379119873,138.02818298339844,137.860595703125,0.0003,0.0003,0.1
,,,,,45031,366.07654,158,,,,,,,,
,,,,,45168,283.7499,137,,,,,,,,
,,,,,45317,350.33237,149,,,,,,,,
,,,,,45469,359.4855,152,,,,,,,,
,,,,,45503,55.742596,34,,,,,,,,
,,,,,45660,373.4671,157,,,,,,,,
,,,,,45822,352.29956,162,,,,,,,,
,,,,,45973,332.34583,151,,,,,,,,
,,,,,46000,,,-142.9471435546875,-1.0906074047088623,16.225555419921875,138.60748291015625,138.07176208496094,0.0003,0.0003,0.1
,,,,,46124,372.11935,151,,,,,,,,
,,,,,46278,285.09525,154,,,,,,,,
,,,,,46455,381.93555,177,,,,,,,,
,,,,,46609,359.8459,154,,,,,,,,
,,,,,46683,121.88562,74,,,,,,,,
,,,,,46857,337.32526,174,,,,,,,,
,,,,,47000,,,-137.762451171875,-1.3668487071990967,56.082244873046875,134.42506408691406,134.21322631835938,0.0003,0.0003,0.1
,,,,,47017,357.025,160,,,,,,,,
,,,,,47175,319.79852,158,,,,,,,,
,,,,,47320,341.6441,145,,,,,,,,
,,,,,47487,367.07648,167,,,,,,,,
,,,,,47648,354.1105,161,,,,,,,,
,,,,,47820,341.49728,172,,,,,,,,
,,,,,47949,274.5362,129,,,,,,,,
,,,,,48000,,,-136.34713745117188,-1.2228981256484985,7.35761833190918,134.49609375,134.64697265625,0.0003,0.0003,0.1
,,,,,48106,382.6277,157,,,,,,,,
,,,,,48276,378.63635,170,,,,,,,,
,,,,,48417,336.82086,141,,,,,,,,
,,,,,48540,299.84375,123,,,,,,,,
,,,,,48720,342.16397,180,,,,,,,,
,,,,,48888,350.44708,168,,,,,,,,
,,,,,49000,,,-142.50148010253906,-1.256189227104187,8.459248542785645,137.57931518554688,137.22918701171875,0.0003,0.0003,0.1
,,,,,49036,311.46613,148,,,,,,,,
,,,,,49182,345.3936,146,,,,,,,,
,,,,,49347,335.42496,165,,,,,,,,
,,,,,49526,374.46494,179,,,,,,,,
,,,,,49661,326.6122,135,,,,,,,,
,,,,,49807,308.6056,146,,,,,,,,
,,,,,49948,367.09906,141,,,,,,,,
384.3923,45.290226,451.19543,305.11942,163.8,50000,,,-141.76223754882812,-0.9009548425674438,4.022949695587158,138.798828125,138.49777221679688,0.0003,0.0003,0.1
,,,,,50087,318.6473,139,,,,,,,,
,,,,,50213,288.2335,126,,,,,,,,
,,,,,50332,265.0086,119,,,,,,,,
,,,,,50464,296.97552,132,,,,,,,,
,,,,,50601,316.5424,137,,,,,,,,
,,,,,50735,322.46365,134,,,,,,,,
,,,,,50876,371.87775,141,,,,,,,,
,,,,,51000,,,-142.2313995361328,-1.1857954263687134,2.540837287902832,141.11886596679688,141.1956787109375,0.0003,0.0003,0.1
,,,,,51009,296.09747,133,,,,,,,,
,,,,,51148,328.24948,139,,,,,,,,
,,,,,51285,312.65778,137,,,,,,,,
,,,,,51419,323.19656,134,,,,,,,,
,,,,,51560,352.13272,141,,,,,,,,
,,,,,51699,336.03256,139,,,,,,,,
,,,,,51813,282.05484,114,,,,,,,,
,,,,,51999,466.79266,186,,,,,,,,
,,,,,52000,,,-141.50796508789062,-1.1165180206298828,17.9018611907959,138.44049072265625,138.39471435546875,0.0003,0.0003,0.1
,,,,,52151,376.94897,152,,,,,,,,
,,,,,52289,366.9445,138,,,,,,,,
,,,,,52434,368.70096,145,,,,,,,,
,,,,,52589,369.68835,155,,,,,,,,
,,,,,52722,363.38748,133,,,,,,,,
,,,,,52873,368.25497,151,,,,,,,,
,,,,,53000,,,-141.19512939453125,-0.9409734606742859,2.638871192932129,139.7369842529297,139.22186279296875,0.0003,0.0003,0.1
,,,,,53003,339.18607,130,,,,,,,,
,,,,,53150,372.6775,147,,,,,,,,
,,,,,53294,363.32434,144,,,,,,,,
,,,,,53429,360.2467,135,,,,,,,,
,,,,,53553,336.5972,124,,,,,,,,
,,,,,53706,373.56787,153,,,,,,,,
,,,,,53946,468.93723,240,,,,,,,,
,,,,,54000,,,-141.00106811523438,-1.3528294563293457,6.119993209838867,137.4088134765625,137.3839569091797,0.0003,0.0003,0.1
,,,,,54079,373.95483,133,,,,,,,,
,,,,,54207,355.59485,128,,,,,,,,
,,,,,54347,394.4343,140,,,,,,,,
,,,,,54493,383.07584,146,,,,,,,,
,,,,,54631,362.37976,138,,,,,,,,
,,,,,54755,269.46695,124,,,,,,,,
,,,,,54898,375.8049,143,,,,,,,,
362.1855,9.045454,376.0467,341.79282,133.3,55000,,,-141.60458374023438,-1.0889005661010742,4.268277168273926,139.302490234375,139.4005889892578,0.0003,0.0003,0.1
,,,,,55033,367.13327,135,,,,,,,,
,,,,,55166,369.976,133,,,,,,,,
,,,,,55302,378.7836,136,,,,,,,,
,,,,,55433,346.4797,131,,,,,,,,
,,,,,55594,405.65207,161,,,,,,,,
,,,,,55726,376.76553,132,,,,,,,,
,,,,,55928,485.01205,202,,,,,,,,
,,,,,56000,,,-144.17176818847656,-1.0895562171936035,18.734207153320312,142.55966186523438,142.33404541015625,0.0003,0.0003,0.1
,,,,,56053,350.94763,125,,,,,,,,
,,,,,56177,344.20108,124,,,,,,,,
,,,,,56306,344.39322,129,,,,,,,,
,,,,,56457,385.19495,151,,,,,,,,
,,,,,56582,347.74374,125,,,,,,,,
,,,,,56703,333.56784,121,,,,,,,,
,,,,,56826,346.83914,123,,,,,,,,
,,,,,56948,347.8895,122,,,,,,,,
,,,,,57000,,,-147.42495727539062,-0.9564908742904663,4.427699565887451,145.48333740234375,145.4678955078125,0.0003,0.0003,0.1
,,,,,57100,383.1908,152,,,,,,,,
,,,,,57271,403.38788,171,,,,,,,,
,,,,,57370,178.15532,99,,,,,,,,
,,,,,57530,399.40787,160,,,,,,,,
,,,,,57714,311.96472,184,,,,,,,,
,,,,,57911,473.27335,197,,,,,,,,
,,,,,58000,,,-143.18585205078125,-0.9317446351051331,2.9377541542053223,141.31210327148438,141.6036376953125,0.0003,0.0003,0.1
,,,,,58135,461.60464,224,,,,,,,,
,,,,,58326,427.9951,191,,,,,,,,
,,,,,58420,148.42096,94,,,,,,,,
,,,,,58627,431.95908,207,,,,,,,,
,,,,,58834,467.6286,207,,,,,,,,
,,,,,59000,,,-144.8413543701172,-1.0242836475372314,6.597832679748535,142.96151733398438,143.270263671875,0.0003,0.0003,0.1
,,,,,59042,455.9468,208,,,,,,,,
,,,,,59260,509.97644,218,,,,,,,,
,,,,,59503,582.004,243,,,,,,,,
,,,,,59633,313.492,130,,,,,,,,
,,,,,59761,349.08917,128,,,,,,,,
,,,,,59965,457.28262,204,,,,,,,,
427.97696,37.79938,493.3574,382.74545,174.2,60000,,,-144.78440856933594,-1.2522938251495361,3.4793684482574463,143.11903381347656,142.54034423828125,0.0003,0.0003,0.1
,,,,,60116,320.36807,151,,,,,,,,
,,,,,60279,436.75528,163,,,,,,,,
,,,,,60443,431.99133,164,,,,,,,,
,,,,,60626,554.2719,183,,,,,,,,
,,,,,60728,220.2421,102,,,,,,,,
,,,,,60919,506.8598,191,,,,,,,,
,,,,,61000,,,-138.50616455078125,-1.321126103401184,15.126020431518555,136.03053283691406,136.66949462890625,0.0003,0.0003,0.1
,,,,,61062,306.37552,143,,,,,,,,
,,,,,61228,409.877,166,,,,,,,,
,,,,,61413,462.17368,185,,,,,,,,
,,,,,61601,426.38724,188,,,,,,,,
,,,,,61792,501.0697,191,,,,,,,,
,,,,,61992,382.62543,200,,,,,,,,
,,,,,62000,,,-147.74415588378906,-1.2571203708648682,21.47870445251465,144.87176513671875,145.2456512451172,0.0003,0.0003,0.1
,,,,,62188,586.08636,196,,,,,,,,
,,,,,62377,531.24365,189,,,,,,,,
,,,,,62564,466.09772,187,,,,,,,,
,,,,,62703,312.26736,139,,,,,,,,
,,,,,62874,471.84753,171,,,,,,,,
,,,,,63000,,,-143.1473846435547,-1.8033924102783203,50.886962890625,138.21554565429688,139.2883758544922,0.0003,0.0003,0.1
,,,,,63024,330.42514,150,,,,,,,,
,,,,,63189,348.50598,165,,,,,,,,
,,,,,63376,449.45706,187,,,,,,,,
,,,,,63517,328.86172,141,,,,,,,,
,,,,,63652,324.33395,135,,,,,,,,
,,,,,63789,322.95178,137,,,,,,,,
,,,,,63934,329.90784,145,,,,,,,,
,,,,,64000,,,-148.3673858642578,-1.1116974353790283,5.098276615142822,146.4235382080078,145.76443481445312,0.0003,0.0003,0.1
,,,,,64071,327.17413,137,,,,,,,,
,,,,,64215,329.359,144,,,,,,,,
,,,,,64349,316.33954,134,,,,,,,,
,,,,,64479,304.3193,130,,,,,,,,
,,,,,64607,292.95322,128,,,,,,,,
,,,,,64749,332.36295,142,,,,,,,,
,,,,,64887,331.74396,138,,,,,,,,
323.561,10.361598,341.4331,309.35342,135.8,65000,,,-144.86834716796875,-1.506530523300171,44.26560974121094,141.68838500976562,142.93345642089844,0.0003,0.0003,0.1
,,,,,65016,305.81863,129,,,,,,,,
,,,,,65145,302.35602,129,,,,,,,,
,,,,,65289,333.20966,144,,,,,,,,
,,,,,65425,324.57007,136,,,,,,,,
,,,,,65551,294.31552,126,,,,,,,,
,,,,,65677,290.3157,126,,,,,,,,
,,,,,65811,315.96738,134,,,,,,,,
,,,,,65947,329.10846,136,,,,,,,,
,,,,,66000,,,-148.16012573242188,-1.2630054950714111,9.845012664794922,146.4176788330078,146.19796752929688,0.0003,0.0003,0.1
,,,,,66084,327.61353,137,,,,,,,,
,,,,,66216,316.72964,132,,,,,,,,
,,,,,66345,312.07837,129,,,,,,,,
,,,,,66471,295.10205,126,,,,,,,,
,,,,,66603,317.4238,132,,,,,,,,
,,,,,66730,293.27225,127,,,,,,,,
,,,,,66868,336.52997,138,,,,,,,,
,,,,,66995,299.22568,127,,,,,,,,
,,,,,67000,,,-150.59092712402344,-1.0083916187286377,26.629920959472656,148.36361694335938,148.88369750976562,0.0003,0.0003,0.1
,,,,,67128,318.38834,133,,,,,,,,
,,,,,67263,321.4605,135,,,,,,,,
,,,,,67397,323.86102,134,,,,,,,,
,,,,,67548,415.0799,151,,,,,,,,
,,,,,67684,324.24915,136,,,,,,,,
,,,,,67811,295.2335,127,,,,,,,,
,,,,,67941,316.01385,130,,,,,,,,
,,,,,68000,,,-151.068603515625,-1.1707996129989624,3.2225418090820312,150.0256805419922,150.03231811523438,0.0003,0.0003,0.1
,,,,,68075,327.28842,134,,,,,,,,
,,,,,68203,304.8256,128,,,,,,,,
,,,,,68361,442.5979,158,,,,,,,,
,,,,,68495,326.85358,134,,,,,,,,
,,,,,68621,294.81503,126,,,,,,,,
,,,,,68754,318.50577,133,,,,,,,,
,,,,,68885,309.40707,131,,,,,,,,
,,,,,69000,,,-151.59414672851562,-1.187437653541565,4.806765556335449,149.05520629882812,148.97842407226562,0.0003,0.0003,0.1
,,,,,69018,321.64188,133,,,,,,,,
,,,,,69167,395.13022,149,,,,,,,,
,,,,,69298,316.49503,131,,,,,,,,
,,,,,69457,453.842,159,,,,,,,,
,,,,,69609,423.13174,152,,,,,,,,
,,,,,69753,373.58847,144,,,,,,,,
,,,,,69921,486.7637,168,,,,,,,,
405.2072,38.674164,494.36832,357.83212,151.4,70000,,,-150.76080322265625,-0.9284948110580444,4.138101100921631,149.62686157226562,150.13052368164062,0.0003,0.0003,0.1
,,,,,70063,363.65805,142,,,,,,,,
,,,,,70199,333.54443,136,,,,,,,,
,,,,,70343,377.4885,144,,,,,,,,
,,,,,70489,393.3641,146,,,,,,,,
,,,,,70639,415.8428,150,,,,,,,,
,,,,,70803,443.69873,164,,,,,,,,
,,,,,70968,470.49792,165,,,,,,,,
,,,,,71000,,,-154.55812072753906,-1.1321675777435303,4.965110778808594,152.2401123046875,152.014892578125,0.0003,0.0003,0.1
,,,,,71123,421.96558,155,,,,,,,,
,,,,,71261,347.59805,138,,,,,,,,
,,,,,71407,376.14777,146,,,,,,,,
,,,,,71534,291.7461,127,,,,,,,,
,,,,,71694,432.1035,160,,,,,,,,
,,,,,71851,435.5549,157,,,,,,,,
,,,,,72000,,,-152.63308715820312,-1.2159124612808228,5.476875305175781,150.235107421875,150.20541381835938,0.0003,0.0003,0.1
,,,,,72013,438.52917,162,,,,,,,,
,,,,,72165,407.67325,152,,,,,,,,
,,,,,72340,554.0941,175,,,,,,,,
,,,,,72516,482.03845,176,,,,,,,,
,,,,,72691,527.51575,175,,,,,,,,
,,,,,72855,442.5955,164,,,,,,,,
,,,,,73000,,,-151.6765594482422,-1.1637535095214844,3.761726140975952,149.91748046875,150.03097534179688,0.0003,0.0003,0.1
,,,,,73024,481.80823,169,,,,,,,,
,,,,,73167,366.97278,143,,,,,,,,
,,,,,73340,494.56525,173,,,,,,,,
,,,,,73486,368.22598,146,,,,,,,,
,,,,,73648,436.2363,162,,,,,,,,
,,,,,73815,461.55704,167,,,,,,,,
,,,,,73979,450.619,164,,,,,,,,
,,,,,74000,,,-155.91017150878906,-1.524030327796936,4.780997276306152,153.01437377929688,152.9493408203125,0.0003,0.0003,0.1
,,,,,74145,463.6109,166,,,,,,,,
,,,,,74310,448.6099,165,,,,,,,,
,,,,,74487,510.99203,177,,,,,,,,
,,,,,74637,396.5369,150,,,,,,,,
,,,,,74783,357.04758,146,,,,,,,,
,,,,,74941,434.80276,158,,,,,,,,
491.49454,58.838955,561.48846,360.6299,173.1,75000,,,-148.41542053222656,-1.5287854671478271,9.226486206054688,145.87686157226562,145.86892700195312,0.0003,0.0003,0.1
,,,,,75106,463.0097,165,,,,,,,,
,,,,,75289,520.54706,183,,,,,,,,
,,,,,75477,553.9727,188,,,,,,,,
,,,,,75667,538.8043,190,,,,,,,,
,,,,,75855,519.78394,188,,,,,,,,
,,,,,76000,,,-153.81549072265625,-1.5294777154922485,6.932697296142578,151.97805786132812,152.07064819335938,0.0003,0.0003,0.1
,,,,,76017,437.89355,162,,,,,,,,
,,,,,76203,553.9691,186,,,,,,,,
,,,,,76398,581.2485,195,,,,,,,,
,,,,,76592,551.73816,194,,,,,,,,
,,,,,76785,558.45996,193,,,,,,,,
,,,,,76982,578.0517,197,,,,,,,,
,,,,,77000,,,-155.4759063720703,-1.5864726305007935,3.41556453704834,153.49835205078125,153.49041748046875,0.0003,0.0003,0.1
,,,,,77181,521.2234,199,,,,,,,,
,,,,,77360,478.8809,179,,,,,,,,
,,,,,77560,585.11975,200,,,,,,,,
,,,,,77751,547.07526,191,,,,,,,,
,,,,,77944,537.84546,193,,,,,,,,
,,,,,78000,,,-156.0887451171875,-1.6924721002578735,2.968761920928955,154.37789916992188,154.5152587890625,0.0003,0.0003,0.1
,,,,,78133,561.50824,189,,,,,,,,
,,,,,78317,537.7308,184,,,,,,,,
,,,,,78506,546.87854,189,,,,,,,,
,,,,,78692,495.2103,186,,,,,,,,
,,,,,78866,482.9931,174,,,,,,,,
,,,,,79000,,,-158.29611206054688,-1.8180515766143799,5.480929851531982,155.86172485351562,155.79034423828125,0.0003,0.0003,0.1
,,,,,79049,536.7969,183,,,,,,,,
,,,,,79179,289.7298,130,,,,,,,,
,,,,,79313,329.1824,134,,,,,,,,
,,,,,79490,485.6977,177,,,,,,,,
,,,,,79677,523.9329,187,,,,,,,,
,,,,,79866,540.88574,189,,,,,,,,
,,,,,79996,315.60794,130,,,,,,,,
524.59314,25.611132,555.52704,468.25476,181.2,80000,,,-159.0928192138672,-1.510702133178711,4.2445292472839355,155.83148193359375,155.98175048828125,0.0003,0.0003,0.1
,,,,,80161,461.66507,165,,,,,,,,
,,,,,80342,529.06036,181,,,,,,,,
,,,,,80510,479.7202,168,,,,,,,,
,,,,,80674,451.3667,164,,,,,,,,
,,,,,80835,428.23392,161,,,,,,,,
,,,,,81000,,,-162.95101928710938,-1.438859462738037,6.070404052734375,161.96701049804688,161.83975219726562,0.0003,0.0003,0.1
,,,,,81010,512.3125,175,,,,,,,,
,,,,,81196,553.6409,186,,,,,,,,
,,,,,81363,455.8953,167,,,,,,,,
,,,,,81451,182.91504,88,,,,,,,,
,,,,,81627,494.2382,176,,,,,,,,
,,,,,81812,537.09326,185,,,,,,,,
,,,,,82000,,,-162.38949584960938,-1.2364978790283203,8.231432914733887,161.01011657714844,161.0,0.0003,0.0003,0.1
,,,,,82001,489.49384,189,,,,,,,,
,,,,,82177,488.7921,176,,,,,,,,
,,,,,82365,529.2918,188,,,,,,,,
,,,,,82560,576.2232,195,,,,,,,,
,,,,,82703,361.30716,143,,,,,,,,
,,,,,82849,385.23392,146,,,,,,,,
,,,,,83000,,,-158.18023681640625,-1.543003797531128,9.388406753540039,156.094970703125,156.22952270507812,0.0003,0.0003,0.1
,,,,,83009,431.57608,160,,,,,,,,
,,,,,83204,515.10126,195,,,,,,,,
,,,,,83364,435.1326,160,,,,,,,,
,,,,,83530,471.44846,166,,,,,,,,
,,,,,83720,529.2509,190,,,,,,,,
,,,,,83904,516.7287,184,,,,,,,,
,,,,,84000,,,-162.871337890625,-1.3241368532180786,11.737646102905273,160.88671875,161.50839233398438,0.0003,0.0003,0.1
,,,,,84087,548.0934,183,,,,,,,,
,,,,,84222,330.94443,135,,,,,,,,
,,,,,84356,326.73395,134,,,,,,,,
,,,,,84518,451.43976,162,,,,,,,,
,,,,,84701,527.44403,183,,,,,,,,
,,,,,84889,533.8788,188,,,,,,,,
514.41547,62.488785,554.3364,330.6702,180.4,85000,,,-160.54530334472656,-1.8610780239105225,8.929944038391113,156.76626586914062,157.12545776367188,0.0003,0.0003,0.1
,,,,,85064,526.5444,175,,,,,,,,
,,,,,85236,495.42374,172,,,,,,,,
,,,,,85415,521.54456,179,,,,,,,,
,,,,,85615,557.77264,200,,,,,,,,
,,,,,85798,523.3914,183,,,,,,,,
,,,,,85929,332.33,131,,,,,,,,
,,,,,86000,,,-161.75047302246094,-1.2544729709625244,23.90772819519043,160.6881103515625,160.0057373046875,0.0003,0.0003,0.1
,,,,,86058,313.29285,129,,,,,,,,
,,,,,86232,533.52295,174,,,,,,,,
,,,,,86427,551.8921,195,,,,,,,,
,,,,,86626,572.2459,199,,,,,,,,
,,,,,86814,501.40198,188,,,,,,,,
,,,,,86992,496.25613,178,,,,,,,,
,,,,,87000,,,-165.68589782714844,-1.5071440935134888,10.204782485961914,163.84994506835938,164.92041015625,0.0003,0.0003,0.1
,,,,,87124,327.09668,132,,,,,,,,
,,,,,87303,513.5685,179,,,,,,,,
,,,,,87472,472.8512,169,,,,,,,,
,,,,,87605,332.22253,133,,,,,,,,
,,,,,87785,519.00476,180,,,,,,,,
,,,,,87949,451.14337,164,,,,,,,,
,,,,,88000,,,-162.48741149902344,-1.8900387287139893,29.487226486206055,160.22824096679688,160.14581298828125,0.0003,0.0003,0.1
,,,,,88078,315.2079,129,,,,,,,,
,,,,,88279,545.82544,201,,,,,,,,
,,,,,88431,404.05557,152,,,,,,,,
,,,,,88612,520.694,181,,,,,,,,
,,,,,88795,520.2258,183,,,,,,,,
,,,,,88990,554.24,195,,,,,,,,
,,,,,89000,,,-162.57835388183594,-1.3599961996078491,14.30135726928711,159.72146606445312,159.7265625,0.0003,0.0003,0.1
,,,,,89196,548.3009,206,,,,,,,,
,,,,,89378,518.7354,182,,,,,,,,
,,,,,89574,564.6301,196,,,,,,,,
,,,,,89756,517.5837,182,,,,,,,,
,,,,,89935,501.39197,179,,,,,,,,
536.47253,26.400629,576.8106,493.2148,191.2,90000,,,-153.68426513671875,-1.898149013519287,5.2734527587890625,151.0309295654297,151.02711486816406,0.0003,0.0003,0.1
,,,,,90146,509.05838,211,,,,,,,,
,,,,,90338,550.7666,192,,,,,,,,
,,,,,90552,541.27545,214,,,,,,,,
,,,,,90690,325.79706,138,,,,,,,,
,,,,,90900,569.66547,210,,,,,,,,
,,,,,91000,,,-163.5922088623047,-1.4622050523757935,5.210124969482422,161.08163452148438,161.33456420898438,0.0003,0.0003,0.1
,,,,,91084,478.36578,184,,,,,,,,
,,,,,91293,540.9272,209,,,,,,,,
,,,,,91500,569.7325,207,,,,,,,,
,,,,,91640,334.52835,140,,,,,,,,
,,,,,91850,569.4936,210,,,,,,,,
,,,,,92000,,,-161.10455322265625,-1.4064589738845825,86.45407104492188,159.2681884765625,158.77633666992188,0.0003,0.0003,0.1
,,,,,92051,545.0815,201,,,,,,,,
,,,,,92250,559.89844,199,,,,,,,,
,,,,,92462,535.36975,212,,,,,,,,
,,,,,92650,503.16718,188,,,,,,,,
,,,,,92780,307.35126,130,,,,,,,,
,,,,,92964,473.0884,184,,,,,,,,
,,,,,93000,,,-164.7263946533203,-1.1505171060562134,22.06808853149414,162.95846557617188,163.48321533203125,0.0003,0.0003,0.1
,,,,,93160,513.4438,196,,,,,,,,
,,,,,93303,327.46506,143,,,,,,,,
,,,,,93495,522.46313,192,,,,,,,,
,,,,,93686,533.93933,191,,,,,,,,
,,,,,93865,478.77286,179,,,,,,,,
,,,,,94000,,,-167.55934143066406,-1.2776310443878174,5.8554816246032715,165.84817504882812,165.67727661132812,0.0003,0.0003,0.1
,,,,,94053,487.19708,188,,,,,,,,
,,,,,94246,519.70734,193,,,,,,,,
,,,,,94461,594.2534,215,,,,,,,,
,,,,,94683,652.0544,222,,,,,,,,
,,,,,94898,587.5581,215,,,,,,,,
549.34937,112.45902,759.72504,286.72278,212.1,95000,,,-162.88641357421875,-1.557008981704712,31.896347045898438,161.68136596679688,161.8049774169922,0.0003,0.0003,0.1
,,,,,95108,565.76746,210,,,,,,,,
,,,,,95332,579.84753,224,,,,,,,,
,,,,,95577,640.1515,245,,,,,,,,
,,,,,95825,666.57153,248,,,,,,,,
,,,,,96000,,,-161.13156127929688,-1.2292964458465576,3.483181953430176,159.1676025390625,159.4266357421875,0.0003,0.0003,0.1
,,,,,96018,553.10236,193,,,,,,,,
,,,,,96233,566.509,215,,,,,,,,
,,,,,96461,586.0419,228,,,,,,,,
,,,,,96674,583.8103,213,,,,,,,,
,,,,,96890,578.97156,216,,,,,,,,
,,,,,97000,,,-168.02548217773438,-1.506129264831543,5.489048004150391,166.81784057617188,166.796630859375,0.0003,0.0003,0.1
,,,,,97094,489.6069,204,,,,,,,,
,,,,,97312,563.5679,218,,,,,,,,
,,,,,97521,560.33026,209,,,,,,,,
,,,,,97730,529.1437,209,,,,,,,,
,,,,,97951,566.1495,221,,,,,,,,
,,,,,98000,,,-164.7506103515625,-1.210922360420227,2.871607780456543,162.74166870117188,162.48513793945312,0.0003,0.0003,0.1
,,,,,98150,553.12964,199,,,,,,,,
,,,,,98359,574.1464,209,,,,,,,,
,,,,,98539,499.9592,180,,,,,,,,
,,,,,98716,473.90753,177,,,,,,,,
,,,,,98940,578.89355,224,,,,,,,,
,,,,,99000,,,-166.01280212402344,-1.1315081119537354,4.947758197784424,164.0587921142578,164.06436157226562,0.0003,0.0003,0.1
,,,,,99141,551.2806,201,,,,,,,,
,,,,,99320,505.26688,179,,,,,,,,
,,,,,99506,566.2593,186,,,,,,,,
,,,,,99716,591.1987,210,,,,,,,,
,,,,,99911,560.6863,195,,,,,,,,
473.9083,92.89578,581.8485,316.653,185.0,100000,,,-167.09906005859375,-1.3738882541656494,5.182986259460449,164.81837463378906,164.69039916992188,0.0003,0.0003,0.1
,,,,,100111,578.4003,200,,,,,,,,
,,,,,100322,563.5599,211,,,,,,,,
,,,,,100503,509.50882,181,,,,,,,,
,,,,,100703,570.745,200,,,,,,,,
,,,,,100875,488.4855,172,,,,,,,,
,,,,,101000,,,-162.01739501953125,-1.4925482273101807,3.9862661361694336,160.39105224609375,160.4797821044922,0.0003,0.0003,0.1
,,,,,101054,497.50076,179,,,,,,,,
,,,,,101258,611.976,204,,,,,,,,
,,,,,101434,499.389,176,,,,,,,,
,,,,,101691,813.4058,257,,,,,,,,
,,,,,101894,593.63745,203,,,,,,,,
,,,,,102000,,,-167.86456298828125,-1.309887170791626,7.055300712585449,165.94973754882812,166.1125946044922,0.0003,0.0003,0.1
,,,,,102095,589.1796,201,,,,,,,,
,,,,,102290,549.1796,195,,,,,,,,
,,,,,102491,589.29297,201,,,,,,,,
,,,,,102684,545.39905,193,,,,,,,,
,,,,,102865,539.3987,181,,,,,,,,
,,,,,103000,,,-168.1527862548828,-1.2754971981048584,9.781843185424805,165.1322021484375,164.84487915039062,0.0003,0.0003,0.1
,,,,,103066,561.1247,201,,,,,,,,
,,,,,103262,575.7281,196,,,,,,,,
,,,,,103453,519.5149,191,,,,,,,,
,,,,,103704,804.39777,251,,,,,,,,
,,,,,103900,537.48236,196,,,,,,,,
,,,,,104000,,,-162.01446533203125,-1.4567506313323975,3.7695412635803223,159.18528747558594,159.09710693359375,0.0003,0.0003,0.1
,,,,,104033,325.1483,133,,,,,,,,
,,,,,104221,540.34717,188,,,,,,,,
,,,,,104411,552.1955,190,,,,,,,,
,,,,,104543,315.92593,132,,,,,,,,
,,,,,104741,567.06946,198,,,,,,,,
,,,,,104939,577.55383,198,,,,,,,,
473.64413,104.080956,602.1791,327.92145,172.7,105000,,,-167.38169860839844,-1.557822346687317,5.433080673217773,165.5075225830078,165.82127380371094,0.0003,0.0003,0.1
,,,,,105142,617.8469,203,,,,,,,,
,,,,,105339,577.56244,197,,,,,,,,
,,,,,105536,603.57153,197,,,,,,,,
,,,,,105731,595.06213,195,,,,,,,,
,,,,,105927,554.6994,196,,,,,,,,
,,,,,106000,,,-169.25357055664062,-1.3123490810394287,3.566650867462158,167.8036651611328,167.88232421875,0.0003,0.0003,0.1
,,,,,106122,538.5885,195,,,,,,,,
,,,,,106315,565.5996,193,,,,,,,,
,,,,,106495,512.44165,180,,,,,,,,
,,,,,106690,610.5643,195,,,,,,,,
,,,,,106820,318.47952,130,,,,,,,,
,,,,,107000,,,-171.64993286132812,-1.6943285465240479,81.54542541503906,169.89553833007812,169.31912231445312,0.0003,0.0003,0.1
,,,,,107023,599.4618,203,,,,,,,,
,,,,,107192,476.79092,169,,,,,,,,
,,,,,107391,573.8686,199,,,,,,,,
,,,,,107561,489.5523,170,,,,,,,,
,,,,,107694,333.4356,133,,,,,,,,
,,,,,107832,345.98923,138,,,,,,,,
,,,,,107965,336.43015,133,,,,,,,,
,,,,,108000,,,-172.5589599609375,-1.3661179542541504,5.2154035568237305,170.29612731933594,170.61965942382812,0.0003,0.0003,0.1
,,,,,108141,500.0473,176,,,,,,,,
,,,,,108324,524.7484,183,,,,,,,,
,,,,,108516,592.1642,192,,,,,,,,
,,,,,108721,627.52704,205,,,,,,,,
,,,,,108856,332.3173,135,,,,,,,,
,,,,,109000,,,-172.36587524414062,-1.1769962310791016,4.92806339263916,170.49620056152344,170.61614990234375,0.0003,0.0003,0.1
,,,,,109014,445.21268,158,,,,,,,,
,,,,,109155,349.94968,141,,,,,,,,
,,,,,109334,500.2677,179,,,,,,,,
,,,,,109541,632.9104,207,,,,,,,,
,,,,,109673,322.72766,132,,,,,,,,
,,,,,109879,611.59875,206,,,,,,,,
385.57892,108.69632,603.24634,321.91922,148.4,110000,,,-166.17807006835938,-1.294173002243042,7.626629829406738,164.4806365966797,164.36346435546875,0.0003,0.0003,0.1
,,,,,110081,619.8147,202,,,,,,,,
,,,,,110215,324.58725,134,,,,,,,,
,,,,,110414,599.4811,199,,,,,,,,
,,,,,110628,645.73895,214,,,,,,,,
,,,,,110763,339.44196,135,,,,,,,,
,,,,,110972,611.0047,209,,,,,,,,
,,,,,111000,,,-171.2681884765625,-1.3052089214324951,10.00835132598877,168.1006622314453,168.28575134277344,0.0003,0.0003,0.1
,,,,,111191,630.2895,219,,,,,,,,
,,,,,111404,613.40283,213,,,,,,,,
,,,,,111606,603.6229,202,,,,,,,,
,,,,,111811,607.65845,205,,,,,,,,
,,,,,112000,,,-174.68138122558594,-1.5790457725524902,3.8396904468536377,172.51394653320312,172.54824829101562,0.0003,0.0003,0.1
,,,,,112027,637.4275,216,,,,,,,,
,,,,,112240,632.83466,213,,,,,,,,
,,,,,112455,633.1606,215,,,,,,,,
,,,,,112660,607.18097,205,,,,,,,,
,,,,,112869,618.8471,209,,,,,,,,
,,,,,113000,,,-174.68698120117188,-1.2265180349349976,7.877023696899414,172.69793701171875,173.6131134033203,0.0003,0.0003,0.1
,,,,,113074,605.9611,205,,,,,,,,
,,,,,113273,596.0383,199,,,,,,,,
,,,,,113497,630.2049,224,,,,,,,,
,,,,,113716,643.2136,219,,,,,,,,
,,,,,113922,610.3082,206,,,,,,,,
,,,,,114000,,,-171.3542022705078,-1.430579423904419,15.589265823364258,168.3611297607422,167.82220458984375,0.0003,0.0003,0.1
,,,,,114137,623.8082,215,,,,,,,,
,,,,,114338,605.706,201,,,,,,,,
,,,,,114563,671.41394,225,,,,,,,,
,,,,,114766,616.7011,203,,,,,,,,
,,,,,114974,626.4482,208,,,,,,,,
640.87115,55.94372,723.378,548.3442,214.8,115000,,,-172.4555206298828,-1.1965011358261108,8.576530456542969,171.04934692382812,171.56219482421875,0.0003,0.0003,0.1
,,,,,115185,622.00336,211,,,,,,,,
,,,,,115378,540.24896,193,,,,,,,,
,,,,,115618,726.9998,240,,,,,,,,
,,,,,115823,615.0841,205,,,,,,,,
,,,,,116000,,,-178.95529174804688,-1.0820056200027466,7.001808166503906,177.63693237304688,177.27354431152344,0.0003,0.0003,0.1
,,,,,116047,682.272,224,,,,,,,,
,,,,,116250,597.1044,203,,,,,,,,
,,,,,116469,654.2069,219,,,,,,,,
,,,,,116705,718.019,236,,,,,,,,
,,,,,116928,645.41644,223,,,,,,,,
,,,,,117000,,,-172.75062561035156,-1.317882776260376,5.987709999084473,170.9591827392578,171.58575439453125,0.0003,0.0003,0.1
,,,,,117152,690.7508,224,,,,,,,,
,,,,,117367,634.6855,215,,,,,,,,
,,,,,117617,779.7021,250,,,,,,,,
,,,,,117824,623.55597,207,,,,,,,,
,,,,,118000,,,-175.04441833496094,-1.1256073713302612,5.412888050079346,173.36602783203125,173.98004150390625,0.0003,0.0003,0.1
,,,,,118017,544.8184,193,,,,,,,,
,,,,,118250,706.61053,233,,,,,,,,
,,,,,118469,660.2281,219,,,,,,,,
,,,,,118685,650.6954,216,,,,,,,,
,,,,,118904,655.26776,219,,,,,,,,
,,,,,119000,,,-175.06605529785156,-1.3462854623794556,5.364011764526367,173.12530517578125,173.3172607421875,0.0003,0.0003,0.1
,,,,,119118,634.12494,214,,,,,,,,
,,,,,119344,700.9302,226,,,,,,,,
,,,,,119560,651.5718,216,,,,,,,,
,,,,,119785,682.6634,225,,,,,,,,
757.6573,70.40081,901.7795,647.5628,245.1,120000,,,-179.61585998535156,-1.5181106328964233,5.146676063537598,177.92625427246094,178.00015258789062,0.0003,0.0003,0.1
,,,,,120027,740.53125,242,,,,,,,,
,,,,,120246,641.01855,219,,,,,,,,
,,,,,120497,763.4586,251,,,,,,,,
,,,,,120719,660.95935,222,,,,,,,,
,,,,,120935,651.4418,216,,,,,,,,
,,,,,121000,,,-174.15072631835938,-1.6038695573806763,6.4797282218933105,172.05453491210938,171.35800170898438,0.0003,0.0003,0.1
,,,,,121174,736.9484,239,,,,,,,,
,,,,,121395,670.4648,221,,,,,,,,
,,,,,121611,688.76794,216,,,,,,,,
,,,,,121836,697.4118,225,,,,,,,,
,,,,,122000,,,-174.08375549316406,-1.589237093925476,5.907810688018799,172.6558074951172,172.564697265625,0.0003,0.0003,0.1
,,,,,122038,625.47723,202,,,,,,,,
,,,,,122247,627.10114,209,,,,,,,,
,,,,,122466,676.8728,219,,,,,,,,
,,,,,122686,660.86816,220,,,,,,,,
,,,,,122900,644.5506,214,,,,,,,,
,,,,,123000,,,-177.40658569335938,-1.2023568153381348,5.383068561553955,176.20974731445312,176.50631713867188,0.0003,0.0003,0.1
,,,,,123108,640.5437,208,,,,,,,,
,,,,,123320,658.79443,212,,,,,,,,
,,,,,123533,662.2121,213,,,,,,,,
,,,,,123747,649.31396,214,,,,,,,,
,,,,,123887,349.36728,140,,,,,,,,
,,,,,124000,,,-178.17237854003906,-1.1719765663146973,4.326165199279785,177.09860229492188,177.4208984375,0.0003,0.0003,0.1
,,,,,124099,643.96716,212,,,,,,,,
,,,,,124324,665.0633,225,,,,,,,,
,,,,,124535,649.98267,211,,,,,,,,
,,,,,124743,624.08014,208,,,,,,,,
,,,,,124962,686.15125,219,,,,,,,,
732.59735,80.07914,874.58185,654.49146,237.9,125000,,,-172.63369750976562,-1.8143209218978882,12.815555572509766,170.37713623046875,171.10964965820312,0.0003,0.0003,0.1
,,,,,125224,842.3162,262,,,,,,,,
,,,,,125453,697.79987,229,,,,,,,,
,,,,,125677,666.37366,224,,,,,,,,
,,,,,125902,671.5088,225,,,,,,,,
,,,,,126000,,,-175.22784423828125,-1.8530511856079102,7.953924655914307,173.49893188476562,173.52015686035156,0.0003,0.0003,0.1
,,,,,126152,801.9953,250,,,,,,,,
,,,,,126376,670.49493,224,,,,,,,,
,,,,,126595,661.3149,219,,,,,,,,
,,,,,126864,871.27563,269,,,,,,,,
,,,,,127000,,,-179.69654846191406,-1.7490770816802979,14.694535255432129,177.79640197753906,178.2085418701172,0.0003,0.0003,0.1
,,,,,127066,570.59595,202,,,,,,,,
,,,,,127286,673.7135,220,,,,,,,,
,,,,,127485,572.06757,199,,,,,,,,
,,,,,127702,680.0775,217,,,,,,,,
,,,,,127922,670.9969,220,,,,,,,,
,,,,,128000,,,-177.94064331054688,-1.3342546224594116,6.669200897216797,175.87648010253906,175.87249755859375,0.0003,0.0003,0.1
,,,,,128140,693.80457,218,,,,,,,,
,,,,,128386,820.38385,246,,,,,,,,
,,,,,128649,858.0023,263,,,,,,,,
,,,,,128887,742.07043,238,,,,,,,,
,,,,,129000,,,-181.2553253173828,-1.4240461587905884,7.409126281738281,179.40017700195312,179.45550537109375,0.0003,0.0003,0.1
,,,,,129137,840.3547,250,,,,,,,,
,,,,,129379,716.72675,242,,,,,,,,
,,,,,129605,712.56244,226,,,,,,,,
,,,,,129842,781.269,237,,,,,,,,
712.1971,86.725174,833.75476,578.1399,227.8,130000,,,-179.74893188476562,-1.105582594871521,10.437755584716797,178.02737426757812,178.83624267578125,0.0003,0.0003,0.1
,,,,,130089,816.9712,247,,,,,,,,
,,,,,130352,856.31134,263,,,,,,,,
,,,,,130608,826.8287,256,,,,,,,,
,,,,,130844,765.62823,236,,,,,,,,
,,,,,131000,,,-180.3665313720703,-1.4278085231781006,4.303609848022461,177.887451171875,177.79315185546875,0.0003,0.0003,0.1
,,,,,131055,644.74725,211,,,,,,,,
,,,,,131270,665.87524,215,,,,,,,,
,,,,,131487,654.2022,217,,,,,,,,
,,,,,131728,763.45154,241,,,,,,,,
,,,,,132000,829.2092,272,,,,,,,,
,,,,,132000,,,-179.19554138183594,-1.5861139297485352,6.399871826171875,177.0853271484375,177.29336547851562,0.0003,0.0003,0.1
,,,,,132225,697.2423,225,,,,,,,,
,,,,,132450,711.619,225,,,,,,,,
,,,,,132690,724.0236,240,,,,,,,,
,,,,,132930,787.9152,240,,,,,,,,
,,,,,133000,,,-187.30946350097656,-1.3583483695983887,6.73655891418457,185.5318145751953,185.37416076660156,0.0003,0.0003,0.1
,,,,,133187,780.4459,257,,,,,,,,
,,,,,133435,812.35443,248,,,,,,,,
,,,,,133657,682.79443,222,,,,,,,,
,,,,,133894,760.60583,237,,,,,,,,
,,,,,134000,,,-178.9054412841797,-1.6723527908325195,6.7575531005859375,177.24114990234375,176.96444702148438,0.0003,0.0003,0.1
,,,,,134186,913.36475,292,,,,,,,,
,,,,,134414,702.5283,228,,,,,,,,
,,,,,134672,816.15027,258,,,,,,,,
,,,,,134914,789.61847,242,,,,,,,,
817.4792,66.501526,914.96313,675.54486,264.9,135000,,,-176.95669555664062,-1.8338592052459717,8.420231819152832,173.45877075195312,173.08016967773438,0.0003,0.0003,0.1
,,,,,135155,788.0975,241,,,,,,,,
,,,,,135425,861.9824,270,,,,,,,,
,,,,,135730,994.0815,305,,,,,,,,
,,,,,135985,818.3948,255,,,,,,,,
,,,,,136000,,,-181.2849884033203,-1.410042643547058,8.131989479064941,180.0084228515625,179.377197265625,0.0003,0.0003,0.1
,,,,,136232,791.16046,247,,,,,,,,
,,,,,136482,810.8847,250,,,,,,,,
,,,,,136755,844.5165,273,,,,,,,,
,,,,,137000,,,-187.022216796875,-1.5215426683425903,4.6446428298950195,185.52276611328125,185.3400115966797,0.0003,0.0003,0.1
,,,,,137023,806.94946,268,,,,,,,,
,,,,,137322,928.11383,299,,,,,,,,
,,,,,137558,719.6081,236,,,,,,,,
,,,,,137797,743.92334,239,,,,,,,,
,,,,,138000,,,-189.28976440429688,-1.624448537826538,12.047739028930664,187.44241333007812,187.42886352539062,0.0003,0.0003,0.1
,,,,,138060,818.0512,263,,,,,,,,
,,,,,138382,1037.3907,322,,,,,,,,
,,,,,138641,851.7644,259,,,,,,,,
,,,,,138898,838.30426,257,,,,,,,,
,,,,,139000,,,-178.30271911621094,-1.7896275520324707,8.936239242553711,176.52255249023438,176.265380859375,0.0003,0.0003,0.1
,,,,,139151,828.7895,253,,,,,,,,
,,,,,139426,868.54553,275,,,,,,,,
,,,,,139678,835.23645,252,,,,,,,,
,,,,,139822,358.97238,144,,,,,,,,
894.0252,66.3671,1063.5957,828.8315,273.5,140000,,,-182.3308868408203,-1.7339248657226562,10.000962257385254,179.47683715820312,179.4525146484375,0.0003,0.0003,0.1
,,,,,140077,825.2214,255,,,,,,,,
,,,,,140384,1001.9253,307,,,,,,,,
,,,,,140641,845.5549,257,,,,,,,,
,,,,,140938,945.66675,297,,,,,,,,
,,,,,141000,,,-189.2523193359375,-1.506575584411621,10.57429313659668,186.39654541015625,186.32440185546875,0.0003,0.0003,0.1
,,,,,141225,918.6358,287,,,,,,,,
,,,,,141471,814.6753,246,,,,,,,,
,,,,,141619,369.09506,148,,,,,,,,
,,,,,141877,850.5793,258,,,,,,,,
,,,,,142000,,,-185.78927612304688,-1.2130001783370972,5.872574806213379,184.70620727539062,184.7581329345703,0.0003,0.0003,0.1
,,,,,142227,1150.1357,350,,,,,,,,
,,,,,142510,825.07764,283,,,,,,,,
,,,,,142771,864.34265,261,,,,,,,,
,,,,,143000,,,-187.4498748779297,-1.4191367626190186,5.616057395935059,186.44187927246094,185.47940063476562,0.0003,0.0003,0.1
,,,,,143036,860.35864,265,,,,,,,,
,,,,,143326,955.6993,290,,,,,,,,
,,,,,143569,790.0121,243,,,,,,,,
,,,,,143840,862.8974,271,,,,,,,,
,,,,,144000,,,-186.27822875976562,-1.3327856063842773,6.336882591247559,184.00860595703125,184.1699981689453,0.0003,0.0003,0.1
,,,,,144084,788.22125,244,,,,,,,,
,,,,,144298,584.44354,214,,,,,,,,
,,,,,144662,1079.1733,364,,,,,,,,
971.715,282.7353,1751.0878,741.4424,323.8,145000,,,-194.50051879882812,-1.4251724481582642,6.898204803466797,192.6873321533203,192.67787170410156,0.0003,0.0003,0.1
,,,,,145023,1157.3898,361,,,,,,,,
,,,,,145297,867.431,274,,,,,,,,
,,,,,145591,962.8316,294,,,,,,,,
,,,,,145931,1125.1592,340,,,,,,,,
,,,,,146000,,,-189.98670959472656,-1.5593663454055786,13.388163566589355,186.75,186.88681030273438,0.0003,0.0003,0.1
,,,,,146262,1003.3777,331,,,,,,,,
,,,,,146609,1084.892,347,,,,,,,,
,,,,,146904,898.63293,295,,,,,,,,
,,,,,147000,,,-190.0149383544922,-1.6171879768371582,12.359916687011719,188.01107788085938,188.5875244140625,0.0003,0.0003,0.1
,,,,,147126,634.07776,222,,,,,,,,
,,,,,147369,784.3196,243,,,,,,,,
,,,,,147736,1075.0806,367,,,,,,,,
,,,,,148000,,,-193.1439208984375,-1.6091970205307007,7.502861976623535,190.01148986816406,189.59881591796875,0.0003,0.0003,0.1
,,,,,148029,941.1514,293,,,,,,,,
,,,,,148376,1149.9176,347,,,,,,,,
,,,,,148671,939.9576,295,,,,,,,,
,,,,,148992,1055.2244,321,,,,,,,,
,,,,,149000,,,-188.7089080810547,-1.7423112392425537,11.184313774108887,184.6707763671875,184.49542236328125,0.0003,0.0003,0.1
,,,,,149292,982.3688,300,,,,,,,,
,,,,,149554,835.502,262,,,,,,,,
899.5838,114.40138,1145.1482,770.0276,282.5,150000,,,-191.84861755371094,-1.6955724954605103,11.60362720489502,190.25592041015625,189.83642578125,0.0003,0.0003,0.1
,,,,,150040,1336.262,486,,,,,,,,
,,,,,150483,1356.7628,443,,,,,,,,
,,,,,150766,910.6654,283,,,,,,,,
,,,,,151000,,,-188.15916442871094,-1.6804821491241455,9.595184326171875,186.25909423828125,186.26605224609375,0.0003,0.0003,0.1
,,,,,151022,780.35297,256,,,,,,,,
,,,,,151262,776.26624,240,,,,,,,,
,,,,,151556,959.4097,294,,,,,,,,
,,,,,151832,900.15356,276,,,,,,,,
,,,,,152000,,,-200.36004638671875,-1.0363811254501343,4.157111644744873,199.17294311523438,198.98193359375,0.0003,0.0003,0.1
,,,,,152154,997.00446,322,,,,,,,,
,,,,,152404,839.1538,250,,,,,,,,
,,,,,152743,1139.6819,339,,,,,,,,
,,,,,153000,,,-194.84591674804688,-1.7178174257278442,8.337400436401367,192.59974670410156,192.61505126953125,0.0003,0.0003,0.1
,,,,,153055,1012.4955,312,,,,,,,,
,,,,,153261,614.6505,206,,,,,,,,
,,,,,153518,845.7768,257,,,,,,,,
,,,,,153820,952.1505,302,,,,,,,,
,,,,,154000,,,-198.86972045898438,-1.6259406805038452,5.914616584777832,196.40895080566406,196.406982421875,0.0003,0.0003,0.1
,,,,,154147,1065.2924,327,,,,,,,,
,,,,,154326,524.73505,179,,,,,,,,
,,,,,154519,583.2421,193,,,,,,,,
,,,,,154779,876.0216,260,,,,,,,,
,,,,,154979,606.1383,200,,,,,,,,
558.0237,38.93341,627.27295,472.9966,188.3,155000,,,-203.7793426513672,-1.2898313999176025,7.943118095397949,201.38800048828125,201.615234375,0.0003,0.0003,0.1
,,,,,155181,597.94604,202,,,,,,,,
,,,,,155374,571.3445,193,,,,,,,,
,,,,,155584,650.78864,210,,,,,,,,
,,,,,155871,875.291,287,,,,,,,,
,,,,,156000,,,-196.74842834472656,-1.4365434646606445,9.11008071899414,195.18878173828125,195.12319946289062,0.0003,0.0003,0.1
,,,,,156056,556.96497,185,,,,,,,,
,,,,,156340,910.5187,284,,,,,,,,
,,,,,156573,771.9355,233,,,,,,,,
,,,,,156770,579.4904,197,,,,,,,,
,,,,,157000,,,-199.5111846923828,-1.402576208114624,14.466767311096191,196.32754516601562,195.88262939453125,0.0003,0.0003,0.1
,,,,,157100,1113.9183,330,,,,,,,,
,,,,,157343,815.0113,243,,,,,,,,
,,,,,157605,868.6831,262,,,,,,,,
,,,,,157816,641.73566,211,,,,,,,,
,,,,,158000,,,-206.24044799804688,-1.2735798358917236,3.5360093116760254,204.38784790039062,204.53790283203125,0.0003,0.0003,0.1
,,,,,158124,1004.78503,308,,,,,,,,
,,,,,158376,843.1659,252,,,,,,,,
,,,,,158586,659.4546,210,,,,,,,,
,,,,,158812,732.1077,226,,,,,,,,
,,,,,159000,,,-204.63673400878906,-1.308118462562561,4.911163806915283,203.291015625,203.50955200195312,0.0003,0.0003,0.1
,,,,,159029,683.5287,217,,,,,,,,
,,,,,159281,832.07227,252,,,,,,,,
,,,,,159581,918.08984,300,,,,,,,,
,,,,,159845,887.1464,264,,,,,,,,
907.3674,27.761486,972.48,867.142,284.7,160000,,,-198.3770294189453,-1.8861939907073975,6.2316083908081055,196.24154663085938,196.66444396972656,0.0003,0.0003,0.1
,,,,,160109,894.60675,264,,,,,,,,
,,,,,160327,697.04974,218,,,,,,,,
,,,,,160582,771.7801,255,,,,,,,,
,,,,,160857,912.59906,275,,,,,,,,
,,,,,161000,,,-199.17510986328125,-1.781752109527588,10.01578140258789,197.0181884765625,197.5848388671875,0.0003,0.0003,0.1
,,,,,161155,912.46875,298,,,,,,,,
,,,,,161420,885.18024,265,,,,,,,,
,,,,,161710,921.01556,290,,,,,,,,
,,,,,161942,687.0651,232,,,,,,,,
,,,,,162000,,,-194.70693969726562,-1.8243600130081177,26.622650146484375,193.27273559570312,193.29541015625,0.0003,0.0003,0.1
,,,,,162216,897.7246,274,,,,,,,,
,,,,,162485,820.35944,269,,,,,,,,
,,,,,162825,1032.7494,340,,,,,,,,
,,,,,163000,,,-199.49270629882812,-2.1785013675689697,6.318282604217529,197.43914794921875,197.61868286132812,0.0003,0.0003,0.1
,,,,,163007,535.3595,182,,,,,,,,
,,,,,163213,644.07965,206,,,,,,,,
,,,,,163487,828.5637,274,,,,,,,,
,,,,,163812,1072.6752,325,,,,,,,,
,,,,,164000,,,-204.63905334472656,-1.2389298677444458,7.748711585998535,202.5233154296875,202.83770751953125,0.0003,0.0003,0.1
,,,,,164083,898.7533,271,,,,,,,,
,,,,,164380,906.96796,297,,,,,,,,
,,,,,164660,937.5669,280,,,,,,,,
,,,,,164898,773.6986,238,,,,,,,,
791.404,124.57438,939.00006,610.28015,244.8,165000,,,-192.4692840576172,-1.4975998401641846,14.276830673217773,190.36944580078125,190.61538696289062,0.0003,0.0003,0.1
,,,,,165140,794.67,242,,,,,,,,
,,,,,165353,677.21674,213,,,,,,,,
,,,,,165592,726.32495,239,,,,,,,,
,,,,,165889,937.69183,297,,,,,,,,
,,,,,166000,,,-200.9025115966797,-1.4365648031234741,6.21919059753418,199.44276428222656,199.47718811035156,0.0003,0.0003,0.1
,,,,,166101,663.8187,212,,,,,,,,
,,,,,166300,598.1018,199,,,,,,,,
,,,,,166506,622.85614,206,,,,,,,,
,,,,,166740,745.1252,234,,,,,,,,
,,,,,167000,,,-204.4345703125,-1.4195685386657715,4.922025203704834,203.24404907226562,203.59213256835938,0.0003,0.0003,0.1
,,,,,167035,859.13257,295,,,,,,,,
,,,,,167271,755.5487,236,,,,,,,,
,,,,,167482,664.6229,211,,,,,,,,
,,,,,167686,610.3881,204,,,,,,,,
,,,,,167901,672.66486,215,,,,,,,,
,,,,,168000,,,-202.2619171142578,-1.7085977792739868,6.92478609085083,200.04190063476562,200.2049560546875,0.0003,0.0003,0.1
,,,,,168125,678.94354,224,,,,,,,,
,,,,,168345,689.27075,220,,,,,,,,
,,,,,168525,553.97546,180,,,,,,,,
,,,,,168784,781.4941,259,,,,,,,,
,,,,,169000,,,-207.51947021484375,-1.3650721311569214,7.61478328704834,205.94570922851562,205.76058959960938,0.0003,0.0003,0.1
,,,,,169067,918.4019,283,,,,,,,,
,,,,,169254,552.19446,187,,,,,,,,
,,,,,169450,565.12555,196,,,,,,,,
,,,,,169645,587.1245,195,,,,,,,,
,,,,,169884,790.8552,239,,,,,,,,
581.2539,33.21298,632.7755,524.81714,194.5,170000,,,-195.79017639160156,-1.5458781719207764,4.252613067626953,192.49356079101562,192.57244873046875,0.0003,0.0003,0.1
,,,,,170106,703.79126,222,,,,,,,,
,,,,,170340,756.88983,234,,,,,,,,
,,,,,170591,828.4802,251,,,,,,,,
,,,,,170846,830.61975,255,,,,,,,,
,,,,,171000,,,-197.6522674560547,-1.919413447380066,6.309446334838867,196.34661865234375,196.55015563964844,0.0003,0.0003,0.1
,,,,,171113,861.00446,267,,,,,,,,
,,,,,171338,722.1148,225,,,,,,,,
,,,,,171592,847.4134,254,,,,,,,,
,,,,,171859,872.7591,267,,,,,,,,
,,,,,172000,,,-206.87405395507812,-1.688873291015625,5.533648490905762,205.63546752929688,205.2302703857422,0.0003,0.0003,0.1
,,,,,172115,851.03467,256,,,,,,,,
,,,,,172403,873.42755,288,,,,,,,,
,,,,,172666,878.3556,263,,,,,,,,
,,,,,172876,647.21014,210,,,,,,,,
,,,,,173000,,,-201.4616241455078,-1.5407912731170654,27.622615814208984,198.01296997070312,198.7310791015625,0.0003,0.0003,0.1
,,,,,173059,542.907,183,,,,,,,,
,,,,,173321,886.3805,262,,,,,,,,
,,,,,173545,728.21716,224,,,,,,,,
,,,,,173804,859.9895,259,,,,,,,,
,,,,,174000,,,-207.11801147460938,-1.9161231517791748,6.568915367126465,204.97390747070312,204.84991455078125,0.0003,0.0003,0.1
,,,,,174012,638.3926,208,,,,,,,,
,,,,,174231,704.9485,219,,,,,,,,
,,,,,174493,872.73975,262,,,,,,,,
,,,,,174739,823.9562,246,,,,,,,,
,,,,,174959,714.1902,220,,,,,,,,
876.8011,182.15646,1364.859,639.69696,273.4,175000,,,-202.0131072998047,-1.8280493021011353,3.903024196624756,199.7596435546875,199.43032836914062,0.0003,0.0003,0.1
,,,,,175239,879.2781,280,,,,,,,,
,,,,,175459,690.5407,220,,,,,,,,
,,,,,175736,924.5416,277,,,,,,,,
,,,,,175957,710.0288,221,,,,,,,,
,,,,,176000,,,-206.00706481933594,-1.6103343963623047,4.9539713859558105,203.19129943847656,203.01210021972656,0.0003,0.0003,0.1
,,,,,176186,742.1385,229,,,,,,,,
,,,,,176437,745.1878,251,,,,,,,,
,,,,,176654,683.6244,217,,,,,,,,
,,,,,176936,885.39056,282,,,,,,,,
,,,,,177000,,,-208.36517333984375,-1.6211408376693726,11.167384147644043,206.23660278320312,206.35269165039062,0.0003,0.0003,0.1
,,,,,177177,814.6481,241,,,,,,,,
,,,,,177613,1262.0543,436,,,,,,,,
,,,,,177901,944.5626,288,,,,,,,,
,,,,,178000,,,-205.8436279296875,-1.5224782228469849,4.650026321411133,204.89456176757812,204.45547485351562,0.0003,0.0003,0.1
,,,,,178365,1337.6141,464,,,,,,,,
,,,,,178575,658.2667,210,,,,,,,,
,,,,,178852,870.64233,277,,,,,,,,
,,,,,179000,,,-206.40003967285156,-1.6191763877868652,21.04114532470703,205.11788940429688,204.76968383789062,0.0003,0.0003,0.1
,,,,,179128,929.67725,276,,,,,,,,
,,,,,179491,1031.0013,363,,,,,,,,
,,,,,179777,907.3853,286,,,,,,,,
1016.8048,298.23233,1771.23,812.6592,326.1,180000,,,-208.1604461669922,-1.7762165069580078,6.047986030578613,206.94541931152344,207.07598876953125,0.0003,0.0003,0.1
,,,,,180063,840.7391,286,,,,,,,,
,,,,,180345,862.97003,282,,,,,,,,
,,,,,180558,659.01227,213,,,,,,,,
,,,,,180861,959.28796,303,,,,,,,,
,,,,,181000,,,-210.53286743164062,-1.6434063911437988,13.954626083374023,207.14918518066406,207.34564208984375,0.0003,0.0003,0.1
,,,,,181190,1073.3568,329,,,,,,,,
,,,,,181464,837.9917,274,,,,,,,,
,,,,,181689,723.6153,225,,,,,,,,
,,,,,182000,,,-207.11215209960938,-1.693679690361023,8.360713958740234,205.6809539794922,205.91482543945312,0.0003,0.0003,0.1
,,,,,182097,1247.7803,408,,,,,,,,
,,,,,183000,,,-204.455078125,-1.7759826183319092,21.101749420166016,202.3629150390625,202.08604431152344,0.0003,0.0003,0.1
,,,,,183003,2628.7456,906,,,,,,,,
,,,,,183732,2086.7048,729,,,,,,,,
,,,,,184000,,,-201.82464599609375,-1.9275065660476685,10.175128936767578,199.742431640625,199.74978637695312,0.0003,0.0003,0.1
,,,,,184054,891.92035,322,,,,,,,,
,,,,,184330,922.71094,276,,,,,,,,
,,,,,184567,778.9294,237,,,,,,,,
,,,,,184865,905.6874,298,,,,,,,,
933.31824,124.247826,1111.1964,691.13135,291.7,185000,,,-209.0246124267578,-1.4462404251098633,4.014682769775391,207.86041259765625,207.70205688476562,0.0003,0.0003,0.1
,,,,,185169,910.26355,304,,,,,,,,
,,,,,185903,2137.052,734,,,,,,,,
,,,,,186000,,,-205.98924255371094,-1.4007716178894043,5.902056694030762,204.0315704345703,204.51773071289062,0.0003,0.0003,0.1
,,,,,186903,2776.6985,1000,,,,,,,,
,,,,,187000,,,-208.7462615966797,-1.6504684686660767,4.732990741729736,206.77740478515625,206.81240844726562,0.0003,0.0003,0.1
,,,,,187229,933.11255,326,,,,,,,,
,,,,,187581,1148.9869,352,,,,,,,,
,,,,,187866,835.4823,285,,,,,,,,
,,,,,188000,,,-208.26953125,-1.3325245380401611,5.366349220275879,206.95297241210938,207.03062438964844,0.0003,0.0003,0.1
,,,,,188300,1349.1425,434,,,,,,,,
,,,,,188909,1878.6637,609,,,,,,,,
,,,,,189000,,,-199.79714965820312,-1.8282997608184814,6.661424160003662,197.5243377685547,197.7669677734375,0.0003,0.0003,0.1
,,,,,189261,1104.9547,352,,,,,,,,
,,,,,189528,877.819,267,,,,,,,,
1500.0139,693.9864,2744.9333,748.6664,519.0,190000,,,-213.7141571044922,-1.4227285385131836,5.293953895568848,210.88412475585938,211.1795196533203,0.0003,0.0003,0.1
,,,,,190260,2115.5793,732,,,,,,,,
,,,,,190487,733.5952,227,,,,,,,,
,,,,,190974,1528.1979,487,,,,,,,,
,,,,,191000,,,-209.99591064453125,-1.4417214393615723,7.796621799468994,208.7407989501953,208.7872314453125,0.0003,0.0003,0.1
,,,,,191343,1038.5756,369,,,,,,,,
,,,,,191994,2022.1613,651,,,,,,,,
,,,,,192000,,,-214.35023498535156,-1.5406267642974854,12.944129943847656,213.28665161132812,212.7543487548828,0.0003,0.0003,0.1
,,,,,192994,2763.664,1000,,,,,,,,
,,,,,193000,,,-211.1302032470703,-1.7301084995269775,4.732789993286133,209.0383758544922,209.35574340820312,0.0003,0.0003,0.1
,,,,,193276,941.86993,282,,,,,,,,
,,,,,194000,,,-211.64405822753906,-1.3360083103179932,12.559545516967773,209.5935821533203,209.66656494140625,0.0003,0.0003,0.1
,,,,,194276,2721.9001,1000,,,,,,,,
,,,,,194568,859.9096,292,,,,,,,,
,,,,,194893,960.1313,325,,,,,,,,
1977.7947,1055.6737,2787.7307,58.70204,707.9,195000,,,-203.73548889160156,-1.722614049911499,10.107864379882812,201.9768829345703,202.679443359375,0.0003,0.0003,0.1
,,,,,195537,1966.3392,644,,,,,,,,
,,,,,195835,892.80817,298,,,,,,,,
,,,,,196000,,,-207.93411254882812,-1.3955299854278564,5.290796279907227,206.67892456054688,206.2883758544922,0.0003,0.0003,0.1
,,,,,196300,1449.14,465,,,,,,,,
,,,,,196589,847.51605,289,,,,,,,,
,,,,,197000,,,-212.71401977539062,-1.405072808265686,5.032575607299805,211.3487548828125,211.561767578125,0.0003,0.0003,0.1
,,,,,197061,1387.2029,472,,,,,,,,
,,,,,197357,854.05,296,,,,,,,,
,,,,,198000,,,-215.16883850097656,-1.6415669918060303,5.557568073272705,213.55715942382812,213.36129760742188,0.0003,0.0003,0.1
,,,,,198113,2197.813,756,,,,,,,,
,,,,,198607,1560.5922,494,,,,,,,,
,,,,,198874,872.25995,267,,,,,,,,
,,,,,199000,,,-212.87986755371094,-1.2092654705047607,5.161445617675781,211.202880859375,211.05096435546875,0.0003,0.0003,0.1
,,,,,199302,1312.6122,428,,,,,,,,
,,,,,199531,593.8684,229,,,,,,,,
1139.2717,310.4652,1861.7496,881.90155,372.1,200000,,,-211.2584228515625,-1.488423466682434,5.238411903381348,208.30245971679688,208.27841186523438,0.0003,0.0003,0.1
,,,,,200115,1674.3337,584,,,,,,,,
,,,,,200438,1053.6154,323,,,,,,,,
,,,,,200749,941.22925,311,,,,,,,,
,,,,,201000,,,-198.198974609375,-1.9916197061538696,5.608458995819092,195.425537109375,195.45465087890625,0.0003,0.0003,0.1
,,,,,201749,2866.3196,1000,,,,,,,,
,,,,,202000,,,-211.89862060546875,-2.0576171875,17.254337310791016,210.24618530273438,209.70994567871094,0.0003,0.0003,0.1
,,,,,202045,943.34015,296,,,,,,,,
,,,,,202412,1124.4843,367,,,,,,,,
,,,,,202736,950.31696,324,,,,,,,,
,,,,,203000,,,-211.07643127441406,-1.424952507019043,5.500092506408691,209.98773193359375,210.19345092773438,0.0003,0.0003,0.1
,,,,,203148,1253.2137,412,,,,,,,,
,,,,,203930,2318.115,782,,,,,,,,
,,,,,204000,,,-213.64479064941406,-1.8906681537628174,4.96217155456543,212.07456970214844,212.43524169921875,0.0003,0.0003,0.1
,,,,,204477,1653.0316,547,,,,,,,,
,,,,,204816,1004.44586,339,,,,,,,,
1567.5159,618.2225,2615.441,611.95593,515.3,205000,,,-204.61624145507812,-1.547830581665039,11.349159240722656,203.06826782226562,203.2052001953125,0.0003,0.0003,0.1
,,,,,205693,2483.9749,877,,,,,,,,
,,,,,206000,,,-204.7979278564453,-1.8233994245529175,45.12221145629883,202.0890350341797,201.50421142578125,0.0003,0.0003,0.1
,,,,,206194,1455.5042,501,,,,,,,,
,,,,,206505,913.1988,311,,,,,,,,
,,,,,207000,,,-213.23394775390625,-1.5814100503921509,4.351890563964844,212.50306701660156,212.42942810058594,0.0003,0.0003,0.1
,,,,,207442,2800.5093,937,,,,,,,,
,,,,,207954,1629.3768,512,,,,,,,,
,,,,,208000,,,-219.70602416992188,-1.3704824447631836,4.762141704559326,218.62109375,218.06137084960938,0.0003,0.0003,0.1
,,,,,208592,1961.8564,638,,,,,,,,
,,,,,209000,,,-212.17796325683594,-1.9507994651794434,8.60755729675293,209.7623291015625,209.97552490234375,0.0003,0.0003,0.1
,,,,,209592,2973.223,1000,,,,,,,,
,,,,,209631,64.31471,39,,,,,,,,
1853.2559,772.5347,2843.0579,964.8665,630.2,210000,,,-217.25831604003906,-1.255865454673767,4.262542724609375,215.93185424804688,215.7422637939453,0.0003,0.0003,0.1
,,,,,210167,1699.2535,536,,,,,,,,
,,,,,210550,1227.4333,383,,,,,,,,
,,,,,210762,579.95233,212,,,,,,,,
,,,,,211000,,,-220.58961486816406,-1.4327068328857422,5.259068489074707,218.669921875,218.9227294921875,0.0003,0.0003,0.1
,,,,,211102,958.6537,340,,,,,,,,
,,,,,212000,,,-214.70962524414062,-1.282134771347046,6.061606407165527,213.67333984375,213.45843505859375,0.0003,0.0003,0.1
,,,,,212102,2878.3208,1000,,,,,,,,
,,,,,212395,949.22705,293,,,,,,,,
,,,,,213000,,,-213.40655517578125,-1.566762924194336,8.680133819580078,211.88058471679688,211.70835876464844,0.0003,0.0003,0.1
,,,,,213395,2951.1252,1000,,,,,,,,
,,,,,214000,,,-212.8848876953125,-1.5161380767822266,7.956494331359863,211.63160705566406,211.64892578125,0.0003,0.0003,0.1
,,,,,214395,2900.538,1000,,,,,,,,
1899.3356,859.3214,2912.6343,1019.5109,632.9,215000,,,-224.01495361328125,-1.4648962020874023,4.461569309234619,222.82928466796875,223.0218048095703,0.0003,0.0003,0.1
,,,,,215395,2914.9993,1000,,,,,,,,
,,,,,215682,948.5851,287,,,,,,,,
,,,,,216000,,,-216.27816772460938,-1.3793233633041382,4.171515941619873,214.157470703125,214.30453491210938,0.0003,0.0003,0.1
,,,,,216682,2929.022,1000,,,,,,,,
,,,,,217000,,,-220.9442138671875,-1.271675944328308,9.284082412719727,219.33013916015625,219.67112731933594,0.0003,0.0003,0.1
,,,,,217022,1093.7577,340,,,,,,,,
,,,,,217295,912.5518,273,,,,,,,,
,,,,,218000,,,-214.3622589111328,-1.6633787155151367,5.360193729400635,212.126708984375,212.17494201660156,0.0003,0.0003,0.1
,,,,,218295,2930.2937,1000,,,,,,,,
,,,,,219000,,,-218.30374145507812,-1.3695595264434814,3.7442378997802734,216.5788116455078,216.51654052734375,0.0003,0.0003,0.1
,,,,,219295,2922.5776,1000,,,,,,,,
1742.601,813.9268,2879.5955,944.79266,580.8,220000,,,-215.87936401367188,-1.5869200229644775,10.235208511352539,214.0550537109375,214.05491638183594,0.0003,0.0003,0.1
,,,,,220295,2896.4456,1000,,,,,,,,
,,,,,220842,1730.6599,547,,,,,,,,
,,,,,221000,,,-220.23680114746094,-1.4997518062591553,11.684968948364258,216.82720947265625,216.82159423828125,0.0003,0.0003,0.1
,,,,,221842,2935.1218,1000,,,,,,,,
,,,,,222000,,,-220.64706420898438,-1.349022388458252,6.25001335144043,219.37313842773438,219.5247802734375,0.0003,0.0003,0.1
,,,,,222842,2896.2021,1000,,,,,,,,
,,,,,223000,,,-215.47210693359375,-1.4645156860351562,4.213807582855225,214.30328369140625,214.0301971435547,0.0003,0.0003,0.1
,,,,,223842,2934.9297,1000,,,,,,,,
,,,,,224000,,,-216.2362518310547,-1.4875999689102173,5.417099952697754,214.22398376464844,214.27273559570312,0.0003,0.0003,0.1
,,,,,224285,1374.3612,443,,,,,,,,
,,,,,224625,1153.5059,340,,,,,,,,
,,,,,224978,1188.0427,353,,,,,,,,
1817.3287,756.0641,2928.3284,1115.2305,593.4,225000,,,-221.37713623046875,-1.0924217700958252,8.812140464782715,220.1080780029297,219.62332153320312,0.0003,0.0003,0.1
,,,,,225978,2927.5134,1000,,,,,,,,
,,,,,226000,,,-217.8590545654297,-1.638226866722107,6.92572021484375,216.57371520996094,216.16107177734375,0.0003,0.0003,0.1
,,,,,226978,2943.289,1000,,,,,,,,
,,,,,227000,,,-217.29837036132812,-1.6350786685943604,4.3694024085998535,214.76998901367188,214.7423095703125,0.0003,0.0003,0.1
,,,,,227978,2923.1284,1000,,,,,,,,
,,,,,228000,,,-225.93898010253906,-1.325602650642395,7.427690029144287,223.9854736328125,223.99172973632812,0.0003,0.0003,0.1
,,,,,228978,2930.408,1000,,,,,,,,
,,,,,229000,,,-215.95948791503906,-1.5416576862335205,4.569118022918701,214.04782104492188,214.01983642578125,0.0003,0.0003,0.1
,,,,,229407,1397.1055,429,,,,,,,,
2207.0283,890.0673,3041.983,951.72,741.7,230000,,,-214.68997192382812,-1.5050513744354248,4.431206703186035,213.5308837890625,213.426513671875,0.0003,0.0003,0.1
,,,,,230407,2912.4087,1000,,,,,,,,
,,,,,231000,,,-219.8001251220703,-1.650609016418457,8.529275894165039,218.76559448242188,218.51751708984375,0.0003,0.0003,0.1
,,,,,231407,2919.1807,1000,,,,,,,,
,,,,,232000,,,-216.79678344726562,-1.571899652481079,5.891467571258545,215.67730712890625,215.44039916992188,0.0003,0.0003,0.1
,,,,,232144,2130.9111,737,,,,,,,,
,,,,,232509,1192.2642,365,,,,,,,,
,,,,,233000,,,-218.7132568359375,-1.722137212753296,2.9131205081939697,217.0891876220703,217.10150146484375,0.0003,0.0003,0.1
,,,,,233509,2953.0698,1000,,,,,,,,
,,,,,234000,,,-225.58059692382812,-1.523430585861206,7.63516902923584,223.52243041992188,223.90859985351562,0.0003,0.0003,0.1
,,,,,234509,2927.724,1000,,,,,,,,
2418.66,918.9076,3063.3623,889.176,793.2,235000,,,-218.873779296875,-1.217130422592163,5.583432674407959,217.11476135253906,217.25621032714844,0.0003,0.0003,0.1
,,,,,235509,3007.0835,1000,,,,,,,,
,,,,,236000,,,-222.4519805908203,-1.2300711870193481,8.075082778930664,220.78863525390625,220.56546020507812,0.0003,0.0003,0.1
,,,,,236509,2953.6506,1000,,,,,,,,
,,,,,237000,,,-230.90435791015625,-1.325310468673706,21.810373306274414,229.56903076171875,229.91160583496094,0.0003,0.0003,0.1
,,,,,237509,2959.5483,1000,,,,,,,,
,,,,,238000,,,-227.5694122314453,-1.4268651008605957,3.0877161026000977,226.36636352539062,226.56539916992188,0.0003,0.0003,0.1
,,,,,238509,2981.05,1000,,,,,,,,
,,,,,239000,,,-218.60638427734375,-1.206979513168335,12.865516662597656,217.14080810546875,217.01345825195312,0.0003,0.0003,0.1
,,,,,239509,3020.1597,1000,,,,,,,,
2234.8567,927.7395,3006.8667,924.70795,732.6,240000,,,-233.6787109375,-1.4510419368743896,6.794314384460449,232.03421020507812,232.06980895996094,0.0003,0.0003,0.1
,,,,,240509,2959.0544,1000,,,,,,,,
,,,,,241000,,,-227.57162475585938,-1.5639461278915405,12.050108909606934,226.11488342285156,226.20132446289062,0.0003,0.0003,0.1
,,,,,241509,2889.3232,1000,,,,,,,,
,,,,,242000,,,-213.91310119628906,-1.5082924365997314,109.11514282226562,212.31927490234375,212.5205078125,0.0003,0.0003,0.1
,,,,,242509,2972.9043,1000,,,,,,,,
,,,,,243000,,,-230.6113739013672,-1.0947813987731934,3.3709628582000732,229.46092224121094,229.46234130859375,0.0003,0.0003,0.1
,,,,,243509,2977.1836,1000,,,,,,,,
,,,,,244000,,,-220.3660430908203,-1.290361762046814,15.65759563446045,218.437255859375,218.69522094726562,0.0003,0.0003,0.1
,,,,,244509,2938.6604,1000,,,,,,,,
2120.0798,878.07544,3019.3262,1092.5581,691.6,245000,,,-217.5888671875,-1.391514539718628,8.453559875488281,215.77694702148438,215.22315979003906,0.0003,0.0003,0.1
,,,,,245509,2948.9392,1000,,,,,,,,
,,,,,245979,1503.5453,470,,,,,,,,
,,,,,246000,,,-224.79452514648438,-1.2815885543823242,8.287038803100586,223.3579559326172,222.76043701171875,0.0003,0.0003,0.1
,,,,,246273,945.5595,294,,,,,,,,
,,,,,247000,,,-222.95912170410156,-1.2267937660217285,4.467541694641113,221.97633361816406,221.48947143554688,0.0003,0.0003,0.1
,,,,,247273,2967.3477,1000,,,,,,,,
,,,,,248000,,,-226.54833984375,-1.4180347919464111,10.452095985412598,224.50372314453125,224.6192626953125,0.0003,0.0003,0.1
,,,,,248273,2982.8923,1000,,,,,,,,
,,,,,249000,,,-226.09312438964844,-1.3522976636886597,4.453911781311035,225.0522003173828,224.80984497070312,0.0003,0.0003,0.1
,,,,,249273,2960.4521,1000,,,,,,,,
2732.9453,610.70636,2955.5566,900.9888,927.7,250000,,,-221.72364807128906,-1.2886358499526978,4.613039016723633,220.72714233398438,220.7375946044922,0.0003,0.0003,0.1
,,,,,250273,2957.56,1000,,,,,,,,
,,,,,250591,1071.4487,318,,,,,,,,
,,,,,251000,,,-234.85919189453125,-1.1560206413269043,6.5552167892456055,233.45506286621094,233.3578338623047,0.0003,0.0003,0.1
,,,,,251591,2962.343,1000,,,,,,,,
,,,,,252000,,,-225.95736694335938,-1.0665565729141235,5.116453647613525,224.85357666015625,224.99777221679688,0.0003,0.0003,0.1
,,,,,252591,2958.7373,1000,,,,,,,,
,,,,,253000,,,-223.5341339111328,-1.2687873840332031,4.17651891708374,222.12338256835938,222.14404296875,0.0003,0.0003,0.1
,,,,,253591,2966.2878,1000,,,,,,,,
,,,,,254000,,,-227.4557647705078,-1.2533094882965088,4.572925567626953,225.58221435546875,225.763427734375,0.0003,0.0003,0.1
,,,,,254028,1449.6599,437,,,,,,,,
2416.0188,828.07104,2982.411,971.49554,806.6,255000,,,-232.09483337402344,-1.3261282444000244,4.218653202056885,230.86990356445312,231.04296875,0.0003,0.0003,0.1
,,,,,255028,3011.3599,1000,,,,,,,,
,,,,,255473,1423.4441,445,,,,,,,,
,,,,,256000,,,-233.69659423828125,-1.2740368843078613,2.586719036102295,231.59121704101562,231.4634246826172,0.0003,0.0003,0.1
,,,,,256473,3038.3772,1000,,,,,,,,
,,,,,256993,1638.7859,520,,,,,,,,
,,,,,257000,,,-225.9564666748047,-1.1839067935943604,6.135298728942871,223.24966430664062,223.43792724609375,0.0003,0.0003,0.1
,,,,,257373,1294.2656,380,,,,,,,,
,,,,,258000,,,-228.7539520263672,-1.0819604396820068,4.168724060058594,226.7996826171875,226.51876831054688,0.0003,0.0003,0.1
,,,,,258373,3019.7559,1000,,,,,,,,
,,,,,259000,,,-228.16726684570312,-1.4882335662841797,20.16676902770996,226.45858764648438,226.487060546875,0.0003,0.0003,0.1
,,,,,259373,2980.7124,1000,,,,,,,,
2795.0369,558.71564,2997.649,1119.2428,932.1,260000,,,-229.6516876220703,-1.3633911609649658,3.4677305221557617,226.61582946777344,226.49026489257812,0.0003,0.0003,0.1
,,,,,260373,2976.6423,1000,,,,,,,,
,,,,,260673,1015.18304,300,,,,,,,,
,,,,,261000,,,-229.60092163085938,-1.2728877067565918,9.323453903198242,226.55484008789062,226.49539184570312,0.0003,0.0003,0.1
,,,,,261673,2965.4282,1000,,,,,,,,
,,,,,262000,,,-232.34983825683594,-1.4984934329986572,3.7588577270507812,230.0748291015625,230.46563720703125,0.0003,0.0003,0.1
,,,,,262673,2974.3638,1000,,,,,,,,
,,,,,263000,,,-236.76519775390625,-1.3592140674591064,13.60997200012207,235.58395385742188,235.62841796875,0.0003,0.0003,0.1
,,,,,263673,2983.0835,1000,,,,,,,,
,,,,,263923,784.9683,250,,,,,,,,
,,,,,264000,,,-235.18724060058594,-1.2506920099258423,6.118073463439941,233.8994598388672,233.90377807617188,0.0003,0.0003,0.1
,,,,,264923,2967.5957,1000,,,,,,,,
2960.7168,8.002729,2973.7625,2951.5115,1000.0,265000,,,-235.66046142578125,-0.9566781520843506,4.167864799499512,233.64178466796875,233.5720672607422,0.0003,0.0003,0.1
,,,,,265923,2960.4202,1000,,,,,,,,
,,,,,266000,,,-235.4276885986328,-1.4173650741577148,14.587196350097656,233.69668579101562,233.90223693847656,0.0003,0.0003,0.1
,,,,,266923,2940.1238,1000,,,,,,,,
,,,,,267000,,,-232.93309020996094,-1.1194926500320435,4.866578578948975,231.61709594726562,231.86874389648438,0.0003,0.0003,0.1
,,,,,267923,2987.1091,1000,,,,,,,,
,,,,,268000,,,-227.85000610351562,-1.0235061645507812,3.603355884552002,226.6724395751953,226.91018676757812,0.0003,0.0003,0.1
,,,,,268923,2984.7078,1000,,,,,,,,
,,,,,269000,,,-236.2546844482422,-1.1050384044647217,3.445115089416504,235.1414794921875,235.28143310546875,0.0003,0.0003,0.1
,,,,,269923,2996.39,1000,,,,,,,,
2695.5513,769.2977,2969.854,387.8632,915.3,270000,,,-234.69256591796875,-1.6005549430847168,6.861189365386963,232.864990234375,232.69786071777344,0.0003,0.0003,0.1
,,,,,270923,2962.2935,1000,,,,,,,,
,,,,,271000,,,-226.63929748535156,-0.9675905108451843,5.10894775390625,225.74246215820312,225.5569610595703,0.0003,0.0003,0.1
,,,,,271923,2970.0771,1000,,,,,,,,
,,,,,272000,,,-229.49851989746094,-1.0414469242095947,5.171027183532715,228.104736328125,228.42807006835938,0.0003,0.0003,0.1
,,,,,272291,1240.6154,368,,,,,,,,
,,,,,273000,,,-235.568603515625,-1.284968614578247,9.46523380279541,233.7183380126953,234.5340118408203,0.0003,0.0003,0.1
,,,,,273291,3029.5403,1000,,,,,,,,
,,,,,274000,,,-225.11451721191406,-1.4334083795547485,3.420966625213623,224.0345458984375,223.9342041015625,0.0003,0.0003,0.1
,,,,,274291,2949.6785,1000,,,,,,,,
3040.4888,29.709085,3117.4336,3005.3894,1000.0,275000,,,-235.0426025390625,-1.5676445960998535,5.219654083251953,233.60714721679688,233.49978637695312,0.0003,0.0003,0.1
,,,,,275291,2970.4802,1000,,,,,,,,
,,,,,276000,,,-239.48388671875,-1.2185773849487305,4.156065464019775,238.55825805664062,238.75973510742188,0.0003,0.0003,0.1
,,,,,276291,2929.819,1000,,,,,,,,
,,,,,277000,,,-233.36526489257812,-1.3427387475967407,8.179544448852539,231.56996154785156,231.25106811523438,0.0003,0.0003,0.1
,,,,,277291,2969.2085,1000,,,,,,,,
,,,,,278000,,,-237.58743286132812,-0.7811070680618286,4.33860969543457,237.12713623046875,236.97157287597656,0.0003,0.0003,0.1
,,,,,278291,2971.5264,1000,,,,,,,,
,,,,,279000,,,-241.41064453125,-1.2160717248916626,11.878222465515137,239.19161987304688,239.3087158203125,0.0003,0.0003,0.1
,,,,,279291,2980.1233,1000,,,,,,,,
2953.1616,10.765041,2970.1846,2933.7517,1000.0,280000,,,-234.08726501464844,-1.4033091068267822,5.563802719116211,232.2900390625,232.2445831298828,0.0003,0.0003,0.1
,,,,,280291,2964.1685,1000,,,,,,,,
,,,,,281000,,,-238.3883056640625,-1.3882299661636353,3.437500238418579,236.46762084960938,236.57540893554688,0.0003,0.0003,0.1
,,,,,281291,2952.101,1000,,,,,,,,
,,,,,282000,,,-234.65890502929688,-1.036380648612976,14.188407897949219,233.7884521484375,233.27682495117188,0.0003,0.0003,0.1
,,,,,282291,2956.2913,1000,,,,,,,,
,,,,,283000,,,-238.74391174316406,-1.1132707595825195,5.078280448913574,237.65203857421875,238.03184509277344,0.0003,0.0003,0.1
,,,,,283291,2965.6824,1000,,,,,,,,
,,,,,283686,1354.3696,395,,,,,,,,
,,,,,284000,,,-237.13612365722656,-0.8250665068626404,5.424748420715332,235.81993103027344,236.25772094726562,0.0003,0.0003,0.1
,,,,,284686,2960.9119,1000,,,,,,,,
2625.109,647.4136,3056.0396,1416.002,859.6,285000,,,-241.45748901367188,-1.1568537950515747,9.03548812866211,240.22015380859375,240.28150939941406,0.0003,0.0003,0.1
,,,,,285686,3001.4746,1000,,,,,,,,
,,,,,286000,,,-240.62435913085938,-1.2601217031478882,3.921090602874756,238.59153747558594,238.56687927246094,0.0003,0.0003,0.1
,,,,,286686,2986.7568,1000,,,,,,,,
,,,,,287000,,,-232.5579833984375,-1.5560911893844604,13.352851867675781,229.95904541015625,229.95608520507812,0.0003,0.0003,0.1
,,,,,287064,1261.7333,378,,,,,,,,
,,,,,288000,,,-240.03305053710938,-1.2862447500228882,3.5594449043273926,238.1998291015625,238.15066528320312,0.0003,0.0003,0.1
,,,,,288064,2964.041,1000,,,,,,,,
,,,,,289000,,,-240.32054138183594,-0.9567731618881226,8.234797477722168,238.7140655517578,238.6680145263672,0.0003,0.0003,0.1
,,,,,289064,2948.1382,1000,,,,,,,,
2926.524,22.490784,2959.0652,2884.1094,1000.0,290000,,,-244.22946166992188,-1.3235371112823486,3.4687376022338867,243.13174438476562,243.38064575195312,0.0003,0.0003,0.1
,,,,,290064,3003.9158,1000,,,,,,,,
,,,,,290444,1295.005,380,,,,,,,,
,,,,,291000,,,-237.54649353027344,-1.2010153532028198,5.734689235687256,236.0393524169922,235.963134765625,0.0003,0.0003,0.1
,,,,,291444,3022.6382,1000,,,,,,,,
,,,,,292000,,,-237.0270538330078,-0.9958713054656982,3.512225389480591,235.81422424316406,235.78009033203125,0.0003,0.0003,0.1
,,,,,292444,2962.1074,1000,,,,,,,,
,,,,,292914,1548.0792,470,,,,,,,,
,,,,,293000,,,-237.02496337890625,-1.3089474439620972,2.8179478645324707,235.45523071289062,235.48867797851562,0.0003,0.0003,0.1
,,,,,293914,2953.6648,1000,,,,,,,,
,,,,,294000,,,-238.08621215820312,-1.1268219947814941,12.468709945678711,235.874755859375,235.72727966308594,0.0003,0.0003,0.1
,,,,,294914,2976.7686,1000,,,,,,,,
2933.21,35.126812,3008.06,2886.8875,1000.0,295000,,,-243.2035369873047,-1.1282422542572021,14.46760082244873,242.28509521484375,241.97677612304688,0.0003,0.0003,0.1
,,,,,295914,2942.3438,1000,,,,,,,,
,,,,,296000,,,-244.33445739746094,-1.075880765914917,5.196819305419922,243.3141326904297,243.55899047851562,0.0003,0.0003,0.1
,,,,,296914,2933.2573,1000,,,,,,,,
,,,,,297000,,,-245.79696655273438,-1.074587106704712,232.2305450439453,244.915283203125,243.70547485351562,0.0003,0.0003,0.1
,,,,,297914,2962.77,1000,,,,,,,,
,,,,,298000,,,-243.64039611816406,-0.8900155425071716,5.719228267669678,241.64254760742188,241.93594360351562,0.0003,0.0003,0.1
,,,,,298914,3018.976,1000,,,,,,,,
,,,,,299000,,,-236.31045532226562,-1.0946449041366577,22.551183700561523,233.6895751953125,233.34210205078125,0.0003,0.0003,0.1
,,,,,299914,2979.0952,1000,,,,,,,,
2342.6309,819.2995,3000.2534,1166.905,773.9,300000,,,-243.28489685058594,-1.0476441383361816,3.086381435394287,242.40943908691406,242.29782104492188,0.0003,0.0003,0.1
,,,,,300914,2990.2947,1000,,,,,,,,
,,,,,301000,,,-244.00511169433594,-1.1149052381515503,4.276317596435547,242.77789306640625,243.29563903808594,0.0003,0.0003,0.1
,,,,,301914,2974.8894,1000,,,,,,,,
,,,,,302000,,,-247.195068359375,-1.1440608501434326,4.009608268737793,246.1752471923828,245.95925903320312,0.0003,0.0003,0.1
,,,,,302914,2962.785,1000,,,,,,,,
,,,,,303000,,,-240.25119018554688,-1.0242618322372437,4.680183410644531,239.0106201171875,238.7648468017578,0.0003,0.0003,0.1
,,,,,303914,3008.9116,1000,,,,,,,,
,,,,,304000,,,-235.41107177734375,-1.530832290649414,5.14562463760376,233.38385009765625,233.23033142089844,0.0003,0.0003,0.1
,,,,,304914,2974.8804,1000,,,,,,,,
3000.3054,11.184195,3025.7397,2988.2476,1000.0,305000,,,-249.27236938476562,-1.111116647720337,4.260583877563477,248.44683837890625,248.30307006835938,0.0003,0.0003,0.1
,,,,,305914,2969.7805,1000,,,,,,,,
,,,,,306000,,,-244.50338745117188,-1.1187944412231445,2.6418583393096924,243.44667053222656,243.68521118164062,0.0003,0.0003,0.1
,,,,,306914,3012.5237,1000,,,,,,,,
,,,,,307000,,,-238.14401245117188,-1.0434203147888184,2.8867249488830566,237.09178161621094,237.2330322265625,0.0003,0.0003,0.1
,,,,,307914,3028.4155,1000,,,,,,,,
,,,,,308000,,,-241.774658203125,-1.307948350906372,5.444429397583008,239.73532104492188,239.66949462890625,0.0003,0.0003,0.1
,,,,,308914,2965.4358,1000,,,,,,,,
,,,,,309000,,,-241.6544189453125,-1.0355957746505737,2.3765711784362793,240.92950439453125,240.75360107421875,0.0003,0.0003,0.1
,,,,,309914,3009.7522,1000,,,,,,,,
2966.5862,9.972455,2982.741,2946.5159,1000.0,310000,,,-250.7201385498047,-1.4870150089263916,11.089261054992676,249.2369842529297,249.6293487548828,0.0003,0.0003,0.1
,,,,,310914,3015.5515,1000,,,,,,,,
,,,,,311000,,,-251.6737060546875,-1.162318229675293,5.691315650939941,250.6444854736328,250.7803955078125,0.0003,0.0003,0.1
,,,,,311914,3042.0425,1000,,,,,,,,
,,,,,312000,,,-236.42709350585938,-1.374672770500183,3.7157278060913086,234.69862365722656,234.92849731445312,0.0003,0.0003,0.1
,,,,,312914,2968.903,1000,,,,,,,,
,,,,,313000,,,-239.80824279785156,-0.9867587089538574,9.352561950683594,238.85675048828125,238.53060913085938,0.0003,0.0003,0.1
,,,,,313914,2973.8992,1000,,,,,,,,
,,,,,314000,,,-235.42425537109375,-1.6168389320373535,6.00253963470459,234.37994384765625,234.52462768554688,0.0003,0.0003,0.1
,,,,,314203,953.67017,289,,,,,,,,
3011.2173,18.670204,3048.6775,2974.9248,1000.0,315000,,,-244.3278350830078,-1.0137170553207397,33.86713409423828,241.06134033203125,240.73468017578125,0.0003,0.0003,0.1
,,,,,315203,2981.6387,1000,,,,,,,,
,,,,,316000,,,-249.90028381347656,-1.2670034170150757,4.461001873016357,247.71539306640625,247.86737060546875,0.0003,0.0003,0.1
,,,,,316203,2972.1943,1000,,,,,,,,
,,,,,317000,,,-244.9141082763672,-1.0075981616973877,2.974112033843994,244.01199340820312,244.02984619140625,0.0003,0.0003,0.1
,,,,,317203,3001.629,1000,,,,,,,,
,,,,,318000,,,-248.7862091064453,-0.8523502945899963,8.058647155761719,246.87831115722656,247.01333618164062,0.0003,0.0003,0.1
,,,,,318203,3037.5637,1000,,,,,,,,
,,,,,319000,,,-251.74810791015625,-1.0491647720336914,10.427420616149902,250.54104614257812,250.89442443847656,0.0003,0.0003,0.1
,,,,,319203,3022.5642,1000,,,,,,,,
2951.9792,18.151957,2970.7717,2903.9604,1000.0,320000,,,-246.18450927734375,-1.1474878787994385,4.405839443206787,245.12100219726562,245.2664794921875,0.0003,0.0003,0.1
,,,,,320203,2958.83,1000,,,,,,,,
,,,,,320561,1209.007,358,,,,,,,,
,,,,,321000,,,-236.58853149414062,-1.4395687580108643,6.956605911254883,234.74578857421875,235.06759643554688,0.0003,0.0003,0.1
,,,,,321561,3013.15,1000,,,,,,,,
,,,,,322000,,,-252.34231567382812,-1.2329707145690918,2.728935956954956,251.67762756347656,251.98712158203125,0.0003,0.0003,0.1
,,,,,322561,3070.399,1000,,,,,,,,
,,,,,323000,,,-252.40170288085938,-1.1544647216796875,5.688505172729492,250.61434936523438,250.7490997314453,0.0003,0.0003,0.1
,,,,,323561,3018.385,1000,,,,,,,,
,,,,,324000,,,-250.24966430664062,-1.0163848400115967,26.486553192138672,248.6315155029297,248.28224182128906,0.0003,0.0003,0.1
,,,,,324561,2969.6611,1000,,,,,,,,
2847.294,443.52518,3017.2314,1517.0997,942.5,325000,,,-246.32968139648438,-0.9233535528182983,3.416287422180176,245.36077880859375,245.2950439453125,0.0003,0.0003,0.1
,,,,,325561,3031.2646,1000,,,,,,,,
,,,,,325910,1167.3608,349,,,,,,,,
,,,,,326000,,,-245.0420684814453,-0.7874802350997925,2.690338611602783,244.3627471923828,244.28628540039062,0.0003,0.0003,0.1
,,,,,326910,3026.1501,1000,,,,,,,,
,,,,,327000,,,-244.3069610595703,-1.2581225633621216,6.635714530944824,242.99302673339844,243.0550537109375,0.0003,0.0003,0.1
,,,,,327910,3028.262,1000,,,,,,,,
,,,,,328000,,,-252.18267822265625,-0.8424253463745117,4.246209621429443,251.23638916015625,251.20367431640625,0.0003,0.0003,0.1
,,,,,328910,2997.768,1000,,,,,,,,
,,,,,329000,,,-254.04574584960938,-0.6972807049751282,3.137314796447754,253.25367736816406,253.04360961914062,0.0003,0.0003,0.1
,,,,,329578,2162.9255,668,,,,,,,,
1626.2823,757.26605,3042.1885,1016.02527,524.7,330000,,,-254.7804718017578,-0.984591007232666,2.660411834716797,253.87289428710938,254.11642456054688,0.0003,0.0003,0.1
,,,,,330578,3005.054,1000,,,,,,,,
,,,,,331000,,,-249.88009643554688,-1.1273170709609985,3.7016913890838623,247.59722900390625,247.4000244140625,0.0003,0.0003,0.1
,,,,,331578,3037.7712,1000,,,,,,,,
,,,,,332000,,,-255.50674438476562,-0.7604679465293884,4.183403015136719,254.46646118164062,254.2664337158203,0.0003,0.0003,0.1
,,,,,332578,3001.3755,1000,,,,,,,,
,,,,,333000,,,-255.11680603027344,-1.080988883972168,3.785707473754883,253.22537231445312,253.1838836669922,0.0003,0.0003,0.1
,,,,,333578,3048.24,1000,,,,,,,,
,,,,,334000,,,-250.07630920410156,-1.0775831937789917,20.088991165161133,247.82276916503906,247.80972290039062,0.0003,0.0003,0.1
,,,,,334578,3027.068,1000,,,,,,,,
3062.151,13.59594,3083.9978,3038.9663,1000.0,335000,,,-252.36959838867188,-1.054316759109497,3.0306124687194824,251.2012939453125,251.61480712890625,0.0003,0.0003,0.1
,,,,,335578,3037.234,1000,,,,,,,,
,,,,,336000,,,-255.98162841796875,-0.7565455436706543,2.5028786659240723,254.76266479492188,254.7401580810547,0.0003,0.0003,0.1
,,,,,336578,3006.0703,1000,,,,,,,,
,,,,,337000,,,-257.4064025878906,-0.9305313229560852,3.6960251331329346,256.5837097167969,256.375732421875,0.0003,0.0003,0.1
,,,,,337578,3029.999,1000,,,,,,,,
,,,,,338000,,,-245.54241943359375,-1.510373830795288,4.777042388916016,244.53958129882812,244.96221923828125,0.0003,0.0003,0.1
,,,,,338578,3048.1658,1000,,,,,,,,
,,,,,339000,,,-255.4163818359375,-1.081181287765503,3.069413185119629,254.06768798828125,254.06454467773438,0.0003,0.0003,0.1
,,,,,339578,3063.878,1000,,,,,,,,
3027.848,9.980108,3043.7043,3011.7627,1000.0,340000,,,-253.16290283203125,-1.3750219345092773,4.764788627624512,251.31442260742188,251.09693908691406,0.0003,0.0003,0.1
,,,,,340578,3022.8572,1000,,,,,,,,
,,,,,341000,,,-252.56298828125,-1.4633541107177734,15.799489974975586,250.54364013671875,251.21200561523438,0.0003,0.0003,0.1
,,,,,341578,3039.9746,1000,,,,,,,,
,,,,,342000,,,-253.40896606445312,-1.0072307586669922,2.8959219455718994,252.32028198242188,252.66111755371094,0.0003,0.0003,0.1
,,,,,342578,3080.1873,1000,,,,,,,,
,,,,,343000,,,-251.55174255371094,-1.0929174423217773,3.0875768661499023,250.27294921875,250.042724609375,0.0003,0.0003,0.1
,,,,,343578,3047.8315,1000,,,,,,,,
,,,,,344000,,,-253.40625,-0.7886032462120056,3.1373682022094727,252.5386962890625,252.6052703857422,0.0003,0.0003,0.1
,,,,,344578,3040.6033,1000,,,,,,,,
2894.6387,476.65952,3097.3916,1465.7686,942.1,345000,,,-251.2957000732422,-1.2067139148712158,7.629058361053467,248.66317749023438,248.5904541015625,0.0003,0.0003,0.1
,,,,,345578,3073.538,1000,,,,,,,,
,,,,,346000,,,-243.7888946533203,-0.945276141166687,3.3238773345947266,242.90463256835938,242.97010803222656,0.0003,0.0003,0.1
,,,,,346578,3070.0469,1000,,,,,,,,
,,,,,347000,,,-256.6846008300781,-1.258160948753357,4.957052230834961,255.4147186279297,255.50912475585938,0.0003,0.0003,0.1
,,,,,347578,3088.2974,1000,,,,,,,,
,,,,,348000,,,-247.5872344970703,-1.129382848739624,3.502931594848633,245.6981658935547,245.671142578125,0.0003,0.0003,0.1
,,,,,348578,3097.1602,1000,,,,,,,,
,,,,,349000,,,-248.855712890625,-0.8614122867584229,3.4768152236938477,248.0184326171875,248.4408416748047,0.0003,0.0003,0.1
,,,,,349578,3065.2258,1000,,,,,,,,
2520.915,849.65027,3100.3054,935.0037,812.3,350000,,,-246.2482147216797,-0.9801741242408752,2.4871139526367188,244.08038330078125,244.30429077148438,0.0003,0.0003,0.1
,,,,,350578,3079.0562,1000,,,,,,,,
,,,,,351000,,,-257.6209411621094,-0.9096379280090332,3.6859543323516846,256.79693603515625,256.6679382324219,0.0003,0.0003,0.1
,,,,,351578,3070.8926,1000,,,,,,,,
,,,,,352000,,,-256.21881103515625,-1.0044549703598022,3.100337505340576,254.9215850830078,254.87899780273438,0.0003,0.0003,0.1
,,,,,352578,3081.2344,1000,,,,,,,,
,,,,,353000,,,-260.0452880859375,-1.1175168752670288,2.8716282844543457,259.12603759765625,259.2436828613281,0.0003,0.0003,0.1
,,,,,353578,3074.1973,1000,,,,,,,,
,,,,,354000,,,-256.0581359863281,-0.8128864169120789,3.372561454772949,255.30551147460938,255.30120849609375,0.0003,0.0003,0.1
,,,,,354578,3054.1091,1000,,,,,,,,
2909.0176,382.5254,3059.8066,1762.3522,953.0,355000,,,-252.5598602294922,-1.2013776302337646,3.2049946784973145,250.84544372558594,250.89102172851562,0.0003,0.0003,0.1
,,,,,355578,3062.98,1000,,,,,,,,
,,,,,355947,1234.5208,369,,,,,,,,
,,,,,356000,,,-259.426513671875,-1.181694507598877,2.775887966156006,258.5188903808594,258.7875061035156,0.0003,0.0003,0.1
,,,,,356947,3064.9653,1000,,,,,,,,
,,,,,357000,,,-255.7811279296875,-1.1809684038162231,14.341304779052734,254.01356506347656,254.4036865234375,0.0003,0.0003,0.1
,,,,,357263,1082.9481,316,,,,,,,,
,,,,,358000,,,-252.63577270507812,-1.2866237163543701,3.0071349143981934,251.45370483398438,251.26023864746094,0.0003,0.0003,0.1
,,,,,358263,3058.8816,1000,,,,,,,,
,,,,,358642,1262.3085,379,,,,,,,,
,,,,,359000,,,-255.40219116210938,-0.9448715448379517,3.257714033126831,254.48184204101562,254.32080078125,0.0003,0.0003,0.1
,,,,,359642,3089.0771,1000,,,,,,,,
2411.4575,824.9182,3097.702,1170.9392,764.9,360000,,,-256.6875915527344,-0.9905591607093811,7.253168106079102,254.676513671875,254.72604370117188,0.0003,0.0003,0.1
,,,,,360642,3118.1067,1000,,,,,,,,
,,,,,361000,,,-252.2875213623047,-0.8981133699417114,2.6874165534973145,251.257568359375,251.4674072265625,0.0003,0.0003,0.1
,,,,,361642,3143.3137,1000,,,,,,,,
,,,,,362000,,,-252.300537109375,-0.8798916339874268,3.2646472454071045,251.2136688232422,251.0882110595703,0.0003,0.0003,0.1
,,,,,362642,3126.1711,1000,,,,,,,,
,,,,,363000,,,-250.67172241210938,-1.0889478921890259,9.338438034057617,249.42657470703125,249.40635681152344,0.0003,0.0003,0.1
,,,,,363642,3091.4949,1000,,,,,,,,
,,,,,364000,,,-259.7951965332031,-0.8012158870697021,3.7573368549346924,258.2401428222656,258.45208740234375,0.0003,0.0003,0.1
,,,,,364642,3080.5159,1000,,,,,,,,
3113.5598,10.531328,3128.25,3090.759,1000.0,365000,,,-249.910888671875,-1.0948933362960815,5.7369842529296875,247.96902465820312,247.4648895263672,0.0003,0.0003,0.1
,,,,,365642,3073.4045,1000,,,,,,,,
,,,,,366000,,,-255.50958251953125,-1.2058632373809814,3.4350967407226562,254.52056884765625,254.60890197753906,0.0003,0.0003,0.1
,,,,,366642,3088.0032,1000,,,,,,,,
,,,,,367000,,,-259.4561767578125,-1.0766017436981201,7.282204627990723,258.18133544921875,258.12823486328125,0.0003,0.0003,0.1
,,,,,367642,3088.5989,1000,,,,,,,,
,,,,,368000,,,-249.7744140625,-0.8090857267379761,2.9360852241516113,248.79568481445312,248.84408569335938,0.0003,0.0003,0.1
,,,,,368642,3110.5105,1000,,,,,,,,
,,,,,369000,,,-256.8002014160156,-0.8946241736412048,3.6531999111175537,255.72518920898438,255.2470703125,0.0003,0.0003,0.1
,,,,,369642,3073.4463,1000,,,,,,,,
3130.0444,8.174192,3147.8027,3121.5305,1000.0,370000,,,-256.902099609375,-1.0717074871063232,4.148357391357422,255.98077392578125,256.265625,0.0003,0.0003,0.1
,,,,,370642,3134.844,1000,,,,,,,,
,,,,,371000,,,-255.3439483642578,-0.9495633840560913,3.5595169067382812,254.36412048339844,254.5832061767578,0.0003,0.0003,0.1
,,,,,371642,3110.3398,1000,,,,,,,,
,,,,,372000,,,-253.5648956298828,-0.8261115550994873,3.682551383972168,252.69906616210938,252.7391815185547,0.0003,0.0003,0.1
,,,,,372642,3110.5,1000,,,,,,,,
,,,,,373000,,,-255.04623413085938,-1.0895525217056274,2.8148646354675293,252.14974975585938,252.29486083984375,0.0003,0.0003,0.1
,,,,,373057,1471.3466,415,,,,,,,,
,,,,,374000,,,-259.4952697753906,-0.8094819188117981,3.771700143814087,258.8055725097656,258.8948059082031,0.0003,0.0003,0.1
,,,,,374057,3092.4836,1000,,,,,,,,
2481.0715,776.36615,3126.6018,1266.9668,783.8,375000,,,-253.6750030517578,-1.0155837535858154,2.8666481971740723,251.72491455078125,251.62054443359375,0.0003,0.0003,0.1
,,,,,375057,3111.3455,1000,,,,,,,,
,,,,,375430,1286.7002,373,,,,,,,,
,,,,,376000,,,-260.53265380859375,-0.8580291271209717,2.008770227432251,259.56121826171875,259.47430419921875,0.0003,0.0003,0.1
,,,,,376430,3133.5295,1000,,,,,,,,
,,,,,377000,,,-256.4451904296875,-0.8348701000213623,3.0175960063934326,255.23353576660156,255.49664306640625,0.0003,0.0003,0.1
,,,,,377430,3054.0417,1000,,,,,,,,
,,,,,378000,,,-251.52078247070312,-0.9311184883117676,3.6141347885131836,250.15135192871094,249.96315002441406,0.0003,0.0003,0.1
,,,,,378430,3123.0508,1000,,,,,,,,
,,,,,379000,,,-253.49887084960938,-1.027590036392212,7.306525707244873,252.32269287109375,252.24240112304688,0.0003,0.0003,0.1
,,,,,379430,3128.057,1000,,,,,,,,
,,,,,379676,805.5269,246,,,,,,,,
2502.7217,875.0258,3098.0593,1133.6637,810.0,380000,,,-258.5296936035156,-0.9371790289878845,4.333823204040527,257.6891174316406,257.80279541015625,0.0003,0.0003,0.1
,,,,,380676,3124.445,1000,,,,,,,,
,,,,,381000,,,-260.08038330078125,-1.054880142211914,11.563030242919922,258.6399841308594,258.9343566894531,0.0003,0.0003,0.1
,,,,,381676,3100.215,1000,,,,,,,,
,,,,,382000,,,-259.0014953613281,-1.1241068840026855,2.0787405967712402,257.9007873535156,257.82342529296875,0.0003,0.0003,0.1
,,,,,382053,1271.393,377,,,,,,,,
,,,,,382379,1130.3033,326,,,,,,,,
,,,,,383000,,,-253.13438415527344,-0.9444044232368469,86.39073181152344,252.52423095703125,251.44183349609375,0.0003,0.0003,0.1
,,,,,383379,3091.35,1000,,,,,,,,
,,,,,383741,1261.7749,362,,,,,,,,
,,,,,384000,,,-256.6117248535156,-1.1797444820404053,8.48526382446289,255.7508087158203,255.5635986328125,0.0003,0.0003,0.1
,,,,,384284,1917.445,543,,,,,,,,
2855.9207,567.48645,3071.4355,1153.8903,934.4,385000,,,-251.07762145996094,-1.111308217048645,3.4325757026672363,249.85447692871094,249.85833740234375,0.0003,0.0003,0.1
,,,,,385284,3089.989,1000,,,,,,,,
,,,,,386000,,,-259.2291564941406,-0.738861620426178,3.415114402770996,258.2202453613281,258.2618408203125,0.0003,0.0003,0.1
,,,,,386284,3132.8542,1000,,,,,,,,
,,,,,387000,,,-254.90362548828125,-0.8999690413475037,4.85365104675293,253.82777404785156,253.59603881835938,0.0003,0.0003,0.1
,,,,,387284,3116.2683,1000,,,,,,,,
,,,,,388000,,,-254.7285919189453,-0.9311090707778931,4.009922981262207,253.51382446289062,253.27944946289062,0.0003,0.0003,0.1
,,,,,388284,3145.8665,1000,,,,,,,,
,,,,,389000,,,-263.8654479980469,-0.8898884057998657,2.3366129398345947,263.0131530761719,262.89385986328125,0.0003,0.0003,0.1
,,,,,389284,3121.7537,1000,,,,,,,,
,,,,,389719,1496.5503,435,,,,,,,,
3155.1406,8.900289,3172.863,3142.5493,1000.0,390000,,,-255.38055419921875,-1.1061909198760986,22.983367919921875,252.16372680664062,252.42320251464844,0.0003,0.0003,0.1
,,,,,390719,3181.727,1000,,,,,,,,
,,,,,391000,,,-264.64178466796875,-1.243992805480957,3.104871988296509,263.81121826171875,263.97076416015625,0.0003,0.0003,0.1
,,,,,391719,3128.6257,1000,,,,,,,,
,,,,,392000,,,-258.7120056152344,-1.0906610488891602,5.494674205780029,257.508544921875,257.306640625,0.0003,0.0003,0.1
,,,,,392133,1453.727,414,,,,,,,,
,,,,,393000,,,-260.7811584472656,-0.8901585340499878,3.711779832839966,259.8268737792969,259.7571105957031,0.0003,0.0003,0.1
,,,,,393133,3162.0437,1000,,,,,,,,
,,,,,393467,1152.2719,334,,,,,,,,
,,,,,394000,,,-260.75201416015625,-0.8881011009216309,2.5610623359680176,260.15277099609375,260.0947265625,0.0003,0.0003,0.1
,,,,,394467,3123.6667,1000,,,,,,,,
3156.5325,18.169344,3185.0293,3123.6277,1000.0,395000,,,-257.7766418457031,-0.9731379151344299,9.746590614318848,256.2566833496094,256.37628173828125,0.0003,0.0003,0.1
,,,,,395467,3131.442,1000,,,,,,,,
,,,,,395833,1289.6884,366,,,,,,,,
,,,,,396000,,,-256.23651123046875,-0.576634407043457,3.1237118244171143,254.41275024414062,254.2169952392578,0.0003,0.0003,0.1
,,,,,396833,3153.8108,1000,,,,,,,,
,,,,,397000,,,-249.45355224609375,-1.1633994579315186,3.1752543449401855,248.4661407470703,248.34326171875,0.0003,0.0003,0.1
,,,,,397833,3112.1072,1000,,,,,,,,
,,,,,398000,,,-262.51287841796875,-1.101122260093689,3.1403207778930664,260.4900207519531,260.34454345703125,0.0003,0.0003,0.1
,,,,,398833,3159.1016,1000,,,,,,,,
,,,,,399000,,,-263.4154052734375,-0.8072375059127808,9.776164054870605,260.6380615234375,260.77227783203125,0.0003,0.0003,0.1
,,,,,399833,3112.361,1000,,,,,,,,
3012.715,429.39328,3184.8176,1726.0623,949.0,400000,,,-261.6773986816406,-1.144239068031311,6.114510536193848,258.27862548828125,258.0106201171875,0.0003,0.0003,0.1
,,,,,400833,3124.004,1000,,,,,,,,
,,,,,401000,,,-256.231201171875,-0.9873446226119995,10.58121109008789,255.07919311523438,254.83177185058594,0.0003,0.0003,0.1
,,,,,401833,3144.1133,1000,,,,,,,,
,,,,,402000,,,-261.29644775390625,-0.59290611743927,3.4728376865386963,259.5819091796875,259.3337097167969,0.0003,0.0003,0.1
,,,,,402833,3142.1475,1000,,,,,,,,
,,,,,403000,,,-263.266357421875,-0.9296823740005493,2.590693712234497,261.55535888671875,261.65887451171875,0.0003,0.0003,0.1
,,,,,403833,3136.714,1000,,,,,,,,
,,,,,404000,,,-263.4818420410156,-0.9290953874588013,3.858525276184082,262.66009521484375,262.6477966308594,0.0003,0.0003,0.1
,,,,,404833,3144.0928,1000,,,,,,,,
3004.4717,497.27838,3192.1113,1513.3499,945.7,405000,,,-265.68304443359375,-0.7305663824081421,5.01212215423584,264.757568359375,264.56719970703125,0.0003,0.0003,0.1
,,,,,405833,3171.3308,1000,,,,,,,,
,,,,,406000,,,-256.72265625,-0.8373632431030273,3.290499210357666,255.91358947753906,255.81016540527344,0.0003,0.0003,0.1
,,,,,406833,3162.2493,1000,,,,,,,,
,,,,,407000,,,-261.6162414550781,-0.8835504651069641,3.211317539215088,259.94293212890625,260.12115478515625,0.0003,0.0003,0.1
,,,,,407833,3176.7144,1000,,,,,,,,
,,,,,408000,,,-260.75830078125,-1.0353254079818726,4.516517639160156,258.93902587890625,258.922607421875,0.0003,0.0003,0.1
,,,,,408833,3183.7185,1000,,,,,,,,
,,,,,409000,,,-265.8658447265625,-0.5774381756782532,2.846606969833374,265.17437744140625,265.341552734375,0.0003,0.0003,0.1
,,,,,409833,3115.0574,1000,,,,,,,,
2626.3154,751.7654,3140.22,1331.2195,830.8,410000,,,-257.60125732421875,-1.04160737991333,3.718538999557495,255.64605712890625,255.58831787109375,0.0003,0.0003,0.1
,,,,,410833,3123.7312,1000,,,,,,,,
,,,,,411000,,,-266.1273193359375,-0.9857995510101318,4.578542232513428,265.3914489746094,265.34375,0.0003,0.0003,0.1
,,,,,411170,1145.5457,337,,,,,,,,
,,,,,412000,,,-259.58392333984375,-1.0248769521713257,63.165313720703125,258.68829345703125,257.97119140625,0.0003,0.0003,0.1
,,,,,412170,3158.9736,1000,,,,,,,,
,,,,,413000,,,-261.2539367675781,-0.8132491707801819,3.615151882171631,258.7581787109375,259.1771545410156,0.0003,0.0003,0.1
,,,,,413170,3182.3,1000,,,,,,,,
,,,,,413526,1236.5612,356,,,,,,,,
,,,,,414000,,,-266.69183349609375,-0.7742877006530762,4.583456993103027,265.601318359375,265.4906921386719,0.0003,0.0003,0.1
,,,,,414526,3149.682,1000,,,,,,,,
3146.2104,11.162792,3159.125,3122.34,1000.0,415000,,,-261.2920227050781,-1.005281686782837,2.8499412536621094,260.02716064453125,260.08770751953125,0.0003,0.0003,0.1
,,,,,415526,3118.8691,1000,,,,,,,,
,,,,,416000,,,-258.7864074707031,-0.887857973575592,3.3642678260803223,257.72509765625,257.9687805175781,0.0003,0.0003,0.1
,,,,,416526,3144.2969,1000,,,,,,,,
,,,,,417000,,,-266.1634216308594,-0.9654155969619751,20.6547794342041,265.27252197265625,265.34649658203125,0.0003,0.0003,0.1
,,,,,417526,3144.648,1000,,,,,,,,
,,,,,418000,,,-262.6715087890625,-0.798927366733551,31.561676025390625,261.7403564453125,261.4194641113281,0.0003,0.0003,0.1
,,,,,418526,3170.7498,1000,,,,,,,,
,,,,,418960,1508.246,434,,,,,,,,
,,,,,419000,,,-266.84783935546875,-0.5906522274017334,2.603466510772705,265.86114501953125,266.03729248046875,0.0003,0.0003,0.1
,,,,,419303,1182.4441,343,,,,,,,,
,,,,,419672,1281.8188,369,,,,,,,,
2631.5833,842.30426,3205.6428,1068.9318,817.4,420000,,,-264.0548095703125,-0.6640493869781494,4.8448615074157715,262.6318359375,262.34820556640625,0.0003,0.0003,0.1
,,,,,420672,3148.9697,1000,,,,,,,,
,,,,,421000,,,-259.936767578125,-0.9677431583404541,2.4529213905334473,258.94903564453125,258.8456115722656,0.0003,0.0003,0.1
,,,,,421073,1414.1045,401,,,,,,,,
,,,,,422000,,,-269.5409851074219,-0.6412721276283264,3.084815502166748,268.94671630859375,268.744873046875,0.0003,0.0003,0.1
,,,,,422073,3108.9514,1000,,,,,,,,
,,,,,422402,1116.3092,329,,,,,,,,
,,,,,422768,1273.3314,366,,,,,,,,
,,,,,423000,,,-263.44097900390625,-0.7567242383956909,3.037477493286133,262.6153259277344,262.3128967285156,0.0003,0.0003,0.1
,,,,,423768,3181.142,1000,,,,,,,,
,,,,,424000,,,-258.7166442871094,-1.1852728128433228,2.872612953186035,257.0790100097656,257.04583740234375,0.0003,0.0003,0.1
,,,,,424140,1304.2936,372,,,,,,,,
2635.8882,838.0884,3194.9297,1082.4397,819.7,425000,,,-261.507080078125,-1.0262696743011475,2.278470277786255,260.53863525390625,260.4008483886719,0.0003,0.0003,0.1
,,,,,425140,3208.1938,1000,,,,,,,,
,,,,,426000,,,-265.6527404785156,-0.8532729148864746,5.863001346588135,264.8284912109375,264.9605712890625,0.0003,0.0003,0.1
,,,,,426140,3174.1514,1000,,,,,,,,
,,,,,427000,,,-265.2644348144531,-0.7609493732452393,2.654127597808838,264.2144775390625,264.37738037109375,0.0003,0.0003,0.1
,,,,,427140,3163.2349,1000,,,,,,,,
,,,,,428000,,,-263.4267272949219,-1.1960608959197998,2.7272634506225586,262.6735534667969,262.63861083984375,0.0003,0.0003,0.1
,,,,,428140,3176.6504,1000,,,,,,,,
,,,,,429000,,,-263.40423583984375,-1.1324294805526733,3.406467914581299,262.556396484375,263.1030578613281,0.0003,0.0003,0.1
,,,,,429140,3133.5059,1000,,,,,,,,
2999.7598,476.0894,3199.2712,1572.7035,945.4,430000,,,-261.7626953125,-1.0443285703659058,4.41802978515625,258.47381591796875,258.60650634765625,0.0003,0.0003,0.1
,,,,,430140,3169.3535,1000,,,,,,,,
,,,,,431000,,,-263.07464599609375,-0.8680453300476074,2.72060489654541,262.19989013671875,262.3421936035156,0.0003,0.0003,0.1
,,,,,431140,3160.772,1000,,,,,,,,
,,,,,432000,,,-265.1706848144531,-0.7653425931930542,3.525925874710083,264.0931396484375,264.0953369140625,0.0003,0.0003,0.1
,,,,,432140,3167.5737,1000,,,,,,,,
,,,,,433000,,,-262.38616943359375,-0.9220765829086304,4.155561923980713,261.47906494140625,261.315185546875,0.0003,0.0003,0.1
,,,,,433140,3169.3616,1000,,,,,,,,
,,,,,434000,,,-266.9747314453125,-1.1651077270507812,173.6300048828125,265.2816162109375,264.0854797363281,0.0003,0.0003,0.1
,,,,,434140,3170.267,1000,,,,,,,,
3180.6597,13.805645,3200.9172,3153.9888,1000.0,435000,,,-269.17559814453125,-1.0496039390563965,6.55592679977417,266.9139404296875,266.92559814453125,0.0003,0.0003,0.1
,,,,,435140,3177.55,1000,,,,,,,,
,,,,,436000,,,-261.5698547363281,-0.6695038080215454,2.5497498512268066,258.7867431640625,258.8145751953125,0.0003,0.0003,0.1
,,,,,436140,3175.5994,1000,,,,,,,,
,,,,,437000,,,-263.0322265625,-1.138784646987915,11.404186248779297,262.1710205078125,261.6822204589844,0.0003,0.0003,0.1
,,,,,437140,3205.6472,1000,,,,,,,,
,,,,,438000,,,-267.96392822265625,-1.1248267889022827,4.079251289367676,266.96478271484375,267.3853454589844,0.0003,0.0003,0.1
,,,,,438140,3147.7524,1000,,,,,,,,
,,,,,439000,,,-279.7699279785156,-0.4634349048137665,2.4461307525634766,279.15240478515625,278.8712158203125,0.0003,0.0003,0.1
,,,,,439140,3160.0227,1000,,,,,,,,
3036.8735,449.81622,3210.3262,1687.8871,950.5,440000,,,-273.6689758300781,-0.7606686353683472,2.2418336868286133,272.90826416015625,272.7408752441406,0.0003,0.0003,0.1
,,,,,440140,3180.4507,1000,,,,,,,,
,,,,,441000,,,-268.9714050292969,-0.7104968428611755,3.0035400390625,268.1220703125,268.2817077636719,0.0003,0.0003,0.1
,,,,,441140,3158.7708,1000,,,,,,,,
,,,,,442000,,,-273.747314453125,-0.9088098406791687,5.052911281585693,271.7582702636719,271.3978576660156,0.0003,0.0003,0.1
,,,,,442140,3183.1006,1000,,,,,,,,
,,,,,443000,,,-268.6804504394531,-0.8681702017784119,4.893749713897705,266.76324462890625,266.8266906738281,0.0003,0.0003,0.1
,,,,,443140,3168.4197,1000,,,,,,,,
,,,,,444000,,,-264.2484436035156,-0.8389604687690735,2.2571768760681152,262.81536865234375,263.18621826171875,0.0003,0.0003,0.1
,,,,,444140,3188.2966,1000,,,,,,,,
2696.8267,779.2939,3240.3801,1468.3002,833.9,445000,,,-268.62164306640625,-0.8594856858253479,2.0995707511901855,267.2031555175781,267.439697265625,0.0003,0.0003,0.1
,,,,,445140,3162.2297,1000,,,,,,,,
,,,,,446000,,,-267.334716796875,-0.7368425130844116,13.04893684387207,265.69036865234375,265.52294921875,0.0003,0.0003,0.1
,,,,,446140,3187.863,1000,,,,,,,,
,,,,,447000,,,-268.2542724609375,-0.8563963174819946,1.9593394994735718,267.4495849609375,267.2589111328125,0.0003,0.0003,0.1
,,,,,447140,3199.513,1000,,,,,,,,
,,,,,448000,,,-270.52667236328125,-0.6726356744766235,3.86700439453125,268.9703369140625,269.23590087890625,0.0003,0.0003,0.1
,,,,,448140,3209.0867,1000,,,,,,,,
,,,,,449000,,,-273.964599609375,-0.6253465414047241,7.874902725219727,273.1541748046875,272.9384765625,0.0003,0.0003,0.1
,,,,,449140,3140.29,1000,,,,,,,,
2205.4204,777.38446,3183.1514,1475.8975,664.5,450000,,,-263.3172302246094,-0.6600933074951172,2.449069023132324,262.31396484375,261.96966552734375,0.0003,0.0003,0.1
,,,,,450140,3197.6577,1000,,,,,,,,
,,,,,450499,1264.6202,359,,,,,,,,
,,,,,450845,1208.5931,346,,,,,,,,
,,,,,451000,,,-271.7789306640625,-0.9025499820709229,4.1151933670043945,270.837646484375,270.8772888183594,0.0003,0.0003,0.1
,,,,,451845,3190.7573,1000,,,,,,,,
,,,,,452000,,,-267.9691162109375,-0.8245062232017517,2.625420093536377,266.3062438964844,266.29876708984375,0.0003,0.0003,0.1
,,,,,452284,1557.5035,439,,,,,,,,
,,,,,452636,1251.0875,352,,,,,,,,
,,,,,453000,,,-272.4643249511719,-0.5056483149528503,7.645083904266357,270.79644775390625,270.6177062988281,0.0003,0.0003,0.1
,,,,,453636,3178.304,1000,,,,,,,,
,,,,,454000,,,-264.5270690917969,-0.3749181032180786,5.764153480529785,263.856689453125,263.68902587890625,0.0003,0.0003,0.1
,,,,,454636,3179.1265,1000,,,,,,,,
,,,,,454910,909.80865,274,,,,,,,,
2987.3044,605.9851,3208.7976,1169.8928,933.5,455000,,,-273.00311279296875,-0.9692630171775818,3.8941640853881836,271.24090576171875,271.1911315917969,0.0003,0.0003,0.1
,,,,,455310,1417.5784,400,,,,,,,,
,,,,,456000,,,-271.9136657714844,-0.7430076599121094,5.375083923339844,271.0251770019531,270.98193359375,0.0003,0.0003,0.1
,,,,,456310,3199.2788,1000,,,,,,,,
,,,,,457000,,,-268.59771728515625,-0.8348017334938049,3.5981850624084473,267.6679382324219,267.77288818359375,0.0003,0.0003,0.1
,,,,,457310,3218.2014,1000,,,,,,,,
,,,,,458000,,,-271.3932800292969,-0.7519127130508423,6.041059494018555,270.341552734375,269.8695068359375,0.0003,0.0003,0.1
,,,,,458310,3199.045,1000,,,,,,,,
,,,,,459000,,,-269.6322937011719,-0.45634937286376953,2.887075424194336,268.58697509765625,268.7662353515625,0.0003,0.0003,0.1
,,,,,459310,3178.6157,1000,,,,,,,,
,,,,,459561,839.82776,251,,,,,,,,
3044.037,487.43607,3240.0283,1582.4148,945.1,460000,,,-273.97283935546875,-0.2802881598472595,3.418285608291626,273.3175048828125,273.0299377441406,0.0003,0.0003,0.1
,,,,,460561,3167.8157,1000,,,,,,,,
,,,,,461000,,,-270.1877136230469,-0.44647884368896484,1.9412057399749756,269.4510498046875,269.5146179199219,0.0003,0.0003,0.1
,,,,,461561,3193.589,1000,,,,,,,,
,,,,,461918,1164.9607,357,,,,,,,,
,,,,,462000,,,-275.57000732421875,-0.5182287096977234,2.5553536415100098,274.9624328613281,274.9794921875,0.0003,0.0003,0.1
,,,,,462274,1157.9835,356,,,,,,,,
,,,,,462723,1474.8748,449,,,,,,,,
,,,,,463000,,,-263.3800964355469,-1.0202524662017822,7.943707466125488,262.0040283203125,262.0728759765625,0.0003,0.0003,0.1
,,,,,463723,3197.101,1000,,,,,,,,
,,,,,464000,,,-273.3607177734375,-0.806025505065918,2.085266590118408,272.530029296875,272.65673828125,0.0003,0.0003,0.1
,,,,,464089,1300.5472,366,,,,,,,,
2595.3076,897.2255,3193.687,1208.2626,805.9,465000,,,-274.2569274902344,-0.665734052658081,4.044086456298828,272.5221862792969,272.64404296875,0.0003,0.0003,0.1
,,,,,465089,3199.7615,1000,,,,,,,,
,,,,,466000,,,-266.9626159667969,-0.7962175607681274,1.9568657875061035,266.13726806640625,266.3176574707031,0.0003,0.0003,0.1
,,,,,466089,3212.633,1000,,,,,,,,
,,,,,466493,1436.6324,404,,,,,,,,
,,,,,467000,,,-271.12103271484375,-0.5846065282821655,240.49305725097656,270.6941223144531,269.9432067871094,0.0003,0.0003,0.1
,,,,,467493,3203.4668,1000,,,,,,,,
,,,,,467929,1526.5377,436,,,,,,,,
,,,,,468000,,,-264.9698791503906,-1.0043690204620361,2.6740922927856445,264.1590576171875,264.1979675292969,0.0003,0.0003,0.1
,,,,,468342,1418.3635,413,,,,,,,,
,,,,,468709,1195.8154,367,,,,,,,,
,,,,,469000,,,-272.0710754394531,-0.6471958160400391,1.8161951303482056,271.4139404296875,271.308837890625,0.0003,0.0003,0.1
,,,,,469088,1319.9069,379,,,,,,,,
,,,,,469443,1235.9767,355,,,,,,,,
,,,,,469775,1149.075,332,,,,,,,,
1476.652,598.4328,3206.5618,1018.02576,431.1,470000,,,-278.8618469238281,-0.4048020839691162,2.135988712310791,278.30389404296875,278.1624450683594,0.0003,0.0003,0.1
,,,,,470082,1048.9121,307,,,,,,,,
,,,,,470443,1241.5642,361,,,,,,,,
,,,,,470791,1188.454,348,,,,,,,,
,,,,,471000,,,-274.749755859375,-0.8136283755302429,7.182722568511963,273.9068908691406,273.90576171875,0.0003,0.0003,0.1
,,,,,471791,3226.6475,1000,,,,,,,,
,,,,,472000,,,-273.77252197265625,-0.7217907905578613,4.291569232940674,273.02886962890625,272.7678527832031,0.0003,0.0003,0.1
,,,,,472210,1485.7583,419,,,,,,,,
,,,,,473000,,,-275.9755859375,-0.625369131565094,7.901676654815674,274.92138671875,274.7992858886719,0.0003,0.0003,0.1
,,,,,473210,3241.1807,1000,,,,,,,,
,,,,,473495,956.032,285,,,,,,,,
,,,,,473941,1557.7633,446,,,,,,,,
,,,,,474000,,,-271.2787170410156,-0.7193045616149902,2.5124599933624268,270.4627685546875,270.5694580078125,0.0003,0.0003,0.1
,,,,,474297,1216.7501,356,,,,,,,,
2134.4353,1016.91205,3278.0522,829.2754,646.0,475000,,,-266.87628173828125,-0.7959946393966675,2.182816982269287,265.2757568359375,265.15045166015625,0.0003,0.0003,0.1
,,,,,475297,3200.79,1000,,,,,,,,
,,,,,475598,1016.7918,301,,,,,,,,
,,,,,476000,,,-270.6121520996094,-0.6794567108154297,2.748279571533203,269.65838623046875,269.95263671875,0.0003,0.0003,0.1
,,,,,476598,3216.78,1000,,,,,,,,
,,,,,477000,,,-268.910888671875,-0.8104732036590576,20.331016540527344,266.8302001953125,266.91839599609375,0.0003,0.0003,0.1
,,,,,477598,3198.3162,1000,,,,,,,,
,,,,,477931,1143.7987,333,,,,,,,,
,,,,,478000,,,-274.030029296875,-0.9054396748542786,2.6051101684570312,273.4787292480469,273.975830078125,0.0003,0.0003,0.1
,,,,,478254,1109.7461,323,,,,,,,,
,,,,,479000,,,-277.26641845703125,-0.6306117177009583,2.7867612838745117,276.29150390625,276.3326416015625,0.0003,0.0003,0.1
,,,,,479254,3208.0417,1000,,,,,,,,
2433.643,944.7531,3224.6794,1138.951,747.2,480000,,,-282.5444641113281,-0.41353631019592285,3.437519073486328,281.5657958984375,281.7744140625,0.0003,0.0003,0.1
,,,,,480254,3212.605,1000,,,,,,,,
,,,,,480611,1252.0186,357,,,,,,,,
,,,,,480962,1212.6454,351,,,,,,,,
,,,,,481000,,,-270.6348571777344,-0.6874752044677734,3.3161416053771973,269.956787109375,269.9941711425781,0.0003,0.0003,0.1
,,,,,481245,949.52246,283,,,,,,,,
,,,,,481573,1135.385,328,,,,,,,,
,,,,,481958,1352.9515,385,,,,,,,,
,,,,,482000,,,-280.6295471191406,-0.669355034828186,3.5971174240112305,279.875732421875,280.0473327636719,0.0003,0.0003,0.1
,,,,,482310,1240.5361,352,,,,,,,,
,,,,,482672,1239.7261,362,,,,,,,,
,,,,,483000,,,-273.3907470703125,-1.0265986919403076,2.9262328147888184,272.35345458984375,272.5218200683594,0.0003,0.0003,0.1
,,,,,483672,3329.5044,1000,,,,,,,,
,,,,,484000,,,-269.2071533203125,-0.9882123470306396,3.369093418121338,267.69708251953125,267.7715759277344,0.0003,0.0003,0.1
,,,,,484672,3204.5278,1000,,,,,,,,
,,,,,484991,1138.2009,319,,,,,,,,
2835.143,691.14,3184.7605,1139.0262,885.0,485000,,,-270.88116455078125,-0.8424181938171387,4.537693023681641,270.24298095703125,269.8157653808594,0.0003,0.0003,0.1
,,,,,485991,3169.6675,1000,,,,,,,,
,,,,,486000,,,-277.26727294921875,-0.6541715860366821,4.505187511444092,276.577880859375,276.7359924316406,0.0003,0.0003,0.1
,,,,,486991,3234.16,1000,,,,,,,,
,,,,,487000,,,-269.8787536621094,-0.709749698638916,1.7929831743240356,269.14471435546875,269.20068359375,0.0003,0.0003,0.1
,,,,,487991,3213.467,1000,,,,,,,,
,,,,,488000,,,-269.0528564453125,-0.7715768218040466,2.901793956756592,268.04071044921875,267.9696044921875,0.0003,0.0003,0.1
,,,,,488028,60.49498,37,,,,,,,,
,,,,,489000,,,-271.4749450683594,-0.742017388343811,3.57548189163208,270.56085205078125,270.99407958984375,0.0003,0.0003,0.1
,,,,,489028,3219.198,1000,,,,,,,,
2697.113,735.16156,3185.6555,1460.0347,834.9,490000,,,-267.72955322265625,-1.0113672018051147,2.1520495414733887,267.03509521484375,267.14739990234375,0.0003,0.0003,0.1
,,,,,490028,3176.8235,1000,,,,,,,,
,,,,,491000,,,-278.335205078125,-0.4685888886451721,3.966054916381836,277.7149658203125,277.65399169921875,0.0003,0.0003,0.1
,,,,,491028,3219.8997,1000,,,,,,,,
,,,,,492000,,,-272.9439392089844,-0.44515952467918396,3.719925880432129,272.0426025390625,272.16009521484375,0.0003,0.0003,0.1
,,,,,492028,3246.826,1000,,,,,,,,
,,,,,493000,,,-282.1642150878906,-0.5785691738128662,3.5037341117858887,281.47479248046875,281.377685546875,0.0003,0.0003,0.1
,,,,,493028,3234.735,1000,,,,,,,,
,,,,,494000,,,-279.59344482421875,-0.38018155097961426,2.2177932262420654,278.08648681640625,277.90399169921875,0.0003,0.0003,0.1
,,,,,494028,3243.3105,1000,,,,,,,,
1480.6155,694.11597,3299.6445,959.952,429.4,495000,,,-278.72650146484375,-0.40414637327194214,2.5193309783935547,277.8297119140625,277.6269836425781,0.0003,0.0003,0.1
,,,,,495028,3223.6555,1000,,,,,,,,
,,,,,495492,1636.9576,464,,,,,,,,
,,,,,495850,1247.7291,358,,,,,,,,
,,,,,496000,,,-278.96417236328125,-0.6908252239227295,4.6003618240356445,278.16339111328125,278.2413330078125,0.0003,0.0003,0.1
,,,,,496320,1682.5896,470,,,,,,,,
,,,,,497000,,,-271.4407043457031,-0.8570047616958618,8.318705558776855,268.6215515136719,268.37567138671875,0.0003,0.0003,0.1
,,,,,497320,3240.584,1000,,,,,,,,
,,,,,498000,,,-268.9071960449219,-0.7854829430580139,22.844112396240234,267.8716735839844,267.876220703125,0.0003,0.0003,0.1
,,,,,498320,3223.1895,1000,,,,,,,,
,,,,,498656,1163.0587,336,,,,,,,,
,,,,,499000,,,-272.72015380859375,-0.589072585105896,4.324112892150879,272.01123046875,271.80145263671875,0.0003,0.0003,0.1
,,,,,499028,1295.6434,372,,,,,,,,
,,,,,499466,1560.6465,438,,,,,,,,
