Eval_AverageReturn,Eval_StdReturn,Eval_MaxReturn,Eval_MinReturn,Eval_AverageEpLen,step,Train_EpisodeReturn,Train_EpisodeLen,actor_loss,entropy,critic_loss,q_values,target_values,actor_lr,critic_lr,temperature
7.1,2.8089142,13.0,3.0,7.1,0,,,,,,,,,,
,,,,,2,3.0,3,,,,,,,,
,,,,,6,4.0,4,,,,,,,,
,,,,,12,6.0,6,,,,,,,,
,,,,,15,3.0,3,,,,,,,,
,,,,,21,6.0,6,,,,,,,,
,,,,,39,18.0,18,,,,,,,,
,,,,,50,11.0,11,,,,,,,,
,,,,,56,6.0,6,,,,,,,,
,,,,,64,8.0,8,,,,,,,,
,,,,,68,4.0,4,,,,,,,,
,,,,,82,14.0,14,,,,,,,,
,,,,,87,5.0,5,,,,,,,,
,,,,,95,8.0,8,,,,,,,,
,,,,,104,9.0,9,,,,,,,,
,,,,,111,7.0,7,,,,,,,,
,,,,,129,18.0,18,,,,,,,,
,,,,,133,4.0,4,,,,,,,,
,,,,,138,5.0,5,,,,,,,,
,,,,,143,5.0,5,,,,,,,,
,,,,,147,4.0,4,,,,,,,,
,,,,,152,5.0,5,,,,,,,,
,,,,,159,7.0,7,,,,,,,,
,,,,,166,7.0,7,,,,,,,,
,,,,,174,8.0,8,,,,,,,,
,,,,,179,5.0,5,,,,,,,,
,,,,,182,3.0,3,,,,,,,,
,,,,,188,6.0,6,,,,,,,,
,,,,,195,7.0,7,,,,,,,,
,,,,,200,5.0,5,,,,,,,,
,,,,,205,5.0,5,,,,,,,,
,,,,,208,3.0,3,,,,,,,,
,,,,,211,3.0,3,,,,,,,,
,,,,,214,3.0,3,,,,,,,,
,,,,,219,5.0,5,,,,,,,,
,,,,,224,5.0,5,,,,,,,,
,,,,,228,4.0,4,,,,,,,,
,,,,,231,3.0,3,,,,,,,,
,,,,,235,4.0,4,,,,,,,,
,,,,,241,6.0,6,,,,,,,,
,,,,,246,5.0,5,,,,,,,,
,,,,,254,8.0,8,,,,,,,,
,,,,,269,15.0,15,,,,,,,,
,,,,,275,6.0,6,,,,,,,,
,,,,,280,5.0,5,,,,,,,,
,,,,,286,6.0,6,,,,,,,,
,,,,,292,6.0,6,,,,,,,,
,,,,,300,8.0,8,,,,,,,,
,,,,,303,3.0,3,,,,,,,,
,,,,,307,4.0,4,,,,,,,,
,,,,,313,6.0,6,,,,,,,,
,,,,,317,4.0,4,,,,,,,,
,,,,,320,3.0,3,,,,,,,,
,,,,,324,4.0,4,,,,,,,,
,,,,,330,6.0,6,,,,,,,,
,,,,,341,11.0,11,,,,,,,,
,,,,,345,4.0,4,,,,,,,,
,,,,,349,4.0,4,,,,,,,,
,,,,,352,3.0,3,,,,,,,,
,,,,,357,5.0,5,,,,,,,,
,,,,,361,4.0,4,,,,,,,,
,,,,,366,5.0,5,,,,,,,,
,,,,,370,4.0,4,,,,,,,,
,,,,,376,6.0,6,,,,,,,,
,,,,,382,6.0,6,,,,,,,,
,,,,,386,4.0,4,,,,,,,,
,,,,,389,3.0,3,,,,,,,,
,,,,,399,10.0,10,,,,,,,,
,,,,,403,4.0,4,,,,,,,,
,,,,,407,4.0,4,,,,,,,,
,,,,,418,11.0,11,,,,,,,,
,,,,,424,6.0,6,,,,,,,,
,,,,,428,4.0,4,,,,,,,,
,,,,,434,6.0,6,,,,,,,,
,,,,,438,4.0,4,,,,,,,,
,,,,,442,4.0,4,,,,,,,,
,,,,,445,3.0,3,,,,,,,,
,,,,,452,7.0,7,,,,,,,,
,,,,,458,6.0,6,,,,,,,,
,,,,,462,4.0,4,,,,,,,,
,,,,,466,4.0,4,,,,,,,,
,,,,,469,3.0,3,,,,,,,,
,,,,,475,6.0,6,,,,,,,,
,,,,,480,5.0,5,,,,,,,,
,,,,,484,4.0,4,,,,,,,,
,,,,,487,3.0,3,,,,,,,,
,,,,,491,4.0,4,,,,,,,,
,,,,,497,6.0,6,,,,,,,,
,,,,,500,3.0,3,,,,,,,,
,,,,,504,4.0,4,,,,,,,,
,,,,,508,4.0,4,,,,,,,,
,,,,,520,12.0,12,,,,,,,,
,,,,,527,7.0,7,,,,,,,,
,,,,,540,13.0,13,,,,,,,,
,,,,,543,3.0,3,,,,,,,,
,,,,,549,6.0,6,,,,,,,,
,,,,,554,5.0,5,,,,,,,,
,,,,,557,3.0,3,,,,,,,,
,,,,,564,7.0,7,,,,,,,,
,,,,,571,7.0,7,,,,,,,,
,,,,,578,7.0,7,,,,,,,,
,,,,,582,4.0,4,,,,,,,,
,,,,,590,8.0,8,,,,,,,,
,,,,,602,12.0,12,,,,,,,,
,,,,,606,4.0,4,,,,,,,,
,,,,,614,8.0,8,,,,,,,,
,,,,,625,11.0,11,,,,,,,,
,,,,,629,4.0,4,,,,,,,,
,,,,,634,5.0,5,,,,,,,,
,,,,,637,3.0,3,,,,,,,,
,,,,,640,3.0,3,,,,,,,,
,,,,,655,15.0,15,,,,,,,,
,,,,,666,11.0,11,,,,,,,,
,,,,,670,4.0,4,,,,,,,,
,,,,,676,6.0,6,,,,,,,,
,,,,,685,9.0,9,,,,,,,,
,,,,,689,4.0,4,,,,,,,,
,,,,,693,4.0,4,,,,,,,,
,,,,,699,6.0,6,,,,,,,,
,,,,,716,17.0,17,,,,,,,,
,,,,,721,5.0,5,,,,,,,,
,,,,,728,7.0,7,,,,,,,,
,,,,,733,5.0,5,,,,,,,,
,,,,,736,3.0,3,,,,,,,,
,,,,,740,4.0,4,,,,,,,,
,,,,,746,6.0,6,,,,,,,,
,,,,,750,4.0,4,,,,,,,,
,,,,,757,7.0,7,,,,,,,,
,,,,,764,7.0,7,,,,,,,,
,,,,,767,3.0,3,,,,,,,,
,,,,,771,4.0,4,,,,,,,,
,,,,,774,3.0,3,,,,,,,,
,,,,,782,8.0,8,,,,,,,,
,,,,,793,11.0,11,,,,,,,,
,,,,,796,3.0,3,,,,,,,,
,,,,,805,9.0,9,,,,,,,,
,,,,,811,6.0,6,,,,,,,,
,,,,,821,10.0,10,,,,,,,,
,,,,,826,5.0,5,,,,,,,,
,,,,,836,10.0,10,,,,,,,,
,,,,,842,6.0,6,,,,,,,,
,,,,,845,3.0,3,,,,,,,,
,,,,,851,6.0,6,,,,,,,,
,,,,,856,5.0,5,,,,,,,,
,,,,,862,6.0,6,,,,,,,,
,,,,,867,5.0,5,,,,,,,,
,,,,,874,7.0,7,,,,,,,,
,,,,,878,4.0,4,,,,,,,,
,,,,,883,5.0,5,,,,,,,,
,,,,,887,4.0,4,,,,,,,,
,,,,,891,4.0,4,,,,,,,,
,,,,,897,6.0,6,,,,,,,,
,,,,,905,8.0,8,,,,,,,,
,,,,,910,5.0,5,,,,,,,,
,,,,,916,6.0,6,,,,,,,,
,,,,,922,6.0,6,,,,,,,,
,,,,,926,4.0,4,,,,,,,,
,,,,,933,7.0,7,,,,,,,,
,,,,,938,5.0,5,,,,,,,,
,,,,,943,5.0,5,,,,,,,,
,,,,,947,4.0,4,,,,,,,,
,,,,,951,4.0,4,,,,,,,,
,,,,,959,8.0,8,,,,,,,,
,,,,,967,8.0,8,,,,,,,,
,,,,,977,10.0,10,,,,,,,,
,,,,,996,19.0,19,,,,,,,,
,,,,,1015,19.0,19,,,,,,,,
,,,,,1021,6.0,6,,,,,,,,
,,,,,1030,9.0,9,,,,,,,,
,,,,,1037,7.0,7,,,,,,,,
,,,,,1042,5.0,5,,,,,,,,
,,,,,1046,4.0,4,,,,,,,,
,,,,,1049,3.0,3,,,,,,,,
,,,,,1057,8.0,8,,,,,,,,
,,,,,1063,6.0,6,,,,,,,,
,,,,,1073,10.0,10,,,,,,,,
,,,,,1081,8.0,8,,,,,,,,
,,,,,1086,5.0,5,,,,,,,,
,,,,,1091,5.0,5,,,,,,,,
,,,,,1094,3.0,3,,,,,,,,
,,,,,1110,16.0,16,,,,,,,,
,,,,,1115,5.0,5,,,,,,,,
,,,,,1119,4.0,4,,,,,,,,
,,,,,1124,5.0,5,,,,,,,,
,,,,,1130,6.0,6,,,,,,,,
,,,,,1136,6.0,6,,,,,,,,
,,,,,1145,9.0,9,,,,,,,,
,,,,,1152,7.0,7,,,,,,,,
,,,,,1156,4.0,4,,,,,,,,
,,,,,1162,6.0,6,,,,,,,,
,,,,,1166,4.0,4,,,,,,,,
,,,,,1182,16.0,16,,,,,,,,
,,,,,1187,5.0,5,,,,,,,,
,,,,,1191,4.0,4,,,,,,,,
,,,,,1203,12.0,12,,,,,,,,
,,,,,1206,3.0,3,,,,,,,,
,,,,,1211,5.0,5,,,,,,,,
,,,,,1215,4.0,4,,,,,,,,
,,,,,1220,5.0,5,,,,,,,,
,,,,,1228,8.0,8,,,,,,,,
,,,,,1231,3.0,3,,,,,,,,
,,,,,1234,3.0,3,,,,,,,,
,,,,,1247,13.0,13,,,,,,,,
,,,,,1251,4.0,4,,,,,,,,
,,,,,1255,4.0,4,,,,,,,,
,,,,,1260,5.0,5,,,,,,,,
,,,,,1270,10.0,10,,,,,,,,
,,,,,1273,3.0,3,,,,,,,,
,,,,,1280,7.0,7,,,,,,,,
,,,,,1285,5.0,5,,,,,,,,
,,,,,1288,3.0,3,,,,,,,,
,,,,,1306,18.0,18,,,,,,,,
,,,,,1312,6.0,6,,,,,,,,
,,,,,1325,13.0,13,,,,,,,,
,,,,,1337,12.0,12,,,,,,,,
,,,,,1345,8.0,8,,,,,,,,
,,,,,1348,3.0,3,,,,,,,,
,,,,,1363,15.0,15,,,,,,,,
,,,,,1368,5.0,5,,,,,,,,
,,,,,1378,10.0,10,,,,,,,,
,,,,,1384,6.0,6,,,,,,,,
,,,,,1403,19.0,19,,,,,,,,
,,,,,1407,4.0,4,,,,,,,,
,,,,,1413,6.0,6,,,,,,,,
,,,,,1418,5.0,5,,,,,,,,
,,,,,1423,5.0,5,,,,,,,,
,,,,,1433,10.0,10,,,,,,,,
,,,,,1442,9.0,9,,,,,,,,
,,,,,1445,3.0,3,,,,,,,,
,,,,,1461,16.0,16,,,,,,,,
,,,,,1471,10.0,10,,,,,,,,
,,,,,1475,4.0,4,,,,,,,,
,,,,,1483,8.0,8,,,,,,,,
,,,,,1495,12.0,12,,,,,,,,
,,,,,1501,6.0,6,,,,,,,,
,,,,,1504,3.0,3,,,,,,,,
,,,,,1509,5.0,5,,,,,,,,
,,,,,1522,13.0,13,,,,,,,,
,,,,,1527,5.0,5,,,,,,,,
,,,,,1530,3.0,3,,,,,,,,
,,,,,1534,4.0,4,,,,,,,,
,,,,,1538,4.0,4,,,,,,,,
,,,,,1544,6.0,6,,,,,,,,
,,,,,1547,3.0,3,,,,,,,,
,,,,,1552,5.0,5,,,,,,,,
,,,,,1558,6.0,6,,,,,,,,
,,,,,1586,28.0,28,,,,,,,,
,,,,,1598,12.0,12,,,,,,,,
,,,,,1605,7.0,7,,,,,,,,
,,,,,1610,5.0,5,,,,,,,,
,,,,,1615,5.0,5,,,,,,,,
,,,,,1619,4.0,4,,,,,,,,
,,,,,1626,7.0,7,,,,,,,,
,,,,,1630,4.0,4,,,,,,,,
,,,,,1637,7.0,7,,,,,,,,
,,,,,1643,6.0,6,,,,,,,,
,,,,,1649,6.0,6,,,,,,,,
,,,,,1660,11.0,11,,,,,,,,
,,,,,1679,19.0,19,,,,,,,,
,,,,,1687,8.0,8,,,,,,,,
,,,,,1692,5.0,5,,,,,,,,
,,,,,1697,5.0,5,,,,,,,,
,,,,,1707,10.0,10,,,,,,,,
,,,,,1714,7.0,7,,,,,,,,
,,,,,1720,6.0,6,,,,,,,,
,,,,,1724,4.0,4,,,,,,,,
,,,,,1728,4.0,4,,,,,,,,
,,,,,1734,6.0,6,,,,,,,,
,,,,,1740,6.0,6,,,,,,,,
,,,,,1759,19.0,19,,,,,,,,
,,,,,1762,3.0,3,,,,,,,,
,,,,,1776,14.0,14,,,,,,,,
,,,,,1785,9.0,9,,,,,,,,
,,,,,1788,3.0,3,,,,,,,,
,,,,,1791,3.0,3,,,,,,,,
,,,,,1800,9.0,9,,,,,,,,
,,,,,1806,6.0,6,,,,,,,,
,,,,,1814,8.0,8,,,,,,,,
,,,,,1818,4.0,4,,,,,,,,
,,,,,1821,3.0,3,,,,,,,,
,,,,,1831,10.0,10,,,,,,,,
,,,,,1838,7.0,7,,,,,,,,
,,,,,1845,7.0,7,,,,,,,,
,,,,,1850,5.0,5,,,,,,,,
,,,,,1855,5.0,5,,,,,,,,
,,,,,1864,9.0,9,,,,,,,,
,,,,,1869,5.0,5,,,,,,,,
,,,,,1896,27.0,27,,,,,,,,
,,,,,1902,6.0,6,,,,,,,,
,,,,,1911,9.0,9,,,,,,,,
,,,,,1920,9.0,9,,,,,,,,
,,,,,1924,4.0,4,,,,,,,,
,,,,,1927,3.0,3,,,,,,,,
,,,,,1931,4.0,4,,,,,,,,
,,,,,1936,5.0,5,,,,,,,,
,,,,,1945,9.0,9,,,,,,,,
,,,,,1960,15.0,15,,,,,,,,
,,,,,1967,7.0,7,,,,,,,,
,,,,,1978,11.0,11,,,,,,,,
,,,,,1999,21.0,21,,,,,,,,
,,,,,2004,5.0,5,,,,,,,,
,,,,,2009,5.0,5,,,,,,,,
,,,,,2016,7.0,7,,,,,,,,
,,,,,2027,11.0,11,,,,,,,,
,,,,,2037,10.0,10,,,,,,,,
,,,,,2040,3.0,3,,,,,,,,
,,,,,2043,3.0,3,,,,,,,,
,,,,,2049,6.0,6,,,,,,,,
,,,,,2053,4.0,4,,,,,,,,
,,,,,2059,6.0,6,,,,,,,,
,,,,,2076,17.0,17,,,,,,,,
,,,,,2082,6.0,6,,,,,,,,
,,,,,2086,4.0,4,,,,,,,,
,,,,,2092,6.0,6,,,,,,,,
,,,,,2100,8.0,8,,,,,,,,
,,,,,2108,8.0,8,,,,,,,,
,,,,,2115,7.0,7,,,,,,,,
,,,,,2124,9.0,9,,,,,,,,
,,,,,2127,3.0,3,,,,,,,,
,,,,,2130,3.0,3,,,,,,,,
,,,,,2139,9.0,9,,,,,,,,
,,,,,2145,6.0,6,,,,,,,,
,,,,,2151,6.0,6,,,,,,,,
,,,,,2168,17.0,17,,,,,,,,
,,,,,2176,8.0,8,,,,,,,,
,,,,,2182,6.0,6,,,,,,,,
,,,,,2188,6.0,6,,,,,,,,
,,,,,2192,4.0,4,,,,,,,,
,,,,,2197,5.0,5,,,,,,,,
,,,,,2206,9.0,9,,,,,,,,
,,,,,2214,8.0,8,,,,,,,,
,,,,,2220,6.0,6,,,,,,,,
,,,,,2224,4.0,4,,,,,,,,
,,,,,2229,5.0,5,,,,,,,,
,,,,,2234,5.0,5,,,,,,,,
,,,,,2245,11.0,11,,,,,,,,
,,,,,2251,6.0,6,,,,,,,,
,,,,,2255,4.0,4,,,,,,,,
,,,,,2259,4.0,4,,,,,,,,
,,,,,2262,3.0,3,,,,,,,,
,,,,,2267,5.0,5,,,,,,,,
,,,,,2273,6.0,6,,,,,,,,
,,,,,2277,4.0,4,,,,,,,,
,,,,,2282,5.0,5,,,,,,,,
,,,,,2304,22.0,22,,,,,,,,
,,,,,2307,3.0,3,,,,,,,,
,,,,,2321,14.0,14,,,,,,,,
,,,,,2331,10.0,10,,,,,,,,
,,,,,2336,5.0,5,,,,,,,,
,,,,,2341,5.0,5,,,,,,,,
,,,,,2348,7.0,7,,,,,,,,
,,,,,2351,3.0,3,,,,,,,,
,,,,,2354,3.0,3,,,,,,,,
,,,,,2358,4.0,4,,,,,,,,
,,,,,2363,5.0,5,,,,,,,,
,,,,,2373,10.0,10,,,,,,,,
,,,,,2376,3.0,3,,,,,,,,
,,,,,2385,9.0,9,,,,,,,,
,,,,,2389,4.0,4,,,,,,,,
,,,,,2396,7.0,7,,,,,,,,
,,,,,2399,3.0,3,,,,,,,,
,,,,,2407,8.0,8,,,,,,,,
,,,,,2413,6.0,6,,,,,,,,
,,,,,2418,5.0,5,,,,,,,,
,,,,,2425,7.0,7,,,,,,,,
,,,,,2429,4.0,4,,,,,,,,
,,,,,2436,7.0,7,,,,,,,,
,,,,,2450,14.0,14,,,,,,,,
,,,,,2456,6.0,6,,,,,,,,
,,,,,2463,7.0,7,,,,,,,,
,,,,,2471,8.0,8,,,,,,,,
,,,,,2480,9.0,9,,,,,,,,
,,,,,2493,13.0,13,,,,,,,,
,,,,,2497,4.0,4,,,,,,,,
,,,,,2502,5.0,5,,,,,,,,
,,,,,2506,4.0,4,,,,,,,,
,,,,,2515,9.0,9,,,,,,,,
,,,,,2519,4.0,4,,,,,,,,
,,,,,2523,4.0,4,,,,,,,,
,,,,,2535,12.0,12,,,,,,,,
,,,,,2538,3.0,3,,,,,,,,
,,,,,2557,19.0,19,,,,,,,,
,,,,,2563,6.0,6,,,,,,,,
,,,,,2569,6.0,6,,,,,,,,
,,,,,2582,13.0,13,,,,,,,,
,,,,,2588,6.0,6,,,,,,,,
,,,,,2594,6.0,6,,,,,,,,
,,,,,2598,4.0,4,,,,,,,,
,,,,,2603,5.0,5,,,,,,,,
,,,,,2608,5.0,5,,,,,,,,
,,,,,2611,3.0,3,,,,,,,,
,,,,,2614,3.0,3,,,,,,,,
,,,,,2617,3.0,3,,,,,,,,
,,,,,2620,3.0,3,,,,,,,,
,,,,,2623,3.0,3,,,,,,,,
,,,,,2629,6.0,6,,,,,,,,
,,,,,2633,4.0,4,,,,,,,,
,,,,,2636,3.0,3,,,,,,,,
,,,,,2645,9.0,9,,,,,,,,
,,,,,2651,6.0,6,,,,,,,,
,,,,,2655,4.0,4,,,,,,,,
,,,,,2666,11.0,11,,,,,,,,
,,,,,2673,7.0,7,,,,,,,,
,,,,,2676,3.0,3,,,,,,,,
,,,,,2685,9.0,9,,,,,,,,
,,,,,2691,6.0,6,,,,,,,,
,,,,,2696,5.0,5,,,,,,,,
,,,,,2704,8.0,8,,,,,,,,
,,,,,2709,5.0,5,,,,,,,,
,,,,,2716,7.0,7,,,,,,,,
,,,,,2734,18.0,18,,,,,,,,
,,,,,2738,4.0,4,,,,,,,,
,,,,,2750,12.0,12,,,,,,,,
,,,,,2756,6.0,6,,,,,,,,
,,,,,2759,3.0,3,,,,,,,,
,,,,,2765,6.0,6,,,,,,,,
,,,,,2771,6.0,6,,,,,,,,
,,,,,2774,3.0,3,,,,,,,,
,,,,,2782,8.0,8,,,,,,,,
,,,,,2788,6.0,6,,,,,,,,
,,,,,2800,12.0,12,,,,,,,,
,,,,,2806,6.0,6,,,,,,,,
,,,,,2818,12.0,12,,,,,,,,
,,,,,2821,3.0,3,,,,,,,,
,,,,,2826,5.0,5,,,,,,,,
,,,,,2833,7.0,7,,,,,,,,
,,,,,2839,6.0,6,,,,,,,,
,,,,,2845,6.0,6,,,,,,,,
,,,,,2850,5.0,5,,,,,,,,
,,,,,2853,3.0,3,,,,,,,,
,,,,,2858,5.0,5,,,,,,,,
,,,,,2864,6.0,6,,,,,,,,
,,,,,2878,14.0,14,,,,,,,,
,,,,,2882,4.0,4,,,,,,,,
,,,,,2889,7.0,7,,,,,,,,
,,,,,2893,4.0,4,,,,,,,,
,,,,,2897,4.0,4,,,,,,,,
,,,,,2904,7.0,7,,,,,,,,
,,,,,2916,12.0,12,,,,,,,,
,,,,,2932,16.0,16,,,,,,,,
,,,,,2949,17.0,17,,,,,,,,
,,,,,2955,6.0,6,,,,,,,,
,,,,,2962,7.0,7,,,,,,,,
,,,,,2965,3.0,3,,,,,,,,
,,,,,2970,5.0,5,,,,,,,,
,,,,,2978,8.0,8,,,,,,,,
,,,,,2982,4.0,4,,,,,,,,
,,,,,2993,11.0,11,,,,,,,,
,,,,,2997,4.0,4,,,,,,,,
,,,,,3006,9.0,9,,,,,,,,
,,,,,3009,3.0,3,,,,,,,,
,,,,,3021,12.0,12,,,,,,,,
,,,,,3027,6.0,6,,,,,,,,
,,,,,3030,3.0,3,,,,,,,,
,,,,,3037,7.0,7,,,,,,,,
,,,,,3043,6.0,6,,,,,,,,
,,,,,3048,5.0,5,,,,,,,,
,,,,,3056,8.0,8,,,,,,,,
,,,,,3069,13.0,13,,,,,,,,
,,,,,3078,9.0,9,,,,,,,,
,,,,,3102,24.0,24,,,,,,,,
,,,,,3109,7.0,7,,,,,,,,
,,,,,3114,5.0,5,,,,,,,,
,,,,,3117,3.0,3,,,,,,,,
,,,,,3120,3.0,3,,,,,,,,
,,,,,3126,6.0,6,,,,,,,,
,,,,,3130,4.0,4,,,,,,,,
,,,,,3137,7.0,7,,,,,,,,
,,,,,3145,8.0,8,,,,,,,,
,,,,,3148,3.0,3,,,,,,,,
,,,,,3153,5.0,5,,,,,,,,
,,,,,3158,5.0,5,,,,,,,,
,,,,,3162,4.0,4,,,,,,,,
,,,,,3167,5.0,5,,,,,,,,
,,,,,3170,3.0,3,,,,,,,,
,,,,,3177,7.0,7,,,,,,,,
,,,,,3186,9.0,9,,,,,,,,
,,,,,3196,10.0,10,,,,,,,,
,,,,,3216,20.0,20,,,,,,,,
,,,,,3226,10.0,10,,,,,,,,
,,,,,3229,3.0,3,,,,,,,,
,,,,,3236,7.0,7,,,,,,,,
,,,,,3241,5.0,5,,,,,,,,
,,,,,3245,4.0,4,,,,,,,,
,,,,,3249,4.0,4,,,,,,,,
,,,,,3253,4.0,4,,,,,,,,
,,,,,3259,6.0,6,,,,,,,,
,,,,,3274,15.0,15,,,,,,,,
,,,,,3279,5.0,5,,,,,,,,
,,,,,3287,8.0,8,,,,,,,,
,,,,,3297,10.0,10,,,,,,,,
,,,,,3307,10.0,10,,,,,,,,
,,,,,3311,4.0,4,,,,,,,,
,,,,,3322,11.0,11,,,,,,,,
,,,,,3326,4.0,4,,,,,,,,
,,,,,3335,9.0,9,,,,,,,,
,,,,,3341,6.0,6,,,,,,,,
,,,,,3344,3.0,3,,,,,,,,
,,,,,3350,6.0,6,,,,,,,,
,,,,,3356,6.0,6,,,,,,,,
,,,,,3376,20.0,20,,,,,,,,
,,,,,3380,4.0,4,,,,,,,,
,,,,,3387,7.0,7,,,,,,,,
,,,,,3393,6.0,6,,,,,,,,
,,,,,3399,6.0,6,,,,,,,,
,,,,,3409,10.0,10,,,,,,,,
,,,,,3414,5.0,5,,,,,,,,
,,,,,3436,22.0,22,,,,,,,,
,,,,,3449,13.0,13,,,,,,,,
,,,,,3459,10.0,10,,,,,,,,
,,,,,3463,4.0,4,,,,,,,,
,,,,,3473,10.0,10,,,,,,,,
,,,,,3476,3.0,3,,,,,,,,
,,,,,3479,3.0,3,,,,,,,,
,,,,,3492,13.0,13,,,,,,,,
,,,,,3504,12.0,12,,,,,,,,
,,,,,3509,5.0,5,,,,,,,,
,,,,,3518,9.0,9,,,,,,,,
,,,,,3522,4.0,4,,,,,,,,
,,,,,3529,7.0,7,,,,,,,,
,,,,,3534,5.0,5,,,,,,,,
,,,,,3543,9.0,9,,,,,,,,
,,,,,3550,7.0,7,,,,,,,,
,,,,,3567,17.0,17,,,,,,,,
,,,,,3571,4.0,4,,,,,,,,
,,,,,3578,7.0,7,,,,,,,,
,,,,,3584,6.0,6,,,,,,,,
,,,,,3587,3.0,3,,,,,,,,
,,,,,3592,5.0,5,,,,,,,,
,,,,,3595,3.0,3,,,,,,,,
,,,,,3610,15.0,15,,,,,,,,
,,,,,3613,3.0,3,,,,,,,,
,,,,,3621,8.0,8,,,,,,,,
,,,,,3631,10.0,10,,,,,,,,
,,,,,3636,5.0,5,,,,,,,,
,,,,,3641,5.0,5,,,,,,,,
,,,,,3644,3.0,3,,,,,,,,
,,,,,3652,8.0,8,,,,,,,,
,,,,,3662,10.0,10,,,,,,,,
,,,,,3667,5.0,5,,,,,,,,
,,,,,3673,6.0,6,,,,,,,,
,,,,,3677,4.0,4,,,,,,,,
,,,,,3681,4.0,4,,,,,,,,
,,,,,3687,6.0,6,,,,,,,,
,,,,,3692,5.0,5,,,,,,,,
,,,,,3698,6.0,6,,,,,,,,
,,,,,3702,4.0,4,,,,,,,,
,,,,,3706,4.0,4,,,,,,,,
,,,,,3712,6.0,6,,,,,,,,
,,,,,3715,3.0,3,,,,,,,,
,,,,,3718,3.0,3,,,,,,,,
,,,,,3733,15.0,15,,,,,,,,
,,,,,3737,4.0,4,,,,,,,,
,,,,,3745,8.0,8,,,,,,,,
,,,,,3750,5.0,5,,,,,,,,
,,,,,3754,4.0,4,,,,,,,,
,,,,,3758,4.0,4,,,,,,,,
,,,,,3761,3.0,3,,,,,,,,
,,,,,3765,4.0,4,,,,,,,,
,,,,,3773,8.0,8,,,,,,,,
,,,,,3776,3.0,3,,,,,,,,
,,,,,3789,13.0,13,,,,,,,,
,,,,,3793,4.0,4,,,,,,,,
,,,,,3807,14.0,14,,,,,,,,
,,,,,3813,6.0,6,,,,,,,,
,,,,,3823,10.0,10,,,,,,,,
,,,,,3828,5.0,5,,,,,,,,
,,,,,3854,26.0,26,,,,,,,,
,,,,,3860,6.0,6,,,,,,,,
,,,,,3864,4.0,4,,,,,,,,
,,,,,3867,3.0,3,,,,,,,,
,,,,,3878,11.0,11,,,,,,,,
,,,,,3883,5.0,5,,,,,,,,
,,,,,3889,6.0,6,,,,,,,,
,,,,,3894,5.0,5,,,,,,,,
,,,,,3900,6.0,6,,,,,,,,
,,,,,3911,11.0,11,,,,,,,,
,,,,,3914,3.0,3,,,,,,,,
,,,,,3919,5.0,5,,,,,,,,
,,,,,3926,7.0,7,,,,,,,,
,,,,,3931,5.0,5,,,,,,,,
,,,,,3936,5.0,5,,,,,,,,
,,,,,3948,12.0,12,,,,,,,,
,,,,,3952,4.0,4,,,,,,,,
,,,,,3965,13.0,13,,,,,,,,
,,,,,3972,7.0,7,,,,,,,,
,,,,,3977,5.0,5,,,,,,,,
,,,,,3980,3.0,3,,,,,,,,
,,,,,3983,3.0,3,,,,,,,,
,,,,,3991,8.0,8,,,,,,,,
,,,,,3995,4.0,4,,,,,,,,
,,,,,3998,3.0,3,,,,,,,,
,,,,,4007,9.0,9,,,,,,,,
,,,,,4018,11.0,11,,,,,,,,
,,,,,4023,5.0,5,,,,,,,,
,,,,,4027,4.0,4,,,,,,,,
,,,,,4043,16.0,16,,,,,,,,
,,,,,4046,3.0,3,,,,,,,,
,,,,,4052,6.0,6,,,,,,,,
,,,,,4065,13.0,13,,,,,,,,
,,,,,4078,13.0,13,,,,,,,,
,,,,,4097,19.0,19,,,,,,,,
,,,,,4102,5.0,5,,,,,,,,
,,,,,4109,7.0,7,,,,,,,,
,,,,,4115,6.0,6,,,,,,,,
,,,,,4129,14.0,14,,,,,,,,
,,,,,4132,3.0,3,,,,,,,,
,,,,,4136,4.0,4,,,,,,,,
,,,,,4140,4.0,4,,,,,,,,
,,,,,4155,15.0,15,,,,,,,,
,,,,,4159,4.0,4,,,,,,,,
,,,,,4163,4.0,4,,,,,,,,
,,,,,4166,3.0,3,,,,,,,,
,,,,,4171,5.0,5,,,,,,,,
,,,,,4181,10.0,10,,,,,,,,
,,,,,4192,11.0,11,,,,,,,,
,,,,,4201,9.0,9,,,,,,,,
,,,,,4210,9.0,9,,,,,,,,
,,,,,4214,4.0,4,,,,,,,,
,,,,,4218,4.0,4,,,,,,,,
,,,,,4226,8.0,8,,,,,,,,
,,,,,4234,8.0,8,,,,,,,,
,,,,,4243,9.0,9,,,,,,,,
,,,,,4248,5.0,5,,,,,,,,
,,,,,4252,4.0,4,,,,,,,,
,,,,,4256,4.0,4,,,,,,,,
,,,,,4261,5.0,5,,,,,,,,
,,,,,4266,5.0,5,,,,,,,,
,,,,,4270,4.0,4,,,,,,,,
,,,,,4280,10.0,10,,,,,,,,
,,,,,4285,5.0,5,,,,,,,,
,,,,,4288,3.0,3,,,,,,,,
,,,,,4292,4.0,4,,,,,,,,
,,,,,4296,4.0,4,,,,,,,,
,,,,,4299,3.0,3,,,,,,,,
,,,,,4304,5.0,5,,,,,,,,
,,,,,4309,5.0,5,,,,,,,,
,,,,,4314,5.0,5,,,,,,,,
,,,,,4325,11.0,11,,,,,,,,
,,,,,4337,12.0,12,,,,,,,,
,,,,,4341,4.0,4,,,,,,,,
,,,,,4344,3.0,3,,,,,,,,
,,,,,4352,8.0,8,,,,,,,,
,,,,,4361,9.0,9,,,,,,,,
,,,,,4369,8.0,8,,,,,,,,
,,,,,4392,23.0,23,,,,,,,,
,,,,,4396,4.0,4,,,,,,,,
,,,,,4401,5.0,5,,,,,,,,
,,,,,4406,5.0,5,,,,,,,,
,,,,,4409,3.0,3,,,,,,,,
,,,,,4415,6.0,6,,,,,,,,
,,,,,4424,9.0,9,,,,,,,,
,,,,,4431,7.0,7,,,,,,,,
,,,,,4437,6.0,6,,,,,,,,
,,,,,4447,10.0,10,,,,,,,,
,,,,,4454,7.0,7,,,,,,,,
,,,,,4466,12.0,12,,,,,,,,
,,,,,4470,4.0,4,,,,,,,,
,,,,,4478,8.0,8,,,,,,,,
,,,,,4483,5.0,5,,,,,,,,
,,,,,4487,4.0,4,,,,,,,,
,,,,,4501,14.0,14,,,,,,,,
,,,,,4505,4.0,4,,,,,,,,
,,,,,4516,11.0,11,,,,,,,,
,,,,,4519,3.0,3,,,,,,,,
,,,,,4528,9.0,9,,,,,,,,
,,,,,4532,4.0,4,,,,,,,,
,,,,,4535,3.0,3,,,,,,,,
,,,,,4541,6.0,6,,,,,,,,
,,,,,4545,4.0,4,,,,,,,,
,,,,,4548,3.0,3,,,,,,,,
,,,,,4558,10.0,10,,,,,,,,
,,,,,4566,8.0,8,,,,,,,,
,,,,,4570,4.0,4,,,,,,,,
,,,,,4576,6.0,6,,,,,,,,
,,,,,4582,6.0,6,,,,,,,,
,,,,,4588,6.0,6,,,,,,,,
,,,,,4605,17.0,17,,,,,,,,
,,,,,4614,9.0,9,,,,,,,,
,,,,,4618,4.0,4,,,,,,,,
,,,,,4624,6.0,6,,,,,,,,
,,,,,4627,3.0,3,,,,,,,,
,,,,,4632,5.0,5,,,,,,,,
,,,,,4641,9.0,9,,,,,,,,
,,,,,4654,13.0,13,,,,,,,,
,,,,,4662,8.0,8,,,,,,,,
,,,,,4686,24.0,24,,,,,,,,
,,,,,4697,11.0,11,,,,,,,,
,,,,,4703,6.0,6,,,,,,,,
,,,,,4711,8.0,8,,,,,,,,
,,,,,4715,4.0,4,,,,,,,,
,,,,,4720,5.0,5,,,,,,,,
,,,,,4727,7.0,7,,,,,,,,
,,,,,4740,13.0,13,,,,,,,,
,,,,,4747,7.0,7,,,,,,,,
,,,,,4759,12.0,12,,,,,,,,
,,,,,4768,9.0,9,,,,,,,,
,,,,,4782,14.0,14,,,,,,,,
,,,,,4792,10.0,10,,,,,,,,
,,,,,4797,5.0,5,,,,,,,,
,,,,,4810,13.0,13,,,,,,,,
,,,,,4814,4.0,4,,,,,,,,
,,,,,4819,5.0,5,,,,,,,,
,,,,,4823,4.0,4,,,,,,,,
,,,,,4830,7.0,7,,,,,,,,
,,,,,4835,5.0,5,,,,,,,,
,,,,,4838,3.0,3,,,,,,,,
,,,,,4841,3.0,3,,,,,,,,
,,,,,4854,13.0,13,,,,,,,,
,,,,,4862,8.0,8,,,,,,,,
,,,,,4878,16.0,16,,,,,,,,
,,,,,4883,5.0,5,,,,,,,,
,,,,,4895,12.0,12,,,,,,,,
,,,,,4898,3.0,3,,,,,,,,
,,,,,4902,4.0,4,,,,,,,,
,,,,,4910,8.0,8,,,,,,,,
,,,,,4918,8.0,8,,,,,,,,
,,,,,4939,21.0,21,,,,,,,,
,,,,,4944,5.0,5,,,,,,,,
,,,,,4954,10.0,10,,,,,,,,
,,,,,4958,4.0,4,,,,,,,,
,,,,,4964,6.0,6,,,,,,,,
,,,,,4981,17.0,17,,,,,,,,
,,,,,4985,4.0,4,,,,,,,,
,,,,,4989,4.0,4,,,,,,,,
,,,,,4992,3.0,3,,,,,,,,
,,,,,4996,4.0,4,,,,,,,,
,,,,,5000,4.0,4,,,,,,,,
6.0,3.0331502,14.0,3.0,6.0,5000,,,-0.06388799101114273,0.6388798952102661,1.0746029615402222,0.05586741864681244,1.0905795097351074,0.0003,0.0003,0.1
,,,,,5006,6.0,6,,,,,,,,
,,,,,5012,6.0,6,,,,,,,,
,,,,,5015,3.0,3,,,,,,,,
,,,,,5019,4.0,4,,,,,,,,
,,,,,5024,5.0,5,,,,,,,,
,,,,,5031,7.0,7,,,,,,,,
,,,,,5035,4.0,4,,,,,,,,
,,,,,5043,8.0,8,,,,,,,,
,,,,,5054,11.0,11,,,,,,,,
,,,,,5057,3.0,3,,,,,,,,
,,,,,5065,8.0,8,,,,,,,,
,,,,,5069,4.0,4,,,,,,,,
,,,,,5078,9.0,9,,,,,,,,
,,,,,5082,4.0,4,,,,,,,,
,,,,,5092,10.0,10,,,,,,,,
,,,,,5095,3.0,3,,,,,,,,
,,,,,5099,4.0,4,,,,,,,,
,,,,,5103,4.0,4,,,,,,,,
,,,,,5112,9.0,9,,,,,,,,
,,,,,5118,6.0,6,,,,,,,,
,,,,,5128,10.0,10,,,,,,,,
,,,,,5132,4.0,4,,,,,,,,
,,,,,5135,3.0,3,,,,,,,,
,,,,,5149,14.0,14,,,,,,,,
,,,,,5154,5.0,5,,,,,,,,
,,,,,5160,6.0,6,,,,,,,,
,,,,,5163,3.0,3,,,,,,,,
,,,,,5172,9.0,9,,,,,,,,
,,,,,5178,6.0,6,,,,,,,,
,,,,,5185,7.0,7,,,,,,,,
,,,,,5189,4.0,4,,,,,,,,
,,,,,5193,4.0,4,,,,,,,,
,,,,,5197,4.0,4,,,,,,,,
,,,,,5200,3.0,3,,,,,,,,
,,,,,5212,12.0,12,,,,,,,,
,,,,,5218,6.0,6,,,,,,,,
,,,,,5221,3.0,3,,,,,,,,
,,,,,5230,9.0,9,,,,,,,,
,,,,,5235,5.0,5,,,,,,,,
,,,,,5243,8.0,8,,,,,,,,
,,,,,5248,5.0,5,,,,,,,,
,,,,,5254,6.0,6,,,,,,,,
,,,,,5262,8.0,8,,,,,,,,
,,,,,5265,3.0,3,,,,,,,,
,,,,,5269,4.0,4,,,,,,,,
,,,,,5275,6.0,6,,,,,,,,
,,,,,5279,4.0,4,,,,,,,,
,,,,,5283,4.0,4,,,,,,,,
,,,,,5289,6.0,6,,,,,,,,
,,,,,5294,5.0,5,,,,,,,,
,,,,,5298,4.0,4,,,,,,,,
,,,,,5303,5.0,5,,,,,,,,
,,,,,5309,6.0,6,,,,,,,,
,,,,,5312,3.0,3,,,,,,,,
,,,,,5316,4.0,4,,,,,,,,
,,,,,5321,5.0,5,,,,,,,,
,,,,,5327,6.0,6,,,,,,,,
,,,,,5332,5.0,5,,,,,,,,
,,,,,5356,24.0,24,,,,,,,,
,,,,,5359,3.0,3,,,,,,,,
,,,,,5364,5.0,5,,,,,,,,
,,,,,5371,7.0,7,,,,,,,,
,,,,,5374,3.0,3,,,,,,,,
,,,,,5381,7.0,7,,,,,,,,
,,,,,5387,6.0,6,,,,,,,,
,,,,,5391,4.0,4,,,,,,,,
,,,,,5399,8.0,8,,,,,,,,
,,,,,5402,3.0,3,,,,,,,,
,,,,,5405,3.0,3,,,,,,,,
,,,,,5410,5.0,5,,,,,,,,
,,,,,5415,5.0,5,,,,,,,,
,,,,,5419,4.0,4,,,,,,,,
,,,,,5424,5.0,5,,,,,,,,
,,,,,5429,5.0,5,,,,,,,,
,,,,,5432,3.0,3,,,,,,,,
,,,,,5435,3.0,3,,,,,,,,
,,,,,5445,10.0,10,,,,,,,,
,,,,,5460,15.0,15,,,,,,,,
,,,,,5465,5.0,5,,,,,,,,
,,,,,5470,5.0,5,,,,,,,,
,,,,,5474,4.0,4,,,,,,,,
,,,,,5478,4.0,4,,,,,,,,
,,,,,5482,4.0,4,,,,,,,,
,,,,,5489,7.0,7,,,,,,,,
,,,,,5496,7.0,7,,,,,,,,
,,,,,5502,6.0,6,,,,,,,,
,,,,,5507,5.0,5,,,,,,,,
,,,,,5515,8.0,8,,,,,,,,
,,,,,5531,16.0,16,,,,,,,,
,,,,,5534,3.0,3,,,,,,,,
,,,,,5539,5.0,5,,,,,,,,
,,,,,5543,4.0,4,,,,,,,,
,,,,,5547,4.0,4,,,,,,,,
,,,,,5552,5.0,5,,,,,,,,
,,,,,5558,6.0,6,,,,,,,,
,,,,,5561,3.0,3,,,,,,,,
,,,,,5564,3.0,3,,,,,,,,
,,,,,5567,3.0,3,,,,,,,,
,,,,,5578,11.0,11,,,,,,,,
,,,,,5584,6.0,6,,,,,,,,
,,,,,5592,8.0,8,,,,,,,,
,,,,,5601,9.0,9,,,,,,,,
,,,,,5604,3.0,3,,,,,,,,
,,,,,5608,4.0,4,,,,,,,,
,,,,,5630,22.0,22,,,,,,,,
,,,,,5634,4.0,4,,,,,,,,
,,,,,5639,5.0,5,,,,,,,,
,,,,,5648,9.0,9,,,,,,,,
,,,,,5652,4.0,4,,,,,,,,
,,,,,5662,10.0,10,,,,,,,,
,,,,,5665,3.0,3,,,,,,,,
,,,,,5671,6.0,6,,,,,,,,
,,,,,5675,4.0,4,,,,,,,,
,,,,,5681,6.0,6,,,,,,,,
,,,,,5685,4.0,4,,,,,,,,
,,,,,5689,4.0,4,,,,,,,,
,,,,,5692,3.0,3,,,,,,,,
,,,,,5696,4.0,4,,,,,,,,
,,,,,5705,9.0,9,,,,,,,,
,,,,,5717,12.0,12,,,,,,,,
,,,,,5720,3.0,3,,,,,,,,
,,,,,5725,5.0,5,,,,,,,,
,,,,,5734,9.0,9,,,,,,,,
,,,,,5738,4.0,4,,,,,,,,
,,,,,5742,4.0,4,,,,,,,,
,,,,,5751,9.0,9,,,,,,,,
,,,,,5755,4.0,4,,,,,,,,
,,,,,5760,5.0,5,,,,,,,,
,,,,,5768,8.0,8,,,,,,,,
,,,,,5773,5.0,5,,,,,,,,
,,,,,5785,12.0,12,,,,,,,,
,,,,,5794,9.0,9,,,,,,,,
,,,,,5797,3.0,3,,,,,,,,
,,,,,5801,4.0,4,,,,,,,,
,,,,,5810,9.0,9,,,,,,,,
,,,,,5816,6.0,6,,,,,,,,
,,,,,5821,5.0,5,,,,,,,,
,,,,,5825,4.0,4,,,,,,,,
,,,,,5830,5.0,5,,,,,,,,
,,,,,5835,5.0,5,,,,,,,,
,,,,,5844,9.0,9,,,,,,,,
,,,,,5848,4.0,4,,,,,,,,
,,,,,5851,3.0,3,,,,,,,,
,,,,,5857,6.0,6,,,,,,,,
,,,,,5866,9.0,9,,,,,,,,
,,,,,5869,3.0,3,,,,,,,,
,,,,,5878,9.0,9,,,,,,,,
,,,,,5890,12.0,12,,,,,,,,
,,,,,5899,9.0,9,,,,,,,,
,,,,,5908,9.0,9,,,,,,,,
,,,,,5912,4.0,4,,,,,,,,
,,,,,5915,3.0,3,,,,,,,,
,,,,,5919,4.0,4,,,,,,,,
,,,,,5924,5.0,5,,,,,,,,
,,,,,5927,3.0,3,,,,,,,,
,,,,,5930,3.0,3,,,,,,,,
,,,,,5933,3.0,3,,,,,,,,
,,,,,5953,20.0,20,,,,,,,,
,,,,,5958,5.0,5,,,,,,,,
,,,,,5962,4.0,4,,,,,,,,
,,,,,5971,9.0,9,,,,,,,,
,,,,,5984,13.0,13,,,,,,,,
,,,,,5988,4.0,4,,,,,,,,
,,,,,5993,5.0,5,,,,,,,,
,,,,,6000,7.0,7,,,,,,,,
,,,,,6000,,,-0.06703238934278488,0.6703238487243652,0.7551523447036743,3.5688555240631104,3.5762736797332764,0.0003,0.0003,0.1
,,,,,6004,4.0,4,,,,,,,,
,,,,,6009,5.0,5,,,,,,,,
,,,,,6012,3.0,3,,,,,,,,
,,,,,6021,9.0,9,,,,,,,,
,,,,,6026,5.0,5,,,,,,,,
,,,,,6032,6.0,6,,,,,,,,
,,,,,6042,10.0,10,,,,,,,,
,,,,,6048,6.0,6,,,,,,,,
,,,,,6057,9.0,9,,,,,,,,
,,,,,6061,4.0,4,,,,,,,,
,,,,,6064,3.0,3,,,,,,,,
,,,,,6074,10.0,10,,,,,,,,
,,,,,6077,3.0,3,,,,,,,,
,,,,,6081,4.0,4,,,,,,,,
,,,,,6086,5.0,5,,,,,,,,
,,,,,6089,3.0,3,,,,,,,,
,,,,,6096,7.0,7,,,,,,,,
,,,,,6100,4.0,4,,,,,,,,
,,,,,6103,3.0,3,,,,,,,,
,,,,,6108,5.0,5,,,,,,,,
,,,,,6119,11.0,11,,,,,,,,
,,,,,6125,6.0,6,,,,,,,,
,,,,,6128,3.0,3,,,,,,,,
,,,,,6132,4.0,4,,,,,,,,
,,,,,6138,6.0,6,,,,,,,,
,,,,,6145,7.0,7,,,,,,,,
,,,,,6149,4.0,4,,,,,,,,
,,,,,6154,5.0,5,,,,,,,,
,,,,,6160,6.0,6,,,,,,,,
,,,,,6167,7.0,7,,,,,,,,
,,,,,6172,5.0,5,,,,,,,,
,,,,,6175,3.0,3,,,,,,,,
,,,,,6179,4.0,4,,,,,,,,
,,,,,6183,4.0,4,,,,,,,,
,,,,,6189,6.0,6,,,,,,,,
,,,,,6194,5.0,5,,,,,,,,
,,,,,6198,4.0,4,,,,,,,,
,,,,,6202,4.0,4,,,,,,,,
,,,,,6206,4.0,4,,,,,,,,
,,,,,6210,4.0,4,,,,,,,,
,,,,,6217,7.0,7,,,,,,,,
,,,,,6220,3.0,3,,,,,,,,
,,,,,6229,9.0,9,,,,,,,,
,,,,,6232,3.0,3,,,,,,,,
,,,,,6237,5.0,5,,,,,,,,
,,,,,6241,4.0,4,,,,,,,,
,,,,,6246,5.0,5,,,,,,,,
,,,,,6252,6.0,6,,,,,,,,
,,,,,6259,7.0,7,,,,,,,,
,,,,,6277,18.0,18,,,,,,,,
,,,,,6285,8.0,8,,,,,,,,
,,,,,6288,3.0,3,,,,,,,,
,,,,,6292,4.0,4,,,,,,,,
,,,,,6296,4.0,4,,,,,,,,
,,,,,6312,16.0,16,,,,,,,,
,,,,,6323,11.0,11,,,,,,,,
,,,,,6335,12.0,12,,,,,,,,
,,,,,6340,5.0,5,,,,,,,,
,,,,,6349,9.0,9,,,,,,,,
,,,,,6356,7.0,7,,,,,,,,
,,,,,6378,22.0,22,,,,,,,,
,,,,,6383,5.0,5,,,,,,,,
,,,,,6387,4.0,4,,,,,,,,
,,,,,6391,4.0,4,,,,,,,,
,,,,,6399,8.0,8,,,,,,,,
,,,,,6403,4.0,4,,,,,,,,
,,,,,6407,4.0,4,,,,,,,,
,,,,,6416,9.0,9,,,,,,,,
,,,,,6420,4.0,4,,,,,,,,
,,,,,6430,10.0,10,,,,,,,,
,,,,,6433,3.0,3,,,,,,,,
,,,,,6440,7.0,7,,,,,,,,
,,,,,6443,3.0,3,,,,,,,,
,,,,,6446,3.0,3,,,,,,,,
,,,,,6457,11.0,11,,,,,,,,
,,,,,6463,6.0,6,,,,,,,,
,,,,,6471,8.0,8,,,,,,,,
,,,,,6477,6.0,6,,,,,,,,
,,,,,6480,3.0,3,,,,,,,,
,,,,,6483,3.0,3,,,,,,,,
,,,,,6486,3.0,3,,,,,,,,
,,,,,6490,4.0,4,,,,,,,,
,,,,,6495,5.0,5,,,,,,,,
,,,,,6498,3.0,3,,,,,,,,
,,,,,6501,3.0,3,,,,,,,,
,,,,,6505,4.0,4,,,,,,,,
,,,,,6508,3.0,3,,,,,,,,
,,,,,6515,7.0,7,,,,,,,,
,,,,,6519,4.0,4,,,,,,,,
,,,,,6522,3.0,3,,,,,,,,
,,,,,6525,3.0,3,,,,,,,,
,,,,,6530,5.0,5,,,,,,,,
,,,,,6534,4.0,4,,,,,,,,
,,,,,6538,4.0,4,,,,,,,,
,,,,,6546,8.0,8,,,,,,,,
,,,,,6551,5.0,5,,,,,,,,
,,,,,6556,5.0,5,,,,,,,,
,,,,,6559,3.0,3,,,,,,,,
,,,,,6567,8.0,8,,,,,,,,
,,,,,6574,7.0,7,,,,,,,,
,,,,,6577,3.0,3,,,,,,,,
,,,,,6582,5.0,5,,,,,,,,
,,,,,6591,9.0,9,,,,,,,,
,,,,,6594,3.0,3,,,,,,,,
,,,,,6599,5.0,5,,,,,,,,
,,,,,6604,5.0,5,,,,,,,,
,,,,,6610,6.0,6,,,,,,,,
,,,,,6617,7.0,7,,,,,,,,
,,,,,6620,3.0,3,,,,,,,,
,,,,,6623,3.0,3,,,,,,,,
,,,,,6637,14.0,14,,,,,,,,
,,,,,6641,4.0,4,,,,,,,,
,,,,,6648,7.0,7,,,,,,,,
,,,,,6655,7.0,7,,,,,,,,
,,,,,6659,4.0,4,,,,,,,,
,,,,,6667,8.0,8,,,,,,,,
,,,,,6673,6.0,6,,,,,,,,
,,,,,6676,3.0,3,,,,,,,,
,,,,,6683,7.0,7,,,,,,,,
,,,,,6690,7.0,7,,,,,,,,
,,,,,6694,4.0,4,,,,,,,,
,,,,,6697,3.0,3,,,,,,,,
,,,,,6704,7.0,7,,,,,,,,
,,,,,6713,9.0,9,,,,,,,,
,,,,,6716,3.0,3,,,,,,,,
,,,,,6729,13.0,13,,,,,,,,
,,,,,6741,12.0,12,,,,,,,,
,,,,,6749,8.0,8,,,,,,,,
,,,,,6756,7.0,7,,,,,,,,
,,,,,6773,17.0,17,,,,,,,,
,,,,,6786,13.0,13,,,,,,,,
,,,,,6791,5.0,5,,,,,,,,
,,,,,6796,5.0,5,,,,,,,,
,,,,,6801,5.0,5,,,,,,,,
,,,,,6808,7.0,7,,,,,,,,
,,,,,6813,5.0,5,,,,,,,,
,,,,,6818,5.0,5,,,,,,,,
,,,,,6821,3.0,3,,,,,,,,
,,,,,6832,11.0,11,,,,,,,,
,,,,,6835,3.0,3,,,,,,,,
,,,,,6839,4.0,4,,,,,,,,
,,,,,6855,16.0,16,,,,,,,,
,,,,,6859,4.0,4,,,,,,,,
,,,,,6865,6.0,6,,,,,,,,
,,,,,6871,6.0,6,,,,,,,,
,,,,,6875,4.0,4,,,,,,,,
,,,,,6880,5.0,5,,,,,,,,
,,,,,6884,4.0,4,,,,,,,,
,,,,,6889,5.0,5,,,,,,,,
,,,,,6896,7.0,7,,,,,,,,
,,,,,6900,4.0,4,,,,,,,,
,,,,,6904,4.0,4,,,,,,,,
,,,,,6908,4.0,4,,,,,,,,
,,,,,6915,7.0,7,,,,,,,,
,,,,,6924,9.0,9,,,,,,,,
,,,,,6929,5.0,5,,,,,,,,
,,,,,6937,8.0,8,,,,,,,,
,,,,,6947,10.0,10,,,,,,,,
,,,,,6952,5.0,5,,,,,,,,
,,,,,6958,6.0,6,,,,,,,,
,,,,,6962,4.0,4,,,,,,,,
,,,,,6965,3.0,3,,,,,,,,
,,,,,6972,7.0,7,,,,,,,,
,,,,,6980,8.0,8,,,,,,,,
,,,,,6985,5.0,5,,,,,,,,
,,,,,6990,5.0,5,,,,,,,,
,,,,,6994,4.0,4,,,,,,,,
,,,,,7000,6.0,6,,,,,,,,
,,,,,7000,,,-0.0685667023062706,0.6856669783592224,1.3863171339035034,4.41399621963501,4.389832496643066,0.0003,0.0003,0.1
,,,,,7003,3.0,3,,,,,,,,
,,,,,7006,3.0,3,,,,,,,,
,,,,,7012,6.0,6,,,,,,,,
,,,,,7022,10.0,10,,,,,,,,
,,,,,7035,13.0,13,,,,,,,,
,,,,,7039,4.0,4,,,,,,,,
,,,,,7049,10.0,10,,,,,,,,
,,,,,7052,3.0,3,,,,,,,,
,,,,,7061,9.0,9,,,,,,,,
,,,,,7068,7.0,7,,,,,,,,
,,,,,7075,7.0,7,,,,,,,,
,,,,,7078,3.0,3,,,,,,,,
,,,,,7083,5.0,5,,,,,,,,
,,,,,7086,3.0,3,,,,,,,,
,,,,,7096,10.0,10,,,,,,,,
,,,,,7103,7.0,7,,,,,,,,
,,,,,7107,4.0,4,,,,,,,,
,,,,,7114,7.0,7,,,,,,,,
,,,,,7117,3.0,3,,,,,,,,
,,,,,7130,13.0,13,,,,,,,,
,,,,,7134,4.0,4,,,,,,,,
,,,,,7142,8.0,8,,,,,,,,
,,,,,7145,3.0,3,,,,,,,,
,,,,,7152,7.0,7,,,,,,,,
,,,,,7156,4.0,4,,,,,,,,
,,,,,7166,10.0,10,,,,,,,,
,,,,,7172,6.0,6,,,,,,,,
,,,,,7178,6.0,6,,,,,,,,
,,,,,7183,5.0,5,,,,,,,,
,,,,,7186,3.0,3,,,,,,,,
,,,,,7191,5.0,5,,,,,,,,
,,,,,7194,3.0,3,,,,,,,,
,,,,,7198,4.0,4,,,,,,,,
,,,,,7201,3.0,3,,,,,,,,
,,,,,7204,3.0,3,,,,,,,,
,,,,,7208,4.0,4,,,,,,,,
,,,,,7213,5.0,5,,,,,,,,
,,,,,7219,6.0,6,,,,,,,,
,,,,,7232,13.0,13,,,,,,,,
,,,,,7237,5.0,5,,,,,,,,
,,,,,7249,12.0,12,,,,,,,,
,,,,,7252,3.0,3,,,,,,,,
,,,,,7255,3.0,3,,,,,,,,
,,,,,7259,4.0,4,,,,,,,,
,,,,,7263,4.0,4,,,,,,,,
,,,,,7269,6.0,6,,,,,,,,
,,,,,7272,3.0,3,,,,,,,,
,,,,,7275,3.0,3,,,,,,,,
,,,,,7278,3.0,3,,,,,,,,
,,,,,7284,6.0,6,,,,,,,,
,,,,,7292,8.0,8,,,,,,,,
,,,,,7302,10.0,10,,,,,,,,
,,,,,7306,4.0,4,,,,,,,,
,,,,,7311,5.0,5,,,,,,,,
,,,,,7314,3.0,3,,,,,,,,
,,,,,7319,5.0,5,,,,,,,,
,,,,,7326,7.0,7,,,,,,,,
,,,,,7331,5.0,5,,,,,,,,
,,,,,7337,6.0,6,,,,,,,,
,,,,,7344,7.0,7,,,,,,,,
,,,,,7351,7.0,7,,,,,,,,
,,,,,7355,4.0,4,,,,,,,,
,,,,,7360,5.0,5,,,,,,,,
,,,,,7364,4.0,4,,,,,,,,
,,,,,7369,5.0,5,,,,,,,,
,,,,,7374,5.0,5,,,,,,,,
,,,,,7383,9.0,9,,,,,,,,
,,,,,7387,4.0,4,,,,,,,,
,,,,,7399,12.0,12,,,,,,,,
,,,,,7403,4.0,4,,,,,,,,
,,,,,7406,3.0,3,,,,,,,,
,,,,,7418,12.0,12,,,,,,,,
,,,,,7423,5.0,5,,,,,,,,
,,,,,7426,3.0,3,,,,,,,,
,,,,,7437,11.0,11,,,,,,,,
,,,,,7455,18.0,18,,,,,,,,
,,,,,7459,4.0,4,,,,,,,,
,,,,,7462,3.0,3,,,,,,,,
,,,,,7466,4.0,4,,,,,,,,
,,,,,7477,11.0,11,,,,,,,,
,,,,,7496,19.0,19,,,,,,,,
,,,,,7499,3.0,3,,,,,,,,
,,,,,7504,5.0,5,,,,,,,,
,,,,,7511,7.0,7,,,,,,,,
,,,,,7516,5.0,5,,,,,,,,
,,,,,7522,6.0,6,,,,,,,,
,,,,,7525,3.0,3,,,,,,,,
,,,,,7529,4.0,4,,,,,,,,
,,,,,7539,10.0,10,,,,,,,,
,,,,,7544,5.0,5,,,,,,,,
,,,,,7548,4.0,4,,,,,,,,
,,,,,7563,15.0,15,,,,,,,,
,,,,,7580,17.0,17,,,,,,,,
,,,,,7590,10.0,10,,,,,,,,
,,,,,7595,5.0,5,,,,,,,,
,,,,,7599,4.0,4,,,,,,,,
,,,,,7605,6.0,6,,,,,,,,
,,,,,7613,8.0,8,,,,,,,,
,,,,,7625,12.0,12,,,,,,,,
,,,,,7630,5.0,5,,,,,,,,
,,,,,7634,4.0,4,,,,,,,,
,,,,,7641,7.0,7,,,,,,,,
,,,,,7655,14.0,14,,,,,,,,
,,,,,7660,5.0,5,,,,,,,,
,,,,,7669,9.0,9,,,,,,,,
,,,,,7681,12.0,12,,,,,,,,
,,,,,7687,6.0,6,,,,,,,,
,,,,,7697,10.0,10,,,,,,,,
,,,,,7704,7.0,7,,,,,,,,
,,,,,7708,4.0,4,,,,,,,,
,,,,,7714,6.0,6,,,,,,,,
,,,,,7719,5.0,5,,,,,,,,
,,,,,7724,5.0,5,,,,,,,,
,,,,,7730,6.0,6,,,,,,,,
,,,,,7733,3.0,3,,,,,,,,
,,,,,7736,3.0,3,,,,,,,,
,,,,,7739,3.0,3,,,,,,,,
,,,,,7748,9.0,9,,,,,,,,
,,,,,7752,4.0,4,,,,,,,,
,,,,,7756,4.0,4,,,,,,,,
,,,,,7759,3.0,3,,,,,,,,
,,,,,7762,3.0,3,,,,,,,,
,,,,,7766,4.0,4,,,,,,,,
,,,,,7770,4.0,4,,,,,,,,
,,,,,7775,5.0,5,,,,,,,,
,,,,,7780,5.0,5,,,,,,,,
,,,,,7785,5.0,5,,,,,,,,
,,,,,7789,4.0,4,,,,,,,,
,,,,,7799,10.0,10,,,,,,,,
,,,,,7803,4.0,4,,,,,,,,
,,,,,7809,6.0,6,,,,,,,,
,,,,,7813,4.0,4,,,,,,,,
,,,,,7816,3.0,3,,,,,,,,
,,,,,7824,8.0,8,,,,,,,,
,,,,,7827,3.0,3,,,,,,,,
,,,,,7831,4.0,4,,,,,,,,
,,,,,7834,3.0,3,,,,,,,,
,,,,,7839,5.0,5,,,,,,,,
,,,,,7844,5.0,5,,,,,,,,
,,,,,7849,5.0,5,,,,,,,,
,,,,,7852,3.0,3,,,,,,,,
,,,,,7856,4.0,4,,,,,,,,
,,,,,7862,6.0,6,,,,,,,,
,,,,,7867,5.0,5,,,,,,,,
,,,,,7875,8.0,8,,,,,,,,
,,,,,7878,3.0,3,,,,,,,,
,,,,,7883,5.0,5,,,,,,,,
,,,,,7886,3.0,3,,,,,,,,
,,,,,7891,5.0,5,,,,,,,,
,,,,,7907,16.0,16,,,,,,,,
,,,,,7914,7.0,7,,,,,,,,
,,,,,7917,3.0,3,,,,,,,,
,,,,,7932,15.0,15,,,,,,,,
,,,,,7940,8.0,8,,,,,,,,
,,,,,7945,5.0,5,,,,,,,,
,,,,,7949,4.0,4,,,,,,,,
,,,,,7956,7.0,7,,,,,,,,
,,,,,7964,8.0,8,,,,,,,,
,,,,,7968,4.0,4,,,,,,,,
,,,,,7973,5.0,5,,,,,,,,
,,,,,7976,3.0,3,,,,,,,,
,,,,,7981,5.0,5,,,,,,,,
,,,,,7984,3.0,3,,,,,,,,
,,,,,7987,3.0,3,,,,,,,,
,,,,,7997,10.0,10,,,,,,,,
,,,,,8000,,,-0.06713598221540451,0.6713598370552063,1.9606536626815796,4.732017517089844,4.692225933074951,0.0003,0.0003,0.1
,,,,,8002,5.0,5,,,,,,,,
,,,,,8008,6.0,6,,,,,,,,
,,,,,8024,16.0,16,,,,,,,,
,,,,,8034,10.0,10,,,,,,,,
,,,,,8037,3.0,3,,,,,,,,
,,,,,8042,5.0,5,,,,,,,,
,,,,,8053,11.0,11,,,,,,,,
,,,,,8057,4.0,4,,,,,,,,
,,,,,8062,5.0,5,,,,,,,,
,,,,,8067,5.0,5,,,,,,,,
,,,,,8074,7.0,7,,,,,,,,
,,,,,8082,8.0,8,,,,,,,,
,,,,,8088,6.0,6,,,,,,,,
,,,,,8091,3.0,3,,,,,,,,
,,,,,8095,4.0,4,,,,,,,,
,,,,,8099,4.0,4,,,,,,,,
,,,,,8104,5.0,5,,,,,,,,
,,,,,8108,4.0,4,,,,,,,,
,,,,,8112,4.0,4,,,,,,,,
,,,,,8115,3.0,3,,,,,,,,
,,,,,8119,4.0,4,,,,,,,,
,,,,,8123,4.0,4,,,,,,,,
,,,,,8137,14.0,14,,,,,,,,
,,,,,8141,4.0,4,,,,,,,,
,,,,,8144,3.0,3,,,,,,,,
,,,,,8148,4.0,4,,,,,,,,
,,,,,8159,11.0,11,,,,,,,,
,,,,,8168,9.0,9,,,,,,,,
,,,,,8171,3.0,3,,,,,,,,
,,,,,8175,4.0,4,,,,,,,,
,,,,,8186,11.0,11,,,,,,,,
,,,,,8189,3.0,3,,,,,,,,
,,,,,8197,8.0,8,,,,,,,,
,,,,,8203,6.0,6,,,,,,,,
,,,,,8209,6.0,6,,,,,,,,
,,,,,8213,4.0,4,,,,,,,,
,,,,,8221,8.0,8,,,,,,,,
,,,,,8226,5.0,5,,,,,,,,
,,,,,8233,7.0,7,,,,,,,,
,,,,,8236,3.0,3,,,,,,,,
,,,,,8240,4.0,4,,,,,,,,
,,,,,8247,7.0,7,,,,,,,,
,,,,,8251,4.0,4,,,,,,,,
,,,,,8256,5.0,5,,,,,,,,
,,,,,8266,10.0,10,,,,,,,,
,,,,,8269,3.0,3,,,,,,,,
,,,,,8283,14.0,14,,,,,,,,
,,,,,8286,3.0,3,,,,,,,,
,,,,,8296,10.0,10,,,,,,,,
,,,,,8299,3.0,3,,,,,,,,
,,,,,8303,4.0,4,,,,,,,,
,,,,,8309,6.0,6,,,,,,,,
,,,,,8313,4.0,4,,,,,,,,
,,,,,8321,8.0,8,,,,,,,,
,,,,,8325,4.0,4,,,,,,,,
,,,,,8330,5.0,5,,,,,,,,
,,,,,8333,3.0,3,,,,,,,,
,,,,,8336,3.0,3,,,,,,,,
,,,,,8341,5.0,5,,,,,,,,
,,,,,8351,10.0,10,,,,,,,,
,,,,,8355,4.0,4,,,,,,,,
,,,,,8358,3.0,3,,,,,,,,
,,,,,8362,4.0,4,,,,,,,,
,,,,,8367,5.0,5,,,,,,,,
,,,,,8373,6.0,6,,,,,,,,
,,,,,8376,3.0,3,,,,,,,,
,,,,,8379,3.0,3,,,,,,,,
,,,,,8385,6.0,6,,,,,,,,
,,,,,8391,6.0,6,,,,,,,,
,,,,,8396,5.0,5,,,,,,,,
,,,,,8406,10.0,10,,,,,,,,
,,,,,8409,3.0,3,,,,,,,,
,,,,,8412,3.0,3,,,,,,,,
,,,,,8417,5.0,5,,,,,,,,
,,,,,8420,3.0,3,,,,,,,,
,,,,,8424,4.0,4,,,,,,,,
,,,,,8428,4.0,4,,,,,,,,
,,,,,8434,6.0,6,,,,,,,,
,,,,,8437,3.0,3,,,,,,,,
,,,,,8445,8.0,8,,,,,,,,
,,,,,8449,4.0,4,,,,,,,,
,,,,,8452,3.0,3,,,,,,,,
,,,,,8455,3.0,3,,,,,,,,
,,,,,8460,5.0,5,,,,,,,,
,,,,,8463,3.0,3,,,,,,,,
,,,,,8466,3.0,3,,,,,,,,
,,,,,8471,5.0,5,,,,,,,,
,,,,,8485,14.0,14,,,,,,,,
,,,,,8488,3.0,3,,,,,,,,
,,,,,8493,5.0,5,,,,,,,,
,,,,,8498,5.0,5,,,,,,,,
,,,,,8502,4.0,4,,,,,,,,
,,,,,8508,6.0,6,,,,,,,,
,,,,,8514,6.0,6,,,,,,,,
,,,,,8518,4.0,4,,,,,,,,
,,,,,8536,18.0,18,,,,,,,,
,,,,,8547,11.0,11,,,,,,,,
,,,,,8554,7.0,7,,,,,,,,
,,,,,8557,3.0,3,,,,,,,,
,,,,,8568,11.0,11,,,,,,,,
,,,,,8571,3.0,3,,,,,,,,
,,,,,8576,5.0,5,,,,,,,,
,,,,,8585,9.0,9,,,,,,,,
,,,,,8590,5.0,5,,,,,,,,
,,,,,8596,6.0,6,,,,,,,,
,,,,,8607,11.0,11,,,,,,,,
,,,,,8610,3.0,3,,,,,,,,
,,,,,8617,7.0,7,,,,,,,,
,,,,,8623,6.0,6,,,,,,,,
,,,,,8627,4.0,4,,,,,,,,
,,,,,8630,3.0,3,,,,,,,,
,,,,,8637,7.0,7,,,,,,,,
,,,,,8643,6.0,6,,,,,,,,
,,,,,8658,15.0,15,,,,,,,,
,,,,,8662,4.0,4,,,,,,,,
,,,,,8665,3.0,3,,,,,,,,
,,,,,8673,8.0,8,,,,,,,,
,,,,,8679,6.0,6,,,,,,,,
,,,,,8683,4.0,4,,,,,,,,
,,,,,8688,5.0,5,,,,,,,,
,,,,,8694,6.0,6,,,,,,,,
,,,,,8700,6.0,6,,,,,,,,
,,,,,8704,4.0,4,,,,,,,,
,,,,,8710,6.0,6,,,,,,,,
,,,,,8714,4.0,4,,,,,,,,
,,,,,8720,6.0,6,,,,,,,,
,,,,,8725,5.0,5,,,,,,,,
,,,,,8736,11.0,11,,,,,,,,
,,,,,8739,3.0,3,,,,,,,,
,,,,,8744,5.0,5,,,,,,,,
,,,,,8747,3.0,3,,,,,,,,
,,,,,8752,5.0,5,,,,,,,,
,,,,,8759,7.0,7,,,,,,,,
,,,,,8764,5.0,5,,,,,,,,
,,,,,8770,6.0,6,,,,,,,,
,,,,,8775,5.0,5,,,,,,,,
,,,,,8781,6.0,6,,,,,,,,
,,,,,8789,8.0,8,,,,,,,,
,,,,,8796,7.0,7,,,,,,,,
,,,,,8804,8.0,8,,,,,,,,
,,,,,8813,9.0,9,,,,,,,,
,,,,,8816,3.0,3,,,,,,,,
,,,,,8819,3.0,3,,,,,,,,
,,,,,8823,4.0,4,,,,,,,,
,,,,,8826,3.0,3,,,,,,,,
,,,,,8829,3.0,3,,,,,,,,
,,,,,8840,11.0,11,,,,,,,,
,,,,,8856,16.0,16,,,,,,,,
,,,,,8859,3.0,3,,,,,,,,
,,,,,8867,8.0,8,,,,,,,,
,,,,,8870,3.0,3,,,,,,,,
,,,,,8873,3.0,3,,,,,,,,
,,,,,8884,11.0,11,,,,,,,,
,,,,,8887,3.0,3,,,,,,,,
,,,,,8894,7.0,7,,,,,,,,
,,,,,8902,8.0,8,,,,,,,,
,,,,,8906,4.0,4,,,,,,,,
,,,,,8913,7.0,7,,,,,,,,
,,,,,8921,8.0,8,,,,,,,,
,,,,,8928,7.0,7,,,,,,,,
,,,,,8939,11.0,11,,,,,,,,
,,,,,8944,5.0,5,,,,,,,,
,,,,,8952,8.0,8,,,,,,,,
,,,,,8956,4.0,4,,,,,,,,
,,,,,8961,5.0,5,,,,,,,,
,,,,,8968,7.0,7,,,,,,,,
,,,,,8979,11.0,11,,,,,,,,
,,,,,8987,8.0,8,,,,,,,,
,,,,,8991,4.0,4,,,,,,,,
,,,,,8996,5.0,5,,,,,,,,
,,,,,8999,3.0,3,,,,,,,,
,,,,,9000,,,-0.06774119287729263,0.6774119138717651,2.124272346496582,4.803490161895752,4.895057678222656,0.0003,0.0003,0.1
,,,,,9006,7.0,7,,,,,,,,
,,,,,9011,5.0,5,,,,,,,,
,,,,,9020,9.0,9,,,,,,,,
,,,,,9023,3.0,3,,,,,,,,
,,,,,9028,5.0,5,,,,,,,,
,,,,,9032,4.0,4,,,,,,,,
,,,,,9036,4.0,4,,,,,,,,
,,,,,9046,10.0,10,,,,,,,,
,,,,,9055,9.0,9,,,,,,,,
,,,,,9059,4.0,4,,,,,,,,
,,,,,9067,8.0,8,,,,,,,,
,,,,,9071,4.0,4,,,,,,,,
,,,,,9078,7.0,7,,,,,,,,
,,,,,9088,10.0,10,,,,,,,,
,,,,,9106,18.0,18,,,,,,,,
,,,,,9120,14.0,14,,,,,,,,
,,,,,9124,4.0,4,,,,,,,,
,,,,,9128,4.0,4,,,,,,,,
,,,,,9134,6.0,6,,,,,,,,
,,,,,9139,5.0,5,,,,,,,,
,,,,,9142,3.0,3,,,,,,,,
,,,,,9146,4.0,4,,,,,,,,
,,,,,9155,9.0,9,,,,,,,,
,,,,,9166,11.0,11,,,,,,,,
,,,,,9171,5.0,5,,,,,,,,
,,,,,9178,7.0,7,,,,,,,,
,,,,,9186,8.0,8,,,,,,,,
,,,,,9193,7.0,7,,,,,,,,
,,,,,9200,7.0,7,,,,,,,,
,,,,,9207,7.0,7,,,,,,,,
,,,,,9211,4.0,4,,,,,,,,
,,,,,9222,11.0,11,,,,,,,,
,,,,,9225,3.0,3,,,,,,,,
,,,,,9232,7.0,7,,,,,,,,
,,,,,9240,8.0,8,,,,,,,,
,,,,,9245,5.0,5,,,,,,,,
,,,,,9248,3.0,3,,,,,,,,
,,,,,9255,7.0,7,,,,,,,,
,,,,,9261,6.0,6,,,,,,,,
,,,,,9264,3.0,3,,,,,,,,
,,,,,9267,3.0,3,,,,,,,,
,,,,,9272,5.0,5,,,,,,,,
,,,,,9276,4.0,4,,,,,,,,
,,,,,9280,4.0,4,,,,,,,,
,,,,,9284,4.0,4,,,,,,,,
,,,,,9287,3.0,3,,,,,,,,
,,,,,9291,4.0,4,,,,,,,,
,,,,,9294,3.0,3,,,,,,,,
,,,,,9299,5.0,5,,,,,,,,
,,,,,9308,9.0,9,,,,,,,,
,,,,,9312,4.0,4,,,,,,,,
,,,,,9319,7.0,7,,,,,,,,
,,,,,9324,5.0,5,,,,,,,,
,,,,,9329,5.0,5,,,,,,,,
,,,,,9332,3.0,3,,,,,,,,
,,,,,9343,11.0,11,,,,,,,,
,,,,,9349,6.0,6,,,,,,,,
,,,,,9353,4.0,4,,,,,,,,
,,,,,9356,3.0,3,,,,,,,,
,,,,,9363,7.0,7,,,,,,,,
,,,,,9366,3.0,3,,,,,,,,
,,,,,9370,4.0,4,,,,,,,,
,,,,,9374,4.0,4,,,,,,,,
,,,,,9384,10.0,10,,,,,,,,
,,,,,9390,6.0,6,,,,,,,,
,,,,,9393,3.0,3,,,,,,,,
,,,,,9398,5.0,5,,,,,,,,
,,,,,9401,3.0,3,,,,,,,,
,,,,,9404,3.0,3,,,,,,,,
,,,,,9407,3.0,3,,,,,,,,
,,,,,9410,3.0,3,,,,,,,,
,,,,,9413,3.0,3,,,,,,,,
,,,,,9421,8.0,8,,,,,,,,
,,,,,9424,3.0,3,,,,,,,,
,,,,,9429,5.0,5,,,,,,,,
,,,,,9432,3.0,3,,,,,,,,
,,,,,9444,12.0,12,,,,,,,,
,,,,,9456,12.0,12,,,,,,,,
,,,,,9465,9.0,9,,,,,,,,
,,,,,9468,3.0,3,,,,,,,,
,,,,,9471,3.0,3,,,,,,,,
,,,,,9477,6.0,6,,,,,,,,
,,,,,9488,11.0,11,,,,,,,,
,,,,,9491,3.0,3,,,,,,,,
,,,,,9498,7.0,7,,,,,,,,
,,,,,9503,5.0,5,,,,,,,,
,,,,,9507,4.0,4,,,,,,,,
,,,,,9517,10.0,10,,,,,,,,
,,,,,9520,3.0,3,,,,,,,,
,,,,,9525,5.0,5,,,,,,,,
,,,,,9529,4.0,4,,,,,,,,
,,,,,9539,10.0,10,,,,,,,,
,,,,,9546,7.0,7,,,,,,,,
,,,,,9549,3.0,3,,,,,,,,
,,,,,9567,18.0,18,,,,,,,,
,,,,,9578,11.0,11,,,,,,,,
,,,,,9582,4.0,4,,,,,,,,
,,,,,9586,4.0,4,,,,,,,,
,,,,,9592,6.0,6,,,,,,,,
,,,,,9600,8.0,8,,,,,,,,
,,,,,9604,4.0,4,,,,,,,,
,,,,,9609,5.0,5,,,,,,,,
,,,,,9615,6.0,6,,,,,,,,
,,,,,9619,4.0,4,,,,,,,,
,,,,,9622,3.0,3,,,,,,,,
,,,,,9627,5.0,5,,,,,,,,
,,,,,9631,4.0,4,,,,,,,,
,,,,,9635,4.0,4,,,,,,,,
,,,,,9638,3.0,3,,,,,,,,
,,,,,9641,3.0,3,,,,,,,,
,,,,,9650,9.0,9,,,,,,,,
,,,,,9653,3.0,3,,,,,,,,
,,,,,9665,12.0,12,,,,,,,,
,,,,,9670,5.0,5,,,,,,,,
,,,,,9673,3.0,3,,,,,,,,
,,,,,9679,6.0,6,,,,,,,,
,,,,,9682,3.0,3,,,,,,,,
,,,,,9686,4.0,4,,,,,,,,
,,,,,9689,3.0,3,,,,,,,,
,,,,,9692,3.0,3,,,,,,,,
,,,,,9700,8.0,8,,,,,,,,
,,,,,9703,3.0,3,,,,,,,,
,,,,,9710,7.0,7,,,,,,,,
,,,,,9713,3.0,3,,,,,,,,
,,,,,9716,3.0,3,,,,,,,,
,,,,,9731,15.0,15,,,,,,,,
,,,,,9739,8.0,8,,,,,,,,
,,,,,9743,4.0,4,,,,,,,,
,,,,,9751,8.0,8,,,,,,,,
,,,,,9760,9.0,9,,,,,,,,
,,,,,9764,4.0,4,,,,,,,,
,,,,,9773,9.0,9,,,,,,,,
,,,,,9782,9.0,9,,,,,,,,
,,,,,9791,9.0,9,,,,,,,,
,,,,,9794,3.0,3,,,,,,,,
,,,,,9798,4.0,4,,,,,,,,
,,,,,9806,8.0,8,,,,,,,,
,,,,,9809,3.0,3,,,,,,,,
,,,,,9813,4.0,4,,,,,,,,
,,,,,9816,3.0,3,,,,,,,,
,,,,,9819,3.0,3,,,,,,,,
,,,,,9824,5.0,5,,,,,,,,
,,,,,9831,7.0,7,,,,,,,,
,,,,,9836,5.0,5,,,,,,,,
,,,,,9842,6.0,6,,,,,,,,
,,,,,9847,5.0,5,,,,,,,,
,,,,,9852,5.0,5,,,,,,,,
,,,,,9855,3.0,3,,,,,,,,
,,,,,9859,4.0,4,,,,,,,,
,,,,,9865,6.0,6,,,,,,,,
,,,,,9870,5.0,5,,,,,,,,
,,,,,9874,4.0,4,,,,,,,,
,,,,,9881,7.0,7,,,,,,,,
,,,,,9884,3.0,3,,,,,,,,
,,,,,9888,4.0,4,,,,,,,,
,,,,,9891,3.0,3,,,,,,,,
,,,,,9899,8.0,8,,,,,,,,
,,,,,9902,3.0,3,,,,,,,,
,,,,,9909,7.0,7,,,,,,,,
,,,,,9913,4.0,4,,,,,,,,
,,,,,9920,7.0,7,,,,,,,,
,,,,,9923,3.0,3,,,,,,,,
,,,,,9931,8.0,8,,,,,,,,
,,,,,9937,6.0,6,,,,,,,,
,,,,,9955,18.0,18,,,,,,,,
,,,,,9961,6.0,6,,,,,,,,
,,,,,9964,3.0,3,,,,,,,,
,,,,,9971,7.0,7,,,,,,,,
,,,,,9974,3.0,3,,,,,,,,
,,,,,9981,7.0,7,,,,,,,,
,,,,,9985,4.0,4,,,,,,,,
,,,,,9988,3.0,3,,,,,,,,
,,,,,9993,5.0,5,,,,,,,,
,,,,,9996,3.0,3,,,,,,,,
,,,,,9999,3.0,3,,,,,,,,
4.3,1.3453624,6.0,3.0,4.3,10000,,,-0.07028733938932419,0.7028733491897583,2.0377840995788574,4.6399617195129395,4.6933369636535645,0.0003,0.0003,0.1
,,,,,10002,3.0,3,,,,,,,,
,,,,,10006,4.0,4,,,,,,,,
,,,,,10009,3.0,3,,,,,,,,
,,,,,10022,13.0,13,,,,,,,,
,,,,,10028,6.0,6,,,,,,,,
,,,,,10031,3.0,3,,,,,,,,
,,,,,10037,6.0,6,,,,,,,,
,,,,,10041,4.0,4,,,,,,,,
,,,,,10047,6.0,6,,,,,,,,
,,,,,10051,4.0,4,,,,,,,,
,,,,,10067,16.0,16,,,,,,,,
,,,,,10070,3.0,3,,,,,,,,
,,,,,10086,16.0,16,,,,,,,,
,,,,,10091,5.0,5,,,,,,,,
,,,,,10099,8.0,8,,,,,,,,
,,,,,10105,6.0,6,,,,,,,,
,,,,,10113,8.0,8,,,,,,,,
,,,,,10116,3.0,3,,,,,,,,
,,,,,10128,12.0,12,,,,,,,,
,,,,,10131,3.0,3,,,,,,,,
,,,,,10134,3.0,3,,,,,,,,
,,,,,10143,9.0,9,,,,,,,,
,,,,,10148,5.0,5,,,,,,,,
,,,,,10151,3.0,3,,,,,,,,
,,,,,10158,7.0,7,,,,,,,,
,,,,,10166,8.0,8,,,,,,,,
,,,,,10170,4.0,4,,,,,,,,
,,,,,10173,3.0,3,,,,,,,,
,,,,,10176,3.0,3,,,,,,,,
,,,,,10179,3.0,3,,,,,,,,
,,,,,10182,3.0,3,,,,,,,,
,,,,,10189,7.0,7,,,,,,,,
,,,,,10192,3.0,3,,,,,,,,
,,,,,10197,5.0,5,,,,,,,,
,,,,,10203,6.0,6,,,,,,,,
,,,,,10221,18.0,18,,,,,,,,
,,,,,10227,6.0,6,,,,,,,,
,,,,,10231,4.0,4,,,,,,,,
,,,,,10236,5.0,5,,,,,,,,
,,,,,10239,3.0,3,,,,,,,,
,,,,,10242,3.0,3,,,,,,,,
,,,,,10245,3.0,3,,,,,,,,
,,,,,10254,9.0,9,,,,,,,,
,,,,,10262,8.0,8,,,,,,,,
,,,,,10265,3.0,3,,,,,,,,
,,,,,10269,4.0,4,,,,,,,,
,,,,,10272,3.0,3,,,,,,,,
,,,,,10280,8.0,8,,,,,,,,
,,,,,10286,6.0,6,,,,,,,,
,,,,,10289,3.0,3,,,,,,,,
,,,,,10292,3.0,3,,,,,,,,
,,,,,10295,3.0,3,,,,,,,,
,,,,,10303,8.0,8,,,,,,,,
,,,,,10310,7.0,7,,,,,,,,
,,,,,10319,9.0,9,,,,,,,,
,,,,,10326,7.0,7,,,,,,,,
,,,,,10329,3.0,3,,,,,,,,
,,,,,10333,4.0,4,,,,,,,,
,,,,,10339,6.0,6,,,,,,,,
,,,,,10343,4.0,4,,,,,,,,
,,,,,10348,5.0,5,,,,,,,,
,,,,,10357,9.0,9,,,,,,,,
,,,,,10362,5.0,5,,,,,,,,
,,,,,10366,4.0,4,,,,,,,,
,,,,,10377,11.0,11,,,,,,,,
,,,,,10388,11.0,11,,,,,,,,
,,,,,10391,3.0,3,,,,,,,,
,,,,,10401,10.0,10,,,,,,,,
,,,,,10406,5.0,5,,,,,,,,
,,,,,10410,4.0,4,,,,,,,,
,,,,,10413,3.0,3,,,,,,,,
,,,,,10420,7.0,7,,,,,,,,
,,,,,10426,6.0,6,,,,,,,,
,,,,,10430,4.0,4,,,,,,,,
,,,,,10434,4.0,4,,,,,,,,
,,,,,10438,4.0,4,,,,,,,,
,,,,,10443,5.0,5,,,,,,,,
,,,,,10446,3.0,3,,,,,,,,
,,,,,10452,6.0,6,,,,,,,,
,,,,,10459,7.0,7,,,,,,,,
,,,,,10470,11.0,11,,,,,,,,
,,,,,10474,4.0,4,,,,,,,,
,,,,,10477,3.0,3,,,,,,,,
,,,,,10482,5.0,5,,,,,,,,
,,,,,10488,6.0,6,,,,,,,,
,,,,,10500,12.0,12,,,,,,,,
,,,,,10503,3.0,3,,,,,,,,
,,,,,10508,5.0,5,,,,,,,,
,,,,,10512,4.0,4,,,,,,,,
,,,,,10517,5.0,5,,,,,,,,
,,,,,10525,8.0,8,,,,,,,,
,,,,,10533,8.0,8,,,,,,,,
,,,,,10537,4.0,4,,,,,,,,
,,,,,10548,11.0,11,,,,,,,,
,,,,,10552,4.0,4,,,,,,,,
,,,,,10556,4.0,4,,,,,,,,
,,,,,10564,8.0,8,,,,,,,,
,,,,,10567,3.0,3,,,,,,,,
,,,,,10581,14.0,14,,,,,,,,
,,,,,10584,3.0,3,,,,,,,,
,,,,,10592,8.0,8,,,,,,,,
,,,,,10595,3.0,3,,,,,,,,
,,,,,10602,7.0,7,,,,,,,,
,,,,,10606,4.0,4,,,,,,,,
,,,,,10611,5.0,5,,,,,,,,
,,,,,10616,5.0,5,,,,,,,,
,,,,,10620,4.0,4,,,,,,,,
,,,,,10624,4.0,4,,,,,,,,
,,,,,10627,3.0,3,,,,,,,,
,,,,,10632,5.0,5,,,,,,,,
,,,,,10637,5.0,5,,,,,,,,
,,,,,10642,5.0,5,,,,,,,,
,,,,,10646,4.0,4,,,,,,,,
,,,,,10650,4.0,4,,,,,,,,
,,,,,10654,4.0,4,,,,,,,,
,,,,,10659,5.0,5,,,,,,,,
,,,,,10664,5.0,5,,,,,,,,
,,,,,10669,5.0,5,,,,,,,,
,,,,,10672,3.0,3,,,,,,,,
,,,,,10677,5.0,5,,,,,,,,
,,,,,10692,15.0,15,,,,,,,,
,,,,,10696,4.0,4,,,,,,,,
,,,,,10699,3.0,3,,,,,,,,
,,,,,10703,4.0,4,,,,,,,,
,,,,,10708,5.0,5,,,,,,,,
,,,,,10716,8.0,8,,,,,,,,
,,,,,10720,4.0,4,,,,,,,,
,,,,,10723,3.0,3,,,,,,,,
,,,,,10726,3.0,3,,,,,,,,
,,,,,10729,3.0,3,,,,,,,,
,,,,,10732,3.0,3,,,,,,,,
,,,,,10741,9.0,9,,,,,,,,
,,,,,10755,14.0,14,,,,,,,,
,,,,,10759,4.0,4,,,,,,,,
,,,,,10763,4.0,4,,,,,,,,
,,,,,10769,6.0,6,,,,,,,,
,,,,,10774,5.0,5,,,,,,,,
,,,,,10779,5.0,5,,,,,,,,
,,,,,10786,7.0,7,,,,,,,,
,,,,,10789,3.0,3,,,,,,,,
,,,,,10793,4.0,4,,,,,,,,
,,,,,10797,4.0,4,,,,,,,,
,,,,,10802,5.0,5,,,,,,,,
,,,,,10807,5.0,5,,,,,,,,
,,,,,10811,4.0,4,,,,,,,,
,,,,,10814,3.0,3,,,,,,,,
,,,,,10820,6.0,6,,,,,,,,
,,,,,10828,8.0,8,,,,,,,,
,,,,,10831,3.0,3,,,,,,,,
,,,,,10835,4.0,4,,,,,,,,
,,,,,10838,3.0,3,,,,,,,,
,,,,,10841,3.0,3,,,,,,,,
,,,,,10846,5.0,5,,,,,,,,
,,,,,10850,4.0,4,,,,,,,,
,,,,,10853,3.0,3,,,,,,,,
,,,,,10867,14.0,14,,,,,,,,
,,,,,10870,3.0,3,,,,,,,,
,,,,,10873,3.0,3,,,,,,,,
,,,,,10879,6.0,6,,,,,,,,
,,,,,10885,6.0,6,,,,,,,,
,,,,,10889,4.0,4,,,,,,,,
,,,,,10893,4.0,4,,,,,,,,
,,,,,10896,3.0,3,,,,,,,,
,,,,,10900,4.0,4,,,,,,,,
,,,,,10905,5.0,5,,,,,,,,
,,,,,10910,5.0,5,,,,,,,,
,,,,,10920,10.0,10,,,,,,,,
,,,,,10924,4.0,4,,,,,,,,
,,,,,10933,9.0,9,,,,,,,,
,,,,,10936,3.0,3,,,,,,,,
,,,,,10939,3.0,3,,,,,,,,
,,,,,10948,9.0,9,,,,,,,,
,,,,,10962,14.0,14,,,,,,,,
,,,,,10966,4.0,4,,,,,,,,
,,,,,10969,3.0,3,,,,,,,,
,,,,,10972,3.0,3,,,,,,,,
,,,,,10978,6.0,6,,,,,,,,
,,,,,10981,3.0,3,,,,,,,,
,,,,,10989,8.0,8,,,,,,,,
,,,,,10992,3.0,3,,,,,,,,
,,,,,10998,6.0,6,,,,,,,,
,,,,,11000,,,-0.06852970272302628,0.6852970123291016,1.866220235824585,4.964515686035156,4.958413124084473,0.0003,0.0003,0.1
,,,,,11004,6.0,6,,,,,,,,
,,,,,11014,10.0,10,,,,,,,,
,,,,,11021,7.0,7,,,,,,,,
,,,,,11024,3.0,3,,,,,,,,
,,,,,11029,5.0,5,,,,,,,,
,,,,,11037,8.0,8,,,,,,,,
,,,,,11040,3.0,3,,,,,,,,
,,,,,11043,3.0,3,,,,,,,,
,,,,,11047,4.0,4,,,,,,,,
,,,,,11050,3.0,3,,,,,,,,
,,,,,11056,6.0,6,,,,,,,,
,,,,,11060,4.0,4,,,,,,,,
,,,,,11063,3.0,3,,,,,,,,
,,,,,11067,4.0,4,,,,,,,,
,,,,,11071,4.0,4,,,,,,,,
,,,,,11074,3.0,3,,,,,,,,
,,,,,11080,6.0,6,,,,,,,,
,,,,,11083,3.0,3,,,,,,,,
,,,,,11101,18.0,18,,,,,,,,
,,,,,11116,15.0,15,,,,,,,,
,,,,,11124,8.0,8,,,,,,,,
,,,,,11130,6.0,6,,,,,,,,
,,,,,11133,3.0,3,,,,,,,,
,,,,,11138,5.0,5,,,,,,,,
,,,,,11143,5.0,5,,,,,,,,
,,,,,11150,7.0,7,,,,,,,,
,,,,,11154,4.0,4,,,,,,,,
,,,,,11158,4.0,4,,,,,,,,
,,,,,11165,7.0,7,,,,,,,,
,,,,,11172,7.0,7,,,,,,,,
,,,,,11177,5.0,5,,,,,,,,
,,,,,11185,8.0,8,,,,,,,,
,,,,,11188,3.0,3,,,,,,,,
,,,,,11192,4.0,4,,,,,,,,
,,,,,11195,3.0,3,,,,,,,,
,,,,,11200,5.0,5,,,,,,,,
,,,,,11211,11.0,11,,,,,,,,
,,,,,11217,6.0,6,,,,,,,,
,,,,,11221,4.0,4,,,,,,,,
,,,,,11224,3.0,3,,,,,,,,
,,,,,11227,3.0,3,,,,,,,,
,,,,,11232,5.0,5,,,,,,,,
,,,,,11236,4.0,4,,,,,,,,
,,,,,11245,9.0,9,,,,,,,,
,,,,,11250,5.0,5,,,,,,,,
,,,,,11256,6.0,6,,,,,,,,
,,,,,11261,5.0,5,,,,,,,,
,,,,,11265,4.0,4,,,,,,,,
,,,,,11270,5.0,5,,,,,,,,
,,,,,11273,3.0,3,,,,,,,,
,,,,,11281,8.0,8,,,,,,,,
,,,,,11287,6.0,6,,,,,,,,
,,,,,11294,7.0,7,,,,,,,,
,,,,,11298,4.0,4,,,,,,,,
,,,,,11313,15.0,15,,,,,,,,
,,,,,11320,7.0,7,,,,,,,,
,,,,,11325,5.0,5,,,,,,,,
,,,,,11340,15.0,15,,,,,,,,
,,,,,11344,4.0,4,,,,,,,,
,,,,,11348,4.0,4,,,,,,,,
,,,,,11351,3.0,3,,,,,,,,
,,,,,11355,4.0,4,,,,,,,,
,,,,,11363,8.0,8,,,,,,,,
,,,,,11366,3.0,3,,,,,,,,
,,,,,11372,6.0,6,,,,,,,,
,,,,,11382,10.0,10,,,,,,,,
,,,,,11386,4.0,4,,,,,,,,
,,,,,11394,8.0,8,,,,,,,,
,,,,,11397,3.0,3,,,,,,,,
,,,,,11401,4.0,4,,,,,,,,
,,,,,11406,5.0,5,,,,,,,,
,,,,,11410,4.0,4,,,,,,,,
,,,,,11413,3.0,3,,,,,,,,
,,,,,11418,5.0,5,,,,,,,,
,,,,,11423,5.0,5,,,,,,,,
,,,,,11426,3.0,3,,,,,,,,
,,,,,11435,9.0,9,,,,,,,,
,,,,,11447,12.0,12,,,,,,,,
,,,,,11451,4.0,4,,,,,,,,
,,,,,11460,9.0,9,,,,,,,,
,,,,,11463,3.0,3,,,,,,,,
,,,,,11470,7.0,7,,,,,,,,
,,,,,11474,4.0,4,,,,,,,,
,,,,,11477,3.0,3,,,,,,,,
,,,,,11482,5.0,5,,,,,,,,
,,,,,11485,3.0,3,,,,,,,,
,,,,,11491,6.0,6,,,,,,,,
,,,,,11496,5.0,5,,,,,,,,
,,,,,11500,4.0,4,,,,,,,,
,,,,,11504,4.0,4,,,,,,,,
,,,,,11508,4.0,4,,,,,,,,
,,,,,11511,3.0,3,,,,,,,,
,,,,,11517,6.0,6,,,,,,,,
,,,,,11521,4.0,4,,,,,,,,
,,,,,11526,5.0,5,,,,,,,,
,,,,,11533,7.0,7,,,,,,,,
,,,,,11536,3.0,3,,,,,,,,
,,,,,11539,3.0,3,,,,,,,,
,,,,,11552,13.0,13,,,,,,,,
,,,,,11561,9.0,9,,,,,,,,
,,,,,11564,3.0,3,,,,,,,,
,,,,,11569,5.0,5,,,,,,,,
,,,,,11575,6.0,6,,,,,,,,
,,,,,11583,8.0,8,,,,,,,,
,,,,,11587,4.0,4,,,,,,,,
,,,,,11591,4.0,4,,,,,,,,
,,,,,11595,4.0,4,,,,,,,,
,,,,,11599,4.0,4,,,,,,,,
,,,,,11603,4.0,4,,,,,,,,
,,,,,11608,5.0,5,,,,,,,,
,,,,,11619,11.0,11,,,,,,,,
,,,,,11633,14.0,14,,,,,,,,
,,,,,11649,16.0,16,,,,,,,,
,,,,,11657,8.0,8,,,,,,,,
,,,,,11660,3.0,3,,,,,,,,
,,,,,11671,11.0,11,,,,,,,,
,,,,,11679,8.0,8,,,,,,,,
,,,,,11683,4.0,4,,,,,,,,
,,,,,11687,4.0,4,,,,,,,,
,,,,,11692,5.0,5,,,,,,,,
,,,,,11700,8.0,8,,,,,,,,
,,,,,11704,4.0,4,,,,,,,,
,,,,,11712,8.0,8,,,,,,,,
,,,,,11719,7.0,7,,,,,,,,
,,,,,11722,3.0,3,,,,,,,,
,,,,,11730,8.0,8,,,,,,,,
,,,,,11736,6.0,6,,,,,,,,
,,,,,11744,8.0,8,,,,,,,,
,,,,,11751,7.0,7,,,,,,,,
,,,,,11756,5.0,5,,,,,,,,
,,,,,11760,4.0,4,,,,,,,,
,,,,,11763,3.0,3,,,,,,,,
,,,,,11766,3.0,3,,,,,,,,
,,,,,11777,11.0,11,,,,,,,,
,,,,,11784,7.0,7,,,,,,,,
,,,,,11787,3.0,3,,,,,,,,
,,,,,11791,4.0,4,,,,,,,,
,,,,,11796,5.0,5,,,,,,,,
,,,,,11801,5.0,5,,,,,,,,
,,,,,11805,4.0,4,,,,,,,,
,,,,,11812,7.0,7,,,,,,,,
,,,,,11817,5.0,5,,,,,,,,
,,,,,11823,6.0,6,,,,,,,,
,,,,,11827,4.0,4,,,,,,,,
,,,,,11833,6.0,6,,,,,,,,
,,,,,11845,12.0,12,,,,,,,,
,,,,,11865,20.0,20,,,,,,,,
,,,,,11874,9.0,9,,,,,,,,
,,,,,11883,9.0,9,,,,,,,,
,,,,,11892,9.0,9,,,,,,,,
,,,,,11898,6.0,6,,,,,,,,
,,,,,11910,12.0,12,,,,,,,,
,,,,,11918,8.0,8,,,,,,,,
,,,,,11923,5.0,5,,,,,,,,
,,,,,11930,7.0,7,,,,,,,,
,,,,,11934,4.0,4,,,,,,,,
,,,,,11938,4.0,4,,,,,,,,
,,,,,11949,11.0,11,,,,,,,,
,,,,,11954,5.0,5,,,,,,,,
,,,,,11959,5.0,5,,,,,,,,
,,,,,11965,6.0,6,,,,,,,,
,,,,,11974,9.0,9,,,,,,,,
,,,,,11979,5.0,5,,,,,,,,
,,,,,11982,3.0,3,,,,,,,,
,,,,,11994,12.0,12,,,,,,,,
,,,,,11997,3.0,3,,,,,,,,
,,,,,12000,,,-0.06962183862924576,0.6962183713912964,1.8529255390167236,4.585631370544434,4.694177627563477,0.0003,0.0003,0.1
,,,,,12002,5.0,5,,,,,,,,
,,,,,12009,7.0,7,,,,,,,,
,,,,,12021,12.0,12,,,,,,,,
,,,,,12025,4.0,4,,,,,,,,
,,,,,12029,4.0,4,,,,,,,,
,,,,,12032,3.0,3,,,,,,,,
,,,,,12035,3.0,3,,,,,,,,
,,,,,12038,3.0,3,,,,,,,,
,,,,,12046,8.0,8,,,,,,,,
,,,,,12056,10.0,10,,,,,,,,
,,,,,12062,6.0,6,,,,,,,,
,,,,,12065,3.0,3,,,,,,,,
,,,,,12071,6.0,6,,,,,,,,
,,,,,12074,3.0,3,,,,,,,,
,,,,,12079,5.0,5,,,,,,,,
,,,,,12083,4.0,4,,,,,,,,
,,,,,12087,4.0,4,,,,,,,,
,,,,,12100,13.0,13,,,,,,,,
,,,,,12106,6.0,6,,,,,,,,
,,,,,12110,4.0,4,,,,,,,,
,,,,,12115,5.0,5,,,,,,,,
,,,,,12125,10.0,10,,,,,,,,
,,,,,12133,8.0,8,,,,,,,,
,,,,,12137,4.0,4,,,,,,,,
,,,,,12143,6.0,6,,,,,,,,
,,,,,12147,4.0,4,,,,,,,,
,,,,,12175,28.0,28,,,,,,,,
,,,,,12178,3.0,3,,,,,,,,
,,,,,12183,5.0,5,,,,,,,,
,,,,,12186,3.0,3,,,,,,,,
,,,,,12191,5.0,5,,,,,,,,
,,,,,12194,3.0,3,,,,,,,,
,,,,,12202,8.0,8,,,,,,,,
,,,,,12210,8.0,8,,,,,,,,
,,,,,12222,12.0,12,,,,,,,,
,,,,,12229,7.0,7,,,,,,,,
,,,,,12233,4.0,4,,,,,,,,
,,,,,12242,9.0,9,,,,,,,,
,,,,,12245,3.0,3,,,,,,,,
,,,,,12260,15.0,15,,,,,,,,
,,,,,12268,8.0,8,,,,,,,,
,,,,,12271,3.0,3,,,,,,,,
,,,,,12278,7.0,7,,,,,,,,
,,,,,12281,3.0,3,,,,,,,,
,,,,,12284,3.0,3,,,,,,,,
,,,,,12288,4.0,4,,,,,,,,
,,,,,12293,5.0,5,,,,,,,,
,,,,,12296,3.0,3,,,,,,,,
,,,,,12306,10.0,10,,,,,,,,
,,,,,12323,17.0,17,,,,,,,,
,,,,,12326,3.0,3,,,,,,,,
,,,,,12330,4.0,4,,,,,,,,
,,,,,12335,5.0,5,,,,,,,,
,,,,,12340,5.0,5,,,,,,,,
,,,,,12344,4.0,4,,,,,,,,
,,,,,12349,5.0,5,,,,,,,,
,,,,,12361,12.0,12,,,,,,,,
,,,,,12368,7.0,7,,,,,,,,
,,,,,12373,5.0,5,,,,,,,,
,,,,,12379,6.0,6,,,,,,,,
,,,,,12382,3.0,3,,,,,,,,
,,,,,12386,4.0,4,,,,,,,,
,,,,,12392,6.0,6,,,,,,,,
,,,,,12402,10.0,10,,,,,,,,
,,,,,12405,3.0,3,,,,,,,,
,,,,,12408,3.0,3,,,,,,,,
,,,,,12413,5.0,5,,,,,,,,
,,,,,12416,3.0,3,,,,,,,,
,,,,,12422,6.0,6,,,,,,,,
,,,,,12426,4.0,4,,,,,,,,
,,,,,12431,5.0,5,,,,,,,,
,,,,,12439,8.0,8,,,,,,,,
,,,,,12443,4.0,4,,,,,,,,
,,,,,12451,8.0,8,,,,,,,,
,,,,,12455,4.0,4,,,,,,,,
,,,,,12467,12.0,12,,,,,,,,
,,,,,12471,4.0,4,,,,,,,,
,,,,,12481,10.0,10,,,,,,,,
,,,,,12484,3.0,3,,,,,,,,
,,,,,12489,5.0,5,,,,,,,,
,,,,,12492,3.0,3,,,,,,,,
,,,,,12496,4.0,4,,,,,,,,
,,,,,12503,7.0,7,,,,,,,,
,,,,,12513,10.0,10,,,,,,,,
,,,,,12517,4.0,4,,,,,,,,
,,,,,12522,5.0,5,,,,,,,,
,,,,,12527,5.0,5,,,,,,,,
,,,,,12532,5.0,5,,,,,,,,
,,,,,12549,17.0,17,,,,,,,,
,,,,,12553,4.0,4,,,,,,,,
,,,,,12565,12.0,12,,,,,,,,
,,,,,12570,5.0,5,,,,,,,,
,,,,,12580,10.0,10,,,,,,,,
,,,,,12583,3.0,3,,,,,,,,
,,,,,12597,14.0,14,,,,,,,,
,,,,,12600,3.0,3,,,,,,,,
,,,,,12608,8.0,8,,,,,,,,
,,,,,12611,3.0,3,,,,,,,,
,,,,,12614,3.0,3,,,,,,,,
,,,,,12620,6.0,6,,,,,,,,
,,,,,12624,4.0,4,,,,,,,,
,,,,,12628,4.0,4,,,,,,,,
,,,,,12638,10.0,10,,,,,,,,
,,,,,12646,8.0,8,,,,,,,,
,,,,,12651,5.0,5,,,,,,,,
,,,,,12654,3.0,3,,,,,,,,
,,,,,12668,14.0,14,,,,,,,,
,,,,,12671,3.0,3,,,,,,,,
,,,,,12680,9.0,9,,,,,,,,
,,,,,12684,4.0,4,,,,,,,,
,,,,,12688,4.0,4,,,,,,,,
,,,,,12695,7.0,7,,,,,,,,
,,,,,12708,13.0,13,,,,,,,,
,,,,,12714,6.0,6,,,,,,,,
,,,,,12721,7.0,7,,,,,,,,
,,,,,12727,6.0,6,,,,,,,,
,,,,,12735,8.0,8,,,,,,,,
,,,,,12747,12.0,12,,,,,,,,
,,,,,12758,11.0,11,,,,,,,,
,,,,,12761,3.0,3,,,,,,,,
,,,,,12772,11.0,11,,,,,,,,
,,,,,12776,4.0,4,,,,,,,,
,,,,,12791,15.0,15,,,,,,,,
,,,,,12796,5.0,5,,,,,,,,
,,,,,12799,3.0,3,,,,,,,,
,,,,,12807,8.0,8,,,,,,,,
,,,,,12811,4.0,4,,,,,,,,
,,,,,12815,4.0,4,,,,,,,,
,,,,,12823,8.0,8,,,,,,,,
,,,,,12827,4.0,4,,,,,,,,
,,,,,12830,3.0,3,,,,,,,,
,,,,,12833,3.0,3,,,,,,,,
,,,,,12837,4.0,4,,,,,,,,
,,,,,12842,5.0,5,,,,,,,,
,,,,,12851,9.0,9,,,,,,,,
,,,,,12854,3.0,3,,,,,,,,
,,,,,12858,4.0,4,,,,,,,,
,,,,,12861,3.0,3,,,,,,,,
,,,,,12864,3.0,3,,,,,,,,
,,,,,12867,3.0,3,,,,,,,,
,,,,,12874,7.0,7,,,,,,,,
,,,,,12886,12.0,12,,,,,,,,
,,,,,12900,14.0,14,,,,,,,,
,,,,,12904,4.0,4,,,,,,,,
,,,,,12913,9.0,9,,,,,,,,
,,,,,12918,5.0,5,,,,,,,,
,,,,,12921,3.0,3,,,,,,,,
,,,,,12927,6.0,6,,,,,,,,
,,,,,12932,5.0,5,,,,,,,,
,,,,,12935,3.0,3,,,,,,,,
,,,,,12938,3.0,3,,,,,,,,
,,,,,12941,3.0,3,,,,,,,,
,,,,,12945,4.0,4,,,,,,,,
,,,,,12949,4.0,4,,,,,,,,
,,,,,12957,8.0,8,,,,,,,,
,,,,,12963,6.0,6,,,,,,,,
,,,,,12966,3.0,3,,,,,,,,
,,,,,12979,13.0,13,,,,,,,,
,,,,,12988,9.0,9,,,,,,,,
,,,,,12992,4.0,4,,,,,,,,
,,,,,12996,4.0,4,,,,,,,,
,,,,,13000,,,-0.0681079775094986,0.6810797452926636,1.806814193725586,4.4801859855651855,4.4664716720581055,0.0003,0.0003,0.1
,,,,,13001,5.0,5,,,,,,,,
,,,,,13007,6.0,6,,,,,,,,
,,,,,13010,3.0,3,,,,,,,,
,,,,,13029,19.0,19,,,,,,,,
,,,,,13034,5.0,5,,,,,,,,
,,,,,13037,3.0,3,,,,,,,,
,,,,,13042,5.0,5,,,,,,,,
,,,,,13048,6.0,6,,,,,,,,
,,,,,13056,8.0,8,,,,,,,,
,,,,,13063,7.0,7,,,,,,,,
,,,,,13067,4.0,4,,,,,,,,
,,,,,13070,3.0,3,,,,,,,,
,,,,,13073,3.0,3,,,,,,,,
,,,,,13080,7.0,7,,,,,,,,
,,,,,13084,4.0,4,,,,,,,,
,,,,,13093,9.0,9,,,,,,,,
,,,,,13098,5.0,5,,,,,,,,
,,,,,13109,11.0,11,,,,,,,,
,,,,,13112,3.0,3,,,,,,,,
,,,,,13117,5.0,5,,,,,,,,
,,,,,13134,17.0,17,,,,,,,,
,,,,,13137,3.0,3,,,,,,,,
,,,,,13153,16.0,16,,,,,,,,
,,,,,13160,7.0,7,,,,,,,,
,,,,,13166,6.0,6,,,,,,,,
,,,,,13170,4.0,4,,,,,,,,
,,,,,13173,3.0,3,,,,,,,,
,,,,,13180,7.0,7,,,,,,,,
,,,,,13186,6.0,6,,,,,,,,
,,,,,13190,4.0,4,,,,,,,,
,,,,,13196,6.0,6,,,,,,,,
,,,,,13201,5.0,5,,,,,,,,
,,,,,13208,7.0,7,,,,,,,,
,,,,,13214,6.0,6,,,,,,,,
,,,,,13225,11.0,11,,,,,,,,
,,,,,13234,9.0,9,,,,,,,,
,,,,,13238,4.0,4,,,,,,,,
,,,,,13241,3.0,3,,,,,,,,
,,,,,13246,5.0,5,,,,,,,,
,,,,,13253,7.0,7,,,,,,,,
,,,,,13261,8.0,8,,,,,,,,
,,,,,13267,6.0,6,,,,,,,,
,,,,,13270,3.0,3,,,,,,,,
,,,,,13274,4.0,4,,,,,,,,
,,,,,13282,8.0,8,,,,,,,,
,,,,,13288,6.0,6,,,,,,,,
,,,,,13297,9.0,9,,,,,,,,
,,,,,13302,5.0,5,,,,,,,,
,,,,,13306,4.0,4,,,,,,,,
,,,,,13313,7.0,7,,,,,,,,
,,,,,13316,3.0,3,,,,,,,,
,,,,,13319,3.0,3,,,,,,,,
,,,,,13327,8.0,8,,,,,,,,
,,,,,13332,5.0,5,,,,,,,,
,,,,,13338,6.0,6,,,,,,,,
,,,,,13342,4.0,4,,,,,,,,
,,,,,13345,3.0,3,,,,,,,,
,,,,,13351,6.0,6,,,,,,,,
,,,,,13354,3.0,3,,,,,,,,
,,,,,13359,5.0,5,,,,,,,,
,,,,,13363,4.0,4,,,,,,,,
,,,,,13369,6.0,6,,,,,,,,
,,,,,13376,7.0,7,,,,,,,,
,,,,,13382,6.0,6,,,,,,,,
,,,,,13386,4.0,4,,,,,,,,
,,,,,13400,14.0,14,,,,,,,,
,,,,,13403,3.0,3,,,,,,,,
,,,,,13408,5.0,5,,,,,,,,
,,,,,13413,5.0,5,,,,,,,,
,,,,,13419,6.0,6,,,,,,,,
,,,,,13426,7.0,7,,,,,,,,
,,,,,13436,10.0,10,,,,,,,,
,,,,,13441,5.0,5,,,,,,,,
,,,,,13444,3.0,3,,,,,,,,
,,,,,13447,3.0,3,,,,,,,,
,,,,,13452,5.0,5,,,,,,,,
,,,,,13455,3.0,3,,,,,,,,
,,,,,13459,4.0,4,,,,,,,,
,,,,,13463,4.0,4,,,,,,,,
,,,,,13470,7.0,7,,,,,,,,
,,,,,13475,5.0,5,,,,,,,,
,,,,,13478,3.0,3,,,,,,,,
,,,,,13493,15.0,15,,,,,,,,
,,,,,13496,3.0,3,,,,,,,,
,,,,,13509,13.0,13,,,,,,,,
,,,,,13514,5.0,5,,,,,,,,
,,,,,13519,5.0,5,,,,,,,,
,,,,,13526,7.0,7,,,,,,,,
,,,,,13530,4.0,4,,,,,,,,
,,,,,13535,5.0,5,,,,,,,,
,,,,,13539,4.0,4,,,,,,,,
,,,,,13544,5.0,5,,,,,,,,
,,,,,13553,9.0,9,,,,,,,,
,,,,,13558,5.0,5,,,,,,,,
,,,,,13561,3.0,3,,,,,,,,
,,,,,13564,3.0,3,,,,,,,,
,,,,,13567,3.0,3,,,,,,,,
,,,,,13575,8.0,8,,,,,,,,
,,,,,13590,15.0,15,,,,,,,,
,,,,,13598,8.0,8,,,,,,,,
,,,,,13618,20.0,20,,,,,,,,
,,,,,13629,11.0,11,,,,,,,,
,,,,,13633,4.0,4,,,,,,,,
,,,,,13637,4.0,4,,,,,,,,
,,,,,13642,5.0,5,,,,,,,,
,,,,,13645,3.0,3,,,,,,,,
,,,,,13655,10.0,10,,,,,,,,
,,,,,13660,5.0,5,,,,,,,,
,,,,,13673,13.0,13,,,,,,,,
,,,,,13677,4.0,4,,,,,,,,
,,,,,13684,7.0,7,,,,,,,,
,,,,,13697,13.0,13,,,,,,,,
,,,,,13703,6.0,6,,,,,,,,
,,,,,13710,7.0,7,,,,,,,,
,,,,,13715,5.0,5,,,,,,,,
,,,,,13727,12.0,12,,,,,,,,
,,,,,13732,5.0,5,,,,,,,,
,,,,,13741,9.0,9,,,,,,,,
,,,,,13744,3.0,3,,,,,,,,
,,,,,13749,5.0,5,,,,,,,,
,,,,,13752,3.0,3,,,,,,,,
,,,,,13755,3.0,3,,,,,,,,
,,,,,13760,5.0,5,,,,,,,,
,,,,,13772,12.0,12,,,,,,,,
,,,,,13778,6.0,6,,,,,,,,
,,,,,13784,6.0,6,,,,,,,,
,,,,,13788,4.0,4,,,,,,,,
,,,,,13798,10.0,10,,,,,,,,
,,,,,13805,7.0,7,,,,,,,,
,,,,,13808,3.0,3,,,,,,,,
,,,,,13812,4.0,4,,,,,,,,
,,,,,13816,4.0,4,,,,,,,,
,,,,,13830,14.0,14,,,,,,,,
,,,,,13834,4.0,4,,,,,,,,
,,,,,13840,6.0,6,,,,,,,,
,,,,,13843,3.0,3,,,,,,,,
,,,,,13847,4.0,4,,,,,,,,
,,,,,13854,7.0,7,,,,,,,,
,,,,,13857,3.0,3,,,,,,,,
,,,,,13861,4.0,4,,,,,,,,
,,,,,13866,5.0,5,,,,,,,,
,,,,,13870,4.0,4,,,,,,,,
,,,,,13878,8.0,8,,,,,,,,
,,,,,13881,3.0,3,,,,,,,,
,,,,,13884,3.0,3,,,,,,,,
,,,,,13887,3.0,3,,,,,,,,
,,,,,13895,8.0,8,,,,,,,,
,,,,,13920,25.0,25,,,,,,,,
,,,,,13923,3.0,3,,,,,,,,
,,,,,13926,3.0,3,,,,,,,,
,,,,,13929,3.0,3,,,,,,,,
,,,,,13934,5.0,5,,,,,,,,
,,,,,13937,3.0,3,,,,,,,,
,,,,,13946,9.0,9,,,,,,,,
,,,,,13951,5.0,5,,,,,,,,
,,,,,13958,7.0,7,,,,,,,,
,,,,,13963,5.0,5,,,,,,,,
,,,,,13968,5.0,5,,,,,,,,
,,,,,13985,17.0,17,,,,,,,,
,,,,,14000,15.0,15,,,,,,,,
,,,,,14000,,,-0.06809063255786896,0.6809062957763672,1.5724921226501465,4.424506187438965,4.305782318115234,0.0003,0.0003,0.1
,,,,,14003,3.0,3,,,,,,,,
,,,,,14008,5.0,5,,,,,,,,
,,,,,14011,3.0,3,,,,,,,,
,,,,,14015,4.0,4,,,,,,,,
,,,,,14021,6.0,6,,,,,,,,
,,,,,14025,4.0,4,,,,,,,,
,,,,,14030,5.0,5,,,,,,,,
,,,,,14033,3.0,3,,,,,,,,
,,,,,14045,12.0,12,,,,,,,,
,,,,,14054,9.0,9,,,,,,,,
,,,,,14060,6.0,6,,,,,,,,
,,,,,14072,12.0,12,,,,,,,,
,,,,,14081,9.0,9,,,,,,,,
,,,,,14085,4.0,4,,,,,,,,
,,,,,14092,7.0,7,,,,,,,,
,,,,,14100,8.0,8,,,,,,,,
,,,,,14114,14.0,14,,,,,,,,
,,,,,14119,5.0,5,,,,,,,,
,,,,,14124,5.0,5,,,,,,,,
,,,,,14134,10.0,10,,,,,,,,
,,,,,14140,6.0,6,,,,,,,,
,,,,,14147,7.0,7,,,,,,,,
,,,,,14156,9.0,9,,,,,,,,
,,,,,14159,3.0,3,,,,,,,,
,,,,,14164,5.0,5,,,,,,,,
,,,,,14168,4.0,4,,,,,,,,
,,,,,14171,3.0,3,,,,,,,,
,,,,,14174,3.0,3,,,,,,,,
,,,,,14178,4.0,4,,,,,,,,
,,,,,14188,10.0,10,,,,,,,,
,,,,,14194,6.0,6,,,,,,,,
,,,,,14202,8.0,8,,,,,,,,
,,,,,14217,15.0,15,,,,,,,,
,,,,,14224,7.0,7,,,,,,,,
,,,,,14229,5.0,5,,,,,,,,
,,,,,14233,4.0,4,,,,,,,,
,,,,,14241,8.0,8,,,,,,,,
,,,,,14246,5.0,5,,,,,,,,
,,,,,14250,4.0,4,,,,,,,,
,,,,,14254,4.0,4,,,,,,,,
,,,,,14260,6.0,6,,,,,,,,
,,,,,14265,5.0,5,,,,,,,,
,,,,,14270,5.0,5,,,,,,,,
,,,,,14273,3.0,3,,,,,,,,
,,,,,14279,6.0,6,,,,,,,,
,,,,,14283,4.0,4,,,,,,,,
,,,,,14287,4.0,4,,,,,,,,
,,,,,14292,5.0,5,,,,,,,,
,,,,,14295,3.0,3,,,,,,,,
,,,,,14308,13.0,13,,,,,,,,
,,,,,14313,5.0,5,,,,,,,,
,,,,,14322,9.0,9,,,,,,,,
,,,,,14325,3.0,3,,,,,,,,
,,,,,14331,6.0,6,,,,,,,,
,,,,,14336,5.0,5,,,,,,,,
,,,,,14349,13.0,13,,,,,,,,
,,,,,14353,4.0,4,,,,,,,,
,,,,,14359,6.0,6,,,,,,,,
,,,,,14364,5.0,5,,,,,,,,
,,,,,14369,5.0,5,,,,,,,,
,,,,,14372,3.0,3,,,,,,,,
,,,,,14375,3.0,3,,,,,,,,
,,,,,14381,6.0,6,,,,,,,,
,,,,,14389,8.0,8,,,,,,,,
,,,,,14392,3.0,3,,,,,,,,
,,,,,14401,9.0,9,,,,,,,,
,,,,,14406,5.0,5,,,,,,,,
,,,,,14410,4.0,4,,,,,,,,
,,,,,14416,6.0,6,,,,,,,,
,,,,,14419,3.0,3,,,,,,,,
,,,,,14427,8.0,8,,,,,,,,
,,,,,14430,3.0,3,,,,,,,,
,,,,,14434,4.0,4,,,,,,,,
,,,,,14445,11.0,11,,,,,,,,
,,,,,14448,3.0,3,,,,,,,,
,,,,,14452,4.0,4,,,,,,,,
,,,,,14461,9.0,9,,,,,,,,
,,,,,14489,28.0,28,,,,,,,,
,,,,,14492,3.0,3,,,,,,,,
,,,,,14495,3.0,3,,,,,,,,
,,,,,14501,6.0,6,,,,,,,,
,,,,,14508,7.0,7,,,,,,,,
,,,,,14511,3.0,3,,,,,,,,
,,,,,14515,4.0,4,,,,,,,,
,,,,,14518,3.0,3,,,,,,,,
,,,,,14522,4.0,4,,,,,,,,
,,,,,14525,3.0,3,,,,,,,,
,,,,,14529,4.0,4,,,,,,,,
,,,,,14535,6.0,6,,,,,,,,
,,,,,14543,8.0,8,,,,,,,,
,,,,,14553,10.0,10,,,,,,,,
,,,,,14559,6.0,6,,,,,,,,
,,,,,14569,10.0,10,,,,,,,,
,,,,,14574,5.0,5,,,,,,,,
,,,,,14580,6.0,6,,,,,,,,
,,,,,14585,5.0,5,,,,,,,,
,,,,,14588,3.0,3,,,,,,,,
,,,,,14596,8.0,8,,,,,,,,
,,,,,14600,4.0,4,,,,,,,,
,,,,,14603,3.0,3,,,,,,,,
,,,,,14607,4.0,4,,,,,,,,
,,,,,14610,3.0,3,,,,,,,,
,,,,,14620,10.0,10,,,,,,,,
,,,,,14623,3.0,3,,,,,,,,
,,,,,14627,4.0,4,,,,,,,,
,,,,,14634,7.0,7,,,,,,,,
,,,,,14641,7.0,7,,,,,,,,
,,,,,14645,4.0,4,,,,,,,,
,,,,,14649,4.0,4,,,,,,,,
,,,,,14655,6.0,6,,,,,,,,
,,,,,14658,3.0,3,,,,,,,,
,,,,,14661,3.0,3,,,,,,,,
,,,,,14666,5.0,5,,,,,,,,
,,,,,14669,3.0,3,,,,,,,,
,,,,,14673,4.0,4,,,,,,,,
,,,,,14677,4.0,4,,,,,,,,
,,,,,14684,7.0,7,,,,,,,,
,,,,,14693,9.0,9,,,,,,,,
,,,,,14708,15.0,15,,,,,,,,
,,,,,14714,6.0,6,,,,,,,,
,,,,,14718,4.0,4,,,,,,,,
,,,,,14722,4.0,4,,,,,,,,
,,,,,14725,3.0,3,,,,,,,,
,,,,,14729,4.0,4,,,,,,,,
,,,,,14734,5.0,5,,,,,,,,
,,,,,14741,7.0,7,,,,,,,,
,,,,,14748,7.0,7,,,,,,,,
,,,,,14754,6.0,6,,,,,,,,
,,,,,14761,7.0,7,,,,,,,,
,,,,,14764,3.0,3,,,,,,,,
,,,,,14769,5.0,5,,,,,,,,
,,,,,14776,7.0,7,,,,,,,,
,,,,,14779,3.0,3,,,,,,,,
,,,,,14790,11.0,11,,,,,,,,
,,,,,14793,3.0,3,,,,,,,,
,,,,,14797,4.0,4,,,,,,,,
,,,,,14802,5.0,5,,,,,,,,
,,,,,14806,4.0,4,,,,,,,,
,,,,,14813,7.0,7,,,,,,,,
,,,,,14821,8.0,8,,,,,,,,
,,,,,14826,5.0,5,,,,,,,,
,,,,,14838,12.0,12,,,,,,,,
,,,,,14847,9.0,9,,,,,,,,
,,,,,14854,7.0,7,,,,,,,,
,,,,,14858,4.0,4,,,,,,,,
,,,,,14862,4.0,4,,,,,,,,
,,,,,14866,4.0,4,,,,,,,,
,,,,,14870,4.0,4,,,,,,,,
,,,,,14875,5.0,5,,,,,,,,
,,,,,14880,5.0,5,,,,,,,,
,,,,,14887,7.0,7,,,,,,,,
,,,,,14897,10.0,10,,,,,,,,
,,,,,14901,4.0,4,,,,,,,,
,,,,,14905,4.0,4,,,,,,,,
,,,,,14914,9.0,9,,,,,,,,
,,,,,14918,4.0,4,,,,,,,,
,,,,,14924,6.0,6,,,,,,,,
,,,,,14928,4.0,4,,,,,,,,
,,,,,14941,13.0,13,,,,,,,,
,,,,,14944,3.0,3,,,,,,,,
,,,,,14947,3.0,3,,,,,,,,
,,,,,14956,9.0,9,,,,,,,,
,,,,,14961,5.0,5,,,,,,,,
,,,,,14975,14.0,14,,,,,,,,
,,,,,14978,3.0,3,,,,,,,,
,,,,,14981,3.0,3,,,,,,,,
,,,,,14985,4.0,4,,,,,,,,
,,,,,14988,3.0,3,,,,,,,,
,,,,,14992,4.0,4,,,,,,,,
,,,,,15000,8.0,8,,,,,,,,
5.2,3.310589,14.0,3.0,5.2,15000,,,-0.06789512932300568,0.6789512634277344,1.6805925369262695,4.82392692565918,4.793109893798828,0.0003,0.0003,0.1
,,,,,15006,6.0,6,,,,,,,,
,,,,,15022,16.0,16,,,,,,,,
,,,,,15037,15.0,15,,,,,,,,
,,,,,15042,5.0,5,,,,,,,,
,,,,,15045,3.0,3,,,,,,,,
,,,,,15049,4.0,4,,,,,,,,
,,,,,15053,4.0,4,,,,,,,,
,,,,,15067,14.0,14,,,,,,,,
,,,,,15071,4.0,4,,,,,,,,
,,,,,15080,9.0,9,,,,,,,,
,,,,,15084,4.0,4,,,,,,,,
,,,,,15090,6.0,6,,,,,,,,
,,,,,15096,6.0,6,,,,,,,,
,,,,,15104,8.0,8,,,,,,,,
,,,,,15113,9.0,9,,,,,,,,
,,,,,15118,5.0,5,,,,,,,,
,,,,,15128,10.0,10,,,,,,,,
,,,,,15135,7.0,7,,,,,,,,
,,,,,15139,4.0,4,,,,,,,,
,,,,,15144,5.0,5,,,,,,,,
,,,,,15147,3.0,3,,,,,,,,
,,,,,15155,8.0,8,,,,,,,,
,,,,,15167,12.0,12,,,,,,,,
,,,,,15176,9.0,9,,,,,,,,
,,,,,15181,5.0,5,,,,,,,,
,,,,,15186,5.0,5,,,,,,,,
,,,,,15192,6.0,6,,,,,,,,
,,,,,15195,3.0,3,,,,,,,,
,,,,,15199,4.0,4,,,,,,,,
,,,,,15203,4.0,4,,,,,,,,
,,,,,15206,3.0,3,,,,,,,,
,,,,,15212,6.0,6,,,,,,,,
,,,,,15215,3.0,3,,,,,,,,
,,,,,15219,4.0,4,,,,,,,,
,,,,,15222,3.0,3,,,,,,,,
,,,,,15228,6.0,6,,,,,,,,
,,,,,15235,7.0,7,,,,,,,,
,,,,,15238,3.0,3,,,,,,,,
,,,,,15242,4.0,4,,,,,,,,
,,,,,15246,4.0,4,,,,,,,,
,,,,,15249,3.0,3,,,,,,,,
,,,,,15253,4.0,4,,,,,,,,
,,,,,15257,4.0,4,,,,,,,,
,,,,,15260,3.0,3,,,,,,,,
,,,,,15266,6.0,6,,,,,,,,
,,,,,15271,5.0,5,,,,,,,,
,,,,,15274,3.0,3,,,,,,,,
,,,,,15277,3.0,3,,,,,,,,
,,,,,15281,4.0,4,,,,,,,,
,,,,,15285,4.0,4,,,,,,,,
,,,,,15290,5.0,5,,,,,,,,
,,,,,15305,15.0,15,,,,,,,,
,,,,,15310,5.0,5,,,,,,,,
,,,,,15313,3.0,3,,,,,,,,
,,,,,15317,4.0,4,,,,,,,,
,,,,,15323,6.0,6,,,,,,,,
,,,,,15326,3.0,3,,,,,,,,
,,,,,15330,4.0,4,,,,,,,,
,,,,,15335,5.0,5,,,,,,,,
,,,,,15341,6.0,6,,,,,,,,
,,,,,15349,8.0,8,,,,,,,,
,,,,,15352,3.0,3,,,,,,,,
,,,,,15355,3.0,3,,,,,,,,
,,,,,15359,4.0,4,,,,,,,,
,,,,,15362,3.0,3,,,,,,,,
,,,,,15367,5.0,5,,,,,,,,
,,,,,15374,7.0,7,,,,,,,,
,,,,,15379,5.0,5,,,,,,,,
,,,,,15388,9.0,9,,,,,,,,
,,,,,15392,4.0,4,,,,,,,,
,,,,,15398,6.0,6,,,,,,,,
,,,,,15403,5.0,5,,,,,,,,
,,,,,15407,4.0,4,,,,,,,,
,,,,,15411,4.0,4,,,,,,,,
,,,,,15422,11.0,11,,,,,,,,
,,,,,15427,5.0,5,,,,,,,,
,,,,,15440,13.0,13,,,,,,,,
,,,,,15443,3.0,3,,,,,,,,
,,,,,15447,4.0,4,,,,,,,,
,,,,,15453,6.0,6,,,,,,,,
,,,,,15458,5.0,5,,,,,,,,
,,,,,15467,9.0,9,,,,,,,,
,,,,,15471,4.0,4,,,,,,,,
,,,,,15474,3.0,3,,,,,,,,
,,,,,15478,4.0,4,,,,,,,,
,,,,,15482,4.0,4,,,,,,,,
,,,,,15487,5.0,5,,,,,,,,
,,,,,15490,3.0,3,,,,,,,,
,,,,,15497,7.0,7,,,,,,,,
,,,,,15500,3.0,3,,,,,,,,
,,,,,15503,3.0,3,,,,,,,,
,,,,,15508,5.0,5,,,,,,,,
,,,,,15512,4.0,4,,,,,,,,
,,,,,15530,18.0,18,,,,,,,,
,,,,,15536,6.0,6,,,,,,,,
,,,,,15541,5.0,5,,,,,,,,
,,,,,15551,10.0,10,,,,,,,,
,,,,,15559,8.0,8,,,,,,,,
,,,,,15563,4.0,4,,,,,,,,
,,,,,15568,5.0,5,,,,,,,,
,,,,,15575,7.0,7,,,,,,,,
,,,,,15582,7.0,7,,,,,,,,
,,,,,15586,4.0,4,,,,,,,,
,,,,,15590,4.0,4,,,,,,,,
,,,,,15594,4.0,4,,,,,,,,
,,,,,15599,5.0,5,,,,,,,,
,,,,,15604,5.0,5,,,,,,,,
,,,,,15622,18.0,18,,,,,,,,
,,,,,15626,4.0,4,,,,,,,,
,,,,,15630,4.0,4,,,,,,,,
,,,,,15641,11.0,11,,,,,,,,
,,,,,15650,9.0,9,,,,,,,,
,,,,,15653,3.0,3,,,,,,,,
,,,,,15657,4.0,4,,,,,,,,
,,,,,15666,9.0,9,,,,,,,,
,,,,,15673,7.0,7,,,,,,,,
,,,,,15678,5.0,5,,,,,,,,
,,,,,15685,7.0,7,,,,,,,,
,,,,,15690,5.0,5,,,,,,,,
,,,,,15706,16.0,16,,,,,,,,
,,,,,15709,3.0,3,,,,,,,,
,,,,,15715,6.0,6,,,,,,,,
,,,,,15721,6.0,6,,,,,,,,
,,,,,15725,4.0,4,,,,,,,,
,,,,,15739,14.0,14,,,,,,,,
,,,,,15746,7.0,7,,,,,,,,
,,,,,15756,10.0,10,,,,,,,,
,,,,,15759,3.0,3,,,,,,,,
,,,,,15768,9.0,9,,,,,,,,
,,,,,15772,4.0,4,,,,,,,,
,,,,,15784,12.0,12,,,,,,,,
,,,,,15789,5.0,5,,,,,,,,
,,,,,15795,6.0,6,,,,,,,,
,,,,,15803,8.0,8,,,,,,,,
,,,,,15807,4.0,4,,,,,,,,
,,,,,15813,6.0,6,,,,,,,,
,,,,,15826,13.0,13,,,,,,,,
,,,,,15830,4.0,4,,,,,,,,
,,,,,15837,7.0,7,,,,,,,,
,,,,,15841,4.0,4,,,,,,,,
,,,,,15844,3.0,3,,,,,,,,
,,,,,15848,4.0,4,,,,,,,,
,,,,,15866,18.0,18,,,,,,,,
,,,,,15874,8.0,8,,,,,,,,
,,,,,15882,8.0,8,,,,,,,,
,,,,,15891,9.0,9,,,,,,,,
,,,,,15903,12.0,12,,,,,,,,
,,,,,15907,4.0,4,,,,,,,,
,,,,,15913,6.0,6,,,,,,,,
,,,,,15918,5.0,5,,,,,,,,
,,,,,15925,7.0,7,,,,,,,,
,,,,,15929,4.0,4,,,,,,,,
,,,,,15933,4.0,4,,,,,,,,
,,,,,15938,5.0,5,,,,,,,,
,,,,,15947,9.0,9,,,,,,,,
,,,,,15952,5.0,5,,,,,,,,
,,,,,15963,11.0,11,,,,,,,,
,,,,,15969,6.0,6,,,,,,,,
,,,,,15975,6.0,6,,,,,,,,
,,,,,15978,3.0,3,,,,,,,,
,,,,,15986,8.0,8,,,,,,,,
,,,,,15989,3.0,3,,,,,,,,
,,,,,15993,4.0,4,,,,,,,,
,,,,,16000,,,-0.06841397285461426,0.6841397285461426,1.7549937963485718,4.314642906188965,4.094870567321777,0.0003,0.0003,0.1
,,,,,16005,12.0,12,,,,,,,,
,,,,,16018,13.0,13,,,,,,,,
,,,,,16022,4.0,4,,,,,,,,
,,,,,16025,3.0,3,,,,,,,,
,,,,,16030,5.0,5,,,,,,,,
,,,,,16035,5.0,5,,,,,,,,
,,,,,16045,10.0,10,,,,,,,,
,,,,,16051,6.0,6,,,,,,,,
,,,,,16056,5.0,5,,,,,,,,
,,,,,16062,6.0,6,,,,,,,,
,,,,,16067,5.0,5,,,,,,,,
,,,,,16073,6.0,6,,,,,,,,
,,,,,16079,6.0,6,,,,,,,,
,,,,,16082,3.0,3,,,,,,,,
,,,,,16092,10.0,10,,,,,,,,
,,,,,16097,5.0,5,,,,,,,,
,,,,,16101,4.0,4,,,,,,,,
,,,,,16104,3.0,3,,,,,,,,
,,,,,16110,6.0,6,,,,,,,,
,,,,,16117,7.0,7,,,,,,,,
,,,,,16121,4.0,4,,,,,,,,
,,,,,16124,3.0,3,,,,,,,,
,,,,,16127,3.0,3,,,,,,,,
,,,,,16130,3.0,3,,,,,,,,
,,,,,16135,5.0,5,,,,,,,,
,,,,,16139,4.0,4,,,,,,,,
,,,,,16146,7.0,7,,,,,,,,
,,,,,16149,3.0,3,,,,,,,,
,,,,,16153,4.0,4,,,,,,,,
,,,,,16156,3.0,3,,,,,,,,
,,,,,16161,5.0,5,,,,,,,,
,,,,,16165,4.0,4,,,,,,,,
,,,,,16168,3.0,3,,,,,,,,
,,,,,16179,11.0,11,,,,,,,,
,,,,,16186,7.0,7,,,,,,,,
,,,,,16191,5.0,5,,,,,,,,
,,,,,16197,6.0,6,,,,,,,,
,,,,,16208,11.0,11,,,,,,,,
,,,,,16211,3.0,3,,,,,,,,
,,,,,16217,6.0,6,,,,,,,,
,,,,,16223,6.0,6,,,,,,,,
,,,,,16227,4.0,4,,,,,,,,
,,,,,16233,6.0,6,,,,,,,,
,,,,,16249,16.0,16,,,,,,,,
,,,,,16254,5.0,5,,,,,,,,
,,,,,16257,3.0,3,,,,,,,,
,,,,,16261,4.0,4,,,,,,,,
,,,,,16270,9.0,9,,,,,,,,
,,,,,16295,25.0,25,,,,,,,,
,,,,,16300,5.0,5,,,,,,,,
,,,,,16303,3.0,3,,,,,,,,
,,,,,16307,4.0,4,,,,,,,,
,,,,,16312,5.0,5,,,,,,,,
,,,,,16316,4.0,4,,,,,,,,
,,,,,16329,13.0,13,,,,,,,,
,,,,,16334,5.0,5,,,,,,,,
,,,,,16338,4.0,4,,,,,,,,
,,,,,16341,3.0,3,,,,,,,,
,,,,,16346,5.0,5,,,,,,,,
,,,,,16349,3.0,3,,,,,,,,
,,,,,16357,8.0,8,,,,,,,,
,,,,,16362,5.0,5,,,,,,,,
,,,,,16366,4.0,4,,,,,,,,
,,,,,16377,11.0,11,,,,,,,,
,,,,,16380,3.0,3,,,,,,,,
,,,,,16383,3.0,3,,,,,,,,
,,,,,16388,5.0,5,,,,,,,,
,,,,,16396,8.0,8,,,,,,,,
,,,,,16400,4.0,4,,,,,,,,
,,,,,16404,4.0,4,,,,,,,,
,,,,,16412,8.0,8,,,,,,,,
,,,,,16416,4.0,4,,,,,,,,
,,,,,16419,3.0,3,,,,,,,,
,,,,,16423,4.0,4,,,,,,,,
,,,,,16427,4.0,4,,,,,,,,
,,,,,16430,3.0,3,,,,,,,,
,,,,,16448,18.0,18,,,,,,,,
,,,,,16453,5.0,5,,,,,,,,
,,,,,16457,4.0,4,,,,,,,,
,,,,,16466,9.0,9,,,,,,,,
,,,,,16475,9.0,9,,,,,,,,
,,,,,16480,5.0,5,,,,,,,,
,,,,,16483,3.0,3,,,,,,,,
,,,,,16487,4.0,4,,,,,,,,
,,,,,16491,4.0,4,,,,,,,,
,,,,,16495,4.0,4,,,,,,,,
,,,,,16501,6.0,6,,,,,,,,
,,,,,16513,12.0,12,,,,,,,,
,,,,,16516,3.0,3,,,,,,,,
,,,,,16524,8.0,8,,,,,,,,
,,,,,16529,5.0,5,,,,,,,,
,,,,,16535,6.0,6,,,,,,,,
,,,,,16538,3.0,3,,,,,,,,
,,,,,16542,4.0,4,,,,,,,,
,,,,,16545,3.0,3,,,,,,,,
,,,,,16549,4.0,4,,,,,,,,
,,,,,16559,10.0,10,,,,,,,,
,,,,,16562,3.0,3,,,,,,,,
,,,,,16565,3.0,3,,,,,,,,
,,,,,16569,4.0,4,,,,,,,,
,,,,,16575,6.0,6,,,,,,,,
,,,,,16581,6.0,6,,,,,,,,
,,,,,16589,8.0,8,,,,,,,,
,,,,,16596,7.0,7,,,,,,,,
,,,,,16601,5.0,5,,,,,,,,
,,,,,16613,12.0,12,,,,,,,,
,,,,,16617,4.0,4,,,,,,,,
,,,,,16620,3.0,3,,,,,,,,
,,,,,16624,4.0,4,,,,,,,,
,,,,,16632,8.0,8,,,,,,,,
,,,,,16636,4.0,4,,,,,,,,
,,,,,16643,7.0,7,,,,,,,,
,,,,,16653,10.0,10,,,,,,,,
,,,,,16664,11.0,11,,,,,,,,
,,,,,16670,6.0,6,,,,,,,,
,,,,,16673,3.0,3,,,,,,,,
,,,,,16680,7.0,7,,,,,,,,
,,,,,16686,6.0,6,,,,,,,,
,,,,,16689,3.0,3,,,,,,,,
,,,,,16692,3.0,3,,,,,,,,
,,,,,16696,4.0,4,,,,,,,,
,,,,,16699,3.0,3,,,,,,,,
,,,,,16704,5.0,5,,,,,,,,
,,,,,16709,5.0,5,,,,,,,,
,,,,,16717,8.0,8,,,,,,,,
,,,,,16720,3.0,3,,,,,,,,
,,,,,16739,19.0,19,,,,,,,,
,,,,,16744,5.0,5,,,,,,,,
,,,,,16747,3.0,3,,,,,,,,
,,,,,16751,4.0,4,,,,,,,,
,,,,,16754,3.0,3,,,,,,,,
,,,,,16757,3.0,3,,,,,,,,
,,,,,16769,12.0,12,,,,,,,,
,,,,,16772,3.0,3,,,,,,,,
,,,,,16777,5.0,5,,,,,,,,
,,,,,16782,5.0,5,,,,,,,,
,,,,,16793,11.0,11,,,,,,,,
,,,,,16801,8.0,8,,,,,,,,
,,,,,16805,4.0,4,,,,,,,,
,,,,,16808,3.0,3,,,,,,,,
,,,,,16811,3.0,3,,,,,,,,
,,,,,16815,4.0,4,,,,,,,,
,,,,,16820,5.0,5,,,,,,,,
,,,,,16828,8.0,8,,,,,,,,
,,,,,16834,6.0,6,,,,,,,,
,,,,,16837,3.0,3,,,,,,,,
,,,,,16846,9.0,9,,,,,,,,
,,,,,16855,9.0,9,,,,,,,,
,,,,,16858,3.0,3,,,,,,,,
,,,,,16862,4.0,4,,,,,,,,
,,,,,16873,11.0,11,,,,,,,,
,,,,,16879,6.0,6,,,,,,,,
,,,,,16890,11.0,11,,,,,,,,
,,,,,16895,5.0,5,,,,,,,,
,,,,,16906,11.0,11,,,,,,,,
,,,,,16910,4.0,4,,,,,,,,
,,,,,16914,4.0,4,,,,,,,,
,,,,,16917,3.0,3,,,,,,,,
,,,,,16920,3.0,3,,,,,,,,
,,,,,16925,5.0,5,,,,,,,,
,,,,,16931,6.0,6,,,,,,,,
,,,,,16942,11.0,11,,,,,,,,
,,,,,16946,4.0,4,,,,,,,,
,,,,,16950,4.0,4,,,,,,,,
,,,,,16954,4.0,4,,,,,,,,
,,,,,16957,3.0,3,,,,,,,,
,,,,,16960,3.0,3,,,,,,,,
,,,,,16964,4.0,4,,,,,,,,
,,,,,16967,3.0,3,,,,,,,,
,,,,,16974,7.0,7,,,,,,,,
,,,,,16977,3.0,3,,,,,,,,
,,,,,16981,4.0,4,,,,,,,,
,,,,,16990,9.0,9,,,,,,,,
,,,,,16993,3.0,3,,,,,,,,
,,,,,16998,5.0,5,,,,,,,,
,,,,,17000,,,-0.06939256191253662,0.6939256191253662,2.032580852508545,4.466362953186035,4.488941669464111,0.0003,0.0003,0.1
,,,,,17009,11.0,11,,,,,,,,
,,,,,17017,8.0,8,,,,,,,,
,,,,,17021,4.0,4,,,,,,,,
,,,,,17026,5.0,5,,,,,,,,
,,,,,17031,5.0,5,,,,,,,,
,,,,,17041,10.0,10,,,,,,,,
,,,,,17047,6.0,6,,,,,,,,
,,,,,17051,4.0,4,,,,,,,,
,,,,,17055,4.0,4,,,,,,,,
,,,,,17059,4.0,4,,,,,,,,
,,,,,17063,4.0,4,,,,,,,,
,,,,,17071,8.0,8,,,,,,,,
,,,,,17075,4.0,4,,,,,,,,
,,,,,17079,4.0,4,,,,,,,,
,,,,,17083,4.0,4,,,,,,,,
,,,,,17088,5.0,5,,,,,,,,
,,,,,17096,8.0,8,,,,,,,,
,,,,,17115,19.0,19,,,,,,,,
,,,,,17118,3.0,3,,,,,,,,
,,,,,17128,10.0,10,,,,,,,,
,,,,,17133,5.0,5,,,,,,,,
,,,,,17141,8.0,8,,,,,,,,
,,,,,17144,3.0,3,,,,,,,,
,,,,,17149,5.0,5,,,,,,,,
,,,,,17152,3.0,3,,,,,,,,
,,,,,17161,9.0,9,,,,,,,,
,,,,,17165,4.0,4,,,,,,,,
,,,,,17170,5.0,5,,,,,,,,
,,,,,17173,3.0,3,,,,,,,,
,,,,,17179,6.0,6,,,,,,,,
,,,,,17185,6.0,6,,,,,,,,
,,,,,17190,5.0,5,,,,,,,,
,,,,,17200,10.0,10,,,,,,,,
,,,,,17203,3.0,3,,,,,,,,
,,,,,17208,5.0,5,,,,,,,,
,,,,,17214,6.0,6,,,,,,,,
,,,,,17224,10.0,10,,,,,,,,
,,,,,17228,4.0,4,,,,,,,,
,,,,,17234,6.0,6,,,,,,,,
,,,,,17237,3.0,3,,,,,,,,
,,,,,17263,26.0,26,,,,,,,,
,,,,,17266,3.0,3,,,,,,,,
,,,,,17274,8.0,8,,,,,,,,
,,,,,17278,4.0,4,,,,,,,,
,,,,,17282,4.0,4,,,,,,,,
,,,,,17285,3.0,3,,,,,,,,
,,,,,17304,19.0,19,,,,,,,,
,,,,,17308,4.0,4,,,,,,,,
,,,,,17312,4.0,4,,,,,,,,
,,,,,17319,7.0,7,,,,,,,,
,,,,,17322,3.0,3,,,,,,,,
,,,,,17326,4.0,4,,,,,,,,
,,,,,17336,10.0,10,,,,,,,,
,,,,,17341,5.0,5,,,,,,,,
,,,,,17345,4.0,4,,,,,,,,
,,,,,17355,10.0,10,,,,,,,,
,,,,,17361,6.0,6,,,,,,,,
,,,,,17365,4.0,4,,,,,,,,
,,,,,17373,8.0,8,,,,,,,,
,,,,,17379,6.0,6,,,,,,,,
,,,,,17383,4.0,4,,,,,,,,
,,,,,17387,4.0,4,,,,,,,,
,,,,,17399,12.0,12,,,,,,,,
,,,,,17402,3.0,3,,,,,,,,
,,,,,17405,3.0,3,,,,,,,,
,,,,,17409,4.0,4,,,,,,,,
,,,,,17414,5.0,5,,,,,,,,
,,,,,17417,3.0,3,,,,,,,,
,,,,,17421,4.0,4,,,,,,,,
,,,,,17432,11.0,11,,,,,,,,
,,,,,17436,4.0,4,,,,,,,,
,,,,,17441,5.0,5,,,,,,,,
,,,,,17445,4.0,4,,,,,,,,
,,,,,17449,4.0,4,,,,,,,,
,,,,,17452,3.0,3,,,,,,,,
,,,,,17459,7.0,7,,,,,,,,
,,,,,17469,10.0,10,,,,,,,,
,,,,,17479,10.0,10,,,,,,,,
,,,,,17483,4.0,4,,,,,,,,
,,,,,17487,4.0,4,,,,,,,,
,,,,,17491,4.0,4,,,,,,,,
,,,,,17494,3.0,3,,,,,,,,
,,,,,17503,9.0,9,,,,,,,,
,,,,,17508,5.0,5,,,,,,,,
,,,,,17518,10.0,10,,,,,,,,
,,,,,17521,3.0,3,,,,,,,,
,,,,,17541,20.0,20,,,,,,,,
,,,,,17545,4.0,4,,,,,,,,
,,,,,17551,6.0,6,,,,,,,,
,,,,,17554,3.0,3,,,,,,,,
,,,,,17560,6.0,6,,,,,,,,
,,,,,17565,5.0,5,,,,,,,,
,,,,,17569,4.0,4,,,,,,,,
,,,,,17579,10.0,10,,,,,,,,
,,,,,17582,3.0,3,,,,,,,,
,,,,,17587,5.0,5,,,,,,,,
,,,,,17591,4.0,4,,,,,,,,
,,,,,17597,6.0,6,,,,,,,,
,,,,,17600,3.0,3,,,,,,,,
,,,,,17609,9.0,9,,,,,,,,
,,,,,17618,9.0,9,,,,,,,,
,,,,,17622,4.0,4,,,,,,,,
,,,,,17627,5.0,5,,,,,,,,
,,,,,17631,4.0,4,,,,,,,,
,,,,,17636,5.0,5,,,,,,,,
,,,,,17643,7.0,7,,,,,,,,
,,,,,17647,4.0,4,,,,,,,,
,,,,,17650,3.0,3,,,,,,,,
,,,,,17654,4.0,4,,,,,,,,
,,,,,17657,3.0,3,,,,,,,,
,,,,,17660,3.0,3,,,,,,,,
,,,,,17664,4.0,4,,,,,,,,
,,,,,17667,3.0,3,,,,,,,,
,,,,,17671,4.0,4,,,,,,,,
,,,,,17675,4.0,4,,,,,,,,
,,,,,17695,20.0,20,,,,,,,,
,,,,,17698,3.0,3,,,,,,,,
,,,,,17705,7.0,7,,,,,,,,
,,,,,17709,4.0,4,,,,,,,,
,,,,,17713,4.0,4,,,,,,,,
,,,,,17719,6.0,6,,,,,,,,
,,,,,17725,6.0,6,,,,,,,,
,,,,,17733,8.0,8,,,,,,,,
,,,,,17740,7.0,7,,,,,,,,
,,,,,17746,6.0,6,,,,,,,,
,,,,,17752,6.0,6,,,,,,,,
,,,,,17760,8.0,8,,,,,,,,
,,,,,17763,3.0,3,,,,,,,,
,,,,,17771,8.0,8,,,,,,,,
,,,,,17787,16.0,16,,,,,,,,
,,,,,17793,6.0,6,,,,,,,,
,,,,,17797,4.0,4,,,,,,,,
,,,,,17801,4.0,4,,,,,,,,
,,,,,17807,6.0,6,,,,,,,,
,,,,,17815,8.0,8,,,,,,,,
,,,,,17820,5.0,5,,,,,,,,
,,,,,17824,4.0,4,,,,,,,,
,,,,,17829,5.0,5,,,,,,,,
,,,,,17832,3.0,3,,,,,,,,
,,,,,17835,3.0,3,,,,,,,,
,,,,,17838,3.0,3,,,,,,,,
,,,,,17842,4.0,4,,,,,,,,
,,,,,17847,5.0,5,,,,,,,,
,,,,,17852,5.0,5,,,,,,,,
,,,,,17861,9.0,9,,,,,,,,
,,,,,17877,16.0,16,,,,,,,,
,,,,,17881,4.0,4,,,,,,,,
,,,,,17884,3.0,3,,,,,,,,
,,,,,17891,7.0,7,,,,,,,,
,,,,,17897,6.0,6,,,,,,,,
,,,,,17901,4.0,4,,,,,,,,
,,,,,17904,3.0,3,,,,,,,,
,,,,,17914,10.0,10,,,,,,,,
,,,,,17918,4.0,4,,,,,,,,
,,,,,17921,3.0,3,,,,,,,,
,,,,,17924,3.0,3,,,,,,,,
,,,,,17927,3.0,3,,,,,,,,
,,,,,17931,4.0,4,,,,,,,,
,,,,,17936,5.0,5,,,,,,,,
,,,,,17939,3.0,3,,,,,,,,
,,,,,17943,4.0,4,,,,,,,,
,,,,,17949,6.0,6,,,,,,,,
,,,,,17952,3.0,3,,,,,,,,
,,,,,17955,3.0,3,,,,,,,,
,,,,,17965,10.0,10,,,,,,,,
,,,,,17969,4.0,4,,,,,,,,
,,,,,17973,4.0,4,,,,,,,,
,,,,,17983,10.0,10,,,,,,,,
,,,,,17986,3.0,3,,,,,,,,
,,,,,17991,5.0,5,,,,,,,,
,,,,,18000,9.0,9,,,,,,,,
,,,,,18000,,,-0.06782373040914536,0.6782373189926147,1.6288506984710693,4.156253814697266,4.528366565704346,0.0003,0.0003,0.1
,,,,,18008,8.0,8,,,,,,,,
,,,,,18011,3.0,3,,,,,,,,
,,,,,18014,3.0,3,,,,,,,,
,,,,,18019,5.0,5,,,,,,,,
,,,,,18031,12.0,12,,,,,,,,
,,,,,18037,6.0,6,,,,,,,,
,,,,,18051,14.0,14,,,,,,,,
,,,,,18056,5.0,5,,,,,,,,
,,,,,18077,21.0,21,,,,,,,,
,,,,,18090,13.0,13,,,,,,,,
,,,,,18093,3.0,3,,,,,,,,
,,,,,18096,3.0,3,,,,,,,,
,,,,,18110,14.0,14,,,,,,,,
,,,,,18119,9.0,9,,,,,,,,
,,,,,18123,4.0,4,,,,,,,,
,,,,,18126,3.0,3,,,,,,,,
,,,,,18137,11.0,11,,,,,,,,
,,,,,18145,8.0,8,,,,,,,,
,,,,,18154,9.0,9,,,,,,,,
,,,,,18158,4.0,4,,,,,,,,
,,,,,18164,6.0,6,,,,,,,,
,,,,,18168,4.0,4,,,,,,,,
,,,,,18171,3.0,3,,,,,,,,
,,,,,18176,5.0,5,,,,,,,,
,,,,,18192,16.0,16,,,,,,,,
,,,,,18197,5.0,5,,,,,,,,
,,,,,18208,11.0,11,,,,,,,,
,,,,,18214,6.0,6,,,,,,,,
,,,,,18218,4.0,4,,,,,,,,
,,,,,18226,8.0,8,,,,,,,,
,,,,,18235,9.0,9,,,,,,,,
,,,,,18238,3.0,3,,,,,,,,
,,,,,18242,4.0,4,,,,,,,,
,,,,,18245,3.0,3,,,,,,,,
,,,,,18248,3.0,3,,,,,,,,
,,,,,18251,3.0,3,,,,,,,,
,,,,,18256,5.0,5,,,,,,,,
,,,,,18260,4.0,4,,,,,,,,
,,,,,18272,12.0,12,,,,,,,,
,,,,,18275,3.0,3,,,,,,,,
,,,,,18278,3.0,3,,,,,,,,
,,,,,18292,14.0,14,,,,,,,,
,,,,,18298,6.0,6,,,,,,,,
,,,,,18301,3.0,3,,,,,,,,
,,,,,18304,3.0,3,,,,,,,,
,,,,,18307,3.0,3,,,,,,,,
,,,,,18311,4.0,4,,,,,,,,
,,,,,18314,3.0,3,,,,,,,,
,,,,,18319,5.0,5,,,,,,,,
,,,,,18322,3.0,3,,,,,,,,
,,,,,18327,5.0,5,,,,,,,,
,,,,,18332,5.0,5,,,,,,,,
,,,,,18335,3.0,3,,,,,,,,
,,,,,18338,3.0,3,,,,,,,,
,,,,,18344,6.0,6,,,,,,,,
,,,,,18355,11.0,11,,,,,,,,
,,,,,18365,10.0,10,,,,,,,,
,,,,,18369,4.0,4,,,,,,,,
,,,,,18374,5.0,5,,,,,,,,
,,,,,18379,5.0,5,,,,,,,,
,,,,,18387,8.0,8,,,,,,,,
,,,,,18392,5.0,5,,,,,,,,
,,,,,18395,3.0,3,,,,,,,,
,,,,,18399,4.0,4,,,,,,,,
,,,,,18405,6.0,6,,,,,,,,
,,,,,18408,3.0,3,,,,,,,,
,,,,,18415,7.0,7,,,,,,,,
,,,,,18418,3.0,3,,,,,,,,
,,,,,18427,9.0,9,,,,,,,,
,,,,,18430,3.0,3,,,,,,,,
,,,,,18436,6.0,6,,,,,,,,
,,,,,18439,3.0,3,,,,,,,,
,,,,,18442,3.0,3,,,,,,,,
,,,,,18447,5.0,5,,,,,,,,
,,,,,18450,3.0,3,,,,,,,,
,,,,,18456,6.0,6,,,,,,,,
,,,,,18460,4.0,4,,,,,,,,
,,,,,18468,8.0,8,,,,,,,,
,,,,,18472,4.0,4,,,,,,,,
,,,,,18495,23.0,23,,,,,,,,
,,,,,18498,3.0,3,,,,,,,,
,,,,,18503,5.0,5,,,,,,,,
,,,,,18509,6.0,6,,,,,,,,
,,,,,18513,4.0,4,,,,,,,,
,,,,,18517,4.0,4,,,,,,,,
,,,,,18521,4.0,4,,,,,,,,
,,,,,18526,5.0,5,,,,,,,,
,,,,,18529,3.0,3,,,,,,,,
,,,,,18532,3.0,3,,,,,,,,
,,,,,18536,4.0,4,,,,,,,,
,,,,,18540,4.0,4,,,,,,,,
,,,,,18545,5.0,5,,,,,,,,
,,,,,18553,8.0,8,,,,,,,,
,,,,,18562,9.0,9,,,,,,,,
,,,,,18573,11.0,11,,,,,,,,
,,,,,18576,3.0,3,,,,,,,,
,,,,,18580,4.0,4,,,,,,,,
,,,,,18583,3.0,3,,,,,,,,
,,,,,18587,4.0,4,,,,,,,,
,,,,,18591,4.0,4,,,,,,,,
,,,,,18596,5.0,5,,,,,,,,
,,,,,18600,4.0,4,,,,,,,,
,,,,,18604,4.0,4,,,,,,,,
,,,,,18610,6.0,6,,,,,,,,
,,,,,18615,5.0,5,,,,,,,,
,,,,,18622,7.0,7,,,,,,,,
,,,,,18626,4.0,4,,,,,,,,
,,,,,18635,9.0,9,,,,,,,,
,,,,,18639,4.0,4,,,,,,,,
,,,,,18644,5.0,5,,,,,,,,
,,,,,18647,3.0,3,,,,,,,,
,,,,,18650,3.0,3,,,,,,,,
,,,,,18654,4.0,4,,,,,,,,
,,,,,18663,9.0,9,,,,,,,,
,,,,,18671,8.0,8,,,,,,,,
,,,,,18675,4.0,4,,,,,,,,
,,,,,18681,6.0,6,,,,,,,,
,,,,,18689,8.0,8,,,,,,,,
,,,,,18696,7.0,7,,,,,,,,
,,,,,18700,4.0,4,,,,,,,,
,,,,,18703,3.0,3,,,,,,,,
,,,,,18712,9.0,9,,,,,,,,
,,,,,18718,6.0,6,,,,,,,,
,,,,,18723,5.0,5,,,,,,,,
,,,,,18728,5.0,5,,,,,,,,
,,,,,18732,4.0,4,,,,,,,,
,,,,,18739,7.0,7,,,,,,,,
,,,,,18743,4.0,4,,,,,,,,
,,,,,18746,3.0,3,,,,,,,,
,,,,,18750,4.0,4,,,,,,,,
,,,,,18755,5.0,5,,,,,,,,
,,,,,18766,11.0,11,,,,,,,,
,,,,,18770,4.0,4,,,,,,,,
,,,,,18781,11.0,11,,,,,,,,
,,,,,18786,5.0,5,,,,,,,,
,,,,,18790,4.0,4,,,,,,,,
,,,,,18794,4.0,4,,,,,,,,
,,,,,18799,5.0,5,,,,,,,,
,,,,,18805,6.0,6,,,,,,,,
,,,,,18808,3.0,3,,,,,,,,
,,,,,18821,13.0,13,,,,,,,,
,,,,,18825,4.0,4,,,,,,,,
,,,,,18836,11.0,11,,,,,,,,
,,,,,18840,4.0,4,,,,,,,,
,,,,,18844,4.0,4,,,,,,,,
,,,,,18848,4.0,4,,,,,,,,
,,,,,18852,4.0,4,,,,,,,,
,,,,,18859,7.0,7,,,,,,,,
,,,,,18866,7.0,7,,,,,,,,
,,,,,18875,9.0,9,,,,,,,,
,,,,,18880,5.0,5,,,,,,,,
,,,,,18883,3.0,3,,,,,,,,
,,,,,18888,5.0,5,,,,,,,,
,,,,,18902,14.0,14,,,,,,,,
,,,,,18908,6.0,6,,,,,,,,
,,,,,18911,3.0,3,,,,,,,,
,,,,,18922,11.0,11,,,,,,,,
,,,,,18925,3.0,3,,,,,,,,
,,,,,18928,3.0,3,,,,,,,,
,,,,,18934,6.0,6,,,,,,,,
,,,,,18937,3.0,3,,,,,,,,
,,,,,18943,6.0,6,,,,,,,,
,,,,,18946,3.0,3,,,,,,,,
,,,,,18958,12.0,12,,,,,,,,
,,,,,18969,11.0,11,,,,,,,,
,,,,,18978,9.0,9,,,,,,,,
,,,,,18984,6.0,6,,,,,,,,
,,,,,18987,3.0,3,,,,,,,,
,,,,,18990,3.0,3,,,,,,,,
,,,,,18993,3.0,3,,,,,,,,
,,,,,18996,3.0,3,,,,,,,,
,,,,,18999,3.0,3,,,,,,,,
,,,,,19000,,,-0.06809021532535553,0.6809021234512329,1.6070780754089355,4.720136642456055,4.710205078125,0.0003,0.0003,0.1
,,,,,19002,3.0,3,,,,,,,,
,,,,,19008,6.0,6,,,,,,,,
,,,,,19015,7.0,7,,,,,,,,
,,,,,19019,4.0,4,,,,,,,,
,,,,,19024,5.0,5,,,,,,,,
,,,,,19031,7.0,7,,,,,,,,
,,,,,19036,5.0,5,,,,,,,,
,,,,,19043,7.0,7,,,,,,,,
,,,,,19046,3.0,3,,,,,,,,
,,,,,19052,6.0,6,,,,,,,,
,,,,,19055,3.0,3,,,,,,,,
,,,,,19058,3.0,3,,,,,,,,
,,,,,19062,4.0,4,,,,,,,,
,,,,,19067,5.0,5,,,,,,,,
,,,,,19074,7.0,7,,,,,,,,
,,,,,19077,3.0,3,,,,,,,,
,,,,,19087,10.0,10,,,,,,,,
,,,,,19090,3.0,3,,,,,,,,
,,,,,19100,10.0,10,,,,,,,,
,,,,,19103,3.0,3,,,,,,,,
,,,,,19107,4.0,4,,,,,,,,
,,,,,19111,4.0,4,,,,,,,,
,,,,,19122,11.0,11,,,,,,,,
,,,,,19127,5.0,5,,,,,,,,
,,,,,19132,5.0,5,,,,,,,,
,,,,,19135,3.0,3,,,,,,,,
,,,,,19140,5.0,5,,,,,,,,
,,,,,19178,38.0,38,,,,,,,,
,,,,,19182,4.0,4,,,,,,,,
,,,,,19185,3.0,3,,,,,,,,
,,,,,19188,3.0,3,,,,,,,,
,,,,,19193,5.0,5,,,,,,,,
,,,,,19205,12.0,12,,,,,,,,
,,,,,19208,3.0,3,,,,,,,,
,,,,,19212,4.0,4,,,,,,,,
,,,,,19220,8.0,8,,,,,,,,
,,,,,19224,4.0,4,,,,,,,,
,,,,,19227,3.0,3,,,,,,,,
,,,,,19237,10.0,10,,,,,,,,
,,,,,19241,4.0,4,,,,,,,,
,,,,,19244,3.0,3,,,,,,,,
,,,,,19249,5.0,5,,,,,,,,
,,,,,19253,4.0,4,,,,,,,,
,,,,,19261,8.0,8,,,,,,,,
,,,,,19268,7.0,7,,,,,,,,
,,,,,19271,3.0,3,,,,,,,,
,,,,,19276,5.0,5,,,,,,,,
,,,,,19279,3.0,3,,,,,,,,
,,,,,19282,3.0,3,,,,,,,,
,,,,,19299,17.0,17,,,,,,,,
,,,,,19302,3.0,3,,,,,,,,
,,,,,19309,7.0,7,,,,,,,,
,,,,,19320,11.0,11,,,,,,,,
,,,,,19334,14.0,14,,,,,,,,
,,,,,19344,10.0,10,,,,,,,,
,,,,,19349,5.0,5,,,,,,,,
,,,,,19354,5.0,5,,,,,,,,
,,,,,19360,6.0,6,,,,,,,,
,,,,,19369,9.0,9,,,,,,,,
,,,,,19381,12.0,12,,,,,,,,
,,,,,19384,3.0,3,,,,,,,,
,,,,,19392,8.0,8,,,,,,,,
,,,,,19395,3.0,3,,,,,,,,
,,,,,19399,4.0,4,,,,,,,,
,,,,,19406,7.0,7,,,,,,,,
,,,,,19412,6.0,6,,,,,,,,
,,,,,19419,7.0,7,,,,,,,,
,,,,,19423,4.0,4,,,,,,,,
,,,,,19426,3.0,3,,,,,,,,
,,,,,19429,3.0,3,,,,,,,,
,,,,,19434,5.0,5,,,,,,,,
,,,,,19442,8.0,8,,,,,,,,
,,,,,19450,8.0,8,,,,,,,,
,,,,,19466,16.0,16,,,,,,,,
,,,,,19472,6.0,6,,,,,,,,
,,,,,19486,14.0,14,,,,,,,,
,,,,,19492,6.0,6,,,,,,,,
,,,,,19497,5.0,5,,,,,,,,
,,,,,19501,4.0,4,,,,,,,,
,,,,,19504,3.0,3,,,,,,,,
,,,,,19507,3.0,3,,,,,,,,
,,,,,19512,5.0,5,,,,,,,,
,,,,,19516,4.0,4,,,,,,,,
,,,,,19520,4.0,4,,,,,,,,
,,,,,19523,3.0,3,,,,,,,,
,,,,,19530,7.0,7,,,,,,,,
,,,,,19533,3.0,3,,,,,,,,
,,,,,19536,3.0,3,,,,,,,,
,,,,,19541,5.0,5,,,,,,,,
,,,,,19544,3.0,3,,,,,,,,
,,,,,19547,3.0,3,,,,,,,,
,,,,,19556,9.0,9,,,,,,,,
,,,,,19568,12.0,12,,,,,,,,
,,,,,19576,8.0,8,,,,,,,,
,,,,,19583,7.0,7,,,,,,,,
,,,,,19588,5.0,5,,,,,,,,
,,,,,19591,3.0,3,,,,,,,,
,,,,,19594,3.0,3,,,,,,,,
,,,,,19598,4.0,4,,,,,,,,
,,,,,19605,7.0,7,,,,,,,,
,,,,,19609,4.0,4,,,,,,,,
,,,,,19622,13.0,13,,,,,,,,
,,,,,19626,4.0,4,,,,,,,,
,,,,,19630,4.0,4,,,,,,,,
,,,,,19633,3.0,3,,,,,,,,
,,,,,19636,3.0,3,,,,,,,,
,,,,,19644,8.0,8,,,,,,,,
,,,,,19650,6.0,6,,,,,,,,
,,,,,19669,19.0,19,,,,,,,,
,,,,,19674,5.0,5,,,,,,,,
,,,,,19695,21.0,21,,,,,,,,
,,,,,19704,9.0,9,,,,,,,,
,,,,,19709,5.0,5,,,,,,,,
,,,,,19717,8.0,8,,,,,,,,
,,,,,19723,6.0,6,,,,,,,,
,,,,,19727,4.0,4,,,,,,,,
,,,,,19732,5.0,5,,,,,,,,
,,,,,19739,7.0,7,,,,,,,,
,,,,,19744,5.0,5,,,,,,,,
,,,,,19752,8.0,8,,,,,,,,
,,,,,19761,9.0,9,,,,,,,,
,,,,,19768,7.0,7,,,,,,,,
,,,,,19780,12.0,12,,,,,,,,
,,,,,19783,3.0,3,,,,,,,,
,,,,,19786,3.0,3,,,,,,,,
,,,,,19796,10.0,10,,,,,,,,
,,,,,19799,3.0,3,,,,,,,,
,,,,,19802,3.0,3,,,,,,,,
,,,,,19811,9.0,9,,,,,,,,
,,,,,19816,5.0,5,,,,,,,,
,,,,,19819,3.0,3,,,,,,,,
,,,,,19826,7.0,7,,,,,,,,
,,,,,19836,10.0,10,,,,,,,,
,,,,,19842,6.0,6,,,,,,,,
,,,,,19847,5.0,5,,,,,,,,
,,,,,19851,4.0,4,,,,,,,,
,,,,,19857,6.0,6,,,,,,,,
,,,,,19860,3.0,3,,,,,,,,
,,,,,19865,5.0,5,,,,,,,,
,,,,,19869,4.0,4,,,,,,,,
,,,,,19875,6.0,6,,,,,,,,
,,,,,19880,5.0,5,,,,,,,,
,,,,,19886,6.0,6,,,,,,,,
,,,,,19889,3.0,3,,,,,,,,
,,,,,19898,9.0,9,,,,,,,,
,,,,,19901,3.0,3,,,,,,,,
,,,,,19913,12.0,12,,,,,,,,
,,,,,19917,4.0,4,,,,,,,,
,,,,,19921,4.0,4,,,,,,,,
,,,,,19925,4.0,4,,,,,,,,
,,,,,19931,6.0,6,,,,,,,,
,,,,,19936,5.0,5,,,,,,,,
,,,,,19943,7.0,7,,,,,,,,
,,,,,19948,5.0,5,,,,,,,,
,,,,,19952,4.0,4,,,,,,,,
,,,,,19960,8.0,8,,,,,,,,
,,,,,19964,4.0,4,,,,,,,,
,,,,,19969,5.0,5,,,,,,,,
,,,,,19972,3.0,3,,,,,,,,
,,,,,19976,4.0,4,,,,,,,,
,,,,,19983,7.0,7,,,,,,,,
,,,,,19988,5.0,5,,,,,,,,
,,,,,19991,3.0,3,,,,,,,,
,,,,,19996,5.0,5,,,,,,,,
6.6,3.3526108,15.0,4.0,6.6,20000,,,-0.07052212208509445,0.7052211761474609,1.975572109222412,4.718903064727783,4.431386947631836,0.0003,0.0003,0.1
,,,,,20001,5.0,5,,,,,,,,
,,,,,20008,7.0,7,,,,,,,,
,,,,,20011,3.0,3,,,,,,,,
,,,,,20019,8.0,8,,,,,,,,
,,,,,20022,3.0,3,,,,,,,,
,,,,,20032,10.0,10,,,,,,,,
,,,,,20036,4.0,4,,,,,,,,
,,,,,20040,4.0,4,,,,,,,,
,,,,,20052,12.0,12,,,,,,,,
,,,,,20055,3.0,3,,,,,,,,
,,,,,20060,5.0,5,,,,,,,,
,,,,,20064,4.0,4,,,,,,,,
,,,,,20067,3.0,3,,,,,,,,
,,,,,20073,6.0,6,,,,,,,,
,,,,,20077,4.0,4,,,,,,,,
,,,,,20081,4.0,4,,,,,,,,
,,,,,20085,4.0,4,,,,,,,,
,,,,,20093,8.0,8,,,,,,,,
,,,,,20097,4.0,4,,,,,,,,
,,,,,20101,4.0,4,,,,,,,,
,,,,,20105,4.0,4,,,,,,,,
,,,,,20111,6.0,6,,,,,,,,
,,,,,20124,13.0,13,,,,,,,,
,,,,,20133,9.0,9,,,,,,,,
,,,,,20137,4.0,4,,,,,,,,
,,,,,20140,3.0,3,,,,,,,,
,,,,,20149,9.0,9,,,,,,,,
,,,,,20160,11.0,11,,,,,,,,
,,,,,20164,4.0,4,,,,,,,,
,,,,,20167,3.0,3,,,,,,,,
,,,,,20170,3.0,3,,,,,,,,
,,,,,20174,4.0,4,,,,,,,,
,,,,,20177,3.0,3,,,,,,,,
,,,,,20182,5.0,5,,,,,,,,
,,,,,20185,3.0,3,,,,,,,,
,,,,,20189,4.0,4,,,,,,,,
,,,,,20194,5.0,5,,,,,,,,
,,,,,20204,10.0,10,,,,,,,,
,,,,,20207,3.0,3,,,,,,,,
,,,,,20219,12.0,12,,,,,,,,
,,,,,20223,4.0,4,,,,,,,,
,,,,,20228,5.0,5,,,,,,,,
,,,,,20232,4.0,4,,,,,,,,
,,,,,20235,3.0,3,,,,,,,,
,,,,,20239,4.0,4,,,,,,,,
,,,,,20243,4.0,4,,,,,,,,
,,,,,20246,3.0,3,,,,,,,,
,,,,,20258,12.0,12,,,,,,,,
,,,,,20261,3.0,3,,,,,,,,
,,,,,20268,7.0,7,,,,,,,,
,,,,,20280,12.0,12,,,,,,,,
,,,,,20284,4.0,4,,,,,,,,
,,,,,20288,4.0,4,,,,,,,,
,,,,,20293,5.0,5,,,,,,,,
,,,,,20296,3.0,3,,,,,,,,
,,,,,20301,5.0,5,,,,,,,,
,,,,,20307,6.0,6,,,,,,,,
,,,,,20317,10.0,10,,,,,,,,
,,,,,20321,4.0,4,,,,,,,,
,,,,,20330,9.0,9,,,,,,,,
,,,,,20334,4.0,4,,,,,,,,
,,,,,20338,4.0,4,,,,,,,,
,,,,,20342,4.0,4,,,,,,,,
,,,,,20348,6.0,6,,,,,,,,
,,,,,20351,3.0,3,,,,,,,,
,,,,,20360,9.0,9,,,,,,,,
,,,,,20364,4.0,4,,,,,,,,
,,,,,20370,6.0,6,,,,,,,,
,,,,,20374,4.0,4,,,,,,,,
,,,,,20381,7.0,7,,,,,,,,
,,,,,20387,6.0,6,,,,,,,,
,,,,,20393,6.0,6,,,,,,,,
,,,,,20397,4.0,4,,,,,,,,
,,,,,20406,9.0,9,,,,,,,,
,,,,,20414,8.0,8,,,,,,,,
,,,,,20418,4.0,4,,,,,,,,
,,,,,20424,6.0,6,,,,,,,,
,,,,,20437,13.0,13,,,,,,,,
,,,,,20440,3.0,3,,,,,,,,
,,,,,20447,7.0,7,,,,,,,,
,,,,,20453,6.0,6,,,,,,,,
,,,,,20459,6.0,6,,,,,,,,
,,,,,20462,3.0,3,,,,,,,,
,,,,,20465,3.0,3,,,,,,,,
,,,,,20477,12.0,12,,,,,,,,
,,,,,20490,13.0,13,,,,,,,,
,,,,,20493,3.0,3,,,,,,,,
,,,,,20512,19.0,19,,,,,,,,
,,,,,20515,3.0,3,,,,,,,,
,,,,,20519,4.0,4,,,,,,,,
,,,,,20528,9.0,9,,,,,,,,
,,,,,20539,11.0,11,,,,,,,,
,,,,,20545,6.0,6,,,,,,,,
,,,,,20554,9.0,9,,,,,,,,
,,,,,20560,6.0,6,,,,,,,,
,,,,,20563,3.0,3,,,,,,,,
,,,,,20568,5.0,5,,,,,,,,
,,,,,20574,6.0,6,,,,,,,,
,,,,,20579,5.0,5,,,,,,,,
,,,,,20586,7.0,7,,,,,,,,
,,,,,20593,7.0,7,,,,,,,,
,,,,,20597,4.0,4,,,,,,,,
,,,,,20601,4.0,4,,,,,,,,
,,,,,20605,4.0,4,,,,,,,,
,,,,,20611,6.0,6,,,,,,,,
,,,,,20617,6.0,6,,,,,,,,
,,,,,20620,3.0,3,,,,,,,,
,,,,,20636,16.0,16,,,,,,,,
,,,,,20643,7.0,7,,,,,,,,
,,,,,20649,6.0,6,,,,,,,,
,,,,,20652,3.0,3,,,,,,,,
,,,,,20656,4.0,4,,,,,,,,
,,,,,20662,6.0,6,,,,,,,,
,,,,,20667,5.0,5,,,,,,,,
,,,,,20670,3.0,3,,,,,,,,
,,,,,20676,6.0,6,,,,,,,,
,,,,,20679,3.0,3,,,,,,,,
,,,,,20687,8.0,8,,,,,,,,
,,,,,20691,4.0,4,,,,,,,,
,,,,,20694,3.0,3,,,,,,,,
,,,,,20698,4.0,4,,,,,,,,
,,,,,20702,4.0,4,,,,,,,,
,,,,,20707,5.0,5,,,,,,,,
,,,,,20710,3.0,3,,,,,,,,
,,,,,20715,5.0,5,,,,,,,,
,,,,,20728,13.0,13,,,,,,,,
,,,,,20731,3.0,3,,,,,,,,
,,,,,20738,7.0,7,,,,,,,,
,,,,,20741,3.0,3,,,,,,,,
,,,,,20745,4.0,4,,,,,,,,
,,,,,20752,7.0,7,,,,,,,,
,,,,,20755,3.0,3,,,,,,,,
,,,,,20760,5.0,5,,,,,,,,
,,,,,20776,16.0,16,,,,,,,,
,,,,,20781,5.0,5,,,,,,,,
,,,,,20791,10.0,10,,,,,,,,
,,,,,20798,7.0,7,,,,,,,,
,,,,,20802,4.0,4,,,,,,,,
,,,,,20808,6.0,6,,,,,,,,
,,,,,20811,3.0,3,,,,,,,,
,,,,,20815,4.0,4,,,,,,,,
,,,,,20820,5.0,5,,,,,,,,
,,,,,20823,3.0,3,,,,,,,,
,,,,,20836,13.0,13,,,,,,,,
,,,,,20840,4.0,4,,,,,,,,
,,,,,20844,4.0,4,,,,,,,,
,,,,,20855,11.0,11,,,,,,,,
,,,,,20860,5.0,5,,,,,,,,
,,,,,20863,3.0,3,,,,,,,,
,,,,,20869,6.0,6,,,,,,,,
,,,,,20872,3.0,3,,,,,,,,
,,,,,20883,11.0,11,,,,,,,,
,,,,,20890,7.0,7,,,,,,,,
,,,,,20894,4.0,4,,,,,,,,
,,,,,20900,6.0,6,,,,,,,,
,,,,,20906,6.0,6,,,,,,,,
,,,,,20912,6.0,6,,,,,,,,
,,,,,20917,5.0,5,,,,,,,,
,,,,,20920,3.0,3,,,,,,,,
,,,,,20925,5.0,5,,,,,,,,
,,,,,20931,6.0,6,,,,,,,,
,,,,,20934,3.0,3,,,,,,,,
,,,,,20942,8.0,8,,,,,,,,
,,,,,20945,3.0,3,,,,,,,,
,,,,,20956,11.0,11,,,,,,,,
,,,,,20960,4.0,4,,,,,,,,
,,,,,20967,7.0,7,,,,,,,,
,,,,,20974,7.0,7,,,,,,,,
,,,,,20987,13.0,13,,,,,,,,
,,,,,20991,4.0,4,,,,,,,,
,,,,,20997,6.0,6,,,,,,,,
,,,,,21000,3.0,3,,,,,,,,
,,,,,21000,,,-0.0677153542637825,0.6771535277366638,1.8020076751708984,4.393067836761475,4.40695858001709,0.0003,0.0003,0.1
,,,,,21008,8.0,8,,,,,,,,
,,,,,21015,7.0,7,,,,,,,,
,,,,,21020,5.0,5,,,,,,,,
,,,,,21024,4.0,4,,,,,,,,
,,,,,21027,3.0,3,,,,,,,,
,,,,,21035,8.0,8,,,,,,,,
,,,,,21039,4.0,4,,,,,,,,
,,,,,21051,12.0,12,,,,,,,,
,,,,,21056,5.0,5,,,,,,,,
,,,,,21066,10.0,10,,,,,,,,
,,,,,21069,3.0,3,,,,,,,,
,,,,,21076,7.0,7,,,,,,,,
,,,,,21080,4.0,4,,,,,,,,
,,,,,21084,4.0,4,,,,,,,,
,,,,,21088,4.0,4,,,,,,,,
,,,,,21096,8.0,8,,,,,,,,
,,,,,21102,6.0,6,,,,,,,,
,,,,,21106,4.0,4,,,,,,,,
,,,,,21115,9.0,9,,,,,,,,
,,,,,21120,5.0,5,,,,,,,,
,,,,,21125,5.0,5,,,,,,,,
,,,,,21129,4.0,4,,,,,,,,
,,,,,21133,4.0,4,,,,,,,,
,,,,,21137,4.0,4,,,,,,,,
,,,,,21141,4.0,4,,,,,,,,
,,,,,21144,3.0,3,,,,,,,,
,,,,,21150,6.0,6,,,,,,,,
,,,,,21156,6.0,6,,,,,,,,
,,,,,21162,6.0,6,,,,,,,,
,,,,,21166,4.0,4,,,,,,,,
,,,,,21172,6.0,6,,,,,,,,
,,,,,21176,4.0,4,,,,,,,,
,,,,,21179,3.0,3,,,,,,,,
,,,,,21182,3.0,3,,,,,,,,
,,,,,21192,10.0,10,,,,,,,,
,,,,,21196,4.0,4,,,,,,,,
,,,,,21199,3.0,3,,,,,,,,
,,,,,21206,7.0,7,,,,,,,,
,,,,,21209,3.0,3,,,,,,,,
,,,,,21212,3.0,3,,,,,,,,
,,,,,21215,3.0,3,,,,,,,,
,,,,,21221,6.0,6,,,,,,,,
,,,,,21224,3.0,3,,,,,,,,
,,,,,21234,10.0,10,,,,,,,,
,,,,,21240,6.0,6,,,,,,,,
,,,,,21243,3.0,3,,,,,,,,
,,,,,21246,3.0,3,,,,,,,,
,,,,,21249,3.0,3,,,,,,,,
,,,,,21254,5.0,5,,,,,,,,
,,,,,21258,4.0,4,,,,,,,,
,,,,,21275,17.0,17,,,,,,,,
,,,,,21280,5.0,5,,,,,,,,
,,,,,21284,4.0,4,,,,,,,,
,,,,,21288,4.0,4,,,,,,,,
,,,,,21291,3.0,3,,,,,,,,
,,,,,21294,3.0,3,,,,,,,,
,,,,,21301,7.0,7,,,,,,,,
,,,,,21308,7.0,7,,,,,,,,
,,,,,21314,6.0,6,,,,,,,,
,,,,,21321,7.0,7,,,,,,,,
,,,,,21331,10.0,10,,,,,,,,
,,,,,21340,9.0,9,,,,,,,,
,,,,,21353,13.0,13,,,,,,,,
,,,,,21358,5.0,5,,,,,,,,
,,,,,21365,7.0,7,,,,,,,,
,,,,,21369,4.0,4,,,,,,,,
,,,,,21379,10.0,10,,,,,,,,
,,,,,21385,6.0,6,,,,,,,,
,,,,,21390,5.0,5,,,,,,,,
,,,,,21393,3.0,3,,,,,,,,
,,,,,21402,9.0,9,,,,,,,,
,,,,,21406,4.0,4,,,,,,,,
,,,,,21414,8.0,8,,,,,,,,
,,,,,21418,4.0,4,,,,,,,,
,,,,,21424,6.0,6,,,,,,,,
,,,,,21430,6.0,6,,,,,,,,
,,,,,21435,5.0,5,,,,,,,,
,,,,,21439,4.0,4,,,,,,,,
,,,,,21447,8.0,8,,,,,,,,
,,,,,21450,3.0,3,,,,,,,,
,,,,,21454,4.0,4,,,,,,,,
,,,,,21458,4.0,4,,,,,,,,
,,,,,21463,5.0,5,,,,,,,,
,,,,,21468,5.0,5,,,,,,,,
,,,,,21473,5.0,5,,,,,,,,
,,,,,21481,8.0,8,,,,,,,,
,,,,,21485,4.0,4,,,,,,,,
,,,,,21488,3.0,3,,,,,,,,
,,,,,21499,11.0,11,,,,,,,,
,,,,,21503,4.0,4,,,,,,,,
,,,,,21506,3.0,3,,,,,,,,
,,,,,21511,5.0,5,,,,,,,,
,,,,,21517,6.0,6,,,,,,,,
,,,,,21523,6.0,6,,,,,,,,
,,,,,21526,3.0,3,,,,,,,,
,,,,,21529,3.0,3,,,,,,,,
,,,,,21532,3.0,3,,,,,,,,
,,,,,21535,3.0,3,,,,,,,,
,,,,,21541,6.0,6,,,,,,,,
,,,,,21545,4.0,4,,,,,,,,
,,,,,21549,4.0,4,,,,,,,,
,,,,,21557,8.0,8,,,,,,,,
,,,,,21562,5.0,5,,,,,,,,
,,,,,21575,13.0,13,,,,,,,,
,,,,,21581,6.0,6,,,,,,,,
,,,,,21592,11.0,11,,,,,,,,
,,,,,21599,7.0,7,,,,,,,,
,,,,,21607,8.0,8,,,,,,,,
,,,,,21615,8.0,8,,,,,,,,
,,,,,21622,7.0,7,,,,,,,,
,,,,,21627,5.0,5,,,,,,,,
,,,,,21636,9.0,9,,,,,,,,
,,,,,21646,10.0,10,,,,,,,,
,,,,,21653,7.0,7,,,,,,,,
,,,,,21659,6.0,6,,,,,,,,
,,,,,21674,15.0,15,,,,,,,,
,,,,,21678,4.0,4,,,,,,,,
,,,,,21685,7.0,7,,,,,,,,
,,,,,21694,9.0,9,,,,,,,,
,,,,,21697,3.0,3,,,,,,,,
,,,,,21701,4.0,4,,,,,,,,
,,,,,21709,8.0,8,,,,,,,,
,,,,,21712,3.0,3,,,,,,,,
,,,,,21715,3.0,3,,,,,,,,
,,,,,21718,3.0,3,,,,,,,,
,,,,,21731,13.0,13,,,,,,,,
,,,,,21735,4.0,4,,,,,,,,
,,,,,21741,6.0,6,,,,,,,,
,,,,,21746,5.0,5,,,,,,,,
,,,,,21750,4.0,4,,,,,,,,
,,,,,21770,20.0,20,,,,,,,,
,,,,,21781,11.0,11,,,,,,,,
,,,,,21784,3.0,3,,,,,,,,
,,,,,21791,7.0,7,,,,,,,,
,,,,,21795,4.0,4,,,,,,,,
,,,,,21799,4.0,4,,,,,,,,
,,,,,21808,9.0,9,,,,,,,,
,,,,,21815,7.0,7,,,,,,,,
,,,,,21818,3.0,3,,,,,,,,
,,,,,21821,3.0,3,,,,,,,,
,,,,,21825,4.0,4,,,,,,,,
,,,,,21834,9.0,9,,,,,,,,
,,,,,21838,4.0,4,,,,,,,,
,,,,,21850,12.0,12,,,,,,,,
,,,,,21854,4.0,4,,,,,,,,
,,,,,21873,19.0,19,,,,,,,,
,,,,,21878,5.0,5,,,,,,,,
,,,,,21881,3.0,3,,,,,,,,
,,,,,21885,4.0,4,,,,,,,,
,,,,,21893,8.0,8,,,,,,,,
,,,,,21896,3.0,3,,,,,,,,
,,,,,21901,5.0,5,,,,,,,,
,,,,,21906,5.0,5,,,,,,,,
,,,,,21910,4.0,4,,,,,,,,
,,,,,21919,9.0,9,,,,,,,,
,,,,,21931,12.0,12,,,,,,,,
,,,,,21941,10.0,10,,,,,,,,
,,,,,21944,3.0,3,,,,,,,,
,,,,,21950,6.0,6,,,,,,,,
,,,,,21955,5.0,5,,,,,,,,
,,,,,21961,6.0,6,,,,,,,,
,,,,,21965,4.0,4,,,,,,,,
,,,,,21979,14.0,14,,,,,,,,
,,,,,21990,11.0,11,,,,,,,,
,,,,,21996,6.0,6,,,,,,,,
,,,,,22000,,,-0.06779268383979797,0.6779268383979797,1.841714859008789,4.847292423248291,4.7160258293151855,0.0003,0.0003,0.1
,,,,,22004,8.0,8,,,,,,,,
,,,,,22010,6.0,6,,,,,,,,
,,,,,22015,5.0,5,,,,,,,,
,,,,,22023,8.0,8,,,,,,,,
,,,,,22029,6.0,6,,,,,,,,
,,,,,22034,5.0,5,,,,,,,,
,,,,,22037,3.0,3,,,,,,,,
,,,,,22047,10.0,10,,,,,,,,
,,,,,22051,4.0,4,,,,,,,,
,,,,,22060,9.0,9,,,,,,,,
,,,,,22063,3.0,3,,,,,,,,
,,,,,22068,5.0,5,,,,,,,,
,,,,,22073,5.0,5,,,,,,,,
,,,,,22077,4.0,4,,,,,,,,
,,,,,22081,4.0,4,,,,,,,,
,,,,,22084,3.0,3,,,,,,,,
,,,,,22087,3.0,3,,,,,,,,
,,,,,22091,4.0,4,,,,,,,,
,,,,,22097,6.0,6,,,,,,,,
,,,,,22101,4.0,4,,,,,,,,
,,,,,22106,5.0,5,,,,,,,,
,,,,,22110,4.0,4,,,,,,,,
,,,,,22113,3.0,3,,,,,,,,
,,,,,22130,17.0,17,,,,,,,,
,,,,,22140,10.0,10,,,,,,,,
,,,,,22146,6.0,6,,,,,,,,
,,,,,22151,5.0,5,,,,,,,,
,,,,,22154,3.0,3,,,,,,,,
,,,,,22157,3.0,3,,,,,,,,
,,,,,22160,3.0,3,,,,,,,,
,,,,,22164,4.0,4,,,,,,,,
,,,,,22168,4.0,4,,,,,,,,
,,,,,22171,3.0,3,,,,,,,,
,,,,,22175,4.0,4,,,,,,,,
,,,,,22183,8.0,8,,,,,,,,
,,,,,22187,4.0,4,,,,,,,,
,,,,,22193,6.0,6,,,,,,,,
,,,,,22197,4.0,4,,,,,,,,
,,,,,22202,5.0,5,,,,,,,,
,,,,,22206,4.0,4,,,,,,,,
,,,,,22210,4.0,4,,,,,,,,
,,,,,22218,8.0,8,,,,,,,,
,,,,,22222,4.0,4,,,,,,,,
,,,,,22230,8.0,8,,,,,,,,
,,,,,22233,3.0,3,,,,,,,,
,,,,,22239,6.0,6,,,,,,,,
,,,,,22243,4.0,4,,,,,,,,
,,,,,22252,9.0,9,,,,,,,,
,,,,,22255,3.0,3,,,,,,,,
,,,,,22260,5.0,5,,,,,,,,
,,,,,22266,6.0,6,,,,,,,,
,,,,,22273,7.0,7,,,,,,,,
,,,,,22285,12.0,12,,,,,,,,
,,,,,22293,8.0,8,,,,,,,,
,,,,,22297,4.0,4,,,,,,,,
,,,,,22304,7.0,7,,,,,,,,
,,,,,22309,5.0,5,,,,,,,,
,,,,,22313,4.0,4,,,,,,,,
,,,,,22320,7.0,7,,,,,,,,
,,,,,22323,3.0,3,,,,,,,,
,,,,,22326,3.0,3,,,,,,,,
,,,,,22330,4.0,4,,,,,,,,
,,,,,22333,3.0,3,,,,,,,,
,,,,,22338,5.0,5,,,,,,,,
,,,,,22345,7.0,7,,,,,,,,
,,,,,22351,6.0,6,,,,,,,,
,,,,,22355,4.0,4,,,,,,,,
,,,,,22362,7.0,7,,,,,,,,
,,,,,22369,7.0,7,,,,,,,,
,,,,,22373,4.0,4,,,,,,,,
,,,,,22385,12.0,12,,,,,,,,
,,,,,22393,8.0,8,,,,,,,,
,,,,,22402,9.0,9,,,,,,,,
,,,,,22409,7.0,7,,,,,,,,
,,,,,22412,3.0,3,,,,,,,,
,,,,,22416,4.0,4,,,,,,,,
,,,,,22422,6.0,6,,,,,,,,
,,,,,22425,3.0,3,,,,,,,,
,,,,,22428,3.0,3,,,,,,,,
,,,,,22433,5.0,5,,,,,,,,
,,,,,22436,3.0,3,,,,,,,,
,,,,,22440,4.0,4,,,,,,,,
,,,,,22445,5.0,5,,,,,,,,
,,,,,22461,16.0,16,,,,,,,,
,,,,,22474,13.0,13,,,,,,,,
,,,,,22477,3.0,3,,,,,,,,
,,,,,22489,12.0,12,,,,,,,,
,,,,,22494,5.0,5,,,,,,,,
,,,,,22500,6.0,6,,,,,,,,
,,,,,22510,10.0,10,,,,,,,,
,,,,,22518,8.0,8,,,,,,,,
,,,,,22526,8.0,8,,,,,,,,
,,,,,22535,9.0,9,,,,,,,,
,,,,,22540,5.0,5,,,,,,,,
,,,,,22546,6.0,6,,,,,,,,
,,,,,22549,3.0,3,,,,,,,,
,,,,,22559,10.0,10,,,,,,,,
,,,,,22577,18.0,18,,,,,,,,
,,,,,22580,3.0,3,,,,,,,,
,,,,,22585,5.0,5,,,,,,,,
,,,,,22590,5.0,5,,,,,,,,
,,,,,22595,5.0,5,,,,,,,,
,,,,,22598,3.0,3,,,,,,,,
,,,,,22601,3.0,3,,,,,,,,
,,,,,22608,7.0,7,,,,,,,,
,,,,,22612,4.0,4,,,,,,,,
,,,,,22619,7.0,7,,,,,,,,
,,,,,22622,3.0,3,,,,,,,,
,,,,,22627,5.0,5,,,,,,,,
,,,,,22632,5.0,5,,,,,,,,
,,,,,22636,4.0,4,,,,,,,,
,,,,,22639,3.0,3,,,,,,,,
,,,,,22643,4.0,4,,,,,,,,
,,,,,22652,9.0,9,,,,,,,,
,,,,,22659,7.0,7,,,,,,,,
,,,,,22663,4.0,4,,,,,,,,
,,,,,22666,3.0,3,,,,,,,,
,,,,,22669,3.0,3,,,,,,,,
,,,,,22673,4.0,4,,,,,,,,
,,,,,22684,11.0,11,,,,,,,,
,,,,,22695,11.0,11,,,,,,,,
,,,,,22706,11.0,11,,,,,,,,
,,,,,22709,3.0,3,,,,,,,,
,,,,,22714,5.0,5,,,,,,,,
,,,,,22718,4.0,4,,,,,,,,
,,,,,22721,3.0,3,,,,,,,,
,,,,,22724,3.0,3,,,,,,,,
,,,,,22732,8.0,8,,,,,,,,
,,,,,22736,4.0,4,,,,,,,,
,,,,,22747,11.0,11,,,,,,,,
,,,,,22760,13.0,13,,,,,,,,
,,,,,22764,4.0,4,,,,,,,,
,,,,,22767,3.0,3,,,,,,,,
,,,,,22782,15.0,15,,,,,,,,
,,,,,22785,3.0,3,,,,,,,,
,,,,,22799,14.0,14,,,,,,,,
,,,,,22802,3.0,3,,,,,,,,
,,,,,22806,4.0,4,,,,,,,,
,,,,,22813,7.0,7,,,,,,,,
,,,,,22818,5.0,5,,,,,,,,
,,,,,22823,5.0,5,,,,,,,,
,,,,,22828,5.0,5,,,,,,,,
,,,,,22832,4.0,4,,,,,,,,
,,,,,22835,3.0,3,,,,,,,,
,,,,,22840,5.0,5,,,,,,,,
,,,,,22844,4.0,4,,,,,,,,
,,,,,22857,13.0,13,,,,,,,,
,,,,,22865,8.0,8,,,,,,,,
,,,,,22868,3.0,3,,,,,,,,
,,,,,22875,7.0,7,,,,,,,,
,,,,,22883,8.0,8,,,,,,,,
,,,,,22893,10.0,10,,,,,,,,
,,,,,22903,10.0,10,,,,,,,,
,,,,,22906,3.0,3,,,,,,,,
,,,,,22911,5.0,5,,,,,,,,
,,,,,22918,7.0,7,,,,,,,,
,,,,,22922,4.0,4,,,,,,,,
,,,,,22928,6.0,6,,,,,,,,
,,,,,22933,5.0,5,,,,,,,,
,,,,,22938,5.0,5,,,,,,,,
,,,,,22947,9.0,9,,,,,,,,
,,,,,22950,3.0,3,,,,,,,,
,,,,,22955,5.0,5,,,,,,,,
,,,,,22960,5.0,5,,,,,,,,
,,,,,22970,10.0,10,,,,,,,,
,,,,,22973,3.0,3,,,,,,,,
,,,,,22976,3.0,3,,,,,,,,
,,,,,22979,3.0,3,,,,,,,,
,,,,,22987,8.0,8,,,,,,,,
,,,,,22990,3.0,3,,,,,,,,
,,,,,23000,,,-0.06749524921178818,0.674952507019043,2.0085954666137695,4.640758514404297,4.747213363647461,0.0003,0.0003,0.1
,,,,,23002,12.0,12,,,,,,,,
,,,,,23016,14.0,14,,,,,,,,
,,,,,23019,3.0,3,,,,,,,,
,,,,,23039,20.0,20,,,,,,,,
,,,,,23044,5.0,5,,,,,,,,
,,,,,23050,6.0,6,,,,,,,,
,,,,,23056,6.0,6,,,,,,,,
,,,,,23083,27.0,27,,,,,,,,
,,,,,23089,6.0,6,,,,,,,,
,,,,,23092,3.0,3,,,,,,,,
,,,,,23096,4.0,4,,,,,,,,
,,,,,23099,3.0,3,,,,,,,,
,,,,,23105,6.0,6,,,,,,,,
,,,,,23108,3.0,3,,,,,,,,
,,,,,23116,8.0,8,,,,,,,,
,,,,,23119,3.0,3,,,,,,,,
,,,,,23127,8.0,8,,,,,,,,
,,,,,23137,10.0,10,,,,,,,,
,,,,,23145,8.0,8,,,,,,,,
,,,,,23153,8.0,8,,,,,,,,
,,,,,23157,4.0,4,,,,,,,,
,,,,,23162,5.0,5,,,,,,,,
,,,,,23170,8.0,8,,,,,,,,
,,,,,23176,6.0,6,,,,,,,,
,,,,,23186,10.0,10,,,,,,,,
,,,,,23192,6.0,6,,,,,,,,
,,,,,23198,6.0,6,,,,,,,,
,,,,,23202,4.0,4,,,,,,,,
,,,,,23206,4.0,4,,,,,,,,
,,,,,23209,3.0,3,,,,,,,,
,,,,,23215,6.0,6,,,,,,,,
,,,,,23227,12.0,12,,,,,,,,
,,,,,23234,7.0,7,,,,,,,,
,,,,,23238,4.0,4,,,,,,,,
,,,,,23243,5.0,5,,,,,,,,
,,,,,23251,8.0,8,,,,,,,,
,,,,,23260,9.0,9,,,,,,,,
,,,,,23270,10.0,10,,,,,,,,
,,,,,23274,4.0,4,,,,,,,,
,,,,,23278,4.0,4,,,,,,,,
,,,,,23281,3.0,3,,,,,,,,
,,,,,23288,7.0,7,,,,,,,,
,,,,,23291,3.0,3,,,,,,,,
,,,,,23298,7.0,7,,,,,,,,
,,,,,23301,3.0,3,,,,,,,,
,,,,,23306,5.0,5,,,,,,,,
,,,,,23311,5.0,5,,,,,,,,
,,,,,23315,4.0,4,,,,,,,,
,,,,,23319,4.0,4,,,,,,,,
,,,,,23324,5.0,5,,,,,,,,
,,,,,23327,3.0,3,,,,,,,,
,,,,,23330,3.0,3,,,,,,,,
,,,,,23334,4.0,4,,,,,,,,
,,,,,23339,5.0,5,,,,,,,,
,,,,,23345,6.0,6,,,,,,,,
,,,,,23349,4.0,4,,,,,,,,
,,,,,23360,11.0,11,,,,,,,,
,,,,,23373,13.0,13,,,,,,,,
,,,,,23377,4.0,4,,,,,,,,
,,,,,23380,3.0,3,,,,,,,,
,,,,,23384,4.0,4,,,,,,,,
,,,,,23390,6.0,6,,,,,,,,
,,,,,23395,5.0,5,,,,,,,,
,,,,,23398,3.0,3,,,,,,,,
,,,,,23402,4.0,4,,,,,,,,
,,,,,23407,5.0,5,,,,,,,,
,,,,,23416,9.0,9,,,,,,,,
,,,,,23419,3.0,3,,,,,,,,
,,,,,23422,3.0,3,,,,,,,,
,,,,,23426,4.0,4,,,,,,,,
,,,,,23439,13.0,13,,,,,,,,
,,,,,23443,4.0,4,,,,,,,,
,,,,,23448,5.0,5,,,,,,,,
,,,,,23452,4.0,4,,,,,,,,
,,,,,23458,6.0,6,,,,,,,,
,,,,,23465,7.0,7,,,,,,,,
,,,,,23468,3.0,3,,,,,,,,
,,,,,23473,5.0,5,,,,,,,,
,,,,,23477,4.0,4,,,,,,,,
,,,,,23481,4.0,4,,,,,,,,
,,,,,23487,6.0,6,,,,,,,,
,,,,,23493,6.0,6,,,,,,,,
,,,,,23507,14.0,14,,,,,,,,
,,,,,23512,5.0,5,,,,,,,,
,,,,,23519,7.0,7,,,,,,,,
,,,,,23530,11.0,11,,,,,,,,
,,,,,23541,11.0,11,,,,,,,,
,,,,,23545,4.0,4,,,,,,,,
,,,,,23549,4.0,4,,,,,,,,
,,,,,23554,5.0,5,,,,,,,,
,,,,,23561,7.0,7,,,,,,,,
,,,,,23569,8.0,8,,,,,,,,
,,,,,23575,6.0,6,,,,,,,,
,,,,,23583,8.0,8,,,,,,,,
,,,,,23586,3.0,3,,,,,,,,
,,,,,23589,3.0,3,,,,,,,,
,,,,,23597,8.0,8,,,,,,,,
,,,,,23601,4.0,4,,,,,,,,
,,,,,23610,9.0,9,,,,,,,,
,,,,,23613,3.0,3,,,,,,,,
,,,,,23630,17.0,17,,,,,,,,
,,,,,23636,6.0,6,,,,,,,,
,,,,,23641,5.0,5,,,,,,,,
,,,,,23650,9.0,9,,,,,,,,
,,,,,23656,6.0,6,,,,,,,,
,,,,,23659,3.0,3,,,,,,,,
,,,,,23663,4.0,4,,,,,,,,
,,,,,23666,3.0,3,,,,,,,,
,,,,,23670,4.0,4,,,,,,,,
,,,,,23674,4.0,4,,,,,,,,
,,,,,23678,4.0,4,,,,,,,,
,,,,,23683,5.0,5,,,,,,,,
,,,,,23688,5.0,5,,,,,,,,
,,,,,23691,3.0,3,,,,,,,,
,,,,,23696,5.0,5,,,,,,,,
,,,,,23700,4.0,4,,,,,,,,
,,,,,23703,3.0,3,,,,,,,,
,,,,,23707,4.0,4,,,,,,,,
,,,,,23712,5.0,5,,,,,,,,
,,,,,23717,5.0,5,,,,,,,,
,,,,,23730,13.0,13,,,,,,,,
,,,,,23733,3.0,3,,,,,,,,
,,,,,23736,3.0,3,,,,,,,,
,,,,,23741,5.0,5,,,,,,,,
,,,,,23749,8.0,8,,,,,,,,
,,,,,23755,6.0,6,,,,,,,,
,,,,,23759,4.0,4,,,,,,,,
,,,,,23775,16.0,16,,,,,,,,
,,,,,23780,5.0,5,,,,,,,,
,,,,,23783,3.0,3,,,,,,,,
,,,,,23795,12.0,12,,,,,,,,
,,,,,23799,4.0,4,,,,,,,,
,,,,,23805,6.0,6,,,,,,,,
,,,,,23822,17.0,17,,,,,,,,
,,,,,23825,3.0,3,,,,,,,,
,,,,,23830,5.0,5,,,,,,,,
,,,,,23834,4.0,4,,,,,,,,
,,,,,23845,11.0,11,,,,,,,,
,,,,,23849,4.0,4,,,,,,,,
,,,,,23853,4.0,4,,,,,,,,
,,,,,23861,8.0,8,,,,,,,,
,,,,,23867,6.0,6,,,,,,,,
,,,,,23871,4.0,4,,,,,,,,
,,,,,23874,3.0,3,,,,,,,,
,,,,,23881,7.0,7,,,,,,,,
,,,,,23888,7.0,7,,,,,,,,
,,,,,23893,5.0,5,,,,,,,,
,,,,,23899,6.0,6,,,,,,,,
,,,,,23908,9.0,9,,,,,,,,
,,,,,23912,4.0,4,,,,,,,,
,,,,,23917,5.0,5,,,,,,,,
,,,,,23922,5.0,5,,,,,,,,
,,,,,23930,8.0,8,,,,,,,,
,,,,,23936,6.0,6,,,,,,,,
,,,,,23940,4.0,4,,,,,,,,
,,,,,23946,6.0,6,,,,,,,,
,,,,,23951,5.0,5,,,,,,,,
,,,,,23961,10.0,10,,,,,,,,
,,,,,23968,7.0,7,,,,,,,,
,,,,,23977,9.0,9,,,,,,,,
,,,,,23981,4.0,4,,,,,,,,
,,,,,23991,10.0,10,,,,,,,,
,,,,,23994,3.0,3,,,,,,,,
,,,,,23997,3.0,3,,,,,,,,
,,,,,24000,,,-0.06801830977201462,0.6801830530166626,1.9324803352355957,4.359790325164795,4.311148643493652,0.0003,0.0003,0.1
,,,,,24001,4.0,4,,,,,,,,
,,,,,24007,6.0,6,,,,,,,,
,,,,,24010,3.0,3,,,,,,,,
,,,,,24015,5.0,5,,,,,,,,
,,,,,24019,4.0,4,,,,,,,,
,,,,,24024,5.0,5,,,,,,,,
,,,,,24034,10.0,10,,,,,,,,
,,,,,24037,3.0,3,,,,,,,,
,,,,,24040,3.0,3,,,,,,,,
,,,,,24046,6.0,6,,,,,,,,
,,,,,24052,6.0,6,,,,,,,,
,,,,,24063,11.0,11,,,,,,,,
,,,,,24071,8.0,8,,,,,,,,
,,,,,24074,3.0,3,,,,,,,,
,,,,,24081,7.0,7,,,,,,,,
,,,,,24085,4.0,4,,,,,,,,
,,,,,24089,4.0,4,,,,,,,,
,,,,,24093,4.0,4,,,,,,,,
,,,,,24098,5.0,5,,,,,,,,
,,,,,24104,6.0,6,,,,,,,,
,,,,,24107,3.0,3,,,,,,,,
,,,,,24110,3.0,3,,,,,,,,
,,,,,24115,5.0,5,,,,,,,,
,,,,,24124,9.0,9,,,,,,,,
,,,,,24128,4.0,4,,,,,,,,
,,,,,24137,9.0,9,,,,,,,,
,,,,,24145,8.0,8,,,,,,,,
,,,,,24150,5.0,5,,,,,,,,
,,,,,24169,19.0,19,,,,,,,,
,,,,,24172,3.0,3,,,,,,,,
,,,,,24175,3.0,3,,,,,,,,
,,,,,24179,4.0,4,,,,,,,,
,,,,,24182,3.0,3,,,,,,,,
,,,,,24193,11.0,11,,,,,,,,
,,,,,24201,8.0,8,,,,,,,,
,,,,,24211,10.0,10,,,,,,,,
,,,,,24215,4.0,4,,,,,,,,
,,,,,24220,5.0,5,,,,,,,,
,,,,,24233,13.0,13,,,,,,,,
,,,,,24237,4.0,4,,,,,,,,
,,,,,24243,6.0,6,,,,,,,,
,,,,,24248,5.0,5,,,,,,,,
,,,,,24253,5.0,5,,,,,,,,
,,,,,24261,8.0,8,,,,,,,,
,,,,,24264,3.0,3,,,,,,,,
,,,,,24268,4.0,4,,,,,,,,
,,,,,24273,5.0,5,,,,,,,,
,,,,,24285,12.0,12,,,,,,,,
,,,,,24290,5.0,5,,,,,,,,
,,,,,24295,5.0,5,,,,,,,,
,,,,,24308,13.0,13,,,,,,,,
,,,,,24313,5.0,5,,,,,,,,
,,,,,24319,6.0,6,,,,,,,,
,,,,,24328,9.0,9,,,,,,,,
,,,,,24334,6.0,6,,,,,,,,
,,,,,24345,11.0,11,,,,,,,,
,,,,,24351,6.0,6,,,,,,,,
,,,,,24355,4.0,4,,,,,,,,
,,,,,24359,4.0,4,,,,,,,,
,,,,,24364,5.0,5,,,,,,,,
,,,,,24369,5.0,5,,,,,,,,
,,,,,24372,3.0,3,,,,,,,,
,,,,,24376,4.0,4,,,,,,,,
,,,,,24383,7.0,7,,,,,,,,
,,,,,24396,13.0,13,,,,,,,,
,,,,,24399,3.0,3,,,,,,,,
,,,,,24408,9.0,9,,,,,,,,
,,,,,24412,4.0,4,,,,,,,,
,,,,,24416,4.0,4,,,,,,,,
,,,,,24420,4.0,4,,,,,,,,
,,,,,24425,5.0,5,,,,,,,,
,,,,,24430,5.0,5,,,,,,,,
,,,,,24433,3.0,3,,,,,,,,
,,,,,24436,3.0,3,,,,,,,,
,,,,,24440,4.0,4,,,,,,,,
,,,,,24444,4.0,4,,,,,,,,
,,,,,24451,7.0,7,,,,,,,,
,,,,,24456,5.0,5,,,,,,,,
,,,,,24464,8.0,8,,,,,,,,
,,,,,24476,12.0,12,,,,,,,,
,,,,,24481,5.0,5,,,,,,,,
,,,,,24485,4.0,4,,,,,,,,
,,,,,24490,5.0,5,,,,,,,,
,,,,,24493,3.0,3,,,,,,,,
,,,,,24504,11.0,11,,,,,,,,
,,,,,24507,3.0,3,,,,,,,,
,,,,,24518,11.0,11,,,,,,,,
,,,,,24526,8.0,8,,,,,,,,
,,,,,24531,5.0,5,,,,,,,,
,,,,,24534,3.0,3,,,,,,,,
,,,,,24538,4.0,4,,,,,,,,
,,,,,24545,7.0,7,,,,,,,,
,,,,,24551,6.0,6,,,,,,,,
,,,,,24563,12.0,12,,,,,,,,
,,,,,24576,13.0,13,,,,,,,,
,,,,,24583,7.0,7,,,,,,,,
,,,,,24592,9.0,9,,,,,,,,
,,,,,24599,7.0,7,,,,,,,,
,,,,,24605,6.0,6,,,,,,,,
,,,,,24615,10.0,10,,,,,,,,
,,,,,24622,7.0,7,,,,,,,,
,,,,,24626,4.0,4,,,,,,,,
,,,,,24632,6.0,6,,,,,,,,
,,,,,24641,9.0,9,,,,,,,,
,,,,,24645,4.0,4,,,,,,,,
,,,,,24652,7.0,7,,,,,,,,
,,,,,24661,9.0,9,,,,,,,,
,,,,,24667,6.0,6,,,,,,,,
,,,,,24671,4.0,4,,,,,,,,
,,,,,24678,7.0,7,,,,,,,,
,,,,,24682,4.0,4,,,,,,,,
,,,,,24686,4.0,4,,,,,,,,
,,,,,24689,3.0,3,,,,,,,,
,,,,,24692,3.0,3,,,,,,,,
,,,,,24699,7.0,7,,,,,,,,
,,,,,24706,7.0,7,,,,,,,,
,,,,,24711,5.0,5,,,,,,,,
,,,,,24715,4.0,4,,,,,,,,
,,,,,24718,3.0,3,,,,,,,,
,,,,,24723,5.0,5,,,,,,,,
,,,,,24727,4.0,4,,,,,,,,
,,,,,24738,11.0,11,,,,,,,,
,,,,,24741,3.0,3,,,,,,,,
,,,,,24746,5.0,5,,,,,,,,
,,,,,24751,5.0,5,,,,,,,,
,,,,,24755,4.0,4,,,,,,,,
,,,,,24764,9.0,9,,,,,,,,
,,,,,24778,14.0,14,,,,,,,,
,,,,,24781,3.0,3,,,,,,,,
,,,,,24793,12.0,12,,,,,,,,
,,,,,24801,8.0,8,,,,,,,,
,,,,,24808,7.0,7,,,,,,,,
,,,,,24812,4.0,4,,,,,,,,
,,,,,24816,4.0,4,,,,,,,,
,,,,,24819,3.0,3,,,,,,,,
,,,,,24825,6.0,6,,,,,,,,
,,,,,24829,4.0,4,,,,,,,,
,,,,,24836,7.0,7,,,,,,,,
,,,,,24839,3.0,3,,,,,,,,
,,,,,24842,3.0,3,,,,,,,,
,,,,,24846,4.0,4,,,,,,,,
,,,,,24853,7.0,7,,,,,,,,
,,,,,24857,4.0,4,,,,,,,,
,,,,,24860,3.0,3,,,,,,,,
,,,,,24866,6.0,6,,,,,,,,
,,,,,24874,8.0,8,,,,,,,,
,,,,,24877,3.0,3,,,,,,,,
,,,,,24882,5.0,5,,,,,,,,
,,,,,24887,5.0,5,,,,,,,,
,,,,,24891,4.0,4,,,,,,,,
,,,,,24894,3.0,3,,,,,,,,
,,,,,24902,8.0,8,,,,,,,,
,,,,,24905,3.0,3,,,,,,,,
,,,,,24910,5.0,5,,,,,,,,
,,,,,24913,3.0,3,,,,,,,,
,,,,,24919,6.0,6,,,,,,,,
,,,,,24923,4.0,4,,,,,,,,
,,,,,24927,4.0,4,,,,,,,,
,,,,,24932,5.0,5,,,,,,,,
,,,,,24940,8.0,8,,,,,,,,
,,,,,24945,5.0,5,,,,,,,,
,,,,,24949,4.0,4,,,,,,,,
,,,,,24952,3.0,3,,,,,,,,
,,,,,24959,7.0,7,,,,,,,,
,,,,,24963,4.0,4,,,,,,,,
,,,,,24966,3.0,3,,,,,,,,
,,,,,24970,4.0,4,,,,,,,,
,,,,,24975,5.0,5,,,,,,,,
,,,,,24978,3.0,3,,,,,,,,
,,,,,24981,3.0,3,,,,,,,,
,,,,,24988,7.0,7,,,,,,,,
,,,,,25000,12.0,12,,,,,,,,
5.3,2.1931713,10.0,3.0,5.3,25000,,,-0.06901754438877106,0.6901754140853882,2.16243314743042,4.761448383331299,4.718026161193848,0.0003,0.0003,0.1
,,,,,25003,3.0,3,,,,,,,,
,,,,,25006,3.0,3,,,,,,,,
,,,,,25012,6.0,6,,,,,,,,
,,,,,25016,4.0,4,,,,,,,,
,,,,,25034,18.0,18,,,,,,,,
,,,,,25039,5.0,5,,,,,,,,
,,,,,25047,8.0,8,,,,,,,,
,,,,,25050,3.0,3,,,,,,,,
,,,,,25054,4.0,4,,,,,,,,
,,,,,25064,10.0,10,,,,,,,,
,,,,,25082,18.0,18,,,,,,,,
,,,,,25088,6.0,6,,,,,,,,
,,,,,25091,3.0,3,,,,,,,,
,,,,,25095,4.0,4,,,,,,,,
,,,,,25100,5.0,5,,,,,,,,
,,,,,25107,7.0,7,,,,,,,,
,,,,,25110,3.0,3,,,,,,,,
,,,,,25116,6.0,6,,,,,,,,
,,,,,25127,11.0,11,,,,,,,,
,,,,,25138,11.0,11,,,,,,,,
,,,,,25141,3.0,3,,,,,,,,
,,,,,25148,7.0,7,,,,,,,,
,,,,,25151,3.0,3,,,,,,,,
,,,,,25154,3.0,3,,,,,,,,
,,,,,25165,11.0,11,,,,,,,,
,,,,,25171,6.0,6,,,,,,,,
,,,,,25177,6.0,6,,,,,,,,
,,,,,25181,4.0,4,,,,,,,,
,,,,,25185,4.0,4,,,,,,,,
,,,,,25188,3.0,3,,,,,,,,
,,,,,25192,4.0,4,,,,,,,,
,,,,,25197,5.0,5,,,,,,,,
,,,,,25205,8.0,8,,,,,,,,
,,,,,25209,4.0,4,,,,,,,,
,,,,,25214,5.0,5,,,,,,,,
,,,,,25218,4.0,4,,,,,,,,
,,,,,25224,6.0,6,,,,,,,,
,,,,,25235,11.0,11,,,,,,,,
,,,,,25258,23.0,23,,,,,,,,
,,,,,25261,3.0,3,,,,,,,,
,,,,,25264,3.0,3,,,,,,,,
,,,,,25270,6.0,6,,,,,,,,
,,,,,25275,5.0,5,,,,,,,,
,,,,,25280,5.0,5,,,,,,,,
,,,,,25288,8.0,8,,,,,,,,
,,,,,25291,3.0,3,,,,,,,,
,,,,,25300,9.0,9,,,,,,,,
,,,,,25304,4.0,4,,,,,,,,
,,,,,25314,10.0,10,,,,,,,,
,,,,,25317,3.0,3,,,,,,,,
,,,,,25321,4.0,4,,,,,,,,
,,,,,25327,6.0,6,,,,,,,,
,,,,,25331,4.0,4,,,,,,,,
,,,,,25334,3.0,3,,,,,,,,
,,,,,25337,3.0,3,,,,,,,,
,,,,,25343,6.0,6,,,,,,,,
,,,,,25349,6.0,6,,,,,,,,
,,,,,25358,9.0,9,,,,,,,,
,,,,,25362,4.0,4,,,,,,,,
,,,,,25365,3.0,3,,,,,,,,
,,,,,25370,5.0,5,,,,,,,,
,,,,,25387,17.0,17,,,,,,,,
,,,,,25392,5.0,5,,,,,,,,
,,,,,25396,4.0,4,,,,,,,,
,,,,,25399,3.0,3,,,,,,,,
,,,,,25403,4.0,4,,,,,,,,
,,,,,25414,11.0,11,,,,,,,,
,,,,,25418,4.0,4,,,,,,,,
,,,,,25421,3.0,3,,,,,,,,
,,,,,25430,9.0,9,,,,,,,,
,,,,,25437,7.0,7,,,,,,,,
,,,,,25447,10.0,10,,,,,,,,
,,,,,25451,4.0,4,,,,,,,,
,,,,,25454,3.0,3,,,,,,,,
,,,,,25462,8.0,8,,,,,,,,
,,,,,25475,13.0,13,,,,,,,,
,,,,,25479,4.0,4,,,,,,,,
,,,,,25483,4.0,4,,,,,,,,
,,,,,25486,3.0,3,,,,,,,,
,,,,,25490,4.0,4,,,,,,,,
,,,,,25493,3.0,3,,,,,,,,
,,,,,25496,3.0,3,,,,,,,,
,,,,,25500,4.0,4,,,,,,,,
,,,,,25505,5.0,5,,,,,,,,
,,,,,25509,4.0,4,,,,,,,,
,,,,,25514,5.0,5,,,,,,,,
,,,,,25519,5.0,5,,,,,,,,
,,,,,25522,3.0,3,,,,,,,,
,,,,,25528,6.0,6,,,,,,,,
,,,,,25531,3.0,3,,,,,,,,
,,,,,25537,6.0,6,,,,,,,,
,,,,,25548,11.0,11,,,,,,,,
,,,,,25552,4.0,4,,,,,,,,
,,,,,25555,3.0,3,,,,,,,,
,,,,,25558,3.0,3,,,,,,,,
,,,,,25568,10.0,10,,,,,,,,
,,,,,25571,3.0,3,,,,,,,,
,,,,,25576,5.0,5,,,,,,,,
,,,,,25581,5.0,5,,,,,,,,
,,,,,25586,5.0,5,,,,,,,,
,,,,,25591,5.0,5,,,,,,,,
,,,,,25601,10.0,10,,,,,,,,
,,,,,25608,7.0,7,,,,,,,,
,,,,,25611,3.0,3,,,,,,,,
,,,,,25621,10.0,10,,,,,,,,
,,,,,25635,14.0,14,,,,,,,,
,,,,,25638,3.0,3,,,,,,,,
,,,,,25649,11.0,11,,,,,,,,
,,,,,25653,4.0,4,,,,,,,,
,,,,,25662,9.0,9,,,,,,,,
,,,,,25665,3.0,3,,,,,,,,
,,,,,25671,6.0,6,,,,,,,,
,,,,,25674,3.0,3,,,,,,,,
,,,,,25680,6.0,6,,,,,,,,
,,,,,25683,3.0,3,,,,,,,,
,,,,,25686,3.0,3,,,,,,,,
,,,,,25690,4.0,4,,,,,,,,
,,,,,25698,8.0,8,,,,,,,,
,,,,,25705,7.0,7,,,,,,,,
,,,,,25714,9.0,9,,,,,,,,
,,,,,25717,3.0,3,,,,,,,,
,,,,,25730,13.0,13,,,,,,,,
,,,,,25733,3.0,3,,,,,,,,
,,,,,25738,5.0,5,,,,,,,,
,,,,,25749,11.0,11,,,,,,,,
,,,,,25753,4.0,4,,,,,,,,
,,,,,25770,17.0,17,,,,,,,,
,,,,,25775,5.0,5,,,,,,,,
,,,,,25780,5.0,5,,,,,,,,
,,,,,25784,4.0,4,,,,,,,,
,,,,,25791,7.0,7,,,,,,,,
,,,,,25800,9.0,9,,,,,,,,
,,,,,25810,10.0,10,,,,,,,,
,,,,,25817,7.0,7,,,,,,,,
,,,,,25822,5.0,5,,,,,,,,
,,,,,25827,5.0,5,,,,,,,,
,,,,,25833,6.0,6,,,,,,,,
,,,,,25836,3.0,3,,,,,,,,
,,,,,25839,3.0,3,,,,,,,,
,,,,,25842,3.0,3,,,,,,,,
,,,,,25848,6.0,6,,,,,,,,
,,,,,25854,6.0,6,,,,,,,,
,,,,,25865,11.0,11,,,,,,,,
,,,,,25879,14.0,14,,,,,,,,
,,,,,25884,5.0,5,,,,,,,,
,,,,,25891,7.0,7,,,,,,,,
,,,,,25894,3.0,3,,,,,,,,
,,,,,25907,13.0,13,,,,,,,,
,,,,,25915,8.0,8,,,,,,,,
,,,,,25920,5.0,5,,,,,,,,
,,,,,25932,12.0,12,,,,,,,,
,,,,,25936,4.0,4,,,,,,,,
,,,,,25941,5.0,5,,,,,,,,
,,,,,25944,3.0,3,,,,,,,,
,,,,,25954,10.0,10,,,,,,,,
,,,,,25958,4.0,4,,,,,,,,
,,,,,25962,4.0,4,,,,,,,,
,,,,,25972,10.0,10,,,,,,,,
,,,,,25977,5.0,5,,,,,,,,
,,,,,25985,8.0,8,,,,,,,,
,,,,,25998,13.0,13,,,,,,,,
,,,,,26000,,,-0.06870361417531967,0.6870361566543579,1.8971376419067383,4.710293769836426,4.767284870147705,0.0003,0.0003,0.1
,,,,,26001,3.0,3,,,,,,,,
,,,,,26006,5.0,5,,,,,,,,
,,,,,26010,4.0,4,,,,,,,,
,,,,,26013,3.0,3,,,,,,,,
,,,,,26018,5.0,5,,,,,,,,
,,,,,26024,6.0,6,,,,,,,,
,,,,,26029,5.0,5,,,,,,,,
,,,,,26044,15.0,15,,,,,,,,
,,,,,26048,4.0,4,,,,,,,,
,,,,,26062,14.0,14,,,,,,,,
,,,,,26069,7.0,7,,,,,,,,
,,,,,26073,4.0,4,,,,,,,,
,,,,,26077,4.0,4,,,,,,,,
,,,,,26082,5.0,5,,,,,,,,
,,,,,26087,5.0,5,,,,,,,,
,,,,,26099,12.0,12,,,,,,,,
,,,,,26102,3.0,3,,,,,,,,
,,,,,26112,10.0,10,,,,,,,,
,,,,,26115,3.0,3,,,,,,,,
,,,,,26119,4.0,4,,,,,,,,
,,,,,26126,7.0,7,,,,,,,,
,,,,,26131,5.0,5,,,,,,,,
,,,,,26135,4.0,4,,,,,,,,
,,,,,26138,3.0,3,,,,,,,,
,,,,,26146,8.0,8,,,,,,,,
,,,,,26157,11.0,11,,,,,,,,
,,,,,26165,8.0,8,,,,,,,,
,,,,,26169,4.0,4,,,,,,,,
,,,,,26175,6.0,6,,,,,,,,
,,,,,26183,8.0,8,,,,,,,,
,,,,,26191,8.0,8,,,,,,,,
,,,,,26194,3.0,3,,,,,,,,
,,,,,26205,11.0,11,,,,,,,,
,,,,,26212,7.0,7,,,,,,,,
,,,,,26217,5.0,5,,,,,,,,
,,,,,26221,4.0,4,,,,,,,,
,,,,,26232,11.0,11,,,,,,,,
,,,,,26237,5.0,5,,,,,,,,
,,,,,26240,3.0,3,,,,,,,,
,,,,,26247,7.0,7,,,,,,,,
,,,,,26250,3.0,3,,,,,,,,
,,,,,26256,6.0,6,,,,,,,,
,,,,,26263,7.0,7,,,,,,,,
,,,,,26276,13.0,13,,,,,,,,
,,,,,26280,4.0,4,,,,,,,,
,,,,,26285,5.0,5,,,,,,,,
,,,,,26288,3.0,3,,,,,,,,
,,,,,26295,7.0,7,,,,,,,,
,,,,,26308,13.0,13,,,,,,,,
,,,,,26312,4.0,4,,,,,,,,
,,,,,26346,34.0,34,,,,,,,,
,,,,,26351,5.0,5,,,,,,,,
,,,,,26357,6.0,6,,,,,,,,
,,,,,26360,3.0,3,,,,,,,,
,,,,,26369,9.0,9,,,,,,,,
,,,,,26373,4.0,4,,,,,,,,
,,,,,26382,9.0,9,,,,,,,,
,,,,,26388,6.0,6,,,,,,,,
,,,,,26393,5.0,5,,,,,,,,
,,,,,26401,8.0,8,,,,,,,,
,,,,,26408,7.0,7,,,,,,,,
,,,,,26416,8.0,8,,,,,,,,
,,,,,26426,10.0,10,,,,,,,,
,,,,,26431,5.0,5,,,,,,,,
,,,,,26440,9.0,9,,,,,,,,
,,,,,26450,10.0,10,,,,,,,,
,,,,,26462,12.0,12,,,,,,,,
,,,,,26469,7.0,7,,,,,,,,
,,,,,26473,4.0,4,,,,,,,,
,,,,,26477,4.0,4,,,,,,,,
,,,,,26480,3.0,3,,,,,,,,
,,,,,26484,4.0,4,,,,,,,,
,,,,,26497,13.0,13,,,,,,,,
,,,,,26501,4.0,4,,,,,,,,
,,,,,26508,7.0,7,,,,,,,,
,,,,,26513,5.0,5,,,,,,,,
,,,,,26517,4.0,4,,,,,,,,
,,,,,26528,11.0,11,,,,,,,,
,,,,,26534,6.0,6,,,,,,,,
,,,,,26538,4.0,4,,,,,,,,
,,,,,26550,12.0,12,,,,,,,,
,,,,,26554,4.0,4,,,,,,,,
,,,,,26560,6.0,6,,,,,,,,
,,,,,26563,3.0,3,,,,,,,,
,,,,,26573,10.0,10,,,,,,,,
,,,,,26576,3.0,3,,,,,,,,
,,,,,26584,8.0,8,,,,,,,,
,,,,,26589,5.0,5,,,,,,,,
,,,,,26595,6.0,6,,,,,,,,
,,,,,26614,19.0,19,,,,,,,,
,,,,,26619,5.0,5,,,,,,,,
,,,,,26622,3.0,3,,,,,,,,
,,,,,26626,4.0,4,,,,,,,,
,,,,,26635,9.0,9,,,,,,,,
,,,,,26639,4.0,4,,,,,,,,
,,,,,26643,4.0,4,,,,,,,,
,,,,,26655,12.0,12,,,,,,,,
,,,,,26661,6.0,6,,,,,,,,
,,,,,26668,7.0,7,,,,,,,,
,,,,,26671,3.0,3,,,,,,,,
,,,,,26678,7.0,7,,,,,,,,
,,,,,26682,4.0,4,,,,,,,,
,,,,,26686,4.0,4,,,,,,,,
,,,,,26690,4.0,4,,,,,,,,
,,,,,26704,14.0,14,,,,,,,,
,,,,,26708,4.0,4,,,,,,,,
,,,,,26712,4.0,4,,,,,,,,
,,,,,26721,9.0,9,,,,,,,,
,,,,,26727,6.0,6,,,,,,,,
,,,,,26734,7.0,7,,,,,,,,
,,,,,26743,9.0,9,,,,,,,,
,,,,,26747,4.0,4,,,,,,,,
,,,,,26751,4.0,4,,,,,,,,
,,,,,26754,3.0,3,,,,,,,,
,,,,,26758,4.0,4,,,,,,,,
,,,,,26764,6.0,6,,,,,,,,
,,,,,26769,5.0,5,,,,,,,,
,,,,,26772,3.0,3,,,,,,,,
,,,,,26775,3.0,3,,,,,,,,
,,,,,26780,5.0,5,,,,,,,,
,,,,,26788,8.0,8,,,,,,,,
,,,,,26793,5.0,5,,,,,,,,
,,,,,26798,5.0,5,,,,,,,,
,,,,,26801,3.0,3,,,,,,,,
,,,,,26805,4.0,4,,,,,,,,
,,,,,26813,8.0,8,,,,,,,,
,,,,,26817,4.0,4,,,,,,,,
,,,,,26820,3.0,3,,,,,,,,
,,,,,26823,3.0,3,,,,,,,,
,,,,,26827,4.0,4,,,,,,,,
,,,,,26830,3.0,3,,,,,,,,
,,,,,26833,3.0,3,,,,,,,,
,,,,,26841,8.0,8,,,,,,,,
,,,,,26844,3.0,3,,,,,,,,
,,,,,26851,7.0,7,,,,,,,,
,,,,,26857,6.0,6,,,,,,,,
,,,,,26863,6.0,6,,,,,,,,
,,,,,26871,8.0,8,,,,,,,,
,,,,,26877,6.0,6,,,,,,,,
,,,,,26881,4.0,4,,,,,,,,
,,,,,26884,3.0,3,,,,,,,,
,,,,,26890,6.0,6,,,,,,,,
,,,,,26896,6.0,6,,,,,,,,
,,,,,26900,4.0,4,,,,,,,,
,,,,,26904,4.0,4,,,,,,,,
,,,,,26907,3.0,3,,,,,,,,
,,,,,26911,4.0,4,,,,,,,,
,,,,,26914,3.0,3,,,,,,,,
,,,,,26920,6.0,6,,,,,,,,
,,,,,26926,6.0,6,,,,,,,,
,,,,,26930,4.0,4,,,,,,,,
,,,,,26933,3.0,3,,,,,,,,
,,,,,26940,7.0,7,,,,,,,,
,,,,,26948,8.0,8,,,,,,,,
,,,,,26955,7.0,7,,,,,,,,
,,,,,26958,3.0,3,,,,,,,,
,,,,,26963,5.0,5,,,,,,,,
,,,,,26972,9.0,9,,,,,,,,
,,,,,26978,6.0,6,,,,,,,,
,,,,,26985,7.0,7,,,,,,,,
,,,,,26989,4.0,4,,,,,,,,
,,,,,26995,6.0,6,,,,,,,,
,,,,,27000,,,-0.0678643137216568,0.6786431074142456,1.6770150661468506,4.494556427001953,4.358774662017822,0.0003,0.0003,0.1
,,,,,27002,7.0,7,,,,,,,,
,,,,,27005,3.0,3,,,,,,,,
,,,,,27009,4.0,4,,,,,,,,
,,,,,27012,3.0,3,,,,,,,,
,,,,,27016,4.0,4,,,,,,,,
,,,,,27019,3.0,3,,,,,,,,
,,,,,27026,7.0,7,,,,,,,,
,,,,,27046,20.0,20,,,,,,,,
,,,,,27055,9.0,9,,,,,,,,
,,,,,27060,5.0,5,,,,,,,,
,,,,,27067,7.0,7,,,,,,,,
,,,,,27071,4.0,4,,,,,,,,
,,,,,27074,3.0,3,,,,,,,,
,,,,,27078,4.0,4,,,,,,,,
,,,,,27084,6.0,6,,,,,,,,
,,,,,27089,5.0,5,,,,,,,,
,,,,,27093,4.0,4,,,,,,,,
,,,,,27098,5.0,5,,,,,,,,
,,,,,27102,4.0,4,,,,,,,,
,,,,,27113,11.0,11,,,,,,,,
,,,,,27125,12.0,12,,,,,,,,
,,,,,27130,5.0,5,,,,,,,,
,,,,,27135,5.0,5,,,,,,,,
,,,,,27139,4.0,4,,,,,,,,
,,,,,27142,3.0,3,,,,,,,,
,,,,,27145,3.0,3,,,,,,,,
,,,,,27149,4.0,4,,,,,,,,
,,,,,27154,5.0,5,,,,,,,,
,,,,,27158,4.0,4,,,,,,,,
,,,,,27164,6.0,6,,,,,,,,
,,,,,27174,10.0,10,,,,,,,,
,,,,,27178,4.0,4,,,,,,,,
,,,,,27186,8.0,8,,,,,,,,
,,,,,27200,14.0,14,,,,,,,,
,,,,,27206,6.0,6,,,,,,,,
,,,,,27211,5.0,5,,,,,,,,
,,,,,27215,4.0,4,,,,,,,,
,,,,,27225,10.0,10,,,,,,,,
,,,,,27228,3.0,3,,,,,,,,
,,,,,27234,6.0,6,,,,,,,,
,,,,,27243,9.0,9,,,,,,,,
,,,,,27249,6.0,6,,,,,,,,
,,,,,27257,8.0,8,,,,,,,,
,,,,,27261,4.0,4,,,,,,,,
,,,,,27267,6.0,6,,,,,,,,
,,,,,27270,3.0,3,,,,,,,,
,,,,,27287,17.0,17,,,,,,,,
,,,,,27291,4.0,4,,,,,,,,
,,,,,27298,7.0,7,,,,,,,,
,,,,,27302,4.0,4,,,,,,,,
,,,,,27306,4.0,4,,,,,,,,
,,,,,27316,10.0,10,,,,,,,,
,,,,,27322,6.0,6,,,,,,,,
,,,,,27331,9.0,9,,,,,,,,
,,,,,27336,5.0,5,,,,,,,,
,,,,,27340,4.0,4,,,,,,,,
,,,,,27351,11.0,11,,,,,,,,
,,,,,27359,8.0,8,,,,,,,,
,,,,,27364,5.0,5,,,,,,,,
,,,,,27367,3.0,3,,,,,,,,
,,,,,27372,5.0,5,,,,,,,,
,,,,,27378,6.0,6,,,,,,,,
,,,,,27383,5.0,5,,,,,,,,
,,,,,27386,3.0,3,,,,,,,,
,,,,,27392,6.0,6,,,,,,,,
,,,,,27396,4.0,4,,,,,,,,
,,,,,27408,12.0,12,,,,,,,,
,,,,,27415,7.0,7,,,,,,,,
,,,,,27421,6.0,6,,,,,,,,
,,,,,27424,3.0,3,,,,,,,,
,,,,,27430,6.0,6,,,,,,,,
,,,,,27434,4.0,4,,,,,,,,
,,,,,27439,5.0,5,,,,,,,,
,,,,,27446,7.0,7,,,,,,,,
,,,,,27453,7.0,7,,,,,,,,
,,,,,27457,4.0,4,,,,,,,,
,,,,,27461,4.0,4,,,,,,,,
,,,,,27464,3.0,3,,,,,,,,
,,,,,27474,10.0,10,,,,,,,,
,,,,,27478,4.0,4,,,,,,,,
,,,,,27493,15.0,15,,,,,,,,
,,,,,27497,4.0,4,,,,,,,,
,,,,,27506,9.0,9,,,,,,,,
,,,,,27509,3.0,3,,,,,,,,
,,,,,27513,4.0,4,,,,,,,,
,,,,,27516,3.0,3,,,,,,,,
,,,,,27531,15.0,15,,,,,,,,
,,,,,27542,11.0,11,,,,,,,,
,,,,,27550,8.0,8,,,,,,,,
,,,,,27567,17.0,17,,,,,,,,
,,,,,27574,7.0,7,,,,,,,,
,,,,,27580,6.0,6,,,,,,,,
,,,,,27586,6.0,6,,,,,,,,
,,,,,27590,4.0,4,,,,,,,,
,,,,,27596,6.0,6,,,,,,,,
,,,,,27601,5.0,5,,,,,,,,
,,,,,27604,3.0,3,,,,,,,,
,,,,,27609,5.0,5,,,,,,,,
,,,,,27614,5.0,5,,,,,,,,
,,,,,27622,8.0,8,,,,,,,,
,,,,,27630,8.0,8,,,,,,,,
,,,,,27635,5.0,5,,,,,,,,
,,,,,27639,4.0,4,,,,,,,,
,,,,,27642,3.0,3,,,,,,,,
,,,,,27645,3.0,3,,,,,,,,
,,,,,27651,6.0,6,,,,,,,,
,,,,,27662,11.0,11,,,,,,,,
,,,,,27672,10.0,10,,,,,,,,
,,,,,27676,4.0,4,,,,,,,,
,,,,,27681,5.0,5,,,,,,,,
,,,,,27697,16.0,16,,,,,,,,
,,,,,27707,10.0,10,,,,,,,,
,,,,,27712,5.0,5,,,,,,,,
,,,,,27722,10.0,10,,,,,,,,
,,,,,27725,3.0,3,,,,,,,,
,,,,,27736,11.0,11,,,,,,,,
,,,,,27740,4.0,4,,,,,,,,
,,,,,27743,3.0,3,,,,,,,,
,,,,,27752,9.0,9,,,,,,,,
,,,,,27755,3.0,3,,,,,,,,
,,,,,27761,6.0,6,,,,,,,,
,,,,,27764,3.0,3,,,,,,,,
,,,,,27770,6.0,6,,,,,,,,
,,,,,27774,4.0,4,,,,,,,,
,,,,,27777,3.0,3,,,,,,,,
,,,,,27782,5.0,5,,,,,,,,
,,,,,27786,4.0,4,,,,,,,,
,,,,,27789,3.0,3,,,,,,,,
,,,,,27801,12.0,12,,,,,,,,
,,,,,27805,4.0,4,,,,,,,,
,,,,,27810,5.0,5,,,,,,,,
,,,,,27814,4.0,4,,,,,,,,
,,,,,27820,6.0,6,,,,,,,,
,,,,,27824,4.0,4,,,,,,,,
,,,,,27837,13.0,13,,,,,,,,
,,,,,27841,4.0,4,,,,,,,,
,,,,,27856,15.0,15,,,,,,,,
,,,,,27861,5.0,5,,,,,,,,
,,,,,27866,5.0,5,,,,,,,,
,,,,,27875,9.0,9,,,,,,,,
,,,,,27883,8.0,8,,,,,,,,
,,,,,27888,5.0,5,,,,,,,,
,,,,,27891,3.0,3,,,,,,,,
,,,,,27895,4.0,4,,,,,,,,
,,,,,27899,4.0,4,,,,,,,,
,,,,,27912,13.0,13,,,,,,,,
,,,,,27915,3.0,3,,,,,,,,
,,,,,27920,5.0,5,,,,,,,,
,,,,,27927,7.0,7,,,,,,,,
,,,,,27930,3.0,3,,,,,,,,
,,,,,27933,3.0,3,,,,,,,,
,,,,,27936,3.0,3,,,,,,,,
,,,,,27941,5.0,5,,,,,,,,
,,,,,27947,6.0,6,,,,,,,,
,,,,,27952,5.0,5,,,,,,,,
,,,,,27962,10.0,10,,,,,,,,
,,,,,27965,3.0,3,,,,,,,,
,,,,,27971,6.0,6,,,,,,,,
,,,,,27974,3.0,3,,,,,,,,
,,,,,27977,3.0,3,,,,,,,,
,,,,,27985,8.0,8,,,,,,,,
,,,,,27990,5.0,5,,,,,,,,
,,,,,27993,3.0,3,,,,,,,,
,,,,,27997,4.0,4,,,,,,,,
,,,,,28000,,,-0.06861292570829391,0.6861292123794556,1.8173550367355347,4.755441665649414,4.732098579406738,0.0003,0.0003,0.1
,,,,,28001,4.0,4,,,,,,,,
,,,,,28008,7.0,7,,,,,,,,
,,,,,28015,7.0,7,,,,,,,,
,,,,,28019,4.0,4,,,,,,,,
,,,,,28022,3.0,3,,,,,,,,
,,,,,28026,4.0,4,,,,,,,,
,,,,,28034,8.0,8,,,,,,,,
,,,,,28040,6.0,6,,,,,,,,
,,,,,28044,4.0,4,,,,,,,,
,,,,,28058,14.0,14,,,,,,,,
,,,,,28073,15.0,15,,,,,,,,
,,,,,28077,4.0,4,,,,,,,,
,,,,,28081,4.0,4,,,,,,,,
,,,,,28096,15.0,15,,,,,,,,
,,,,,28109,13.0,13,,,,,,,,
,,,,,28115,6.0,6,,,,,,,,
,,,,,28122,7.0,7,,,,,,,,
,,,,,28125,3.0,3,,,,,,,,
,,,,,28128,3.0,3,,,,,,,,
,,,,,28131,3.0,3,,,,,,,,
,,,,,28138,7.0,7,,,,,,,,
,,,,,28147,9.0,9,,,,,,,,
,,,,,28150,3.0,3,,,,,,,,
,,,,,28160,10.0,10,,,,,,,,
,,,,,28166,6.0,6,,,,,,,,
,,,,,28169,3.0,3,,,,,,,,
,,,,,28177,8.0,8,,,,,,,,
,,,,,28188,11.0,11,,,,,,,,
,,,,,28191,3.0,3,,,,,,,,
,,,,,28197,6.0,6,,,,,,,,
,,,,,28204,7.0,7,,,,,,,,
,,,,,28223,19.0,19,,,,,,,,
,,,,,28227,4.0,4,,,,,,,,
,,,,,28232,5.0,5,,,,,,,,
,,,,,28248,16.0,16,,,,,,,,
,,,,,28254,6.0,6,,,,,,,,
,,,,,28262,8.0,8,,,,,,,,
,,,,,28265,3.0,3,,,,,,,,
,,,,,28273,8.0,8,,,,,,,,
,,,,,28276,3.0,3,,,,,,,,
,,,,,28281,5.0,5,,,,,,,,
,,,,,28285,4.0,4,,,,,,,,
,,,,,28302,17.0,17,,,,,,,,
,,,,,28305,3.0,3,,,,,,,,
,,,,,28309,4.0,4,,,,,,,,
,,,,,28317,8.0,8,,,,,,,,
,,,,,28320,3.0,3,,,,,,,,
,,,,,28324,4.0,4,,,,,,,,
,,,,,28327,3.0,3,,,,,,,,
,,,,,28332,5.0,5,,,,,,,,
,,,,,28335,3.0,3,,,,,,,,
,,,,,28349,14.0,14,,,,,,,,
,,,,,28356,7.0,7,,,,,,,,
,,,,,28359,3.0,3,,,,,,,,
,,,,,28364,5.0,5,,,,,,,,
,,,,,28371,7.0,7,,,,,,,,
,,,,,28375,4.0,4,,,,,,,,
,,,,,28380,5.0,5,,,,,,,,
,,,,,28383,3.0,3,,,,,,,,
,,,,,28386,3.0,3,,,,,,,,
,,,,,28390,4.0,4,,,,,,,,
,,,,,28407,17.0,17,,,,,,,,
,,,,,28410,3.0,3,,,,,,,,
,,,,,28413,3.0,3,,,,,,,,
,,,,,28417,4.0,4,,,,,,,,
,,,,,28425,8.0,8,,,,,,,,
,,,,,28428,3.0,3,,,,,,,,
,,,,,28434,6.0,6,,,,,,,,
,,,,,28444,10.0,10,,,,,,,,
,,,,,28449,5.0,5,,,,,,,,
,,,,,28454,5.0,5,,,,,,,,
,,,,,28457,3.0,3,,,,,,,,
,,,,,28461,4.0,4,,,,,,,,
,,,,,28466,5.0,5,,,,,,,,
,,,,,28473,7.0,7,,,,,,,,
,,,,,28479,6.0,6,,,,,,,,
,,,,,28482,3.0,3,,,,,,,,
,,,,,28489,7.0,7,,,,,,,,
,,,,,28494,5.0,5,,,,,,,,
,,,,,28507,13.0,13,,,,,,,,
,,,,,28518,11.0,11,,,,,,,,
,,,,,28521,3.0,3,,,,,,,,
,,,,,28529,8.0,8,,,,,,,,
,,,,,28536,7.0,7,,,,,,,,
,,,,,28549,13.0,13,,,,,,,,
,,,,,28553,4.0,4,,,,,,,,
,,,,,28556,3.0,3,,,,,,,,
,,,,,28564,8.0,8,,,,,,,,
,,,,,28577,13.0,13,,,,,,,,
,,,,,28581,4.0,4,,,,,,,,
,,,,,28587,6.0,6,,,,,,,,
,,,,,28591,4.0,4,,,,,,,,
,,,,,28594,3.0,3,,,,,,,,
,,,,,28601,7.0,7,,,,,,,,
,,,,,28604,3.0,3,,,,,,,,
,,,,,28609,5.0,5,,,,,,,,
,,,,,28612,3.0,3,,,,,,,,
,,,,,28616,4.0,4,,,,,,,,
,,,,,28619,3.0,3,,,,,,,,
,,,,,28623,4.0,4,,,,,,,,
,,,,,28630,7.0,7,,,,,,,,
,,,,,28633,3.0,3,,,,,,,,
,,,,,28643,10.0,10,,,,,,,,
,,,,,28655,12.0,12,,,,,,,,
,,,,,28660,5.0,5,,,,,,,,
,,,,,28665,5.0,5,,,,,,,,
,,,,,28669,4.0,4,,,,,,,,
,,,,,28675,6.0,6,,,,,,,,
,,,,,28678,3.0,3,,,,,,,,
,,,,,28681,3.0,3,,,,,,,,
,,,,,28684,3.0,3,,,,,,,,
,,,,,28697,13.0,13,,,,,,,,
,,,,,28702,5.0,5,,,,,,,,
,,,,,28705,3.0,3,,,,,,,,
,,,,,28715,10.0,10,,,,,,,,
,,,,,28721,6.0,6,,,,,,,,
,,,,,28730,9.0,9,,,,,,,,
,,,,,28740,10.0,10,,,,,,,,
,,,,,28744,4.0,4,,,,,,,,
,,,,,28747,3.0,3,,,,,,,,
,,,,,28756,9.0,9,,,,,,,,
,,,,,28762,6.0,6,,,,,,,,
,,,,,28769,7.0,7,,,,,,,,
,,,,,28773,4.0,4,,,,,,,,
,,,,,28782,9.0,9,,,,,,,,
,,,,,28789,7.0,7,,,,,,,,
,,,,,28797,8.0,8,,,,,,,,
,,,,,28802,5.0,5,,,,,,,,
,,,,,28805,3.0,3,,,,,,,,
,,,,,28811,6.0,6,,,,,,,,
,,,,,28819,8.0,8,,,,,,,,
,,,,,28822,3.0,3,,,,,,,,
,,,,,28827,5.0,5,,,,,,,,
,,,,,28830,3.0,3,,,,,,,,
,,,,,28835,5.0,5,,,,,,,,
,,,,,28839,4.0,4,,,,,,,,
,,,,,28843,4.0,4,,,,,,,,
,,,,,28847,4.0,4,,,,,,,,
,,,,,28851,4.0,4,,,,,,,,
,,,,,28854,3.0,3,,,,,,,,
,,,,,28859,5.0,5,,,,,,,,
,,,,,28862,3.0,3,,,,,,,,
,,,,,28865,3.0,3,,,,,,,,
,,,,,28876,11.0,11,,,,,,,,
,,,,,28881,5.0,5,,,,,,,,
,,,,,28884,3.0,3,,,,,,,,
,,,,,28902,18.0,18,,,,,,,,
,,,,,28905,3.0,3,,,,,,,,
,,,,,28911,6.0,6,,,,,,,,
,,,,,28917,6.0,6,,,,,,,,
,,,,,28920,3.0,3,,,,,,,,
,,,,,28930,10.0,10,,,,,,,,
,,,,,28940,10.0,10,,,,,,,,
,,,,,28943,3.0,3,,,,,,,,
,,,,,28949,6.0,6,,,,,,,,
,,,,,28952,3.0,3,,,,,,,,
,,,,,28956,4.0,4,,,,,,,,
,,,,,28961,5.0,5,,,,,,,,
,,,,,28966,5.0,5,,,,,,,,
,,,,,28970,4.0,4,,,,,,,,
,,,,,28973,3.0,3,,,,,,,,
,,,,,28976,3.0,3,,,,,,,,
,,,,,28979,3.0,3,,,,,,,,
,,,,,28998,19.0,19,,,,,,,,
,,,,,29000,,,-0.06819246709346771,0.6819246411323547,1.9737266302108765,4.583119869232178,4.583183765411377,0.0003,0.0003,0.1
,,,,,29012,14.0,14,,,,,,,,
,,,,,29017,5.0,5,,,,,,,,
,,,,,29023,6.0,6,,,,,,,,
,,,,,29027,4.0,4,,,,,,,,
,,,,,29034,7.0,7,,,,,,,,
,,,,,29039,5.0,5,,,,,,,,
,,,,,29043,4.0,4,,,,,,,,
,,,,,29046,3.0,3,,,,,,,,
,,,,,29050,4.0,4,,,,,,,,
,,,,,29054,4.0,4,,,,,,,,
,,,,,29057,3.0,3,,,,,,,,
,,,,,29065,8.0,8,,,,,,,,
,,,,,29071,6.0,6,,,,,,,,
,,,,,29077,6.0,6,,,,,,,,
,,,,,29083,6.0,6,,,,,,,,
,,,,,29097,14.0,14,,,,,,,,
,,,,,29101,4.0,4,,,,,,,,
,,,,,29112,11.0,11,,,,,,,,
,,,,,29117,5.0,5,,,,,,,,
,,,,,29128,11.0,11,,,,,,,,
,,,,,29132,4.0,4,,,,,,,,
,,,,,29135,3.0,3,,,,,,,,
,,,,,29146,11.0,11,,,,,,,,
,,,,,29157,11.0,11,,,,,,,,
,,,,,29164,7.0,7,,,,,,,,
,,,,,29167,3.0,3,,,,,,,,
,,,,,29184,17.0,17,,,,,,,,
,,,,,29190,6.0,6,,,,,,,,
,,,,,29196,6.0,6,,,,,,,,
,,,,,29202,6.0,6,,,,,,,,
,,,,,29206,4.0,4,,,,,,,,
,,,,,29209,3.0,3,,,,,,,,
,,,,,29212,3.0,3,,,,,,,,
,,,,,29220,8.0,8,,,,,,,,
,,,,,29225,5.0,5,,,,,,,,
,,,,,29228,3.0,3,,,,,,,,
,,,,,29243,15.0,15,,,,,,,,
,,,,,29247,4.0,4,,,,,,,,
,,,,,29253,6.0,6,,,,,,,,
,,,,,29256,3.0,3,,,,,,,,
,,,,,29259,3.0,3,,,,,,,,
,,,,,29263,4.0,4,,,,,,,,
,,,,,29270,7.0,7,,,,,,,,
,,,,,29276,6.0,6,,,,,,,,
,,,,,29288,12.0,12,,,,,,,,
,,,,,29292,4.0,4,,,,,,,,
,,,,,29298,6.0,6,,,,,,,,
,,,,,29304,6.0,6,,,,,,,,
,,,,,29309,5.0,5,,,,,,,,
,,,,,29317,8.0,8,,,,,,,,
,,,,,29321,4.0,4,,,,,,,,
,,,,,29327,6.0,6,,,,,,,,
,,,,,29331,4.0,4,,,,,,,,
,,,,,29334,3.0,3,,,,,,,,
,,,,,29342,8.0,8,,,,,,,,
,,,,,29345,3.0,3,,,,,,,,
,,,,,29349,4.0,4,,,,,,,,
,,,,,29355,6.0,6,,,,,,,,
,,,,,29361,6.0,6,,,,,,,,
,,,,,29369,8.0,8,,,,,,,,
,,,,,29374,5.0,5,,,,,,,,
,,,,,29379,5.0,5,,,,,,,,
,,,,,29386,7.0,7,,,,,,,,
,,,,,29393,7.0,7,,,,,,,,
,,,,,29396,3.0,3,,,,,,,,
,,,,,29403,7.0,7,,,,,,,,
,,,,,29409,6.0,6,,,,,,,,
,,,,,29413,4.0,4,,,,,,,,
,,,,,29416,3.0,3,,,,,,,,
,,,,,29426,10.0,10,,,,,,,,
,,,,,29433,7.0,7,,,,,,,,
,,,,,29436,3.0,3,,,,,,,,
,,,,,29439,3.0,3,,,,,,,,
,,,,,29442,3.0,3,,,,,,,,
,,,,,29451,9.0,9,,,,,,,,
,,,,,29454,3.0,3,,,,,,,,
,,,,,29464,10.0,10,,,,,,,,
,,,,,29471,7.0,7,,,,,,,,
,,,,,29476,5.0,5,,,,,,,,
,,,,,29479,3.0,3,,,,,,,,
,,,,,29484,5.0,5,,,,,,,,
,,,,,29487,3.0,3,,,,,,,,
,,,,,29491,4.0,4,,,,,,,,
,,,,,29495,4.0,4,,,,,,,,
,,,,,29501,6.0,6,,,,,,,,
,,,,,29504,3.0,3,,,,,,,,
,,,,,29508,4.0,4,,,,,,,,
,,,,,29511,3.0,3,,,,,,,,
,,,,,29516,5.0,5,,,,,,,,
,,,,,29520,4.0,4,,,,,,,,
,,,,,29537,17.0,17,,,,,,,,
,,,,,29540,3.0,3,,,,,,,,
,,,,,29546,6.0,6,,,,,,,,
,,,,,29549,3.0,3,,,,,,,,
,,,,,29553,4.0,4,,,,,,,,
,,,,,29559,6.0,6,,,,,,,,
,,,,,29566,7.0,7,,,,,,,,
,,,,,29577,11.0,11,,,,,,,,
,,,,,29582,5.0,5,,,,,,,,
,,,,,29595,13.0,13,,,,,,,,
,,,,,29600,5.0,5,,,,,,,,
,,,,,29604,4.0,4,,,,,,,,
,,,,,29609,5.0,5,,,,,,,,
,,,,,29613,4.0,4,,,,,,,,
,,,,,29617,4.0,4,,,,,,,,
,,,,,29624,7.0,7,,,,,,,,
,,,,,29633,9.0,9,,,,,,,,
,,,,,29636,3.0,3,,,,,,,,
,,,,,29643,7.0,7,,,,,,,,
,,,,,29654,11.0,11,,,,,,,,
,,,,,29657,3.0,3,,,,,,,,
,,,,,29667,10.0,10,,,,,,,,
,,,,,29672,5.0,5,,,,,,,,
,,,,,29675,3.0,3,,,,,,,,
,,,,,29679,4.0,4,,,,,,,,
,,,,,29685,6.0,6,,,,,,,,
,,,,,29689,4.0,4,,,,,,,,
,,,,,29695,6.0,6,,,,,,,,
,,,,,29698,3.0,3,,,,,,,,
,,,,,29701,3.0,3,,,,,,,,
,,,,,29704,3.0,3,,,,,,,,
,,,,,29707,3.0,3,,,,,,,,
,,,,,29712,5.0,5,,,,,,,,
,,,,,29718,6.0,6,,,,,,,,
,,,,,29734,16.0,16,,,,,,,,
,,,,,29739,5.0,5,,,,,,,,
,,,,,29742,3.0,3,,,,,,,,
,,,,,29745,3.0,3,,,,,,,,
,,,,,29751,6.0,6,,,,,,,,
,,,,,29758,7.0,7,,,,,,,,
,,,,,29765,7.0,7,,,,,,,,
,,,,,29772,7.0,7,,,,,,,,
,,,,,29777,5.0,5,,,,,,,,
,,,,,29783,6.0,6,,,,,,,,
,,,,,29789,6.0,6,,,,,,,,
,,,,,29794,5.0,5,,,,,,,,
,,,,,29800,6.0,6,,,,,,,,
,,,,,29804,4.0,4,,,,,,,,
,,,,,29810,6.0,6,,,,,,,,
,,,,,29816,6.0,6,,,,,,,,
,,,,,29826,10.0,10,,,,,,,,
,,,,,29829,3.0,3,,,,,,,,
,,,,,29836,7.0,7,,,,,,,,
,,,,,29840,4.0,4,,,,,,,,
,,,,,29844,4.0,4,,,,,,,,
,,,,,29848,4.0,4,,,,,,,,
,,,,,29856,8.0,8,,,,,,,,
,,,,,29862,6.0,6,,,,,,,,
,,,,,29866,4.0,4,,,,,,,,
,,,,,29870,4.0,4,,,,,,,,
,,,,,29894,24.0,24,,,,,,,,
,,,,,29898,4.0,4,,,,,,,,
,,,,,29901,3.0,3,,,,,,,,
,,,,,29906,5.0,5,,,,,,,,
,,,,,29918,12.0,12,,,,,,,,
,,,,,29926,8.0,8,,,,,,,,
,,,,,29929,3.0,3,,,,,,,,
,,,,,29934,5.0,5,,,,,,,,
,,,,,29954,20.0,20,,,,,,,,
,,,,,29960,6.0,6,,,,,,,,
,,,,,29964,4.0,4,,,,,,,,
,,,,,29975,11.0,11,,,,,,,,
,,,,,29978,3.0,3,,,,,,,,
,,,,,29981,3.0,3,,,,,,,,
,,,,,29984,3.0,3,,,,,,,,
,,,,,29987,3.0,3,,,,,,,,
,,,,,29992,5.0,5,,,,,,,,
,,,,,29996,4.0,4,,,,,,,,
6.1,4.253234,18.0,3.0,6.1,30000,,,-0.06960257142782211,0.6960257291793823,1.6978909969329834,4.770374298095703,4.880369186401367,0.0003,0.0003,0.1
,,,,,30008,12.0,12,,,,,,,,
,,,,,30013,5.0,5,,,,,,,,
,,,,,30016,3.0,3,,,,,,,,
,,,,,30019,3.0,3,,,,,,,,
,,,,,30030,11.0,11,,,,,,,,
,,,,,30035,5.0,5,,,,,,,,
,,,,,30038,3.0,3,,,,,,,,
,,,,,30043,5.0,5,,,,,,,,
,,,,,30054,11.0,11,,,,,,,,
,,,,,30060,6.0,6,,,,,,,,
,,,,,30066,6.0,6,,,,,,,,
,,,,,30071,5.0,5,,,,,,,,
,,,,,30074,3.0,3,,,,,,,,
,,,,,30089,15.0,15,,,,,,,,
,,,,,30101,12.0,12,,,,,,,,
,,,,,30106,5.0,5,,,,,,,,
,,,,,30117,11.0,11,,,,,,,,
,,,,,30121,4.0,4,,,,,,,,
,,,,,30126,5.0,5,,,,,,,,
,,,,,30133,7.0,7,,,,,,,,
,,,,,30138,5.0,5,,,,,,,,
,,,,,30148,10.0,10,,,,,,,,
,,,,,30154,6.0,6,,,,,,,,
,,,,,30157,3.0,3,,,,,,,,
,,,,,30164,7.0,7,,,,,,,,
,,,,,30176,12.0,12,,,,,,,,
,,,,,30179,3.0,3,,,,,,,,
,,,,,30182,3.0,3,,,,,,,,
,,,,,30189,7.0,7,,,,,,,,
,,,,,30200,11.0,11,,,,,,,,
,,,,,30205,5.0,5,,,,,,,,
,,,,,30208,3.0,3,,,,,,,,
,,,,,30212,4.0,4,,,,,,,,
,,,,,30220,8.0,8,,,,,,,,
,,,,,30224,4.0,4,,,,,,,,
,,,,,30230,6.0,6,,,,,,,,
,,,,,30235,5.0,5,,,,,,,,
,,,,,30239,4.0,4,,,,,,,,
,,,,,30242,3.0,3,,,,,,,,
,,,,,30251,9.0,9,,,,,,,,
,,,,,30260,9.0,9,,,,,,,,
,,,,,30264,4.0,4,,,,,,,,
,,,,,30268,4.0,4,,,,,,,,
,,,,,30271,3.0,3,,,,,,,,
,,,,,30278,7.0,7,,,,,,,,
,,,,,30287,9.0,9,,,,,,,,
,,,,,30290,3.0,3,,,,,,,,
,,,,,30293,3.0,3,,,,,,,,
,,,,,30296,3.0,3,,,,,,,,
,,,,,30301,5.0,5,,,,,,,,
,,,,,30304,3.0,3,,,,,,,,
,,,,,30313,9.0,9,,,,,,,,
,,,,,30319,6.0,6,,,,,,,,
,,,,,30325,6.0,6,,,,,,,,
,,,,,30328,3.0,3,,,,,,,,
,,,,,30333,5.0,5,,,,,,,,
,,,,,30337,4.0,4,,,,,,,,
,,,,,30341,4.0,4,,,,,,,,
,,,,,30345,4.0,4,,,,,,,,
,,,,,30367,22.0,22,,,,,,,,
,,,,,30372,5.0,5,,,,,,,,
,,,,,30378,6.0,6,,,,,,,,
,,,,,30385,7.0,7,,,,,,,,
,,,,,30396,11.0,11,,,,,,,,
,,,,,30404,8.0,8,,,,,,,,
,,,,,30408,4.0,4,,,,,,,,
,,,,,30413,5.0,5,,,,,,,,
,,,,,30422,9.0,9,,,,,,,,
,,,,,30435,13.0,13,,,,,,,,
,,,,,30438,3.0,3,,,,,,,,
,,,,,30441,3.0,3,,,,,,,,
,,,,,30451,10.0,10,,,,,,,,
,,,,,30458,7.0,7,,,,,,,,
,,,,,30468,10.0,10,,,,,,,,
,,,,,30471,3.0,3,,,,,,,,
,,,,,30475,4.0,4,,,,,,,,
,,,,,30478,3.0,3,,,,,,,,
,,,,,30483,5.0,5,,,,,,,,
,,,,,30489,6.0,6,,,,,,,,
,,,,,30492,3.0,3,,,,,,,,
,,,,,30495,3.0,3,,,,,,,,
,,,,,30498,3.0,3,,,,,,,,
,,,,,30509,11.0,11,,,,,,,,
,,,,,30514,5.0,5,,,,,,,,
,,,,,30517,3.0,3,,,,,,,,
,,,,,30524,7.0,7,,,,,,,,
,,,,,30527,3.0,3,,,,,,,,
,,,,,30530,3.0,3,,,,,,,,
,,,,,30536,6.0,6,,,,,,,,
,,,,,30540,4.0,4,,,,,,,,
,,,,,30551,11.0,11,,,,,,,,
,,,,,30555,4.0,4,,,,,,,,
,,,,,30561,6.0,6,,,,,,,,
,,,,,30570,9.0,9,,,,,,,,
,,,,,30574,4.0,4,,,,,,,,
,,,,,30577,3.0,3,,,,,,,,
,,,,,30582,5.0,5,,,,,,,,
,,,,,30592,10.0,10,,,,,,,,
,,,,,30597,5.0,5,,,,,,,,
,,,,,30600,3.0,3,,,,,,,,
,,,,,30603,3.0,3,,,,,,,,
,,,,,30608,5.0,5,,,,,,,,
,,,,,30615,7.0,7,,,,,,,,
,,,,,30623,8.0,8,,,,,,,,
,,,,,30645,22.0,22,,,,,,,,
,,,,,30652,7.0,7,,,,,,,,
,,,,,30662,10.0,10,,,,,,,,
,,,,,30666,4.0,4,,,,,,,,
,,,,,30674,8.0,8,,,,,,,,
,,,,,30681,7.0,7,,,,,,,,
,,,,,30688,7.0,7,,,,,,,,
,,,,,30692,4.0,4,,,,,,,,
,,,,,30695,3.0,3,,,,,,,,
,,,,,30704,9.0,9,,,,,,,,
,,,,,30709,5.0,5,,,,,,,,
,,,,,30713,4.0,4,,,,,,,,
,,,,,30720,7.0,7,,,,,,,,
,,,,,30727,7.0,7,,,,,,,,
,,,,,30736,9.0,9,,,,,,,,
,,,,,30741,5.0,5,,,,,,,,
,,,,,30748,7.0,7,,,,,,,,
,,,,,30751,3.0,3,,,,,,,,
,,,,,30762,11.0,11,,,,,,,,
,,,,,30766,4.0,4,,,,,,,,
,,,,,30769,3.0,3,,,,,,,,
,,,,,30777,8.0,8,,,,,,,,
,,,,,30780,3.0,3,,,,,,,,
,,,,,30787,7.0,7,,,,,,,,
,,,,,30791,4.0,4,,,,,,,,
,,,,,30795,4.0,4,,,,,,,,
,,,,,30802,7.0,7,,,,,,,,
,,,,,30805,3.0,3,,,,,,,,
,,,,,30814,9.0,9,,,,,,,,
,,,,,30817,3.0,3,,,,,,,,
,,,,,30821,4.0,4,,,,,,,,
,,,,,30825,4.0,4,,,,,,,,
,,,,,30828,3.0,3,,,,,,,,
,,,,,30831,3.0,3,,,,,,,,
,,,,,30835,4.0,4,,,,,,,,
,,,,,30852,17.0,17,,,,,,,,
,,,,,30856,4.0,4,,,,,,,,
,,,,,30861,5.0,5,,,,,,,,
,,,,,30867,6.0,6,,,,,,,,
,,,,,30876,9.0,9,,,,,,,,
,,,,,30882,6.0,6,,,,,,,,
,,,,,30890,8.0,8,,,,,,,,
,,,,,30900,10.0,10,,,,,,,,
,,,,,30904,4.0,4,,,,,,,,
,,,,,30914,10.0,10,,,,,,,,
,,,,,30917,3.0,3,,,,,,,,
,,,,,30921,4.0,4,,,,,,,,
,,,,,30936,15.0,15,,,,,,,,
,,,,,30947,11.0,11,,,,,,,,
,,,,,30950,3.0,3,,,,,,,,
,,,,,30958,8.0,8,,,,,,,,
,,,,,30963,5.0,5,,,,,,,,
,,,,,30976,13.0,13,,,,,,,,
,,,,,30979,3.0,3,,,,,,,,
,,,,,30982,3.0,3,,,,,,,,
,,,,,30989,7.0,7,,,,,,,,
,,,,,30995,6.0,6,,,,,,,,
,,,,,31000,,,-0.06881650537252426,0.6881650686264038,1.5241605043411255,4.773965835571289,4.815333366394043,0.0003,0.0003,0.1
,,,,,31001,6.0,6,,,,,,,,
,,,,,31009,8.0,8,,,,,,,,
,,,,,31013,4.0,4,,,,,,,,
,,,,,31017,4.0,4,,,,,,,,
,,,,,31023,6.0,6,,,,,,,,
,,,,,31029,6.0,6,,,,,,,,
,,,,,31039,10.0,10,,,,,,,,
,,,,,31051,12.0,12,,,,,,,,
,,,,,31062,11.0,11,,,,,,,,
,,,,,31067,5.0,5,,,,,,,,
,,,,,31072,5.0,5,,,,,,,,
,,,,,31075,3.0,3,,,,,,,,
,,,,,31081,6.0,6,,,,,,,,
,,,,,31085,4.0,4,,,,,,,,
,,,,,31095,10.0,10,,,,,,,,
,,,,,31102,7.0,7,,,,,,,,
,,,,,31107,5.0,5,,,,,,,,
,,,,,31111,4.0,4,,,,,,,,
,,,,,31119,8.0,8,,,,,,,,
,,,,,31125,6.0,6,,,,,,,,
,,,,,31128,3.0,3,,,,,,,,
,,,,,31138,10.0,10,,,,,,,,
,,,,,31141,3.0,3,,,,,,,,
,,,,,31153,12.0,12,,,,,,,,
,,,,,31174,21.0,21,,,,,,,,
,,,,,31177,3.0,3,,,,,,,,
,,,,,31182,5.0,5,,,,,,,,
,,,,,31185,3.0,3,,,,,,,,
,,,,,31188,3.0,3,,,,,,,,
,,,,,31204,16.0,16,,,,,,,,
,,,,,31210,6.0,6,,,,,,,,
,,,,,31216,6.0,6,,,,,,,,
,,,,,31229,13.0,13,,,,,,,,
,,,,,31236,7.0,7,,,,,,,,
,,,,,31239,3.0,3,,,,,,,,
,,,,,31242,3.0,3,,,,,,,,
,,,,,31247,5.0,5,,,,,,,,
,,,,,31250,3.0,3,,,,,,,,
,,,,,31256,6.0,6,,,,,,,,
,,,,,31264,8.0,8,,,,,,,,
,,,,,31274,10.0,10,,,,,,,,
,,,,,31280,6.0,6,,,,,,,,
,,,,,31291,11.0,11,,,,,,,,
,,,,,31296,5.0,5,,,,,,,,
,,,,,31299,3.0,3,,,,,,,,
,,,,,31306,7.0,7,,,,,,,,
,,,,,31311,5.0,5,,,,,,,,
,,,,,31316,5.0,5,,,,,,,,
,,,,,31322,6.0,6,,,,,,,,
,,,,,31332,10.0,10,,,,,,,,
,,,,,31337,5.0,5,,,,,,,,
,,,,,31342,5.0,5,,,,,,,,
,,,,,31348,6.0,6,,,,,,,,
,,,,,31352,4.0,4,,,,,,,,
,,,,,31357,5.0,5,,,,,,,,
,,,,,31363,6.0,6,,,,,,,,
,,,,,31369,6.0,6,,,,,,,,
,,,,,31372,3.0,3,,,,,,,,
,,,,,31375,3.0,3,,,,,,,,
,,,,,31378,3.0,3,,,,,,,,
,,,,,31382,4.0,4,,,,,,,,
,,,,,31391,9.0,9,,,,,,,,
,,,,,31406,15.0,15,,,,,,,,
,,,,,31410,4.0,4,,,,,,,,
,,,,,31416,6.0,6,,,,,,,,
,,,,,31420,4.0,4,,,,,,,,
,,,,,31423,3.0,3,,,,,,,,
,,,,,31432,9.0,9,,,,,,,,
,,,,,31440,8.0,8,,,,,,,,
,,,,,31454,14.0,14,,,,,,,,
,,,,,31463,9.0,9,,,,,,,,
,,,,,31478,15.0,15,,,,,,,,
,,,,,31481,3.0,3,,,,,,,,
,,,,,31486,5.0,5,,,,,,,,
,,,,,31489,3.0,3,,,,,,,,
,,,,,31495,6.0,6,,,,,,,,
,,,,,31499,4.0,4,,,,,,,,
,,,,,31505,6.0,6,,,,,,,,
,,,,,31512,7.0,7,,,,,,,,
,,,,,31516,4.0,4,,,,,,,,
,,,,,31520,4.0,4,,,,,,,,
,,,,,31524,4.0,4,,,,,,,,
,,,,,31545,21.0,21,,,,,,,,
,,,,,31549,4.0,4,,,,,,,,
,,,,,31558,9.0,9,,,,,,,,
,,,,,31567,9.0,9,,,,,,,,
,,,,,31570,3.0,3,,,,,,,,
,,,,,31579,9.0,9,,,,,,,,
,,,,,31584,5.0,5,,,,,,,,
,,,,,31589,5.0,5,,,,,,,,
,,,,,31599,10.0,10,,,,,,,,
,,,,,31606,7.0,7,,,,,,,,
,,,,,31609,3.0,3,,,,,,,,
,,,,,31614,5.0,5,,,,,,,,
,,,,,31618,4.0,4,,,,,,,,
,,,,,31621,3.0,3,,,,,,,,
,,,,,31624,3.0,3,,,,,,,,
,,,,,31634,10.0,10,,,,,,,,
,,,,,31640,6.0,6,,,,,,,,
,,,,,31645,5.0,5,,,,,,,,
,,,,,31652,7.0,7,,,,,,,,
,,,,,31655,3.0,3,,,,,,,,
,,,,,31665,10.0,10,,,,,,,,
,,,,,31669,4.0,4,,,,,,,,
,,,,,31672,3.0,3,,,,,,,,
,,,,,31681,9.0,9,,,,,,,,
,,,,,31692,11.0,11,,,,,,,,
,,,,,31695,3.0,3,,,,,,,,
,,,,,31699,4.0,4,,,,,,,,
,,,,,31704,5.0,5,,,,,,,,
,,,,,31708,4.0,4,,,,,,,,
,,,,,31712,4.0,4,,,,,,,,
,,,,,31717,5.0,5,,,,,,,,
,,,,,31722,5.0,5,,,,,,,,
,,,,,31731,9.0,9,,,,,,,,
,,,,,31736,5.0,5,,,,,,,,
,,,,,31746,10.0,10,,,,,,,,
,,,,,31751,5.0,5,,,,,,,,
,,,,,31756,5.0,5,,,,,,,,
,,,,,31764,8.0,8,,,,,,,,
,,,,,31769,5.0,5,,,,,,,,
,,,,,31774,5.0,5,,,,,,,,
,,,,,31779,5.0,5,,,,,,,,
,,,,,31783,4.0,4,,,,,,,,
,,,,,31795,12.0,12,,,,,,,,
,,,,,31799,4.0,4,,,,,,,,
,,,,,31803,4.0,4,,,,,,,,
,,,,,31808,5.0,5,,,,,,,,
,,,,,31816,8.0,8,,,,,,,,
,,,,,31821,5.0,5,,,,,,,,
,,,,,31825,4.0,4,,,,,,,,
,,,,,31828,3.0,3,,,,,,,,
,,,,,31831,3.0,3,,,,,,,,
,,,,,31834,3.0,3,,,,,,,,
,,,,,31838,4.0,4,,,,,,,,
,,,,,31842,4.0,4,,,,,,,,
,,,,,31845,3.0,3,,,,,,,,
,,,,,31850,5.0,5,,,,,,,,
,,,,,31862,12.0,12,,,,,,,,
,,,,,31869,7.0,7,,,,,,,,
,,,,,31878,9.0,9,,,,,,,,
,,,,,31882,4.0,4,,,,,,,,
,,,,,31892,10.0,10,,,,,,,,
,,,,,31906,14.0,14,,,,,,,,
,,,,,31909,3.0,3,,,,,,,,
,,,,,31917,8.0,8,,,,,,,,
,,,,,31924,7.0,7,,,,,,,,
,,,,,31931,7.0,7,,,,,,,,
,,,,,31942,11.0,11,,,,,,,,
,,,,,31948,6.0,6,,,,,,,,
,,,,,31952,4.0,4,,,,,,,,
,,,,,31963,11.0,11,,,,,,,,
,,,,,31971,8.0,8,,,,,,,,
,,,,,31975,4.0,4,,,,,,,,
,,,,,31978,3.0,3,,,,,,,,
,,,,,31986,8.0,8,,,,,,,,
,,,,,31993,7.0,7,,,,,,,,
,,,,,32000,,,-0.0679582804441452,0.6795827746391296,2.1363441944122314,4.624135494232178,4.659297466278076,0.0003,0.0003,0.1
,,,,,32010,17.0,17,,,,,,,,
,,,,,32014,4.0,4,,,,,,,,
,,,,,32023,9.0,9,,,,,,,,
,,,,,32027,4.0,4,,,,,,,,
,,,,,32037,10.0,10,,,,,,,,
,,,,,32045,8.0,8,,,,,,,,
,,,,,32051,6.0,6,,,,,,,,
,,,,,32055,4.0,4,,,,,,,,
,,,,,32064,9.0,9,,,,,,,,
,,,,,32068,4.0,4,,,,,,,,
,,,,,32071,3.0,3,,,,,,,,
,,,,,32075,4.0,4,,,,,,,,
,,,,,32081,6.0,6,,,,,,,,
,,,,,32087,6.0,6,,,,,,,,
,,,,,32092,5.0,5,,,,,,,,
,,,,,32096,4.0,4,,,,,,,,
,,,,,32100,4.0,4,,,,,,,,
,,,,,32116,16.0,16,,,,,,,,
,,,,,32129,13.0,13,,,,,,,,
,,,,,32132,3.0,3,,,,,,,,
,,,,,32137,5.0,5,,,,,,,,
,,,,,32140,3.0,3,,,,,,,,
,,,,,32144,4.0,4,,,,,,,,
,,,,,32147,3.0,3,,,,,,,,
,,,,,32150,3.0,3,,,,,,,,
,,,,,32159,9.0,9,,,,,,,,
,,,,,32164,5.0,5,,,,,,,,
,,,,,32168,4.0,4,,,,,,,,
,,,,,32171,3.0,3,,,,,,,,
,,,,,32174,3.0,3,,,,,,,,
,,,,,32177,3.0,3,,,,,,,,
,,,,,32180,3.0,3,,,,,,,,
,,,,,32183,3.0,3,,,,,,,,
,,,,,32189,6.0,6,,,,,,,,
,,,,,32192,3.0,3,,,,,,,,
,,,,,32195,3.0,3,,,,,,,,
,,,,,32206,11.0,11,,,,,,,,
,,,,,32219,13.0,13,,,,,,,,
,,,,,32222,3.0,3,,,,,,,,
,,,,,32226,4.0,4,,,,,,,,
,,,,,32240,14.0,14,,,,,,,,
,,,,,32247,7.0,7,,,,,,,,
,,,,,32251,4.0,4,,,,,,,,
,,,,,32255,4.0,4,,,,,,,,
,,,,,32259,4.0,4,,,,,,,,
,,,,,32268,9.0,9,,,,,,,,
,,,,,32271,3.0,3,,,,,,,,
,,,,,32276,5.0,5,,,,,,,,
,,,,,32280,4.0,4,,,,,,,,
,,,,,32286,6.0,6,,,,,,,,
,,,,,32292,6.0,6,,,,,,,,
,,,,,32295,3.0,3,,,,,,,,
,,,,,32298,3.0,3,,,,,,,,
,,,,,32301,3.0,3,,,,,,,,
,,,,,32305,4.0,4,,,,,,,,
,,,,,32309,4.0,4,,,,,,,,
,,,,,32313,4.0,4,,,,,,,,
,,,,,32316,3.0,3,,,,,,,,
,,,,,32324,8.0,8,,,,,,,,
,,,,,32327,3.0,3,,,,,,,,
,,,,,32330,3.0,3,,,,,,,,
,,,,,32335,5.0,5,,,,,,,,
,,,,,32338,3.0,3,,,,,,,,
,,,,,32341,3.0,3,,,,,,,,
,,,,,32347,6.0,6,,,,,,,,
,,,,,32354,7.0,7,,,,,,,,
,,,,,32357,3.0,3,,,,,,,,
,,,,,32361,4.0,4,,,,,,,,
,,,,,32366,5.0,5,,,,,,,,
,,,,,32371,5.0,5,,,,,,,,
,,,,,32374,3.0,3,,,,,,,,
,,,,,32377,3.0,3,,,,,,,,
,,,,,32381,4.0,4,,,,,,,,
,,,,,32390,9.0,9,,,,,,,,
,,,,,32394,4.0,4,,,,,,,,
,,,,,32400,6.0,6,,,,,,,,
,,,,,32403,3.0,3,,,,,,,,
,,,,,32409,6.0,6,,,,,,,,
,,,,,32412,3.0,3,,,,,,,,
,,,,,32416,4.0,4,,,,,,,,
,,,,,32426,10.0,10,,,,,,,,
,,,,,32439,13.0,13,,,,,,,,
,,,,,32443,4.0,4,,,,,,,,
,,,,,32449,6.0,6,,,,,,,,
,,,,,32456,7.0,7,,,,,,,,
,,,,,32462,6.0,6,,,,,,,,
,,,,,32466,4.0,4,,,,,,,,
,,,,,32471,5.0,5,,,,,,,,
,,,,,32477,6.0,6,,,,,,,,
,,,,,32482,5.0,5,,,,,,,,
,,,,,32486,4.0,4,,,,,,,,
,,,,,32490,4.0,4,,,,,,,,
,,,,,32493,3.0,3,,,,,,,,
,,,,,32499,6.0,6,,,,,,,,
,,,,,32505,6.0,6,,,,,,,,
,,,,,32511,6.0,6,,,,,,,,
,,,,,32516,5.0,5,,,,,,,,
,,,,,32524,8.0,8,,,,,,,,
,,,,,32534,10.0,10,,,,,,,,
,,,,,32538,4.0,4,,,,,,,,
,,,,,32543,5.0,5,,,,,,,,
,,,,,32550,7.0,7,,,,,,,,
,,,,,32559,9.0,9,,,,,,,,
,,,,,32565,6.0,6,,,,,,,,
,,,,,32572,7.0,7,,,,,,,,
,,,,,32580,8.0,8,,,,,,,,
,,,,,32591,11.0,11,,,,,,,,
,,,,,32594,3.0,3,,,,,,,,
,,,,,32599,5.0,5,,,,,,,,
,,,,,32605,6.0,6,,,,,,,,
,,,,,32608,3.0,3,,,,,,,,
,,,,,32615,7.0,7,,,,,,,,
,,,,,32620,5.0,5,,,,,,,,
,,,,,32631,11.0,11,,,,,,,,
,,,,,32637,6.0,6,,,,,,,,
,,,,,32642,5.0,5,,,,,,,,
,,,,,32647,5.0,5,,,,,,,,
,,,,,32653,6.0,6,,,,,,,,
,,,,,32660,7.0,7,,,,,,,,
,,,,,32664,4.0,4,,,,,,,,
,,,,,32668,4.0,4,,,,,,,,
,,,,,32672,4.0,4,,,,,,,,
,,,,,32677,5.0,5,,,,,,,,
,,,,,32682,5.0,5,,,,,,,,
,,,,,32689,7.0,7,,,,,,,,
,,,,,32701,12.0,12,,,,,,,,
,,,,,32705,4.0,4,,,,,,,,
,,,,,32708,3.0,3,,,,,,,,
,,,,,32711,3.0,3,,,,,,,,
,,,,,32718,7.0,7,,,,,,,,
,,,,,32721,3.0,3,,,,,,,,
,,,,,32729,8.0,8,,,,,,,,
,,,,,32732,3.0,3,,,,,,,,
,,,,,32740,8.0,8,,,,,,,,
,,,,,32751,11.0,11,,,,,,,,
,,,,,32768,17.0,17,,,,,,,,
,,,,,32772,4.0,4,,,,,,,,
,,,,,32778,6.0,6,,,,,,,,
,,,,,32782,4.0,4,,,,,,,,
,,,,,32791,9.0,9,,,,,,,,
,,,,,32796,5.0,5,,,,,,,,
,,,,,32801,5.0,5,,,,,,,,
,,,,,32804,3.0,3,,,,,,,,
,,,,,32808,4.0,4,,,,,,,,
,,,,,32816,8.0,8,,,,,,,,
,,,,,32827,11.0,11,,,,,,,,
,,,,,32832,5.0,5,,,,,,,,
,,,,,32836,4.0,4,,,,,,,,
,,,,,32840,4.0,4,,,,,,,,
,,,,,32844,4.0,4,,,,,,,,
,,,,,32848,4.0,4,,,,,,,,
,,,,,32851,3.0,3,,,,,,,,
,,,,,32855,4.0,4,,,,,,,,
,,,,,32858,3.0,3,,,,,,,,
,,,,,32863,5.0,5,,,,,,,,
,,,,,32869,6.0,6,,,,,,,,
,,,,,32872,3.0,3,,,,,,,,
,,,,,32880,8.0,8,,,,,,,,
,,,,,32886,6.0,6,,,,,,,,
,,,,,32899,13.0,13,,,,,,,,
,,,,,32905,6.0,6,,,,,,,,
,,,,,32918,13.0,13,,,,,,,,
,,,,,32924,6.0,6,,,,,,,,
,,,,,32927,3.0,3,,,,,,,,
,,,,,32935,8.0,8,,,,,,,,
,,,,,32942,7.0,7,,,,,,,,
,,,,,32947,5.0,5,,,,,,,,
,,,,,32950,3.0,3,,,,,,,,
,,,,,32956,6.0,6,,,,,,,,
,,,,,32959,3.0,3,,,,,,,,
,,,,,32962,3.0,3,,,,,,,,
,,,,,32965,3.0,3,,,,,,,,
,,,,,32969,4.0,4,,,,,,,,
,,,,,32973,4.0,4,,,,,,,,
,,,,,32977,4.0,4,,,,,,,,
,,,,,32987,10.0,10,,,,,,,,
,,,,,33000,13.0,13,,,,,,,,
,,,,,33000,,,-0.06759464740753174,0.6759464740753174,2.045957565307617,5.010978698730469,5.018145561218262,0.0003,0.0003,0.1
,,,,,33020,20.0,20,,,,,,,,
,,,,,33026,6.0,6,,,,,,,,
,,,,,33036,10.0,10,,,,,,,,
,,,,,33040,4.0,4,,,,,,,,
,,,,,33052,12.0,12,,,,,,,,
,,,,,33055,3.0,3,,,,,,,,
,,,,,33058,3.0,3,,,,,,,,
,,,,,33067,9.0,9,,,,,,,,
,,,,,33075,8.0,8,,,,,,,,
,,,,,33079,4.0,4,,,,,,,,
,,,,,33086,7.0,7,,,,,,,,
,,,,,33093,7.0,7,,,,,,,,
,,,,,33096,3.0,3,,,,,,,,
,,,,,33104,8.0,8,,,,,,,,
,,,,,33109,5.0,5,,,,,,,,
,,,,,33112,3.0,3,,,,,,,,
,,,,,33120,8.0,8,,,,,,,,
,,,,,33125,5.0,5,,,,,,,,
,,,,,33135,10.0,10,,,,,,,,
,,,,,33144,9.0,9,,,,,,,,
,,,,,33151,7.0,7,,,,,,,,
,,,,,33157,6.0,6,,,,,,,,
,,,,,33166,9.0,9,,,,,,,,
,,,,,33169,3.0,3,,,,,,,,
,,,,,33172,3.0,3,,,,,,,,
,,,,,33175,3.0,3,,,,,,,,
,,,,,33185,10.0,10,,,,,,,,
,,,,,33190,5.0,5,,,,,,,,
,,,,,33201,11.0,11,,,,,,,,
,,,,,33205,4.0,4,,,,,,,,
,,,,,33218,13.0,13,,,,,,,,
,,,,,33224,6.0,6,,,,,,,,
,,,,,33229,5.0,5,,,,,,,,
,,,,,33240,11.0,11,,,,,,,,
,,,,,33243,3.0,3,,,,,,,,
,,,,,33246,3.0,3,,,,,,,,
,,,,,33249,3.0,3,,,,,,,,
,,,,,33253,4.0,4,,,,,,,,
,,,,,33256,3.0,3,,,,,,,,
,,,,,33261,5.0,5,,,,,,,,
,,,,,33269,8.0,8,,,,,,,,
,,,,,33277,8.0,8,,,,,,,,
,,,,,33282,5.0,5,,,,,,,,
,,,,,33285,3.0,3,,,,,,,,
,,,,,33289,4.0,4,,,,,,,,
,,,,,33295,6.0,6,,,,,,,,
,,,,,33299,4.0,4,,,,,,,,
,,,,,33303,4.0,4,,,,,,,,
,,,,,33308,5.0,5,,,,,,,,
,,,,,33312,4.0,4,,,,,,,,
,,,,,33317,5.0,5,,,,,,,,
,,,,,33323,6.0,6,,,,,,,,
,,,,,33326,3.0,3,,,,,,,,
,,,,,33333,7.0,7,,,,,,,,
,,,,,33342,9.0,9,,,,,,,,
,,,,,33347,5.0,5,,,,,,,,
,,,,,33352,5.0,5,,,,,,,,
,,,,,33355,3.0,3,,,,,,,,
,,,,,33365,10.0,10,,,,,,,,
,,,,,33368,3.0,3,,,,,,,,
,,,,,33371,3.0,3,,,,,,,,
,,,,,33374,3.0,3,,,,,,,,
,,,,,33382,8.0,8,,,,,,,,
,,,,,33385,3.0,3,,,,,,,,
,,,,,33390,5.0,5,,,,,,,,
,,,,,33395,5.0,5,,,,,,,,
,,,,,33399,4.0,4,,,,,,,,
,,,,,33404,5.0,5,,,,,,,,
,,,,,33414,10.0,10,,,,,,,,
,,,,,33421,7.0,7,,,,,,,,
,,,,,33424,3.0,3,,,,,,,,
,,,,,33427,3.0,3,,,,,,,,
,,,,,33430,3.0,3,,,,,,,,
,,,,,33437,7.0,7,,,,,,,,
,,,,,33441,4.0,4,,,,,,,,
,,,,,33446,5.0,5,,,,,,,,
,,,,,33450,4.0,4,,,,,,,,
,,,,,33453,3.0,3,,,,,,,,
,,,,,33459,6.0,6,,,,,,,,
,,,,,33462,3.0,3,,,,,,,,
,,,,,33474,12.0,12,,,,,,,,
,,,,,33478,4.0,4,,,,,,,,
,,,,,33488,10.0,10,,,,,,,,
,,,,,33492,4.0,4,,,,,,,,
,,,,,33495,3.0,3,,,,,,,,
,,,,,33502,7.0,7,,,,,,,,
,,,,,33511,9.0,9,,,,,,,,
,,,,,33515,4.0,4,,,,,,,,
,,,,,33523,8.0,8,,,,,,,,
,,,,,33535,12.0,12,,,,,,,,
,,,,,33540,5.0,5,,,,,,,,
,,,,,33550,10.0,10,,,,,,,,
,,,,,33556,6.0,6,,,,,,,,
,,,,,33559,3.0,3,,,,,,,,
,,,,,33567,8.0,8,,,,,,,,
,,,,,33573,6.0,6,,,,,,,,
,,,,,33582,9.0,9,,,,,,,,
,,,,,33591,9.0,9,,,,,,,,
,,,,,33594,3.0,3,,,,,,,,
,,,,,33603,9.0,9,,,,,,,,
,,,,,33608,5.0,5,,,,,,,,
,,,,,33611,3.0,3,,,,,,,,
,,,,,33615,4.0,4,,,,,,,,
,,,,,33620,5.0,5,,,,,,,,
,,,,,33628,8.0,8,,,,,,,,
,,,,,33632,4.0,4,,,,,,,,
,,,,,33637,5.0,5,,,,,,,,
,,,,,33643,6.0,6,,,,,,,,
,,,,,33650,7.0,7,,,,,,,,
,,,,,33656,6.0,6,,,,,,,,
,,,,,33664,8.0,8,,,,,,,,
,,,,,33667,3.0,3,,,,,,,,
,,,,,33679,12.0,12,,,,,,,,
,,,,,33684,5.0,5,,,,,,,,
,,,,,33693,9.0,9,,,,,,,,
,,,,,33697,4.0,4,,,,,,,,
,,,,,33700,3.0,3,,,,,,,,
,,,,,33706,6.0,6,,,,,,,,
,,,,,33710,4.0,4,,,,,,,,
,,,,,33718,8.0,8,,,,,,,,
,,,,,33723,5.0,5,,,,,,,,
,,,,,33729,6.0,6,,,,,,,,
,,,,,33732,3.0,3,,,,,,,,
,,,,,33742,10.0,10,,,,,,,,
,,,,,33747,5.0,5,,,,,,,,
,,,,,33751,4.0,4,,,,,,,,
,,,,,33755,4.0,4,,,,,,,,
,,,,,33763,8.0,8,,,,,,,,
,,,,,33777,14.0,14,,,,,,,,
,,,,,33782,5.0,5,,,,,,,,
,,,,,33789,7.0,7,,,,,,,,
,,,,,33796,7.0,7,,,,,,,,
,,,,,33802,6.0,6,,,,,,,,
,,,,,33805,3.0,3,,,,,,,,
,,,,,33808,3.0,3,,,,,,,,
,,,,,33814,6.0,6,,,,,,,,
,,,,,33818,4.0,4,,,,,,,,
,,,,,33821,3.0,3,,,,,,,,
,,,,,33824,3.0,3,,,,,,,,
,,,,,33828,4.0,4,,,,,,,,
,,,,,33834,6.0,6,,,,,,,,
,,,,,33839,5.0,5,,,,,,,,
,,,,,33850,11.0,11,,,,,,,,
,,,,,33856,6.0,6,,,,,,,,
,,,,,33865,9.0,9,,,,,,,,
,,,,,33872,7.0,7,,,,,,,,
,,,,,33877,5.0,5,,,,,,,,
,,,,,33883,6.0,6,,,,,,,,
,,,,,33900,17.0,17,,,,,,,,
,,,,,33903,3.0,3,,,,,,,,
,,,,,33906,3.0,3,,,,,,,,
,,,,,33910,4.0,4,,,,,,,,
,,,,,33914,4.0,4,,,,,,,,
,,,,,33918,4.0,4,,,,,,,,
,,,,,33921,3.0,3,,,,,,,,
,,,,,33926,5.0,5,,,,,,,,
,,,,,33930,4.0,4,,,,,,,,
,,,,,33933,3.0,3,,,,,,,,
,,,,,33938,5.0,5,,,,,,,,
,,,,,33944,6.0,6,,,,,,,,
,,,,,33949,5.0,5,,,,,,,,
,,,,,33955,6.0,6,,,,,,,,
,,,,,33958,3.0,3,,,,,,,,
,,,,,33964,6.0,6,,,,,,,,
,,,,,33970,6.0,6,,,,,,,,
,,,,,33974,4.0,4,,,,,,,,
,,,,,33980,6.0,6,,,,,,,,
,,,,,33983,3.0,3,,,,,,,,
,,,,,33991,8.0,8,,,,,,,,
,,,,,33997,6.0,6,,,,,,,,
,,,,,34000,3.0,3,,,,,,,,
,,,,,34000,,,-0.06726502627134323,0.6726502180099487,1.530709981918335,4.398168563842773,4.729969024658203,0.0003,0.0003,0.1
,,,,,34006,6.0,6,,,,,,,,
,,,,,34009,3.0,3,,,,,,,,
,,,,,34013,4.0,4,,,,,,,,
,,,,,34017,4.0,4,,,,,,,,
,,,,,34026,9.0,9,,,,,,,,
,,,,,34034,8.0,8,,,,,,,,
,,,,,34038,4.0,4,,,,,,,,
,,,,,34055,17.0,17,,,,,,,,
,,,,,34058,3.0,3,,,,,,,,
,,,,,34061,3.0,3,,,,,,,,
,,,,,34064,3.0,3,,,,,,,,
,,,,,34067,3.0,3,,,,,,,,
,,,,,34075,8.0,8,,,,,,,,
,,,,,34079,4.0,4,,,,,,,,
,,,,,34084,5.0,5,,,,,,,,
,,,,,34092,8.0,8,,,,,,,,
,,,,,34095,3.0,3,,,,,,,,
,,,,,34103,8.0,8,,,,,,,,
,,,,,34106,3.0,3,,,,,,,,
,,,,,34112,6.0,6,,,,,,,,
,,,,,34115,3.0,3,,,,,,,,
,,,,,34121,6.0,6,,,,,,,,
,,,,,34126,5.0,5,,,,,,,,
,,,,,34134,8.0,8,,,,,,,,
,,,,,34138,4.0,4,,,,,,,,
,,,,,34143,5.0,5,,,,,,,,
,,,,,34146,3.0,3,,,,,,,,
,,,,,34151,5.0,5,,,,,,,,
,,,,,34155,4.0,4,,,,,,,,
,,,,,34159,4.0,4,,,,,,,,
,,,,,34164,5.0,5,,,,,,,,
,,,,,34169,5.0,5,,,,,,,,
,,,,,34176,7.0,7,,,,,,,,
,,,,,34179,3.0,3,,,,,,,,
,,,,,34187,8.0,8,,,,,,,,
,,,,,34190,3.0,3,,,,,,,,
,,,,,34199,9.0,9,,,,,,,,
,,,,,34202,3.0,3,,,,,,,,
,,,,,34207,5.0,5,,,,,,,,
,,,,,34223,16.0,16,,,,,,,,
,,,,,34231,8.0,8,,,,,,,,
,,,,,34237,6.0,6,,,,,,,,
,,,,,34242,5.0,5,,,,,,,,
,,,,,34247,5.0,5,,,,,,,,
,,,,,34250,3.0,3,,,,,,,,
,,,,,34253,3.0,3,,,,,,,,
,,,,,34256,3.0,3,,,,,,,,
,,,,,34261,5.0,5,,,,,,,,
,,,,,34265,4.0,4,,,,,,,,
,,,,,34268,3.0,3,,,,,,,,
,,,,,34272,4.0,4,,,,,,,,
,,,,,34276,4.0,4,,,,,,,,
,,,,,34284,8.0,8,,,,,,,,
,,,,,34289,5.0,5,,,,,,,,
,,,,,34295,6.0,6,,,,,,,,
,,,,,34309,14.0,14,,,,,,,,
,,,,,34314,5.0,5,,,,,,,,
,,,,,34339,25.0,25,,,,,,,,
,,,,,34342,3.0,3,,,,,,,,
,,,,,34354,12.0,12,,,,,,,,
,,,,,34357,3.0,3,,,,,,,,
,,,,,34360,3.0,3,,,,,,,,
,,,,,34365,5.0,5,,,,,,,,
,,,,,34380,15.0,15,,,,,,,,
,,,,,34387,7.0,7,,,,,,,,
,,,,,34396,9.0,9,,,,,,,,
,,,,,34401,5.0,5,,,,,,,,
,,,,,34404,3.0,3,,,,,,,,
,,,,,34414,10.0,10,,,,,,,,
,,,,,34417,3.0,3,,,,,,,,
,,,,,34429,12.0,12,,,,,,,,
,,,,,34433,4.0,4,,,,,,,,
,,,,,34437,4.0,4,,,,,,,,
,,,,,34440,3.0,3,,,,,,,,
,,,,,34446,6.0,6,,,,,,,,
,,,,,34455,9.0,9,,,,,,,,
,,,,,34463,8.0,8,,,,,,,,
,,,,,34466,3.0,3,,,,,,,,
,,,,,34478,12.0,12,,,,,,,,
,,,,,34483,5.0,5,,,,,,,,
,,,,,34489,6.0,6,,,,,,,,
,,,,,34493,4.0,4,,,,,,,,
,,,,,34502,9.0,9,,,,,,,,
,,,,,34510,8.0,8,,,,,,,,
,,,,,34521,11.0,11,,,,,,,,
,,,,,34527,6.0,6,,,,,,,,
,,,,,34534,7.0,7,,,,,,,,
,,,,,34537,3.0,3,,,,,,,,
,,,,,34540,3.0,3,,,,,,,,
,,,,,34544,4.0,4,,,,,,,,
,,,,,34549,5.0,5,,,,,,,,
,,,,,34554,5.0,5,,,,,,,,
,,,,,34558,4.0,4,,,,,,,,
,,,,,34561,3.0,3,,,,,,,,
,,,,,34565,4.0,4,,,,,,,,
,,,,,34569,4.0,4,,,,,,,,
,,,,,34572,3.0,3,,,,,,,,
,,,,,34582,10.0,10,,,,,,,,
,,,,,34585,3.0,3,,,,,,,,
,,,,,34589,4.0,4,,,,,,,,
,,,,,34595,6.0,6,,,,,,,,
,,,,,34601,6.0,6,,,,,,,,
,,,,,34604,3.0,3,,,,,,,,
,,,,,34620,16.0,16,,,,,,,,
,,,,,34647,27.0,27,,,,,,,,
,,,,,34650,3.0,3,,,,,,,,
,,,,,34656,6.0,6,,,,,,,,
,,,,,34659,3.0,3,,,,,,,,
,,,,,34666,7.0,7,,,,,,,,
,,,,,34669,3.0,3,,,,,,,,
,,,,,34672,3.0,3,,,,,,,,
,,,,,34676,4.0,4,,,,,,,,
,,,,,34679,3.0,3,,,,,,,,
,,,,,34685,6.0,6,,,,,,,,
,,,,,34689,4.0,4,,,,,,,,
,,,,,34692,3.0,3,,,,,,,,
,,,,,34699,7.0,7,,,,,,,,
,,,,,34702,3.0,3,,,,,,,,
,,,,,34706,4.0,4,,,,,,,,
,,,,,34711,5.0,5,,,,,,,,
,,,,,34720,9.0,9,,,,,,,,
,,,,,34724,4.0,4,,,,,,,,
,,,,,34728,4.0,4,,,,,,,,
,,,,,34737,9.0,9,,,,,,,,
,,,,,34744,7.0,7,,,,,,,,
,,,,,34753,9.0,9,,,,,,,,
,,,,,34756,3.0,3,,,,,,,,
,,,,,34765,9.0,9,,,,,,,,
,,,,,34774,9.0,9,,,,,,,,
,,,,,34777,3.0,3,,,,,,,,
,,,,,34781,4.0,4,,,,,,,,
,,,,,34784,3.0,3,,,,,,,,
,,,,,34788,4.0,4,,,,,,,,
,,,,,34793,5.0,5,,,,,,,,
,,,,,34798,5.0,5,,,,,,,,
,,,,,34813,15.0,15,,,,,,,,
,,,,,34829,16.0,16,,,,,,,,
,,,,,34833,4.0,4,,,,,,,,
,,,,,34838,5.0,5,,,,,,,,
,,,,,34844,6.0,6,,,,,,,,
,,,,,34849,5.0,5,,,,,,,,
,,,,,34856,7.0,7,,,,,,,,
,,,,,34864,8.0,8,,,,,,,,
,,,,,34868,4.0,4,,,,,,,,
,,,,,34873,5.0,5,,,,,,,,
,,,,,34887,14.0,14,,,,,,,,
,,,,,34895,8.0,8,,,,,,,,
,,,,,34899,4.0,4,,,,,,,,
,,,,,34902,3.0,3,,,,,,,,
,,,,,34908,6.0,6,,,,,,,,
,,,,,34912,4.0,4,,,,,,,,
,,,,,34918,6.0,6,,,,,,,,
,,,,,34928,10.0,10,,,,,,,,
,,,,,34931,3.0,3,,,,,,,,
,,,,,34935,4.0,4,,,,,,,,
,,,,,34939,4.0,4,,,,,,,,
,,,,,34945,6.0,6,,,,,,,,
,,,,,34953,8.0,8,,,,,,,,
,,,,,34959,6.0,6,,,,,,,,
,,,,,34964,5.0,5,,,,,,,,
,,,,,34970,6.0,6,,,,,,,,
,,,,,34987,17.0,17,,,,,,,,
,,,,,34990,3.0,3,,,,,,,,
,,,,,34995,5.0,5,,,,,,,,
4.7,1.2688577,6.0,3.0,4.7,35000,,,-0.0673454999923706,0.673454999923706,1.7053875923156738,4.27910041809082,4.441778182983398,0.0003,0.0003,0.1
,,,,,35001,6.0,6,,,,,,,,
,,,,,35010,9.0,9,,,,,,,,
,,,,,35021,11.0,11,,,,,,,,
,,,,,35028,7.0,7,,,,,,,,
,,,,,35034,6.0,6,,,,,,,,
,,,,,35038,4.0,4,,,,,,,,
,,,,,35043,5.0,5,,,,,,,,
,,,,,35049,6.0,6,,,,,,,,
,,,,,35054,5.0,5,,,,,,,,
,,,,,35062,8.0,8,,,,,,,,
,,,,,35065,3.0,3,,,,,,,,
,,,,,35073,8.0,8,,,,,,,,
,,,,,35080,7.0,7,,,,,,,,
,,,,,35088,8.0,8,,,,,,,,
,,,,,35091,3.0,3,,,,,,,,
,,,,,35096,5.0,5,,,,,,,,
,,,,,35107,11.0,11,,,,,,,,
,,,,,35112,5.0,5,,,,,,,,
,,,,,35116,4.0,4,,,,,,,,
,,,,,35119,3.0,3,,,,,,,,
,,,,,35125,6.0,6,,,,,,,,
,,,,,35130,5.0,5,,,,,,,,
,,,,,35136,6.0,6,,,,,,,,
,,,,,35162,26.0,26,,,,,,,,
,,,,,35171,9.0,9,,,,,,,,
,,,,,35178,7.0,7,,,,,,,,
,,,,,35184,6.0,6,,,,,,,,
,,,,,35187,3.0,3,,,,,,,,
,,,,,35191,4.0,4,,,,,,,,
,,,,,35195,4.0,4,,,,,,,,
,,,,,35198,3.0,3,,,,,,,,
,,,,,35202,4.0,4,,,,,,,,
,,,,,35211,9.0,9,,,,,,,,
,,,,,35218,7.0,7,,,,,,,,
,,,,,35224,6.0,6,,,,,,,,
,,,,,35239,15.0,15,,,,,,,,
,,,,,35244,5.0,5,,,,,,,,
,,,,,35248,4.0,4,,,,,,,,
,,,,,35253,5.0,5,,,,,,,,
,,,,,35257,4.0,4,,,,,,,,
,,,,,35266,9.0,9,,,,,,,,
,,,,,35272,6.0,6,,,,,,,,
,,,,,35279,7.0,7,,,,,,,,
,,,,,35284,5.0,5,,,,,,,,
,,,,,35289,5.0,5,,,,,,,,
,,,,,35292,3.0,3,,,,,,,,
,,,,,35296,4.0,4,,,,,,,,
,,,,,35300,4.0,4,,,,,,,,
,,,,,35303,3.0,3,,,,,,,,
,,,,,35309,6.0,6,,,,,,,,
,,,,,35317,8.0,8,,,,,,,,
,,,,,35324,7.0,7,,,,,,,,
,,,,,35331,7.0,7,,,,,,,,
,,,,,35342,11.0,11,,,,,,,,
,,,,,35345,3.0,3,,,,,,,,
,,,,,35348,3.0,3,,,,,,,,
,,,,,35351,3.0,3,,,,,,,,
,,,,,35354,3.0,3,,,,,,,,
,,,,,35358,4.0,4,,,,,,,,
,,,,,35367,9.0,9,,,,,,,,
,,,,,35380,13.0,13,,,,,,,,
,,,,,35384,4.0,4,,,,,,,,
,,,,,35394,10.0,10,,,,,,,,
,,,,,35398,4.0,4,,,,,,,,
,,,,,35403,5.0,5,,,,,,,,
,,,,,35411,8.0,8,,,,,,,,
,,,,,35414,3.0,3,,,,,,,,
,,,,,35418,4.0,4,,,,,,,,
,,,,,35421,3.0,3,,,,,,,,
,,,,,35426,5.0,5,,,,,,,,
,,,,,35436,10.0,10,,,,,,,,
,,,,,35440,4.0,4,,,,,,,,
,,,,,35443,3.0,3,,,,,,,,
,,,,,35447,4.0,4,,,,,,,,
,,,,,35453,6.0,6,,,,,,,,
,,,,,35456,3.0,3,,,,,,,,
,,,,,35461,5.0,5,,,,,,,,
,,,,,35464,3.0,3,,,,,,,,
,,,,,35470,6.0,6,,,,,,,,
,,,,,35475,5.0,5,,,,,,,,
,,,,,35480,5.0,5,,,,,,,,
,,,,,35486,6.0,6,,,,,,,,
,,,,,35489,3.0,3,,,,,,,,
,,,,,35495,6.0,6,,,,,,,,
,,,,,35507,12.0,12,,,,,,,,
,,,,,35511,4.0,4,,,,,,,,
,,,,,35516,5.0,5,,,,,,,,
,,,,,35519,3.0,3,,,,,,,,
,,,,,35524,5.0,5,,,,,,,,
,,,,,35529,5.0,5,,,,,,,,
,,,,,35532,3.0,3,,,,,,,,
,,,,,35542,10.0,10,,,,,,,,
,,,,,35551,9.0,9,,,,,,,,
,,,,,35557,6.0,6,,,,,,,,
,,,,,35563,6.0,6,,,,,,,,
,,,,,35567,4.0,4,,,,,,,,
,,,,,35570,3.0,3,,,,,,,,
,,,,,35575,5.0,5,,,,,,,,
,,,,,35578,3.0,3,,,,,,,,
,,,,,35583,5.0,5,,,,,,,,
,,,,,35586,3.0,3,,,,,,,,
,,,,,35589,3.0,3,,,,,,,,
,,,,,35592,3.0,3,,,,,,,,
,,,,,35595,3.0,3,,,,,,,,
,,,,,35601,6.0,6,,,,,,,,
,,,,,35605,4.0,4,,,,,,,,
,,,,,35609,4.0,4,,,,,,,,
,,,,,35613,4.0,4,,,,,,,,
,,,,,35616,3.0,3,,,,,,,,
,,,,,35623,7.0,7,,,,,,,,
,,,,,35633,10.0,10,,,,,,,,
,,,,,35638,5.0,5,,,,,,,,
,,,,,35645,7.0,7,,,,,,,,
,,,,,35660,15.0,15,,,,,,,,
,,,,,35663,3.0,3,,,,,,,,
,,,,,35667,4.0,4,,,,,,,,
,,,,,35674,7.0,7,,,,,,,,
,,,,,35677,3.0,3,,,,,,,,
,,,,,35680,3.0,3,,,,,,,,
,,,,,35684,4.0,4,,,,,,,,
,,,,,35687,3.0,3,,,,,,,,
,,,,,35699,12.0,12,,,,,,,,
,,,,,35704,5.0,5,,,,,,,,
,,,,,35713,9.0,9,,,,,,,,
,,,,,35720,7.0,7,,,,,,,,
,,,,,35731,11.0,11,,,,,,,,
,,,,,35735,4.0,4,,,,,,,,
,,,,,35738,3.0,3,,,,,,,,
,,,,,35741,3.0,3,,,,,,,,
,,,,,35750,9.0,9,,,,,,,,
,,,,,35753,3.0,3,,,,,,,,
,,,,,35757,4.0,4,,,,,,,,
,,,,,35765,8.0,8,,,,,,,,
,,,,,35781,16.0,16,,,,,,,,
,,,,,35784,3.0,3,,,,,,,,
,,,,,35787,3.0,3,,,,,,,,
,,,,,35792,5.0,5,,,,,,,,
,,,,,35796,4.0,4,,,,,,,,
,,,,,35802,6.0,6,,,,,,,,
,,,,,35805,3.0,3,,,,,,,,
,,,,,35809,4.0,4,,,,,,,,
,,,,,35812,3.0,3,,,,,,,,
,,,,,35815,3.0,3,,,,,,,,
,,,,,35823,8.0,8,,,,,,,,
,,,,,35838,15.0,15,,,,,,,,
,,,,,35843,5.0,5,,,,,,,,
,,,,,35850,7.0,7,,,,,,,,
,,,,,35857,7.0,7,,,,,,,,
,,,,,35860,3.0,3,,,,,,,,
,,,,,35865,5.0,5,,,,,,,,
,,,,,35872,7.0,7,,,,,,,,
,,,,,35875,3.0,3,,,,,,,,
,,,,,35884,9.0,9,,,,,,,,
,,,,,35887,3.0,3,,,,,,,,
,,,,,35891,4.0,4,,,,,,,,
,,,,,35895,4.0,4,,,,,,,,
,,,,,35898,3.0,3,,,,,,,,
,,,,,35903,5.0,5,,,,,,,,
,,,,,35907,4.0,4,,,,,,,,
,,,,,35913,6.0,6,,,,,,,,
,,,,,35916,3.0,3,,,,,,,,
,,,,,35919,3.0,3,,,,,,,,
,,,,,35922,3.0,3,,,,,,,,
,,,,,35928,6.0,6,,,,,,,,
,,,,,35933,5.0,5,,,,,,,,
,,,,,35936,3.0,3,,,,,,,,
,,,,,35942,6.0,6,,,,,,,,
,,,,,35945,3.0,3,,,,,,,,
,,,,,35948,3.0,3,,,,,,,,
,,,,,35953,5.0,5,,,,,,,,
,,,,,35956,3.0,3,,,,,,,,
,,,,,35970,14.0,14,,,,,,,,
,,,,,35976,6.0,6,,,,,,,,
,,,,,35984,8.0,8,,,,,,,,
,,,,,35987,3.0,3,,,,,,,,
,,,,,35993,6.0,6,,,,,,,,
,,,,,35997,4.0,4,,,,,,,,
,,,,,36000,,,-0.06946468353271484,0.6946468353271484,1.8604822158813477,4.543937683105469,4.801105499267578,0.0003,0.0003,0.1
,,,,,36003,6.0,6,,,,,,,,
,,,,,36006,3.0,3,,,,,,,,
,,,,,36009,3.0,3,,,,,,,,
,,,,,36013,4.0,4,,,,,,,,
,,,,,36018,5.0,5,,,,,,,,
,,,,,36022,4.0,4,,,,,,,,
,,,,,36030,8.0,8,,,,,,,,
,,,,,36034,4.0,4,,,,,,,,
,,,,,36039,5.0,5,,,,,,,,
,,,,,36044,5.0,5,,,,,,,,
,,,,,36057,13.0,13,,,,,,,,
,,,,,36064,7.0,7,,,,,,,,
,,,,,36068,4.0,4,,,,,,,,
,,,,,36075,7.0,7,,,,,,,,
,,,,,36081,6.0,6,,,,,,,,
,,,,,36087,6.0,6,,,,,,,,
,,,,,36090,3.0,3,,,,,,,,
,,,,,36094,4.0,4,,,,,,,,
,,,,,36099,5.0,5,,,,,,,,
,,,,,36103,4.0,4,,,,,,,,
,,,,,36116,13.0,13,,,,,,,,
,,,,,36124,8.0,8,,,,,,,,
,,,,,36131,7.0,7,,,,,,,,
,,,,,36136,5.0,5,,,,,,,,
,,,,,36140,4.0,4,,,,,,,,
,,,,,36151,11.0,11,,,,,,,,
,,,,,36161,10.0,10,,,,,,,,
,,,,,36165,4.0,4,,,,,,,,
,,,,,36170,5.0,5,,,,,,,,
,,,,,36180,10.0,10,,,,,,,,
,,,,,36184,4.0,4,,,,,,,,
,,,,,36191,7.0,7,,,,,,,,
,,,,,36195,4.0,4,,,,,,,,
,,,,,36201,6.0,6,,,,,,,,
,,,,,36207,6.0,6,,,,,,,,
,,,,,36213,6.0,6,,,,,,,,
,,,,,36227,14.0,14,,,,,,,,
,,,,,36234,7.0,7,,,,,,,,
,,,,,36246,12.0,12,,,,,,,,
,,,,,36252,6.0,6,,,,,,,,
,,,,,36257,5.0,5,,,,,,,,
,,,,,36261,4.0,4,,,,,,,,
,,,,,36264,3.0,3,,,,,,,,
,,,,,36269,5.0,5,,,,,,,,
,,,,,36273,4.0,4,,,,,,,,
,,,,,36279,6.0,6,,,,,,,,
,,,,,36283,4.0,4,,,,,,,,
,,,,,36289,6.0,6,,,,,,,,
,,,,,36293,4.0,4,,,,,,,,
,,,,,36296,3.0,3,,,,,,,,
,,,,,36301,5.0,5,,,,,,,,
,,,,,36312,11.0,11,,,,,,,,
,,,,,36315,3.0,3,,,,,,,,
,,,,,36322,7.0,7,,,,,,,,
,,,,,36326,4.0,4,,,,,,,,
,,,,,36331,5.0,5,,,,,,,,
,,,,,36335,4.0,4,,,,,,,,
,,,,,36338,3.0,3,,,,,,,,
,,,,,36348,10.0,10,,,,,,,,
,,,,,36351,3.0,3,,,,,,,,
,,,,,36360,9.0,9,,,,,,,,
,,,,,36364,4.0,4,,,,,,,,
,,,,,36367,3.0,3,,,,,,,,
,,,,,36371,4.0,4,,,,,,,,
,,,,,36378,7.0,7,,,,,,,,
,,,,,36388,10.0,10,,,,,,,,
,,,,,36391,3.0,3,,,,,,,,
,,,,,36402,11.0,11,,,,,,,,
,,,,,36405,3.0,3,,,,,,,,
,,,,,36408,3.0,3,,,,,,,,
,,,,,36411,3.0,3,,,,,,,,
,,,,,36415,4.0,4,,,,,,,,
,,,,,36419,4.0,4,,,,,,,,
,,,,,36427,8.0,8,,,,,,,,
,,,,,36439,12.0,12,,,,,,,,
,,,,,36444,5.0,5,,,,,,,,
,,,,,36450,6.0,6,,,,,,,,
,,,,,36461,11.0,11,,,,,,,,
,,,,,36465,4.0,4,,,,,,,,
,,,,,36468,3.0,3,,,,,,,,
,,,,,36471,3.0,3,,,,,,,,
,,,,,36474,3.0,3,,,,,,,,
,,,,,36479,5.0,5,,,,,,,,
,,,,,36488,9.0,9,,,,,,,,
,,,,,36495,7.0,7,,,,,,,,
,,,,,36499,4.0,4,,,,,,,,
,,,,,36509,10.0,10,,,,,,,,
,,,,,36516,7.0,7,,,,,,,,
,,,,,36519,3.0,3,,,,,,,,
,,,,,36525,6.0,6,,,,,,,,
,,,,,36537,12.0,12,,,,,,,,
,,,,,36549,12.0,12,,,,,,,,
,,,,,36552,3.0,3,,,,,,,,
,,,,,36557,5.0,5,,,,,,,,
,,,,,36560,3.0,3,,,,,,,,
,,,,,36587,27.0,27,,,,,,,,
,,,,,36591,4.0,4,,,,,,,,
,,,,,36596,5.0,5,,,,,,,,
,,,,,36600,4.0,4,,,,,,,,
,,,,,36605,5.0,5,,,,,,,,
,,,,,36608,3.0,3,,,,,,,,
,,,,,36612,4.0,4,,,,,,,,
,,,,,36619,7.0,7,,,,,,,,
,,,,,36623,4.0,4,,,,,,,,
,,,,,36626,3.0,3,,,,,,,,
,,,,,36630,4.0,4,,,,,,,,
,,,,,36633,3.0,3,,,,,,,,
,,,,,36636,3.0,3,,,,,,,,
,,,,,36639,3.0,3,,,,,,,,
,,,,,36651,12.0,12,,,,,,,,
,,,,,36660,9.0,9,,,,,,,,
,,,,,36665,5.0,5,,,,,,,,
,,,,,36670,5.0,5,,,,,,,,
,,,,,36675,5.0,5,,,,,,,,
,,,,,36682,7.0,7,,,,,,,,
,,,,,36685,3.0,3,,,,,,,,
,,,,,36689,4.0,4,,,,,,,,
,,,,,36693,4.0,4,,,,,,,,
,,,,,36697,4.0,4,,,,,,,,
,,,,,36703,6.0,6,,,,,,,,
,,,,,36713,10.0,10,,,,,,,,
,,,,,36717,4.0,4,,,,,,,,
,,,,,36721,4.0,4,,,,,,,,
,,,,,36733,12.0,12,,,,,,,,
,,,,,36743,10.0,10,,,,,,,,
,,,,,36758,15.0,15,,,,,,,,
,,,,,36762,4.0,4,,,,,,,,
,,,,,36769,7.0,7,,,,,,,,
,,,,,36773,4.0,4,,,,,,,,
,,,,,36778,5.0,5,,,,,,,,
,,,,,36788,10.0,10,,,,,,,,
,,,,,36796,8.0,8,,,,,,,,
,,,,,36801,5.0,5,,,,,,,,
,,,,,36810,9.0,9,,,,,,,,
,,,,,36817,7.0,7,,,,,,,,
,,,,,36823,6.0,6,,,,,,,,
,,,,,36826,3.0,3,,,,,,,,
,,,,,36830,4.0,4,,,,,,,,
,,,,,36833,3.0,3,,,,,,,,
,,,,,36838,5.0,5,,,,,,,,
,,,,,36844,6.0,6,,,,,,,,
,,,,,36848,4.0,4,,,,,,,,
,,,,,36853,5.0,5,,,,,,,,
,,,,,36866,13.0,13,,,,,,,,
,,,,,36872,6.0,6,,,,,,,,
,,,,,36876,4.0,4,,,,,,,,
,,,,,36889,13.0,13,,,,,,,,
,,,,,36893,4.0,4,,,,,,,,
,,,,,36897,4.0,4,,,,,,,,
,,,,,36901,4.0,4,,,,,,,,
,,,,,36908,7.0,7,,,,,,,,
,,,,,36911,3.0,3,,,,,,,,
,,,,,36917,6.0,6,,,,,,,,
,,,,,36922,5.0,5,,,,,,,,
,,,,,36926,4.0,4,,,,,,,,
,,,,,36933,7.0,7,,,,,,,,
,,,,,36937,4.0,4,,,,,,,,
,,,,,36941,4.0,4,,,,,,,,
,,,,,36945,4.0,4,,,,,,,,
,,,,,36951,6.0,6,,,,,,,,
,,,,,36966,15.0,15,,,,,,,,
,,,,,36969,3.0,3,,,,,,,,
,,,,,36974,5.0,5,,,,,,,,
,,,,,36978,4.0,4,,,,,,,,
,,,,,36982,4.0,4,,,,,,,,
,,,,,36986,4.0,4,,,,,,,,
,,,,,36994,8.0,8,,,,,,,,
,,,,,36998,4.0,4,,,,,,,,
,,,,,37000,,,-0.06982841342687607,0.6982841491699219,2.032482624053955,4.8737359046936035,4.890139579772949,0.0003,0.0003,0.1
,,,,,37007,9.0,9,,,,,,,,
,,,,,37011,4.0,4,,,,,,,,
,,,,,37014,3.0,3,,,,,,,,
,,,,,37024,10.0,10,,,,,,,,
,,,,,37029,5.0,5,,,,,,,,
,,,,,37035,6.0,6,,,,,,,,
,,,,,37043,8.0,8,,,,,,,,
,,,,,37047,4.0,4,,,,,,,,
,,,,,37050,3.0,3,,,,,,,,
,,,,,37054,4.0,4,,,,,,,,
,,,,,37058,4.0,4,,,,,,,,
,,,,,37067,9.0,9,,,,,,,,
,,,,,37070,3.0,3,,,,,,,,
,,,,,37073,3.0,3,,,,,,,,
,,,,,37081,8.0,8,,,,,,,,
,,,,,37090,9.0,9,,,,,,,,
,,,,,37093,3.0,3,,,,,,,,
,,,,,37098,5.0,5,,,,,,,,
,,,,,37104,6.0,6,,,,,,,,
,,,,,37110,6.0,6,,,,,,,,
,,,,,37114,4.0,4,,,,,,,,
,,,,,37117,3.0,3,,,,,,,,
,,,,,37120,3.0,3,,,,,,,,
,,,,,37125,5.0,5,,,,,,,,
,,,,,37131,6.0,6,,,,,,,,
,,,,,37134,3.0,3,,,,,,,,
,,,,,37138,4.0,4,,,,,,,,
,,,,,37144,6.0,6,,,,,,,,
,,,,,37147,3.0,3,,,,,,,,
,,,,,37159,12.0,12,,,,,,,,
,,,,,37165,6.0,6,,,,,,,,
,,,,,37174,9.0,9,,,,,,,,
,,,,,37177,3.0,3,,,,,,,,
,,,,,37182,5.0,5,,,,,,,,
,,,,,37186,4.0,4,,,,,,,,
,,,,,37194,8.0,8,,,,,,,,
,,,,,37208,14.0,14,,,,,,,,
,,,,,37212,4.0,4,,,,,,,,
,,,,,37215,3.0,3,,,,,,,,
,,,,,37224,9.0,9,,,,,,,,
,,,,,37230,6.0,6,,,,,,,,
,,,,,37233,3.0,3,,,,,,,,
,,,,,37236,3.0,3,,,,,,,,
,,,,,37239,3.0,3,,,,,,,,
,,,,,37243,4.0,4,,,,,,,,
,,,,,37247,4.0,4,,,,,,,,
,,,,,37253,6.0,6,,,,,,,,
,,,,,37260,7.0,7,,,,,,,,
,,,,,37264,4.0,4,,,,,,,,
,,,,,37269,5.0,5,,,,,,,,
,,,,,37274,5.0,5,,,,,,,,
,,,,,37278,4.0,4,,,,,,,,
,,,,,37283,5.0,5,,,,,,,,
,,,,,37286,3.0,3,,,,,,,,
,,,,,37297,11.0,11,,,,,,,,
,,,,,37301,4.0,4,,,,,,,,
,,,,,37304,3.0,3,,,,,,,,
,,,,,37312,8.0,8,,,,,,,,
,,,,,37315,3.0,3,,,,,,,,
,,,,,37330,15.0,15,,,,,,,,
,,,,,37333,3.0,3,,,,,,,,
,,,,,37338,5.0,5,,,,,,,,
,,,,,37342,4.0,4,,,,,,,,
,,,,,37353,11.0,11,,,,,,,,
,,,,,37358,5.0,5,,,,,,,,
,,,,,37362,4.0,4,,,,,,,,
,,,,,37366,4.0,4,,,,,,,,
,,,,,37370,4.0,4,,,,,,,,
,,,,,37373,3.0,3,,,,,,,,
,,,,,37386,13.0,13,,,,,,,,
,,,,,37394,8.0,8,,,,,,,,
,,,,,37397,3.0,3,,,,,,,,
,,,,,37414,17.0,17,,,,,,,,
,,,,,37421,7.0,7,,,,,,,,
,,,,,37426,5.0,5,,,,,,,,
,,,,,37432,6.0,6,,,,,,,,
,,,,,37440,8.0,8,,,,,,,,
,,,,,37443,3.0,3,,,,,,,,
,,,,,37451,8.0,8,,,,,,,,
,,,,,37457,6.0,6,,,,,,,,
,,,,,37461,4.0,4,,,,,,,,
,,,,,37467,6.0,6,,,,,,,,
,,,,,37480,13.0,13,,,,,,,,
,,,,,37487,7.0,7,,,,,,,,
,,,,,37495,8.0,8,,,,,,,,
,,,,,37504,9.0,9,,,,,,,,
,,,,,37508,4.0,4,,,,,,,,
,,,,,37512,4.0,4,,,,,,,,
,,,,,37517,5.0,5,,,,,,,,
,,,,,37521,4.0,4,,,,,,,,
,,,,,37526,5.0,5,,,,,,,,
,,,,,37531,5.0,5,,,,,,,,
,,,,,37545,14.0,14,,,,,,,,
,,,,,37548,3.0,3,,,,,,,,
,,,,,37551,3.0,3,,,,,,,,
,,,,,37554,3.0,3,,,,,,,,
,,,,,37557,3.0,3,,,,,,,,
,,,,,37569,12.0,12,,,,,,,,
,,,,,37572,3.0,3,,,,,,,,
,,,,,37575,3.0,3,,,,,,,,
,,,,,37581,6.0,6,,,,,,,,
,,,,,37585,4.0,4,,,,,,,,
,,,,,37591,6.0,6,,,,,,,,
,,,,,37601,10.0,10,,,,,,,,
,,,,,37604,3.0,3,,,,,,,,
,,,,,37608,4.0,4,,,,,,,,
,,,,,37612,4.0,4,,,,,,,,
,,,,,37617,5.0,5,,,,,,,,
,,,,,37622,5.0,5,,,,,,,,
,,,,,37636,14.0,14,,,,,,,,
,,,,,37639,3.0,3,,,,,,,,
,,,,,37657,18.0,18,,,,,,,,
,,,,,37661,4.0,4,,,,,,,,
,,,,,37664,3.0,3,,,,,,,,
,,,,,37668,4.0,4,,,,,,,,
,,,,,37673,5.0,5,,,,,,,,
,,,,,37679,6.0,6,,,,,,,,
,,,,,37685,6.0,6,,,,,,,,
,,,,,37689,4.0,4,,,,,,,,
,,,,,37693,4.0,4,,,,,,,,
,,,,,37698,5.0,5,,,,,,,,
,,,,,37702,4.0,4,,,,,,,,
,,,,,37707,5.0,5,,,,,,,,
,,,,,37710,3.0,3,,,,,,,,
,,,,,37721,11.0,11,,,,,,,,
,,,,,37727,6.0,6,,,,,,,,
,,,,,37731,4.0,4,,,,,,,,
,,,,,37740,9.0,9,,,,,,,,
,,,,,37744,4.0,4,,,,,,,,
,,,,,37753,9.0,9,,,,,,,,
,,,,,37756,3.0,3,,,,,,,,
,,,,,37760,4.0,4,,,,,,,,
,,,,,37764,4.0,4,,,,,,,,
,,,,,37772,8.0,8,,,,,,,,
,,,,,37776,4.0,4,,,,,,,,
,,,,,37780,4.0,4,,,,,,,,
,,,,,37788,8.0,8,,,,,,,,
,,,,,37791,3.0,3,,,,,,,,
,,,,,37811,20.0,20,,,,,,,,
,,,,,37814,3.0,3,,,,,,,,
,,,,,37817,3.0,3,,,,,,,,
,,,,,37826,9.0,9,,,,,,,,
,,,,,37832,6.0,6,,,,,,,,
,,,,,37839,7.0,7,,,,,,,,
,,,,,37842,3.0,3,,,,,,,,
,,,,,37847,5.0,5,,,,,,,,
,,,,,37857,10.0,10,,,,,,,,
,,,,,37860,3.0,3,,,,,,,,
,,,,,37864,4.0,4,,,,,,,,
,,,,,37868,4.0,4,,,,,,,,
,,,,,37873,5.0,5,,,,,,,,
,,,,,37880,7.0,7,,,,,,,,
,,,,,37884,4.0,4,,,,,,,,
,,,,,37888,4.0,4,,,,,,,,
,,,,,37891,3.0,3,,,,,,,,
,,,,,37896,5.0,5,,,,,,,,
,,,,,37899,3.0,3,,,,,,,,
,,,,,37902,3.0,3,,,,,,,,
,,,,,37906,4.0,4,,,,,,,,
,,,,,37910,4.0,4,,,,,,,,
,,,,,37921,11.0,11,,,,,,,,
,,,,,37938,17.0,17,,,,,,,,
,,,,,37941,3.0,3,,,,,,,,
,,,,,37947,6.0,6,,,,,,,,
,,,,,37950,3.0,3,,,,,,,,
,,,,,37957,7.0,7,,,,,,,,
,,,,,37961,4.0,4,,,,,,,,
,,,,,37972,11.0,11,,,,,,,,
,,,,,37977,5.0,5,,,,,,,,
,,,,,37985,8.0,8,,,,,,,,
,,,,,37990,5.0,5,,,,,,,,
,,,,,37993,3.0,3,,,,,,,,
,,,,,38000,7.0,7,,,,,,,,
,,,,,38000,,,-0.06830598413944244,0.683059811592102,1.8848903179168701,4.818771839141846,4.809933662414551,0.0003,0.0003,0.1
,,,,,38003,3.0,3,,,,,,,,
,,,,,38014,11.0,11,,,,,,,,
,,,,,38024,10.0,10,,,,,,,,
,,,,,38028,4.0,4,,,,,,,,
,,,,,38033,5.0,5,,,,,,,,
,,,,,38036,3.0,3,,,,,,,,
,,,,,38040,4.0,4,,,,,,,,
,,,,,38052,12.0,12,,,,,,,,
,,,,,38058,6.0,6,,,,,,,,
,,,,,38062,4.0,4,,,,,,,,
,,,,,38065,3.0,3,,,,,,,,
,,,,,38069,4.0,4,,,,,,,,
,,,,,38073,4.0,4,,,,,,,,
,,,,,38077,4.0,4,,,,,,,,
,,,,,38080,3.0,3,,,,,,,,
,,,,,38083,3.0,3,,,,,,,,
,,,,,38089,6.0,6,,,,,,,,
,,,,,38096,7.0,7,,,,,,,,
,,,,,38099,3.0,3,,,,,,,,
,,,,,38102,3.0,3,,,,,,,,
,,,,,38108,6.0,6,,,,,,,,
,,,,,38112,4.0,4,,,,,,,,
,,,,,38115,3.0,3,,,,,,,,
,,,,,38127,12.0,12,,,,,,,,
,,,,,38130,3.0,3,,,,,,,,
,,,,,38134,4.0,4,,,,,,,,
,,,,,38137,3.0,3,,,,,,,,
,,,,,38141,4.0,4,,,,,,,,
,,,,,38146,5.0,5,,,,,,,,
,,,,,38149,3.0,3,,,,,,,,
,,,,,38152,3.0,3,,,,,,,,
,,,,,38165,13.0,13,,,,,,,,
,,,,,38168,3.0,3,,,,,,,,
,,,,,38175,7.0,7,,,,,,,,
,,,,,38179,4.0,4,,,,,,,,
,,,,,38187,8.0,8,,,,,,,,
,,,,,38191,4.0,4,,,,,,,,
,,,,,38197,6.0,6,,,,,,,,
,,,,,38202,5.0,5,,,,,,,,
,,,,,38206,4.0,4,,,,,,,,
,,,,,38209,3.0,3,,,,,,,,
,,,,,38212,3.0,3,,,,,,,,
,,,,,38216,4.0,4,,,,,,,,
,,,,,38221,5.0,5,,,,,,,,
,,,,,38230,9.0,9,,,,,,,,
,,,,,38235,5.0,5,,,,,,,,
,,,,,38240,5.0,5,,,,,,,,
,,,,,38244,4.0,4,,,,,,,,
,,,,,38247,3.0,3,,,,,,,,
,,,,,38262,15.0,15,,,,,,,,
,,,,,38265,3.0,3,,,,,,,,
,,,,,38270,5.0,5,,,,,,,,
,,,,,38273,3.0,3,,,,,,,,
,,,,,38278,5.0,5,,,,,,,,
,,,,,38287,9.0,9,,,,,,,,
,,,,,38293,6.0,6,,,,,,,,
,,,,,38299,6.0,6,,,,,,,,
,,,,,38309,10.0,10,,,,,,,,
,,,,,38317,8.0,8,,,,,,,,
,,,,,38329,12.0,12,,,,,,,,
,,,,,38335,6.0,6,,,,,,,,
,,,,,38340,5.0,5,,,,,,,,
,,,,,38350,10.0,10,,,,,,,,
,,,,,38354,4.0,4,,,,,,,,
,,,,,38359,5.0,5,,,,,,,,
,,,,,38363,4.0,4,,,,,,,,
,,,,,38366,3.0,3,,,,,,,,
,,,,,38369,3.0,3,,,,,,,,
,,,,,38375,6.0,6,,,,,,,,
,,,,,38386,11.0,11,,,,,,,,
,,,,,38390,4.0,4,,,,,,,,
,,,,,38400,10.0,10,,,,,,,,
,,,,,38406,6.0,6,,,,,,,,
,,,,,38409,3.0,3,,,,,,,,
,,,,,38417,8.0,8,,,,,,,,
,,,,,38421,4.0,4,,,,,,,,
,,,,,38429,8.0,8,,,,,,,,
,,,,,38433,4.0,4,,,,,,,,
,,,,,38440,7.0,7,,,,,,,,
,,,,,38449,9.0,9,,,,,,,,
,,,,,38453,4.0,4,,,,,,,,
,,,,,38460,7.0,7,,,,,,,,
,,,,,38466,6.0,6,,,,,,,,
,,,,,38472,6.0,6,,,,,,,,
,,,,,38476,4.0,4,,,,,,,,
,,,,,38482,6.0,6,,,,,,,,
,,,,,38486,4.0,4,,,,,,,,
,,,,,38490,4.0,4,,,,,,,,
,,,,,38494,4.0,4,,,,,,,,
,,,,,38499,5.0,5,,,,,,,,
,,,,,38511,12.0,12,,,,,,,,
,,,,,38517,6.0,6,,,,,,,,
,,,,,38526,9.0,9,,,,,,,,
,,,,,38538,12.0,12,,,,,,,,
,,,,,38543,5.0,5,,,,,,,,
,,,,,38548,5.0,5,,,,,,,,
,,,,,38551,3.0,3,,,,,,,,
,,,,,38559,8.0,8,,,,,,,,
,,,,,38563,4.0,4,,,,,,,,
,,,,,38568,5.0,5,,,,,,,,
,,,,,38577,9.0,9,,,,,,,,
,,,,,38580,3.0,3,,,,,,,,
,,,,,38584,4.0,4,,,,,,,,
,,,,,38588,4.0,4,,,,,,,,
,,,,,38592,4.0,4,,,,,,,,
,,,,,38600,8.0,8,,,,,,,,
,,,,,38609,9.0,9,,,,,,,,
,,,,,38617,8.0,8,,,,,,,,
,,,,,38622,5.0,5,,,,,,,,
,,,,,38626,4.0,4,,,,,,,,
,,,,,38629,3.0,3,,,,,,,,
,,,,,38638,9.0,9,,,,,,,,
,,,,,38641,3.0,3,,,,,,,,
,,,,,38648,7.0,7,,,,,,,,
,,,,,38651,3.0,3,,,,,,,,
,,,,,38655,4.0,4,,,,,,,,
,,,,,38658,3.0,3,,,,,,,,
,,,,,38675,17.0,17,,,,,,,,
,,,,,38681,6.0,6,,,,,,,,
,,,,,38686,5.0,5,,,,,,,,
,,,,,38694,8.0,8,,,,,,,,
,,,,,38701,7.0,7,,,,,,,,
,,,,,38710,9.0,9,,,,,,,,
,,,,,38722,12.0,12,,,,,,,,
,,,,,38736,14.0,14,,,,,,,,
,,,,,38743,7.0,7,,,,,,,,
,,,,,38746,3.0,3,,,,,,,,
,,,,,38760,14.0,14,,,,,,,,
,,,,,38764,4.0,4,,,,,,,,
,,,,,38769,5.0,5,,,,,,,,
,,,,,38775,6.0,6,,,,,,,,
,,,,,38791,16.0,16,,,,,,,,
,,,,,38794,3.0,3,,,,,,,,
,,,,,38797,3.0,3,,,,,,,,
,,,,,38801,4.0,4,,,,,,,,
,,,,,38808,7.0,7,,,,,,,,
,,,,,38812,4.0,4,,,,,,,,
,,,,,38815,3.0,3,,,,,,,,
,,,,,38821,6.0,6,,,,,,,,
,,,,,38828,7.0,7,,,,,,,,
,,,,,38834,6.0,6,,,,,,,,
,,,,,38837,3.0,3,,,,,,,,
,,,,,38851,14.0,14,,,,,,,,
,,,,,38861,10.0,10,,,,,,,,
,,,,,38864,3.0,3,,,,,,,,
,,,,,38870,6.0,6,,,,,,,,
,,,,,38874,4.0,4,,,,,,,,
,,,,,38880,6.0,6,,,,,,,,
,,,,,38884,4.0,4,,,,,,,,
,,,,,38890,6.0,6,,,,,,,,
,,,,,38902,12.0,12,,,,,,,,
,,,,,38906,4.0,4,,,,,,,,
,,,,,38913,7.0,7,,,,,,,,
,,,,,38918,5.0,5,,,,,,,,
,,,,,38924,6.0,6,,,,,,,,
,,,,,38928,4.0,4,,,,,,,,
,,,,,38932,4.0,4,,,,,,,,
,,,,,38949,17.0,17,,,,,,,,
,,,,,38957,8.0,8,,,,,,,,
,,,,,38961,4.0,4,,,,,,,,
,,,,,38967,6.0,6,,,,,,,,
,,,,,38970,3.0,3,,,,,,,,
,,,,,38977,7.0,7,,,,,,,,
,,,,,38982,5.0,5,,,,,,,,
,,,,,38985,3.0,3,,,,,,,,
,,,,,38990,5.0,5,,,,,,,,
,,,,,38994,4.0,4,,,,,,,,
,,,,,39000,,,-0.06855329126119614,0.6855329275131226,2.223414897918701,4.42545223236084,4.235294342041016,0.0003,0.0003,0.1
,,,,,39004,10.0,10,,,,,,,,
,,,,,39012,8.0,8,,,,,,,,
,,,,,39021,9.0,9,,,,,,,,
,,,,,39029,8.0,8,,,,,,,,
,,,,,39032,3.0,3,,,,,,,,
,,,,,39040,8.0,8,,,,,,,,
,,,,,39045,5.0,5,,,,,,,,
,,,,,39048,3.0,3,,,,,,,,
,,,,,39054,6.0,6,,,,,,,,
,,,,,39066,12.0,12,,,,,,,,
,,,,,39070,4.0,4,,,,,,,,
,,,,,39075,5.0,5,,,,,,,,
,,,,,39080,5.0,5,,,,,,,,
,,,,,39085,5.0,5,,,,,,,,
,,,,,39090,5.0,5,,,,,,,,
,,,,,39100,10.0,10,,,,,,,,
,,,,,39104,4.0,4,,,,,,,,
,,,,,39109,5.0,5,,,,,,,,
,,,,,39113,4.0,4,,,,,,,,
,,,,,39116,3.0,3,,,,,,,,
,,,,,39124,8.0,8,,,,,,,,
,,,,,39133,9.0,9,,,,,,,,
,,,,,39138,5.0,5,,,,,,,,
,,,,,39141,3.0,3,,,,,,,,
,,,,,39144,3.0,3,,,,,,,,
,,,,,39149,5.0,5,,,,,,,,
,,,,,39153,4.0,4,,,,,,,,
,,,,,39157,4.0,4,,,,,,,,
,,,,,39165,8.0,8,,,,,,,,
,,,,,39174,9.0,9,,,,,,,,
,,,,,39178,4.0,4,,,,,,,,
,,,,,39183,5.0,5,,,,,,,,
,,,,,39186,3.0,3,,,,,,,,
,,,,,39192,6.0,6,,,,,,,,
,,,,,39196,4.0,4,,,,,,,,
,,,,,39199,3.0,3,,,,,,,,
,,,,,39203,4.0,4,,,,,,,,
,,,,,39206,3.0,3,,,,,,,,
,,,,,39230,24.0,24,,,,,,,,
,,,,,39238,8.0,8,,,,,,,,
,,,,,39243,5.0,5,,,,,,,,
,,,,,39250,7.0,7,,,,,,,,
,,,,,39254,4.0,4,,,,,,,,
,,,,,39267,13.0,13,,,,,,,,
,,,,,39272,5.0,5,,,,,,,,
,,,,,39275,3.0,3,,,,,,,,
,,,,,39279,4.0,4,,,,,,,,
,,,,,39283,4.0,4,,,,,,,,
,,,,,39288,5.0,5,,,,,,,,
,,,,,39298,10.0,10,,,,,,,,
,,,,,39301,3.0,3,,,,,,,,
,,,,,39308,7.0,7,,,,,,,,
,,,,,39315,7.0,7,,,,,,,,
,,,,,39324,9.0,9,,,,,,,,
,,,,,39328,4.0,4,,,,,,,,
,,,,,39333,5.0,5,,,,,,,,
,,,,,39341,8.0,8,,,,,,,,
,,,,,39344,3.0,3,,,,,,,,
,,,,,39351,7.0,7,,,,,,,,
,,,,,39359,8.0,8,,,,,,,,
,,,,,39363,4.0,4,,,,,,,,
,,,,,39370,7.0,7,,,,,,,,
,,,,,39378,8.0,8,,,,,,,,
,,,,,39385,7.0,7,,,,,,,,
,,,,,39390,5.0,5,,,,,,,,
,,,,,39398,8.0,8,,,,,,,,
,,,,,39411,13.0,13,,,,,,,,
,,,,,39416,5.0,5,,,,,,,,
,,,,,39419,3.0,3,,,,,,,,
,,,,,39425,6.0,6,,,,,,,,
,,,,,39429,4.0,4,,,,,,,,
,,,,,39439,10.0,10,,,,,,,,
,,,,,39447,8.0,8,,,,,,,,
,,,,,39450,3.0,3,,,,,,,,
,,,,,39454,4.0,4,,,,,,,,
,,,,,39459,5.0,5,,,,,,,,
,,,,,39467,8.0,8,,,,,,,,
,,,,,39471,4.0,4,,,,,,,,
,,,,,39477,6.0,6,,,,,,,,
,,,,,39481,4.0,4,,,,,,,,
,,,,,39484,3.0,3,,,,,,,,
,,,,,39493,9.0,9,,,,,,,,
,,,,,39501,8.0,8,,,,,,,,
,,,,,39505,4.0,4,,,,,,,,
,,,,,39509,4.0,4,,,,,,,,
,,,,,39517,8.0,8,,,,,,,,
,,,,,39524,7.0,7,,,,,,,,
,,,,,39528,4.0,4,,,,,,,,
,,,,,39531,3.0,3,,,,,,,,
,,,,,39539,8.0,8,,,,,,,,
,,,,,39548,9.0,9,,,,,,,,
,,,,,39553,5.0,5,,,,,,,,
,,,,,39557,4.0,4,,,,,,,,
,,,,,39562,5.0,5,,,,,,,,
,,,,,39565,3.0,3,,,,,,,,
,,,,,39569,4.0,4,,,,,,,,
,,,,,39572,3.0,3,,,,,,,,
,,,,,39579,7.0,7,,,,,,,,
,,,,,39590,11.0,11,,,,,,,,
,,,,,39599,9.0,9,,,,,,,,
,,,,,39605,6.0,6,,,,,,,,
,,,,,39609,4.0,4,,,,,,,,
,,,,,39617,8.0,8,,,,,,,,
,,,,,39620,3.0,3,,,,,,,,
,,,,,39627,7.0,7,,,,,,,,
,,,,,39634,7.0,7,,,,,,,,
,,,,,39637,3.0,3,,,,,,,,
,,,,,39641,4.0,4,,,,,,,,
,,,,,39650,9.0,9,,,,,,,,
,,,,,39654,4.0,4,,,,,,,,
,,,,,39659,5.0,5,,,,,,,,
,,,,,39663,4.0,4,,,,,,,,
,,,,,39667,4.0,4,,,,,,,,
,,,,,39673,6.0,6,,,,,,,,
,,,,,39677,4.0,4,,,,,,,,
,,,,,39683,6.0,6,,,,,,,,
,,,,,39686,3.0,3,,,,,,,,
,,,,,39694,8.0,8,,,,,,,,
,,,,,39711,17.0,17,,,,,,,,
,,,,,39717,6.0,6,,,,,,,,
,,,,,39722,5.0,5,,,,,,,,
,,,,,39726,4.0,4,,,,,,,,
,,,,,39729,3.0,3,,,,,,,,
,,,,,39736,7.0,7,,,,,,,,
,,,,,39742,6.0,6,,,,,,,,
,,,,,39745,3.0,3,,,,,,,,
,,,,,39749,4.0,4,,,,,,,,
,,,,,39754,5.0,5,,,,,,,,
,,,,,39757,3.0,3,,,,,,,,
,,,,,39761,4.0,4,,,,,,,,
,,,,,39772,11.0,11,,,,,,,,
,,,,,39780,8.0,8,,,,,,,,
,,,,,39784,4.0,4,,,,,,,,
,,,,,39790,6.0,6,,,,,,,,
,,,,,39794,4.0,4,,,,,,,,
,,,,,39797,3.0,3,,,,,,,,
,,,,,39801,4.0,4,,,,,,,,
,,,,,39811,10.0,10,,,,,,,,
,,,,,39824,13.0,13,,,,,,,,
,,,,,39829,5.0,5,,,,,,,,
,,,,,39832,3.0,3,,,,,,,,
,,,,,39836,4.0,4,,,,,,,,
,,,,,39840,4.0,4,,,,,,,,
,,,,,39843,3.0,3,,,,,,,,
,,,,,39858,15.0,15,,,,,,,,
,,,,,39863,5.0,5,,,,,,,,
,,,,,39867,4.0,4,,,,,,,,
,,,,,39871,4.0,4,,,,,,,,
,,,,,39878,7.0,7,,,,,,,,
,,,,,39883,5.0,5,,,,,,,,
,,,,,39888,5.0,5,,,,,,,,
,,,,,39896,8.0,8,,,,,,,,
,,,,,39899,3.0,3,,,,,,,,
,,,,,39906,7.0,7,,,,,,,,
,,,,,39919,13.0,13,,,,,,,,
,,,,,39922,3.0,3,,,,,,,,
,,,,,39933,11.0,11,,,,,,,,
,,,,,39936,3.0,3,,,,,,,,
,,,,,39939,3.0,3,,,,,,,,
,,,,,39947,8.0,8,,,,,,,,
,,,,,39956,9.0,9,,,,,,,,
,,,,,39962,6.0,6,,,,,,,,
,,,,,39966,4.0,4,,,,,,,,
,,,,,39969,3.0,3,,,,,,,,
,,,,,39974,5.0,5,,,,,,,,
,,,,,39986,12.0,12,,,,,,,,
,,,,,39995,9.0,9,,,,,,,,
6.3,3.7161808,15.0,3.0,6.3,40000,,,-0.06798026710748672,0.679802656173706,1.6228610277175903,4.421321392059326,4.375322341918945,0.0003,0.0003,0.1
,,,,,40003,8.0,8,,,,,,,,
,,,,,40007,4.0,4,,,,,,,,
,,,,,40015,8.0,8,,,,,,,,
,,,,,40019,4.0,4,,,,,,,,
,,,,,40025,6.0,6,,,,,,,,
,,,,,40029,4.0,4,,,,,,,,
,,,,,40034,5.0,5,,,,,,,,
,,,,,40040,6.0,6,,,,,,,,
,,,,,40044,4.0,4,,,,,,,,
,,,,,40049,5.0,5,,,,,,,,
,,,,,40063,14.0,14,,,,,,,,
,,,,,40067,4.0,4,,,,,,,,
,,,,,40078,11.0,11,,,,,,,,
,,,,,40083,5.0,5,,,,,,,,
,,,,,40095,12.0,12,,,,,,,,
,,,,,40098,3.0,3,,,,,,,,
,,,,,40101,3.0,3,,,,,,,,
,,,,,40106,5.0,5,,,,,,,,
,,,,,40110,4.0,4,,,,,,,,
,,,,,40119,9.0,9,,,,,,,,
,,,,,40126,7.0,7,,,,,,,,
,,,,,40131,5.0,5,,,,,,,,
,,,,,40136,5.0,5,,,,,,,,
,,,,,40155,19.0,19,,,,,,,,
,,,,,40163,8.0,8,,,,,,,,
,,,,,40171,8.0,8,,,,,,,,
,,,,,40175,4.0,4,,,,,,,,
,,,,,40181,6.0,6,,,,,,,,
,,,,,40185,4.0,4,,,,,,,,
,,,,,40190,5.0,5,,,,,,,,
,,,,,40201,11.0,11,,,,,,,,
,,,,,40212,11.0,11,,,,,,,,
,,,,,40216,4.0,4,,,,,,,,
,,,,,40223,7.0,7,,,,,,,,
,,,,,40230,7.0,7,,,,,,,,
,,,,,40233,3.0,3,,,,,,,,
,,,,,40239,6.0,6,,,,,,,,
,,,,,40242,3.0,3,,,,,,,,
,,,,,40247,5.0,5,,,,,,,,
,,,,,40252,5.0,5,,,,,,,,
,,,,,40261,9.0,9,,,,,,,,
,,,,,40264,3.0,3,,,,,,,,
,,,,,40267,3.0,3,,,,,,,,
,,,,,40275,8.0,8,,,,,,,,
,,,,,40278,3.0,3,,,,,,,,
,,,,,40282,4.0,4,,,,,,,,
,,,,,40285,3.0,3,,,,,,,,
,,,,,40288,3.0,3,,,,,,,,
,,,,,40292,4.0,4,,,,,,,,
,,,,,40298,6.0,6,,,,,,,,
,,,,,40302,4.0,4,,,,,,,,
,,,,,40306,4.0,4,,,,,,,,
,,,,,40309,3.0,3,,,,,,,,
,,,,,40314,5.0,5,,,,,,,,
,,,,,40317,3.0,3,,,,,,,,
,,,,,40322,5.0,5,,,,,,,,
,,,,,40334,12.0,12,,,,,,,,
,,,,,40338,4.0,4,,,,,,,,
,,,,,40343,5.0,5,,,,,,,,
,,,,,40348,5.0,5,,,,,,,,
,,,,,40352,4.0,4,,,,,,,,
,,,,,40358,6.0,6,,,,,,,,
,,,,,40361,3.0,3,,,,,,,,
,,,,,40366,5.0,5,,,,,,,,
,,,,,40369,3.0,3,,,,,,,,
,,,,,40374,5.0,5,,,,,,,,
,,,,,40377,3.0,3,,,,,,,,
,,,,,40383,6.0,6,,,,,,,,
,,,,,40387,4.0,4,,,,,,,,
,,,,,40398,11.0,11,,,,,,,,
,,,,,40401,3.0,3,,,,,,,,
,,,,,40404,3.0,3,,,,,,,,
,,,,,40410,6.0,6,,,,,,,,
,,,,,40413,3.0,3,,,,,,,,
,,,,,40419,6.0,6,,,,,,,,
,,,,,40426,7.0,7,,,,,,,,
,,,,,40430,4.0,4,,,,,,,,
,,,,,40433,3.0,3,,,,,,,,
,,,,,40438,5.0,5,,,,,,,,
,,,,,40441,3.0,3,,,,,,,,
,,,,,40445,4.0,4,,,,,,,,
,,,,,40450,5.0,5,,,,,,,,
,,,,,40453,3.0,3,,,,,,,,
,,,,,40457,4.0,4,,,,,,,,
,,,,,40461,4.0,4,,,,,,,,
,,,,,40464,3.0,3,,,,,,,,
,,,,,40473,9.0,9,,,,,,,,
,,,,,40483,10.0,10,,,,,,,,
,,,,,40486,3.0,3,,,,,,,,
,,,,,40489,3.0,3,,,,,,,,
,,,,,40504,15.0,15,,,,,,,,
,,,,,40510,6.0,6,,,,,,,,
,,,,,40524,14.0,14,,,,,,,,
,,,,,40530,6.0,6,,,,,,,,
,,,,,40536,6.0,6,,,,,,,,
,,,,,40549,13.0,13,,,,,,,,
,,,,,40552,3.0,3,,,,,,,,
,,,,,40560,8.0,8,,,,,,,,
,,,,,40563,3.0,3,,,,,,,,
,,,,,40570,7.0,7,,,,,,,,
,,,,,40573,3.0,3,,,,,,,,
,,,,,40580,7.0,7,,,,,,,,
,,,,,40591,11.0,11,,,,,,,,
,,,,,40600,9.0,9,,,,,,,,
,,,,,40603,3.0,3,,,,,,,,
,,,,,40607,4.0,4,,,,,,,,
,,,,,40611,4.0,4,,,,,,,,
,,,,,40614,3.0,3,,,,,,,,
,,,,,40617,3.0,3,,,,,,,,
,,,,,40624,7.0,7,,,,,,,,
,,,,,40635,11.0,11,,,,,,,,
,,,,,40642,7.0,7,,,,,,,,
,,,,,40646,4.0,4,,,,,,,,
,,,,,40653,7.0,7,,,,,,,,
,,,,,40660,7.0,7,,,,,,,,
,,,,,40667,7.0,7,,,,,,,,
,,,,,40677,10.0,10,,,,,,,,
,,,,,40681,4.0,4,,,,,,,,
,,,,,40688,7.0,7,,,,,,,,
,,,,,40695,7.0,7,,,,,,,,
,,,,,40702,7.0,7,,,,,,,,
,,,,,40712,10.0,10,,,,,,,,
,,,,,40715,3.0,3,,,,,,,,
,,,,,40722,7.0,7,,,,,,,,
,,,,,40735,13.0,13,,,,,,,,
,,,,,40738,3.0,3,,,,,,,,
,,,,,40745,7.0,7,,,,,,,,
,,,,,40749,4.0,4,,,,,,,,
,,,,,40760,11.0,11,,,,,,,,
,,,,,40763,3.0,3,,,,,,,,
,,,,,40766,3.0,3,,,,,,,,
,,,,,40771,5.0,5,,,,,,,,
,,,,,40776,5.0,5,,,,,,,,
,,,,,40780,4.0,4,,,,,,,,
,,,,,40788,8.0,8,,,,,,,,
,,,,,40794,6.0,6,,,,,,,,
,,,,,40797,3.0,3,,,,,,,,
,,,,,40820,23.0,23,,,,,,,,
,,,,,40824,4.0,4,,,,,,,,
,,,,,40828,4.0,4,,,,,,,,
,,,,,40832,4.0,4,,,,,,,,
,,,,,40839,7.0,7,,,,,,,,
,,,,,40848,9.0,9,,,,,,,,
,,,,,40851,3.0,3,,,,,,,,
,,,,,40855,4.0,4,,,,,,,,
,,,,,40858,3.0,3,,,,,,,,
,,,,,40863,5.0,5,,,,,,,,
,,,,,40867,4.0,4,,,,,,,,
,,,,,40874,7.0,7,,,,,,,,
,,,,,40885,11.0,11,,,,,,,,
,,,,,40889,4.0,4,,,,,,,,
,,,,,40896,7.0,7,,,,,,,,
,,,,,40901,5.0,5,,,,,,,,
,,,,,40908,7.0,7,,,,,,,,
,,,,,40913,5.0,5,,,,,,,,
,,,,,40928,15.0,15,,,,,,,,
,,,,,40934,6.0,6,,,,,,,,
,,,,,40938,4.0,4,,,,,,,,
,,,,,40948,10.0,10,,,,,,,,
,,,,,40962,14.0,14,,,,,,,,
,,,,,40966,4.0,4,,,,,,,,
,,,,,40974,8.0,8,,,,,,,,
,,,,,40979,5.0,5,,,,,,,,
,,,,,40984,5.0,5,,,,,,,,
,,,,,40987,3.0,3,,,,,,,,
,,,,,40990,3.0,3,,,,,,,,
,,,,,40995,5.0,5,,,,,,,,
,,,,,40999,4.0,4,,,,,,,,
,,,,,41000,,,-0.06913410127162933,0.691340982913971,1.8999943733215332,4.758849143981934,4.426877021789551,0.0003,0.0003,0.1
,,,,,41006,7.0,7,,,,,,,,
,,,,,41013,7.0,7,,,,,,,,
,,,,,41040,27.0,27,,,,,,,,
,,,,,41044,4.0,4,,,,,,,,
,,,,,41048,4.0,4,,,,,,,,
,,,,,41051,3.0,3,,,,,,,,
,,,,,41054,3.0,3,,,,,,,,
,,,,,41060,6.0,6,,,,,,,,
,,,,,41067,7.0,7,,,,,,,,
,,,,,41079,12.0,12,,,,,,,,
,,,,,41085,6.0,6,,,,,,,,
,,,,,41090,5.0,5,,,,,,,,
,,,,,41094,4.0,4,,,,,,,,
,,,,,41097,3.0,3,,,,,,,,
,,,,,41101,4.0,4,,,,,,,,
,,,,,41107,6.0,6,,,,,,,,
,,,,,41113,6.0,6,,,,,,,,
,,,,,41118,5.0,5,,,,,,,,
,,,,,41128,10.0,10,,,,,,,,
,,,,,41131,3.0,3,,,,,,,,
,,,,,41135,4.0,4,,,,,,,,
,,,,,41143,8.0,8,,,,,,,,
,,,,,41146,3.0,3,,,,,,,,
,,,,,41150,4.0,4,,,,,,,,
,,,,,41154,4.0,4,,,,,,,,
,,,,,41160,6.0,6,,,,,,,,
,,,,,41165,5.0,5,,,,,,,,
,,,,,41174,9.0,9,,,,,,,,
,,,,,41182,8.0,8,,,,,,,,
,,,,,41193,11.0,11,,,,,,,,
,,,,,41200,7.0,7,,,,,,,,
,,,,,41208,8.0,8,,,,,,,,
,,,,,41214,6.0,6,,,,,,,,
,,,,,41218,4.0,4,,,,,,,,
,,,,,41222,4.0,4,,,,,,,,
,,,,,41241,19.0,19,,,,,,,,
,,,,,41246,5.0,5,,,,,,,,
,,,,,41249,3.0,3,,,,,,,,
,,,,,41261,12.0,12,,,,,,,,
,,,,,41265,4.0,4,,,,,,,,
,,,,,41269,4.0,4,,,,,,,,
,,,,,41279,10.0,10,,,,,,,,
,,,,,41286,7.0,7,,,,,,,,
,,,,,41290,4.0,4,,,,,,,,
,,,,,41294,4.0,4,,,,,,,,
,,,,,41298,4.0,4,,,,,,,,
,,,,,41303,5.0,5,,,,,,,,
,,,,,41310,7.0,7,,,,,,,,
,,,,,41316,6.0,6,,,,,,,,
,,,,,41324,8.0,8,,,,,,,,
,,,,,41329,5.0,5,,,,,,,,
,,,,,41332,3.0,3,,,,,,,,
,,,,,41339,7.0,7,,,,,,,,
,,,,,41343,4.0,4,,,,,,,,
,,,,,41351,8.0,8,,,,,,,,
,,,,,41355,4.0,4,,,,,,,,
,,,,,41358,3.0,3,,,,,,,,
,,,,,41362,4.0,4,,,,,,,,
,,,,,41367,5.0,5,,,,,,,,
,,,,,41371,4.0,4,,,,,,,,
,,,,,41389,18.0,18,,,,,,,,
,,,,,41399,10.0,10,,,,,,,,
,,,,,41421,22.0,22,,,,,,,,
,,,,,41427,6.0,6,,,,,,,,
,,,,,41432,5.0,5,,,,,,,,
,,,,,41438,6.0,6,,,,,,,,
,,,,,41444,6.0,6,,,,,,,,
,,,,,41451,7.0,7,,,,,,,,
,,,,,41455,4.0,4,,,,,,,,
,,,,,41460,5.0,5,,,,,,,,
,,,,,41463,3.0,3,,,,,,,,
,,,,,41472,9.0,9,,,,,,,,
,,,,,41476,4.0,4,,,,,,,,
,,,,,41481,5.0,5,,,,,,,,
,,,,,41486,5.0,5,,,,,,,,
,,,,,41490,4.0,4,,,,,,,,
,,,,,41495,5.0,5,,,,,,,,
,,,,,41499,4.0,4,,,,,,,,
,,,,,41511,12.0,12,,,,,,,,
,,,,,41514,3.0,3,,,,,,,,
,,,,,41519,5.0,5,,,,,,,,
,,,,,41525,6.0,6,,,,,,,,
,,,,,41532,7.0,7,,,,,,,,
,,,,,41535,3.0,3,,,,,,,,
,,,,,41538,3.0,3,,,,,,,,
,,,,,41542,4.0,4,,,,,,,,
,,,,,41552,10.0,10,,,,,,,,
,,,,,41555,3.0,3,,,,,,,,
,,,,,41561,6.0,6,,,,,,,,
,,,,,41565,4.0,4,,,,,,,,
,,,,,41568,3.0,3,,,,,,,,
,,,,,41572,4.0,4,,,,,,,,
,,,,,41575,3.0,3,,,,,,,,
,,,,,41579,4.0,4,,,,,,,,
,,,,,41583,4.0,4,,,,,,,,
,,,,,41587,4.0,4,,,,,,,,
,,,,,41603,16.0,16,,,,,,,,
,,,,,41611,8.0,8,,,,,,,,
,,,,,41618,7.0,7,,,,,,,,
,,,,,41621,3.0,3,,,,,,,,
,,,,,41625,4.0,4,,,,,,,,
,,,,,41630,5.0,5,,,,,,,,
,,,,,41635,5.0,5,,,,,,,,
,,,,,41641,6.0,6,,,,,,,,
,,,,,41659,18.0,18,,,,,,,,
,,,,,41664,5.0,5,,,,,,,,
,,,,,41667,3.0,3,,,,,,,,
,,,,,41675,8.0,8,,,,,,,,
,,,,,41679,4.0,4,,,,,,,,
,,,,,41683,4.0,4,,,,,,,,
,,,,,41693,10.0,10,,,,,,,,
,,,,,41702,9.0,9,,,,,,,,
,,,,,41709,7.0,7,,,,,,,,
,,,,,41715,6.0,6,,,,,,,,
,,,,,41722,7.0,7,,,,,,,,
,,,,,41727,5.0,5,,,,,,,,
,,,,,41731,4.0,4,,,,,,,,
,,,,,41734,3.0,3,,,,,,,,
,,,,,41738,4.0,4,,,,,,,,
,,,,,41742,4.0,4,,,,,,,,
,,,,,41748,6.0,6,,,,,,,,
,,,,,41758,10.0,10,,,,,,,,
,,,,,41763,5.0,5,,,,,,,,
,,,,,41767,4.0,4,,,,,,,,
,,,,,41775,8.0,8,,,,,,,,
,,,,,41781,6.0,6,,,,,,,,
,,,,,41784,3.0,3,,,,,,,,
,,,,,41787,3.0,3,,,,,,,,
,,,,,41791,4.0,4,,,,,,,,
,,,,,41802,11.0,11,,,,,,,,
,,,,,41812,10.0,10,,,,,,,,
,,,,,41821,9.0,9,,,,,,,,
,,,,,41830,9.0,9,,,,,,,,
,,,,,41837,7.0,7,,,,,,,,
,,,,,41854,17.0,17,,,,,,,,
,,,,,41857,3.0,3,,,,,,,,
,,,,,41870,13.0,13,,,,,,,,
,,,,,41881,11.0,11,,,,,,,,
,,,,,41886,5.0,5,,,,,,,,
,,,,,41893,7.0,7,,,,,,,,
,,,,,41898,5.0,5,,,,,,,,
,,,,,41902,4.0,4,,,,,,,,
,,,,,41906,4.0,4,,,,,,,,
,,,,,41911,5.0,5,,,,,,,,
,,,,,41922,11.0,11,,,,,,,,
,,,,,41927,5.0,5,,,,,,,,
,,,,,41930,3.0,3,,,,,,,,
,,,,,41937,7.0,7,,,,,,,,
,,,,,41943,6.0,6,,,,,,,,
,,,,,41957,14.0,14,,,,,,,,
,,,,,41960,3.0,3,,,,,,,,
,,,,,41973,13.0,13,,,,,,,,
,,,,,41979,6.0,6,,,,,,,,
,,,,,41982,3.0,3,,,,,,,,
,,,,,41988,6.0,6,,,,,,,,
,,,,,41993,5.0,5,,,,,,,,
,,,,,41997,4.0,4,,,,,,,,
,,,,,42000,,,-0.06935694068670273,0.6935694217681885,2.044581413269043,4.730936050415039,4.778034687042236,0.0003,0.0003,0.1
,,,,,42004,7.0,7,,,,,,,,
,,,,,42007,3.0,3,,,,,,,,
,,,,,42016,9.0,9,,,,,,,,
,,,,,42020,4.0,4,,,,,,,,
,,,,,42023,3.0,3,,,,,,,,
,,,,,42029,6.0,6,,,,,,,,
,,,,,42035,6.0,6,,,,,,,,
,,,,,42048,13.0,13,,,,,,,,
,,,,,42051,3.0,3,,,,,,,,
,,,,,42058,7.0,7,,,,,,,,
,,,,,42062,4.0,4,,,,,,,,
,,,,,42065,3.0,3,,,,,,,,
,,,,,42068,3.0,3,,,,,,,,
,,,,,42072,4.0,4,,,,,,,,
,,,,,42078,6.0,6,,,,,,,,
,,,,,42082,4.0,4,,,,,,,,
,,,,,42085,3.0,3,,,,,,,,
,,,,,42091,6.0,6,,,,,,,,
,,,,,42099,8.0,8,,,,,,,,
,,,,,42102,3.0,3,,,,,,,,
,,,,,42105,3.0,3,,,,,,,,
,,,,,42110,5.0,5,,,,,,,,
,,,,,42113,3.0,3,,,,,,,,
,,,,,42119,6.0,6,,,,,,,,
,,,,,42126,7.0,7,,,,,,,,
,,,,,42132,6.0,6,,,,,,,,
,,,,,42139,7.0,7,,,,,,,,
,,,,,42142,3.0,3,,,,,,,,
,,,,,42145,3.0,3,,,,,,,,
,,,,,42148,3.0,3,,,,,,,,
,,,,,42153,5.0,5,,,,,,,,
,,,,,42159,6.0,6,,,,,,,,
,,,,,42167,8.0,8,,,,,,,,
,,,,,42170,3.0,3,,,,,,,,
,,,,,42173,3.0,3,,,,,,,,
,,,,,42177,4.0,4,,,,,,,,
,,,,,42181,4.0,4,,,,,,,,
,,,,,42191,10.0,10,,,,,,,,
,,,,,42195,4.0,4,,,,,,,,
,,,,,42200,5.0,5,,,,,,,,
,,,,,42210,10.0,10,,,,,,,,
,,,,,42215,5.0,5,,,,,,,,
,,,,,42221,6.0,6,,,,,,,,
,,,,,42224,3.0,3,,,,,,,,
,,,,,42229,5.0,5,,,,,,,,
,,,,,42236,7.0,7,,,,,,,,
,,,,,42239,3.0,3,,,,,,,,
,,,,,42243,4.0,4,,,,,,,,
,,,,,42246,3.0,3,,,,,,,,
,,,,,42250,4.0,4,,,,,,,,
,,,,,42253,3.0,3,,,,,,,,
,,,,,42264,11.0,11,,,,,,,,
,,,,,42268,4.0,4,,,,,,,,
,,,,,42273,5.0,5,,,,,,,,
,,,,,42280,7.0,7,,,,,,,,
,,,,,42286,6.0,6,,,,,,,,
,,,,,42289,3.0,3,,,,,,,,
,,,,,42294,5.0,5,,,,,,,,
,,,,,42297,3.0,3,,,,,,,,
,,,,,42300,3.0,3,,,,,,,,
,,,,,42317,17.0,17,,,,,,,,
,,,,,42321,4.0,4,,,,,,,,
,,,,,42326,5.0,5,,,,,,,,
,,,,,42329,3.0,3,,,,,,,,
,,,,,42335,6.0,6,,,,,,,,
,,,,,42338,3.0,3,,,,,,,,
,,,,,42343,5.0,5,,,,,,,,
,,,,,42346,3.0,3,,,,,,,,
,,,,,42349,3.0,3,,,,,,,,
,,,,,42352,3.0,3,,,,,,,,
,,,,,42355,3.0,3,,,,,,,,
,,,,,42362,7.0,7,,,,,,,,
,,,,,42366,4.0,4,,,,,,,,
,,,,,42372,6.0,6,,,,,,,,
,,,,,42377,5.0,5,,,,,,,,
,,,,,42386,9.0,9,,,,,,,,
,,,,,42389,3.0,3,,,,,,,,
,,,,,42399,10.0,10,,,,,,,,
,,,,,42405,6.0,6,,,,,,,,
,,,,,42409,4.0,4,,,,,,,,
,,,,,42419,10.0,10,,,,,,,,
,,,,,42422,3.0,3,,,,,,,,
,,,,,42426,4.0,4,,,,,,,,
,,,,,42430,4.0,4,,,,,,,,
,,,,,42435,5.0,5,,,,,,,,
,,,,,42441,6.0,6,,,,,,,,
,,,,,42445,4.0,4,,,,,,,,
,,,,,42453,8.0,8,,,,,,,,
,,,,,42458,5.0,5,,,,,,,,
,,,,,42463,5.0,5,,,,,,,,
,,,,,42466,3.0,3,,,,,,,,
,,,,,42473,7.0,7,,,,,,,,
,,,,,42476,3.0,3,,,,,,,,
,,,,,42484,8.0,8,,,,,,,,
,,,,,42490,6.0,6,,,,,,,,
,,,,,42497,7.0,7,,,,,,,,
,,,,,42508,11.0,11,,,,,,,,
,,,,,42511,3.0,3,,,,,,,,
,,,,,42517,6.0,6,,,,,,,,
,,,,,42520,3.0,3,,,,,,,,
,,,,,42524,4.0,4,,,,,,,,
,,,,,42528,4.0,4,,,,,,,,
,,,,,42532,4.0,4,,,,,,,,
,,,,,42537,5.0,5,,,,,,,,
,,,,,42541,4.0,4,,,,,,,,
,,,,,42545,4.0,4,,,,,,,,
,,,,,42548,3.0,3,,,,,,,,
,,,,,42551,3.0,3,,,,,,,,
,,,,,42554,3.0,3,,,,,,,,
,,,,,42557,3.0,3,,,,,,,,
,,,,,42561,4.0,4,,,,,,,,
,,,,,42565,4.0,4,,,,,,,,
,,,,,42568,3.0,3,,,,,,,,
,,,,,42571,3.0,3,,,,,,,,
,,,,,42576,5.0,5,,,,,,,,
,,,,,42580,4.0,4,,,,,,,,
,,,,,42584,4.0,4,,,,,,,,
,,,,,42593,9.0,9,,,,,,,,
,,,,,42597,4.0,4,,,,,,,,
,,,,,42600,3.0,3,,,,,,,,
,,,,,42610,10.0,10,,,,,,,,
,,,,,42613,3.0,3,,,,,,,,
,,,,,42621,8.0,8,,,,,,,,
,,,,,42632,11.0,11,,,,,,,,
,,,,,42641,9.0,9,,,,,,,,
,,,,,42644,3.0,3,,,,,,,,
,,,,,42648,4.0,4,,,,,,,,
,,,,,42652,4.0,4,,,,,,,,
,,,,,42664,12.0,12,,,,,,,,
,,,,,42669,5.0,5,,,,,,,,
,,,,,42673,4.0,4,,,,,,,,
,,,,,42678,5.0,5,,,,,,,,
,,,,,42681,3.0,3,,,,,,,,
,,,,,42684,3.0,3,,,,,,,,
,,,,,42699,15.0,15,,,,,,,,
,,,,,42703,4.0,4,,,,,,,,
,,,,,42707,4.0,4,,,,,,,,
,,,,,42714,7.0,7,,,,,,,,
,,,,,42720,6.0,6,,,,,,,,
,,,,,42727,7.0,7,,,,,,,,
,,,,,42731,4.0,4,,,,,,,,
,,,,,42735,4.0,4,,,,,,,,
,,,,,42739,4.0,4,,,,,,,,
,,,,,42747,8.0,8,,,,,,,,
,,,,,42751,4.0,4,,,,,,,,
,,,,,42756,5.0,5,,,,,,,,
,,,,,42765,9.0,9,,,,,,,,
,,,,,42772,7.0,7,,,,,,,,
,,,,,42780,8.0,8,,,,,,,,
,,,,,42785,5.0,5,,,,,,,,
,,,,,42788,3.0,3,,,,,,,,
,,,,,42793,5.0,5,,,,,,,,
,,,,,42796,3.0,3,,,,,,,,
,,,,,42800,4.0,4,,,,,,,,
,,,,,42811,11.0,11,,,,,,,,
,,,,,42816,5.0,5,,,,,,,,
,,,,,42822,6.0,6,,,,,,,,
,,,,,42828,6.0,6,,,,,,,,
,,,,,42842,14.0,14,,,,,,,,
,,,,,42845,3.0,3,,,,,,,,
,,,,,42849,4.0,4,,,,,,,,
,,,,,42864,15.0,15,,,,,,,,
,,,,,42871,7.0,7,,,,,,,,
,,,,,42880,9.0,9,,,,,,,,
,,,,,42884,4.0,4,,,,,,,,
,,,,,42905,21.0,21,,,,,,,,
,,,,,42910,5.0,5,,,,,,,,
,,,,,42923,13.0,13,,,,,,,,
,,,,,42927,4.0,4,,,,,,,,
,,,,,42930,3.0,3,,,,,,,,
,,,,,42934,4.0,4,,,,,,,,
,,,,,42938,4.0,4,,,,,,,,
,,,,,42946,8.0,8,,,,,,,,
,,,,,42949,3.0,3,,,,,,,,
,,,,,42955,6.0,6,,,,,,,,
,,,,,42959,4.0,4,,,,,,,,
,,,,,42962,3.0,3,,,,,,,,
,,,,,42972,10.0,10,,,,,,,,
,,,,,42977,5.0,5,,,,,,,,
,,,,,42986,9.0,9,,,,,,,,
,,,,,42990,4.0,4,,,,,,,,
,,,,,42995,5.0,5,,,,,,,,
,,,,,42999,4.0,4,,,,,,,,
,,,,,43000,,,-0.06712479889392853,0.6712479591369629,1.8388724327087402,4.548089981079102,4.4562835693359375,0.0003,0.0003,0.1
,,,,,43002,3.0,3,,,,,,,,
,,,,,43013,11.0,11,,,,,,,,
,,,,,43024,11.0,11,,,,,,,,
,,,,,43029,5.0,5,,,,,,,,
,,,,,43033,4.0,4,,,,,,,,
,,,,,43041,8.0,8,,,,,,,,
,,,,,43047,6.0,6,,,,,,,,
,,,,,43057,10.0,10,,,,,,,,
,,,,,43063,6.0,6,,,,,,,,
,,,,,43067,4.0,4,,,,,,,,
,,,,,43070,3.0,3,,,,,,,,
,,,,,43073,3.0,3,,,,,,,,
,,,,,43082,9.0,9,,,,,,,,
,,,,,43085,3.0,3,,,,,,,,
,,,,,43089,4.0,4,,,,,,,,
,,,,,43095,6.0,6,,,,,,,,
,,,,,43102,7.0,7,,,,,,,,
,,,,,43114,12.0,12,,,,,,,,
,,,,,43120,6.0,6,,,,,,,,
,,,,,43123,3.0,3,,,,,,,,
,,,,,43128,5.0,5,,,,,,,,
,,,,,43132,4.0,4,,,,,,,,
,,,,,43138,6.0,6,,,,,,,,
,,,,,43141,3.0,3,,,,,,,,
,,,,,43153,12.0,12,,,,,,,,
,,,,,43157,4.0,4,,,,,,,,
,,,,,43163,6.0,6,,,,,,,,
,,,,,43166,3.0,3,,,,,,,,
,,,,,43179,13.0,13,,,,,,,,
,,,,,43183,4.0,4,,,,,,,,
,,,,,43187,4.0,4,,,,,,,,
,,,,,43197,10.0,10,,,,,,,,
,,,,,43203,6.0,6,,,,,,,,
,,,,,43209,6.0,6,,,,,,,,
,,,,,43212,3.0,3,,,,,,,,
,,,,,43218,6.0,6,,,,,,,,
,,,,,43226,8.0,8,,,,,,,,
,,,,,43230,4.0,4,,,,,,,,
,,,,,43238,8.0,8,,,,,,,,
,,,,,43246,8.0,8,,,,,,,,
,,,,,43251,5.0,5,,,,,,,,
,,,,,43257,6.0,6,,,,,,,,
,,,,,43262,5.0,5,,,,,,,,
,,,,,43273,11.0,11,,,,,,,,
,,,,,43280,7.0,7,,,,,,,,
,,,,,43283,3.0,3,,,,,,,,
,,,,,43288,5.0,5,,,,,,,,
,,,,,43296,8.0,8,,,,,,,,
,,,,,43300,4.0,4,,,,,,,,
,,,,,43310,10.0,10,,,,,,,,
,,,,,43315,5.0,5,,,,,,,,
,,,,,43318,3.0,3,,,,,,,,
,,,,,43321,3.0,3,,,,,,,,
,,,,,43325,4.0,4,,,,,,,,
,,,,,43331,6.0,6,,,,,,,,
,,,,,43335,4.0,4,,,,,,,,
,,,,,43344,9.0,9,,,,,,,,
,,,,,43347,3.0,3,,,,,,,,
,,,,,43354,7.0,7,,,,,,,,
,,,,,43364,10.0,10,,,,,,,,
,,,,,43369,5.0,5,,,,,,,,
,,,,,43374,5.0,5,,,,,,,,
,,,,,43379,5.0,5,,,,,,,,
,,,,,43401,22.0,22,,,,,,,,
,,,,,43406,5.0,5,,,,,,,,
,,,,,43409,3.0,3,,,,,,,,
,,,,,43413,4.0,4,,,,,,,,
,,,,,43416,3.0,3,,,,,,,,
,,,,,43420,4.0,4,,,,,,,,
,,,,,43426,6.0,6,,,,,,,,
,,,,,43429,3.0,3,,,,,,,,
,,,,,43433,4.0,4,,,,,,,,
,,,,,43436,3.0,3,,,,,,,,
,,,,,43444,8.0,8,,,,,,,,
,,,,,43447,3.0,3,,,,,,,,
,,,,,43453,6.0,6,,,,,,,,
,,,,,43461,8.0,8,,,,,,,,
,,,,,43465,4.0,4,,,,,,,,
,,,,,43473,8.0,8,,,,,,,,
,,,,,43478,5.0,5,,,,,,,,
,,,,,43486,8.0,8,,,,,,,,
,,,,,43490,4.0,4,,,,,,,,
,,,,,43493,3.0,3,,,,,,,,
,,,,,43501,8.0,8,,,,,,,,
,,,,,43506,5.0,5,,,,,,,,
,,,,,43511,5.0,5,,,,,,,,
,,,,,43518,7.0,7,,,,,,,,
,,,,,43523,5.0,5,,,,,,,,
,,,,,43529,6.0,6,,,,,,,,
,,,,,43535,6.0,6,,,,,,,,
,,,,,43538,3.0,3,,,,,,,,
,,,,,43542,4.0,4,,,,,,,,
,,,,,43546,4.0,4,,,,,,,,
,,,,,43550,4.0,4,,,,,,,,
,,,,,43554,4.0,4,,,,,,,,
,,,,,43565,11.0,11,,,,,,,,
,,,,,43574,9.0,9,,,,,,,,
,,,,,43582,8.0,8,,,,,,,,
,,,,,43585,3.0,3,,,,,,,,
,,,,,43588,3.0,3,,,,,,,,
,,,,,43596,8.0,8,,,,,,,,
,,,,,43603,7.0,7,,,,,,,,
,,,,,43607,4.0,4,,,,,,,,
,,,,,43612,5.0,5,,,,,,,,
,,,,,43617,5.0,5,,,,,,,,
,,,,,43622,5.0,5,,,,,,,,
,,,,,43628,6.0,6,,,,,,,,
,,,,,43631,3.0,3,,,,,,,,
,,,,,43636,5.0,5,,,,,,,,
,,,,,43639,3.0,3,,,,,,,,
,,,,,43643,4.0,4,,,,,,,,
,,,,,43650,7.0,7,,,,,,,,
,,,,,43656,6.0,6,,,,,,,,
,,,,,43659,3.0,3,,,,,,,,
,,,,,43665,6.0,6,,,,,,,,
,,,,,43668,3.0,3,,,,,,,,
,,,,,43675,7.0,7,,,,,,,,
,,,,,43680,5.0,5,,,,,,,,
,,,,,43684,4.0,4,,,,,,,,
,,,,,43687,3.0,3,,,,,,,,
,,,,,43697,10.0,10,,,,,,,,
,,,,,43709,12.0,12,,,,,,,,
,,,,,43712,3.0,3,,,,,,,,
,,,,,43719,7.0,7,,,,,,,,
,,,,,43735,16.0,16,,,,,,,,
,,,,,43741,6.0,6,,,,,,,,
,,,,,43747,6.0,6,,,,,,,,
,,,,,43750,3.0,3,,,,,,,,
,,,,,43754,4.0,4,,,,,,,,
,,,,,43757,3.0,3,,,,,,,,
,,,,,43760,3.0,3,,,,,,,,
,,,,,43764,4.0,4,,,,,,,,
,,,,,43770,6.0,6,,,,,,,,
,,,,,43773,3.0,3,,,,,,,,
,,,,,43785,12.0,12,,,,,,,,
,,,,,43788,3.0,3,,,,,,,,
,,,,,43794,6.0,6,,,,,,,,
,,,,,43799,5.0,5,,,,,,,,
,,,,,43802,3.0,3,,,,,,,,
,,,,,43806,4.0,4,,,,,,,,
,,,,,43812,6.0,6,,,,,,,,
,,,,,43816,4.0,4,,,,,,,,
,,,,,43820,4.0,4,,,,,,,,
,,,,,43826,6.0,6,,,,,,,,
,,,,,43831,5.0,5,,,,,,,,
,,,,,43834,3.0,3,,,,,,,,
,,,,,43839,5.0,5,,,,,,,,
,,,,,43843,4.0,4,,,,,,,,
,,,,,43849,6.0,6,,,,,,,,
,,,,,43857,8.0,8,,,,,,,,
,,,,,43860,3.0,3,,,,,,,,
,,,,,43863,3.0,3,,,,,,,,
,,,,,43867,4.0,4,,,,,,,,
,,,,,43879,12.0,12,,,,,,,,
,,,,,43882,3.0,3,,,,,,,,
,,,,,43887,5.0,5,,,,,,,,
,,,,,43894,7.0,7,,,,,,,,
,,,,,43904,10.0,10,,,,,,,,
,,,,,43913,9.0,9,,,,,,,,
,,,,,43921,8.0,8,,,,,,,,
,,,,,43947,26.0,26,,,,,,,,
,,,,,43951,4.0,4,,,,,,,,
,,,,,43956,5.0,5,,,,,,,,
,,,,,43961,5.0,5,,,,,,,,
,,,,,43964,3.0,3,,,,,,,,
,,,,,43968,4.0,4,,,,,,,,
,,,,,43971,3.0,3,,,,,,,,
,,,,,43981,10.0,10,,,,,,,,
,,,,,43988,7.0,7,,,,,,,,
,,,,,43992,4.0,4,,,,,,,,
,,,,,43998,6.0,6,,,,,,,,
,,,,,44000,,,-0.06809428334236145,0.6809428334236145,2.1356186866760254,4.89125394821167,4.748234748840332,0.0003,0.0003,0.1
,,,,,44003,5.0,5,,,,,,,,
,,,,,44008,5.0,5,,,,,,,,
,,,,,44013,5.0,5,,,,,,,,
,,,,,44020,7.0,7,,,,,,,,
,,,,,44024,4.0,4,,,,,,,,
,,,,,44033,9.0,9,,,,,,,,
,,,,,44044,11.0,11,,,,,,,,
,,,,,44048,4.0,4,,,,,,,,
,,,,,44058,10.0,10,,,,,,,,
,,,,,44065,7.0,7,,,,,,,,
,,,,,44077,12.0,12,,,,,,,,
,,,,,44081,4.0,4,,,,,,,,
,,,,,44090,9.0,9,,,,,,,,
,,,,,44095,5.0,5,,,,,,,,
,,,,,44103,8.0,8,,,,,,,,
,,,,,44113,10.0,10,,,,,,,,
,,,,,44116,3.0,3,,,,,,,,
,,,,,44119,3.0,3,,,,,,,,
,,,,,44124,5.0,5,,,,,,,,
,,,,,44129,5.0,5,,,,,,,,
,,,,,44135,6.0,6,,,,,,,,
,,,,,44145,10.0,10,,,,,,,,
,,,,,44148,3.0,3,,,,,,,,
,,,,,44152,4.0,4,,,,,,,,
,,,,,44160,8.0,8,,,,,,,,
,,,,,44165,5.0,5,,,,,,,,
,,,,,44169,4.0,4,,,,,,,,
,,,,,44174,5.0,5,,,,,,,,
,,,,,44177,3.0,3,,,,,,,,
,,,,,44184,7.0,7,,,,,,,,
,,,,,44187,3.0,3,,,,,,,,
,,,,,44190,3.0,3,,,,,,,,
,,,,,44193,3.0,3,,,,,,,,
,,,,,44197,4.0,4,,,,,,,,
,,,,,44201,4.0,4,,,,,,,,
,,,,,44205,4.0,4,,,,,,,,
,,,,,44209,4.0,4,,,,,,,,
,,,,,44213,4.0,4,,,,,,,,
,,,,,44217,4.0,4,,,,,,,,
,,,,,44221,4.0,4,,,,,,,,
,,,,,44226,5.0,5,,,,,,,,
,,,,,44234,8.0,8,,,,,,,,
,,,,,44237,3.0,3,,,,,,,,
,,,,,44241,4.0,4,,,,,,,,
,,,,,44250,9.0,9,,,,,,,,
,,,,,44253,3.0,3,,,,,,,,
,,,,,44261,8.0,8,,,,,,,,
,,,,,44266,5.0,5,,,,,,,,
,,,,,44272,6.0,6,,,,,,,,
,,,,,44283,11.0,11,,,,,,,,
,,,,,44286,3.0,3,,,,,,,,
,,,,,44289,3.0,3,,,,,,,,
,,,,,44301,12.0,12,,,,,,,,
,,,,,44306,5.0,5,,,,,,,,
,,,,,44311,5.0,5,,,,,,,,
,,,,,44314,3.0,3,,,,,,,,
,,,,,44321,7.0,7,,,,,,,,
,,,,,44326,5.0,5,,,,,,,,
,,,,,44330,4.0,4,,,,,,,,
,,,,,44336,6.0,6,,,,,,,,
,,,,,44341,5.0,5,,,,,,,,
,,,,,44345,4.0,4,,,,,,,,
,,,,,44355,10.0,10,,,,,,,,
,,,,,44358,3.0,3,,,,,,,,
,,,,,44366,8.0,8,,,,,,,,
,,,,,44374,8.0,8,,,,,,,,
,,,,,44380,6.0,6,,,,,,,,
,,,,,44386,6.0,6,,,,,,,,
,,,,,44389,3.0,3,,,,,,,,
,,,,,44392,3.0,3,,,,,,,,
,,,,,44397,5.0,5,,,,,,,,
,,,,,44401,4.0,4,,,,,,,,
,,,,,44404,3.0,3,,,,,,,,
,,,,,44408,4.0,4,,,,,,,,
,,,,,44413,5.0,5,,,,,,,,
,,,,,44416,3.0,3,,,,,,,,
,,,,,44421,5.0,5,,,,,,,,
,,,,,44427,6.0,6,,,,,,,,
,,,,,44431,4.0,4,,,,,,,,
,,,,,44443,12.0,12,,,,,,,,
,,,,,44447,4.0,4,,,,,,,,
,,,,,44451,4.0,4,,,,,,,,
,,,,,44456,5.0,5,,,,,,,,
,,,,,44460,4.0,4,,,,,,,,
,,,,,44464,4.0,4,,,,,,,,
,,,,,44468,4.0,4,,,,,,,,
,,,,,44471,3.0,3,,,,,,,,
,,,,,44475,4.0,4,,,,,,,,
,,,,,44481,6.0,6,,,,,,,,
,,,,,44484,3.0,3,,,,,,,,
,,,,,44489,5.0,5,,,,,,,,
,,,,,44492,3.0,3,,,,,,,,
,,,,,44498,6.0,6,,,,,,,,
,,,,,44516,18.0,18,,,,,,,,
,,,,,44524,8.0,8,,,,,,,,
,,,,,44535,11.0,11,,,,,,,,
,,,,,44549,14.0,14,,,,,,,,
,,,,,44554,5.0,5,,,,,,,,
,,,,,44563,9.0,9,,,,,,,,
,,,,,44578,15.0,15,,,,,,,,
,,,,,44584,6.0,6,,,,,,,,
,,,,,44594,10.0,10,,,,,,,,
,,,,,44597,3.0,3,,,,,,,,
,,,,,44605,8.0,8,,,,,,,,
,,,,,44611,6.0,6,,,,,,,,
,,,,,44616,5.0,5,,,,,,,,
,,,,,44629,13.0,13,,,,,,,,
,,,,,44632,3.0,3,,,,,,,,
,,,,,44642,10.0,10,,,,,,,,
,,,,,44651,9.0,9,,,,,,,,
,,,,,44655,4.0,4,,,,,,,,
,,,,,44659,4.0,4,,,,,,,,
,,,,,44662,3.0,3,,,,,,,,
,,,,,44665,3.0,3,,,,,,,,
,,,,,44675,10.0,10,,,,,,,,
,,,,,44683,8.0,8,,,,,,,,
,,,,,44687,4.0,4,,,,,,,,
,,,,,44696,9.0,9,,,,,,,,
,,,,,44701,5.0,5,,,,,,,,
,,,,,44705,4.0,4,,,,,,,,
,,,,,44711,6.0,6,,,,,,,,
,,,,,44715,4.0,4,,,,,,,,
,,,,,44718,3.0,3,,,,,,,,
,,,,,44724,6.0,6,,,,,,,,
,,,,,44728,4.0,4,,,,,,,,
,,,,,44732,4.0,4,,,,,,,,
,,,,,44737,5.0,5,,,,,,,,
,,,,,44741,4.0,4,,,,,,,,
,,,,,44748,7.0,7,,,,,,,,
,,,,,44753,5.0,5,,,,,,,,
,,,,,44757,4.0,4,,,,,,,,
,,,,,44769,12.0,12,,,,,,,,
,,,,,44774,5.0,5,,,,,,,,
,,,,,44777,3.0,3,,,,,,,,
,,,,,44782,5.0,5,,,,,,,,
,,,,,44788,6.0,6,,,,,,,,
,,,,,44797,9.0,9,,,,,,,,
,,,,,44802,5.0,5,,,,,,,,
,,,,,44805,3.0,3,,,,,,,,
,,,,,44808,3.0,3,,,,,,,,
,,,,,44817,9.0,9,,,,,,,,
,,,,,44820,3.0,3,,,,,,,,
,,,,,44824,4.0,4,,,,,,,,
,,,,,44833,9.0,9,,,,,,,,
,,,,,44844,11.0,11,,,,,,,,
,,,,,44848,4.0,4,,,,,,,,
,,,,,44853,5.0,5,,,,,,,,
,,,,,44860,7.0,7,,,,,,,,
,,,,,44869,9.0,9,,,,,,,,
,,,,,44872,3.0,3,,,,,,,,
,,,,,44877,5.0,5,,,,,,,,
,,,,,44881,4.0,4,,,,,,,,
,,,,,44887,6.0,6,,,,,,,,
,,,,,44893,6.0,6,,,,,,,,
,,,,,44900,7.0,7,,,,,,,,
,,,,,44904,4.0,4,,,,,,,,
,,,,,44911,7.0,7,,,,,,,,
,,,,,44914,3.0,3,,,,,,,,
,,,,,44918,4.0,4,,,,,,,,
,,,,,44934,16.0,16,,,,,,,,
,,,,,44937,3.0,3,,,,,,,,
,,,,,44941,4.0,4,,,,,,,,
,,,,,44944,3.0,3,,,,,,,,
,,,,,44948,4.0,4,,,,,,,,
,,,,,44951,3.0,3,,,,,,,,
,,,,,44955,4.0,4,,,,,,,,
,,,,,44964,9.0,9,,,,,,,,
,,,,,44970,6.0,6,,,,,,,,
,,,,,44974,4.0,4,,,,,,,,
,,,,,44977,3.0,3,,,,,,,,
,,,,,44982,5.0,5,,,,,,,,
,,,,,44989,7.0,7,,,,,,,,
5.4,3.693237,15.0,3.0,5.4,45000,,,-0.06745363771915436,0.6745363473892212,1.8857696056365967,4.882071018218994,5.056070327758789,0.0003,0.0003,0.1
,,,,,45001,12.0,12,,,,,,,,
,,,,,45007,6.0,6,,,,,,,,
,,,,,45011,4.0,4,,,,,,,,
,,,,,45018,7.0,7,,,,,,,,
,,,,,45023,5.0,5,,,,,,,,
,,,,,45029,6.0,6,,,,,,,,
,,,,,45035,6.0,6,,,,,,,,
,,,,,45049,14.0,14,,,,,,,,
,,,,,45053,4.0,4,,,,,,,,
,,,,,45058,5.0,5,,,,,,,,
,,,,,45078,20.0,20,,,,,,,,
,,,,,45083,5.0,5,,,,,,,,
,,,,,45088,5.0,5,,,,,,,,
,,,,,45091,3.0,3,,,,,,,,
,,,,,45097,6.0,6,,,,,,,,
,,,,,45100,3.0,3,,,,,,,,
,,,,,45108,8.0,8,,,,,,,,
,,,,,45111,3.0,3,,,,,,,,
,,,,,45114,3.0,3,,,,,,,,
,,,,,45117,3.0,3,,,,,,,,
,,,,,45120,3.0,3,,,,,,,,
,,,,,45124,4.0,4,,,,,,,,
,,,,,45133,9.0,9,,,,,,,,
,,,,,45136,3.0,3,,,,,,,,
,,,,,45139,3.0,3,,,,,,,,
,,,,,45142,3.0,3,,,,,,,,
,,,,,45145,3.0,3,,,,,,,,
,,,,,45156,11.0,11,,,,,,,,
,,,,,45159,3.0,3,,,,,,,,
,,,,,45167,8.0,8,,,,,,,,
,,,,,45176,9.0,9,,,,,,,,
,,,,,45184,8.0,8,,,,,,,,
,,,,,45187,3.0,3,,,,,,,,
,,,,,45193,6.0,6,,,,,,,,
,,,,,45201,8.0,8,,,,,,,,
,,,,,45204,3.0,3,,,,,,,,
,,,,,45214,10.0,10,,,,,,,,
,,,,,45219,5.0,5,,,,,,,,
,,,,,45222,3.0,3,,,,,,,,
,,,,,45238,16.0,16,,,,,,,,
,,,,,45245,7.0,7,,,,,,,,
,,,,,45249,4.0,4,,,,,,,,
,,,,,45252,3.0,3,,,,,,,,
,,,,,45258,6.0,6,,,,,,,,
,,,,,45266,8.0,8,,,,,,,,
,,,,,45273,7.0,7,,,,,,,,
,,,,,45278,5.0,5,,,,,,,,
,,,,,45289,11.0,11,,,,,,,,
,,,,,45292,3.0,3,,,,,,,,
,,,,,45296,4.0,4,,,,,,,,
,,,,,45299,3.0,3,,,,,,,,
,,,,,45303,4.0,4,,,,,,,,
,,,,,45313,10.0,10,,,,,,,,
,,,,,45320,7.0,7,,,,,,,,
,,,,,45323,3.0,3,,,,,,,,
,,,,,45328,5.0,5,,,,,,,,
,,,,,45336,8.0,8,,,,,,,,
,,,,,45339,3.0,3,,,,,,,,
,,,,,45343,4.0,4,,,,,,,,
,,,,,45347,4.0,4,,,,,,,,
,,,,,45350,3.0,3,,,,,,,,
,,,,,45354,4.0,4,,,,,,,,
,,,,,45360,6.0,6,,,,,,,,
,,,,,45366,6.0,6,,,,,,,,
,,,,,45369,3.0,3,,,,,,,,
,,,,,45372,3.0,3,,,,,,,,
,,,,,45377,5.0,5,,,,,,,,
,,,,,45380,3.0,3,,,,,,,,
,,,,,45385,5.0,5,,,,,,,,
,,,,,45392,7.0,7,,,,,,,,
,,,,,45402,10.0,10,,,,,,,,
,,,,,45411,9.0,9,,,,,,,,
,,,,,45418,7.0,7,,,,,,,,
,,,,,45423,5.0,5,,,,,,,,
,,,,,45428,5.0,5,,,,,,,,
,,,,,45433,5.0,5,,,,,,,,
,,,,,45436,3.0,3,,,,,,,,
,,,,,45439,3.0,3,,,,,,,,
,,,,,45444,5.0,5,,,,,,,,
,,,,,45448,4.0,4,,,,,,,,
,,,,,45451,3.0,3,,,,,,,,
,,,,,45460,9.0,9,,,,,,,,
,,,,,45463,3.0,3,,,,,,,,
,,,,,45469,6.0,6,,,,,,,,
,,,,,45473,4.0,4,,,,,,,,
,,,,,45476,3.0,3,,,,,,,,
,,,,,45482,6.0,6,,,,,,,,
,,,,,45489,7.0,7,,,,,,,,
,,,,,45492,3.0,3,,,,,,,,
,,,,,45498,6.0,6,,,,,,,,
,,,,,45501,3.0,3,,,,,,,,
,,,,,45510,9.0,9,,,,,,,,
,,,,,45513,3.0,3,,,,,,,,
,,,,,45517,4.0,4,,,,,,,,
,,,,,45525,8.0,8,,,,,,,,
,,,,,45531,6.0,6,,,,,,,,
,,,,,45538,7.0,7,,,,,,,,
,,,,,45542,4.0,4,,,,,,,,
,,,,,45545,3.0,3,,,,,,,,
,,,,,45548,3.0,3,,,,,,,,
,,,,,45554,6.0,6,,,,,,,,
,,,,,45562,8.0,8,,,,,,,,
,,,,,45565,3.0,3,,,,,,,,
,,,,,45571,6.0,6,,,,,,,,
,,,,,45574,3.0,3,,,,,,,,
,,,,,45580,6.0,6,,,,,,,,
,,,,,45586,6.0,6,,,,,,,,
,,,,,45594,8.0,8,,,,,,,,
,,,,,45597,3.0,3,,,,,,,,
,,,,,45605,8.0,8,,,,,,,,
,,,,,45609,4.0,4,,,,,,,,
,,,,,45613,4.0,4,,,,,,,,
,,,,,45616,3.0,3,,,,,,,,
,,,,,45626,10.0,10,,,,,,,,
,,,,,45634,8.0,8,,,,,,,,
,,,,,45639,5.0,5,,,,,,,,
,,,,,45643,4.0,4,,,,,,,,
,,,,,45650,7.0,7,,,,,,,,
,,,,,45663,13.0,13,,,,,,,,
,,,,,45670,7.0,7,,,,,,,,
,,,,,45675,5.0,5,,,,,,,,
,,,,,45678,3.0,3,,,,,,,,
,,,,,45682,4.0,4,,,,,,,,
,,,,,45685,3.0,3,,,,,,,,
,,,,,45690,5.0,5,,,,,,,,
,,,,,45699,9.0,9,,,,,,,,
,,,,,45708,9.0,9,,,,,,,,
,,,,,45711,3.0,3,,,,,,,,
,,,,,45724,13.0,13,,,,,,,,
,,,,,45727,3.0,3,,,,,,,,
,,,,,45743,16.0,16,,,,,,,,
,,,,,45746,3.0,3,,,,,,,,
,,,,,45749,3.0,3,,,,,,,,
,,,,,45755,6.0,6,,,,,,,,
,,,,,45758,3.0,3,,,,,,,,
,,,,,45768,10.0,10,,,,,,,,
,,,,,45773,5.0,5,,,,,,,,
,,,,,45776,3.0,3,,,,,,,,
,,,,,45779,3.0,3,,,,,,,,
,,,,,45782,3.0,3,,,,,,,,
,,,,,45791,9.0,9,,,,,,,,
,,,,,45797,6.0,6,,,,,,,,
,,,,,45801,4.0,4,,,,,,,,
,,,,,45804,3.0,3,,,,,,,,
,,,,,45808,4.0,4,,,,,,,,
,,,,,45814,6.0,6,,,,,,,,
,,,,,45817,3.0,3,,,,,,,,
,,,,,45826,9.0,9,,,,,,,,
,,,,,45831,5.0,5,,,,,,,,
,,,,,45841,10.0,10,,,,,,,,
,,,,,45848,7.0,7,,,,,,,,
,,,,,45852,4.0,4,,,,,,,,
,,,,,45856,4.0,4,,,,,,,,
,,,,,45860,4.0,4,,,,,,,,
,,,,,45863,3.0,3,,,,,,,,
,,,,,45866,3.0,3,,,,,,,,
,,,,,45869,3.0,3,,,,,,,,
,,,,,45873,4.0,4,,,,,,,,
,,,,,45880,7.0,7,,,,,,,,
,,,,,45883,3.0,3,,,,,,,,
,,,,,45889,6.0,6,,,,,,,,
,,,,,45897,8.0,8,,,,,,,,
,,,,,45901,4.0,4,,,,,,,,
,,,,,45906,5.0,5,,,,,,,,
,,,,,45911,5.0,5,,,,,,,,
,,,,,45915,4.0,4,,,,,,,,
,,,,,45923,8.0,8,,,,,,,,
,,,,,45928,5.0,5,,,,,,,,
,,,,,45938,10.0,10,,,,,,,,
,,,,,45942,4.0,4,,,,,,,,
,,,,,45945,3.0,3,,,,,,,,
,,,,,45970,25.0,25,,,,,,,,
,,,,,45975,5.0,5,,,,,,,,
,,,,,45978,3.0,3,,,,,,,,
,,,,,45991,13.0,13,,,,,,,,
,,,,,45995,4.0,4,,,,,,,,
,,,,,45999,4.0,4,,,,,,,,
,,,,,46000,,,-0.06992657482624054,0.699265718460083,1.6238645315170288,4.394659042358398,4.362478256225586,0.0003,0.0003,0.1
,,,,,46006,7.0,7,,,,,,,,
,,,,,46014,8.0,8,,,,,,,,
,,,,,46021,7.0,7,,,,,,,,
,,,,,46028,7.0,7,,,,,,,,
,,,,,46032,4.0,4,,,,,,,,
,,,,,46037,5.0,5,,,,,,,,
,,,,,46042,5.0,5,,,,,,,,
,,,,,46046,4.0,4,,,,,,,,
,,,,,46052,6.0,6,,,,,,,,
,,,,,46060,8.0,8,,,,,,,,
,,,,,46067,7.0,7,,,,,,,,
,,,,,46070,3.0,3,,,,,,,,
,,,,,46073,3.0,3,,,,,,,,
,,,,,46085,12.0,12,,,,,,,,
,,,,,46091,6.0,6,,,,,,,,
,,,,,46098,7.0,7,,,,,,,,
,,,,,46104,6.0,6,,,,,,,,
,,,,,46110,6.0,6,,,,,,,,
,,,,,46113,3.0,3,,,,,,,,
,,,,,46121,8.0,8,,,,,,,,
,,,,,46127,6.0,6,,,,,,,,
,,,,,46134,7.0,7,,,,,,,,
,,,,,46146,12.0,12,,,,,,,,
,,,,,46154,8.0,8,,,,,,,,
,,,,,46161,7.0,7,,,,,,,,
,,,,,46165,4.0,4,,,,,,,,
,,,,,46171,6.0,6,,,,,,,,
,,,,,46176,5.0,5,,,,,,,,
,,,,,46180,4.0,4,,,,,,,,
,,,,,46195,15.0,15,,,,,,,,
,,,,,46202,7.0,7,,,,,,,,
,,,,,46212,10.0,10,,,,,,,,
,,,,,46215,3.0,3,,,,,,,,
,,,,,46220,5.0,5,,,,,,,,
,,,,,46227,7.0,7,,,,,,,,
,,,,,46231,4.0,4,,,,,,,,
,,,,,46234,3.0,3,,,,,,,,
,,,,,46245,11.0,11,,,,,,,,
,,,,,46248,3.0,3,,,,,,,,
,,,,,46253,5.0,5,,,,,,,,
,,,,,46260,7.0,7,,,,,,,,
,,,,,46268,8.0,8,,,,,,,,
,,,,,46273,5.0,5,,,,,,,,
,,,,,46278,5.0,5,,,,,,,,
,,,,,46283,5.0,5,,,,,,,,
,,,,,46287,4.0,4,,,,,,,,
,,,,,46292,5.0,5,,,,,,,,
,,,,,46297,5.0,5,,,,,,,,
,,,,,46305,8.0,8,,,,,,,,
,,,,,46312,7.0,7,,,,,,,,
,,,,,46319,7.0,7,,,,,,,,
,,,,,46323,4.0,4,,,,,,,,
,,,,,46334,11.0,11,,,,,,,,
,,,,,46337,3.0,3,,,,,,,,
,,,,,46340,3.0,3,,,,,,,,
,,,,,46344,4.0,4,,,,,,,,
,,,,,46353,9.0,9,,,,,,,,
,,,,,46360,7.0,7,,,,,,,,
,,,,,46364,4.0,4,,,,,,,,
,,,,,46368,4.0,4,,,,,,,,
,,,,,46372,4.0,4,,,,,,,,
,,,,,46381,9.0,9,,,,,,,,
,,,,,46387,6.0,6,,,,,,,,
,,,,,46397,10.0,10,,,,,,,,
,,,,,46404,7.0,7,,,,,,,,
,,,,,46407,3.0,3,,,,,,,,
,,,,,46415,8.0,8,,,,,,,,
,,,,,46419,4.0,4,,,,,,,,
,,,,,46432,13.0,13,,,,,,,,
,,,,,46441,9.0,9,,,,,,,,
,,,,,46447,6.0,6,,,,,,,,
,,,,,46451,4.0,4,,,,,,,,
,,,,,46454,3.0,3,,,,,,,,
,,,,,46465,11.0,11,,,,,,,,
,,,,,46469,4.0,4,,,,,,,,
,,,,,46472,3.0,3,,,,,,,,
,,,,,46476,4.0,4,,,,,,,,
,,,,,46482,6.0,6,,,,,,,,
,,,,,46492,10.0,10,,,,,,,,
,,,,,46495,3.0,3,,,,,,,,
,,,,,46517,22.0,22,,,,,,,,
,,,,,46524,7.0,7,,,,,,,,
,,,,,46534,10.0,10,,,,,,,,
,,,,,46540,6.0,6,,,,,,,,
,,,,,46549,9.0,9,,,,,,,,
,,,,,46553,4.0,4,,,,,,,,
,,,,,46558,5.0,5,,,,,,,,
,,,,,46562,4.0,4,,,,,,,,
,,,,,46565,3.0,3,,,,,,,,
,,,,,46573,8.0,8,,,,,,,,
,,,,,46577,4.0,4,,,,,,,,
,,,,,46582,5.0,5,,,,,,,,
,,,,,46594,12.0,12,,,,,,,,
,,,,,46600,6.0,6,,,,,,,,
,,,,,46606,6.0,6,,,,,,,,
,,,,,46610,4.0,4,,,,,,,,
,,,,,46613,3.0,3,,,,,,,,
,,,,,46621,8.0,8,,,,,,,,
,,,,,46628,7.0,7,,,,,,,,
,,,,,46634,6.0,6,,,,,,,,
,,,,,46639,5.0,5,,,,,,,,
,,,,,46644,5.0,5,,,,,,,,
,,,,,46655,11.0,11,,,,,,,,
,,,,,46664,9.0,9,,,,,,,,
,,,,,46677,13.0,13,,,,,,,,
,,,,,46682,5.0,5,,,,,,,,
,,,,,46689,7.0,7,,,,,,,,
,,,,,46696,7.0,7,,,,,,,,
,,,,,46702,6.0,6,,,,,,,,
,,,,,46707,5.0,5,,,,,,,,
,,,,,46714,7.0,7,,,,,,,,
,,,,,46722,8.0,8,,,,,,,,
,,,,,46725,3.0,3,,,,,,,,
,,,,,46731,6.0,6,,,,,,,,
,,,,,46735,4.0,4,,,,,,,,
,,,,,46741,6.0,6,,,,,,,,
,,,,,46744,3.0,3,,,,,,,,
,,,,,46749,5.0,5,,,,,,,,
,,,,,46754,5.0,5,,,,,,,,
,,,,,46757,3.0,3,,,,,,,,
,,,,,46760,3.0,3,,,,,,,,
,,,,,46763,3.0,3,,,,,,,,
,,,,,46772,9.0,9,,,,,,,,
,,,,,46776,4.0,4,,,,,,,,
,,,,,46781,5.0,5,,,,,,,,
,,,,,46787,6.0,6,,,,,,,,
,,,,,46790,3.0,3,,,,,,,,
,,,,,46798,8.0,8,,,,,,,,
,,,,,46801,3.0,3,,,,,,,,
,,,,,46805,4.0,4,,,,,,,,
,,,,,46812,7.0,7,,,,,,,,
,,,,,46829,17.0,17,,,,,,,,
,,,,,46832,3.0,3,,,,,,,,
,,,,,46835,3.0,3,,,,,,,,
,,,,,46840,5.0,5,,,,,,,,
,,,,,46849,9.0,9,,,,,,,,
,,,,,46852,3.0,3,,,,,,,,
,,,,,46855,3.0,3,,,,,,,,
,,,,,46858,3.0,3,,,,,,,,
,,,,,46862,4.0,4,,,,,,,,
,,,,,46867,5.0,5,,,,,,,,
,,,,,46874,7.0,7,,,,,,,,
,,,,,46883,9.0,9,,,,,,,,
,,,,,46890,7.0,7,,,,,,,,
,,,,,46894,4.0,4,,,,,,,,
,,,,,46898,4.0,4,,,,,,,,
,,,,,46927,29.0,29,,,,,,,,
,,,,,46934,7.0,7,,,,,,,,
,,,,,46937,3.0,3,,,,,,,,
,,,,,46942,5.0,5,,,,,,,,
,,,,,46947,5.0,5,,,,,,,,
,,,,,46953,6.0,6,,,,,,,,
,,,,,46958,5.0,5,,,,,,,,
,,,,,46961,3.0,3,,,,,,,,
,,,,,46964,3.0,3,,,,,,,,
,,,,,46968,4.0,4,,,,,,,,
,,,,,46973,5.0,5,,,,,,,,
,,,,,46978,5.0,5,,,,,,,,
,,,,,46982,4.0,4,,,,,,,,
,,,,,46985,3.0,3,,,,,,,,
,,,,,46988,3.0,3,,,,,,,,
,,,,,46993,5.0,5,,,,,,,,
,,,,,46998,5.0,5,,,,,,,,
,,,,,47000,,,-0.06958921998739243,0.6958922147750854,1.993440866470337,4.523686408996582,4.522326469421387,0.0003,0.0003,0.1
,,,,,47007,9.0,9,,,,,,,,
,,,,,47015,8.0,8,,,,,,,,
,,,,,47019,4.0,4,,,,,,,,
,,,,,47026,7.0,7,,,,,,,,
,,,,,47030,4.0,4,,,,,,,,
,,,,,47034,4.0,4,,,,,,,,
,,,,,47038,4.0,4,,,,,,,,
,,,,,47041,3.0,3,,,,,,,,
,,,,,47044,3.0,3,,,,,,,,
,,,,,47047,3.0,3,,,,,,,,
,,,,,47052,5.0,5,,,,,,,,
,,,,,47057,5.0,5,,,,,,,,
,,,,,47060,3.0,3,,,,,,,,
,,,,,47065,5.0,5,,,,,,,,
,,,,,47068,3.0,3,,,,,,,,
,,,,,47073,5.0,5,,,,,,,,
,,,,,47076,3.0,3,,,,,,,,
,,,,,47091,15.0,15,,,,,,,,
,,,,,47096,5.0,5,,,,,,,,
,,,,,47100,4.0,4,,,,,,,,
,,,,,47103,3.0,3,,,,,,,,
,,,,,47107,4.0,4,,,,,,,,
,,,,,47110,3.0,3,,,,,,,,
,,,,,47119,9.0,9,,,,,,,,
,,,,,47137,18.0,18,,,,,,,,
,,,,,47141,4.0,4,,,,,,,,
,,,,,47149,8.0,8,,,,,,,,
,,,,,47155,6.0,6,,,,,,,,
,,,,,47159,4.0,4,,,,,,,,
,,,,,47168,9.0,9,,,,,,,,
,,,,,47171,3.0,3,,,,,,,,
,,,,,47174,3.0,3,,,,,,,,
,,,,,47187,13.0,13,,,,,,,,
,,,,,47194,7.0,7,,,,,,,,
,,,,,47204,10.0,10,,,,,,,,
,,,,,47212,8.0,8,,,,,,,,
,,,,,47216,4.0,4,,,,,,,,
,,,,,47222,6.0,6,,,,,,,,
,,,,,47227,5.0,5,,,,,,,,
,,,,,47233,6.0,6,,,,,,,,
,,,,,47245,12.0,12,,,,,,,,
,,,,,47256,11.0,11,,,,,,,,
,,,,,47262,6.0,6,,,,,,,,
,,,,,47265,3.0,3,,,,,,,,
,,,,,47275,10.0,10,,,,,,,,
,,,,,47284,9.0,9,,,,,,,,
,,,,,47288,4.0,4,,,,,,,,
,,,,,47294,6.0,6,,,,,,,,
,,,,,47299,5.0,5,,,,,,,,
,,,,,47304,5.0,5,,,,,,,,
,,,,,47312,8.0,8,,,,,,,,
,,,,,47323,11.0,11,,,,,,,,
,,,,,47327,4.0,4,,,,,,,,
,,,,,47330,3.0,3,,,,,,,,
,,,,,47333,3.0,3,,,,,,,,
,,,,,47336,3.0,3,,,,,,,,
,,,,,47346,10.0,10,,,,,,,,
,,,,,47352,6.0,6,,,,,,,,
,,,,,47355,3.0,3,,,,,,,,
,,,,,47359,4.0,4,,,,,,,,
,,,,,47362,3.0,3,,,,,,,,
,,,,,47373,11.0,11,,,,,,,,
,,,,,47377,4.0,4,,,,,,,,
,,,,,47382,5.0,5,,,,,,,,
,,,,,47387,5.0,5,,,,,,,,
,,,,,47391,4.0,4,,,,,,,,
,,,,,47394,3.0,3,,,,,,,,
,,,,,47398,4.0,4,,,,,,,,
,,,,,47402,4.0,4,,,,,,,,
,,,,,47411,9.0,9,,,,,,,,
,,,,,47418,7.0,7,,,,,,,,
,,,,,47428,10.0,10,,,,,,,,
,,,,,47433,5.0,5,,,,,,,,
,,,,,47436,3.0,3,,,,,,,,
,,,,,47441,5.0,5,,,,,,,,
,,,,,47446,5.0,5,,,,,,,,
,,,,,47457,11.0,11,,,,,,,,
,,,,,47467,10.0,10,,,,,,,,
,,,,,47470,3.0,3,,,,,,,,
,,,,,47478,8.0,8,,,,,,,,
,,,,,47483,5.0,5,,,,,,,,
,,,,,47494,11.0,11,,,,,,,,
,,,,,47508,14.0,14,,,,,,,,
,,,,,47516,8.0,8,,,,,,,,
,,,,,47521,5.0,5,,,,,,,,
,,,,,47526,5.0,5,,,,,,,,
,,,,,47531,5.0,5,,,,,,,,
,,,,,47538,7.0,7,,,,,,,,
,,,,,47543,5.0,5,,,,,,,,
,,,,,47548,5.0,5,,,,,,,,
,,,,,47554,6.0,6,,,,,,,,
,,,,,47557,3.0,3,,,,,,,,
,,,,,47564,7.0,7,,,,,,,,
,,,,,47568,4.0,4,,,,,,,,
,,,,,47573,5.0,5,,,,,,,,
,,,,,47578,5.0,5,,,,,,,,
,,,,,47581,3.0,3,,,,,,,,
,,,,,47584,3.0,3,,,,,,,,
,,,,,47588,4.0,4,,,,,,,,
,,,,,47594,6.0,6,,,,,,,,
,,,,,47597,3.0,3,,,,,,,,
,,,,,47600,3.0,3,,,,,,,,
,,,,,47606,6.0,6,,,,,,,,
,,,,,47610,4.0,4,,,,,,,,
,,,,,47614,4.0,4,,,,,,,,
,,,,,47618,4.0,4,,,,,,,,
,,,,,47632,14.0,14,,,,,,,,
,,,,,47646,14.0,14,,,,,,,,
,,,,,47651,5.0,5,,,,,,,,
,,,,,47654,3.0,3,,,,,,,,
,,,,,47660,6.0,6,,,,,,,,
,,,,,47666,6.0,6,,,,,,,,
,,,,,47671,5.0,5,,,,,,,,
,,,,,47675,4.0,4,,,,,,,,
,,,,,47680,5.0,5,,,,,,,,
,,,,,47684,4.0,4,,,,,,,,
,,,,,47687,3.0,3,,,,,,,,
,,,,,47692,5.0,5,,,,,,,,
,,,,,47706,14.0,14,,,,,,,,
,,,,,47710,4.0,4,,,,,,,,
,,,,,47717,7.0,7,,,,,,,,
,,,,,47724,7.0,7,,,,,,,,
,,,,,47727,3.0,3,,,,,,,,
,,,,,47735,8.0,8,,,,,,,,
,,,,,47743,8.0,8,,,,,,,,
,,,,,47748,5.0,5,,,,,,,,
,,,,,47752,4.0,4,,,,,,,,
,,,,,47761,9.0,9,,,,,,,,
,,,,,47771,10.0,10,,,,,,,,
,,,,,47774,3.0,3,,,,,,,,
,,,,,47782,8.0,8,,,,,,,,
,,,,,47789,7.0,7,,,,,,,,
,,,,,47802,13.0,13,,,,,,,,
,,,,,47814,12.0,12,,,,,,,,
,,,,,47819,5.0,5,,,,,,,,
,,,,,47823,4.0,4,,,,,,,,
,,,,,47828,5.0,5,,,,,,,,
,,,,,47834,6.0,6,,,,,,,,
,,,,,47839,5.0,5,,,,,,,,
,,,,,47842,3.0,3,,,,,,,,
,,,,,47851,9.0,9,,,,,,,,
,,,,,47855,4.0,4,,,,,,,,
,,,,,47858,3.0,3,,,,,,,,
,,,,,47864,6.0,6,,,,,,,,
,,,,,47874,10.0,10,,,,,,,,
,,,,,47882,8.0,8,,,,,,,,
,,,,,47895,13.0,13,,,,,,,,
,,,,,47904,9.0,9,,,,,,,,
,,,,,47907,3.0,3,,,,,,,,
,,,,,47911,4.0,4,,,,,,,,
,,,,,47914,3.0,3,,,,,,,,
,,,,,47918,4.0,4,,,,,,,,
,,,,,47921,3.0,3,,,,,,,,
,,,,,47924,3.0,3,,,,,,,,
,,,,,47928,4.0,4,,,,,,,,
,,,,,47943,15.0,15,,,,,,,,
,,,,,47948,5.0,5,,,,,,,,
,,,,,47954,6.0,6,,,,,,,,
,,,,,47958,4.0,4,,,,,,,,
,,,,,47961,3.0,3,,,,,,,,
,,,,,47965,4.0,4,,,,,,,,
,,,,,47970,5.0,5,,,,,,,,
,,,,,47973,3.0,3,,,,,,,,
,,,,,47979,6.0,6,,,,,,,,
,,,,,47985,6.0,6,,,,,,,,
,,,,,47994,9.0,9,,,,,,,,
,,,,,48000,,,-0.06609227508306503,0.6609227657318115,1.8527952432632446,4.6505560874938965,4.477524757385254,0.0003,0.0003,0.1
,,,,,48001,7.0,7,,,,,,,,
,,,,,48004,3.0,3,,,,,,,,
,,,,,48010,6.0,6,,,,,,,,
,,,,,48018,8.0,8,,,,,,,,
,,,,,48029,11.0,11,,,,,,,,
,,,,,48039,10.0,10,,,,,,,,
,,,,,48043,4.0,4,,,,,,,,
,,,,,48055,12.0,12,,,,,,,,
,,,,,48063,8.0,8,,,,,,,,
,,,,,48070,7.0,7,,,,,,,,
,,,,,48076,6.0,6,,,,,,,,
,,,,,48081,5.0,5,,,,,,,,
,,,,,48092,11.0,11,,,,,,,,
,,,,,48098,6.0,6,,,,,,,,
,,,,,48102,4.0,4,,,,,,,,
,,,,,48115,13.0,13,,,,,,,,
,,,,,48119,4.0,4,,,,,,,,
,,,,,48128,9.0,9,,,,,,,,
,,,,,48135,7.0,7,,,,,,,,
,,,,,48138,3.0,3,,,,,,,,
,,,,,48144,6.0,6,,,,,,,,
,,,,,48153,9.0,9,,,,,,,,
,,,,,48157,4.0,4,,,,,,,,
,,,,,48160,3.0,3,,,,,,,,
,,,,,48170,10.0,10,,,,,,,,
,,,,,48174,4.0,4,,,,,,,,
,,,,,48181,7.0,7,,,,,,,,
,,,,,48190,9.0,9,,,,,,,,
,,,,,48194,4.0,4,,,,,,,,
,,,,,48201,7.0,7,,,,,,,,
,,,,,48206,5.0,5,,,,,,,,
,,,,,48210,4.0,4,,,,,,,,
,,,,,48213,3.0,3,,,,,,,,
,,,,,48218,5.0,5,,,,,,,,
,,,,,48223,5.0,5,,,,,,,,
,,,,,48230,7.0,7,,,,,,,,
,,,,,48236,6.0,6,,,,,,,,
,,,,,48248,12.0,12,,,,,,,,
,,,,,48251,3.0,3,,,,,,,,
,,,,,48256,5.0,5,,,,,,,,
,,,,,48260,4.0,4,,,,,,,,
,,,,,48264,4.0,4,,,,,,,,
,,,,,48269,5.0,5,,,,,,,,
,,,,,48290,21.0,21,,,,,,,,
,,,,,48296,6.0,6,,,,,,,,
,,,,,48304,8.0,8,,,,,,,,
,,,,,48323,19.0,19,,,,,,,,
,,,,,48329,6.0,6,,,,,,,,
,,,,,48334,5.0,5,,,,,,,,
,,,,,48338,4.0,4,,,,,,,,
,,,,,48345,7.0,7,,,,,,,,
,,,,,48349,4.0,4,,,,,,,,
,,,,,48353,4.0,4,,,,,,,,
,,,,,48357,4.0,4,,,,,,,,
,,,,,48360,3.0,3,,,,,,,,
,,,,,48363,3.0,3,,,,,,,,
,,,,,48367,4.0,4,,,,,,,,
,,,,,48377,10.0,10,,,,,,,,
,,,,,48381,4.0,4,,,,,,,,
,,,,,48389,8.0,8,,,,,,,,
,,,,,48400,11.0,11,,,,,,,,
,,,,,48404,4.0,4,,,,,,,,
,,,,,48408,4.0,4,,,,,,,,
,,,,,48411,3.0,3,,,,,,,,
,,,,,48424,13.0,13,,,,,,,,
,,,,,48427,3.0,3,,,,,,,,
,,,,,48437,10.0,10,,,,,,,,
,,,,,48448,11.0,11,,,,,,,,
,,,,,48451,3.0,3,,,,,,,,
,,,,,48455,4.0,4,,,,,,,,
,,,,,48460,5.0,5,,,,,,,,
,,,,,48467,7.0,7,,,,,,,,
,,,,,48475,8.0,8,,,,,,,,
,,,,,48484,9.0,9,,,,,,,,
,,,,,48488,4.0,4,,,,,,,,
,,,,,48498,10.0,10,,,,,,,,
,,,,,48502,4.0,4,,,,,,,,
,,,,,48512,10.0,10,,,,,,,,
,,,,,48515,3.0,3,,,,,,,,
,,,,,48519,4.0,4,,,,,,,,
,,,,,48523,4.0,4,,,,,,,,
,,,,,48526,3.0,3,,,,,,,,
,,,,,48535,9.0,9,,,,,,,,
,,,,,48538,3.0,3,,,,,,,,
,,,,,48543,5.0,5,,,,,,,,
,,,,,48553,10.0,10,,,,,,,,
,,,,,48559,6.0,6,,,,,,,,
,,,,,48569,10.0,10,,,,,,,,
,,,,,48576,7.0,7,,,,,,,,
,,,,,48583,7.0,7,,,,,,,,
,,,,,48587,4.0,4,,,,,,,,
,,,,,48591,4.0,4,,,,,,,,
,,,,,48598,7.0,7,,,,,,,,
,,,,,48603,5.0,5,,,,,,,,
,,,,,48610,7.0,7,,,,,,,,
,,,,,48613,3.0,3,,,,,,,,
,,,,,48616,3.0,3,,,,,,,,
,,,,,48620,4.0,4,,,,,,,,
,,,,,48624,4.0,4,,,,,,,,
,,,,,48633,9.0,9,,,,,,,,
,,,,,48636,3.0,3,,,,,,,,
,,,,,48639,3.0,3,,,,,,,,
,,,,,48645,6.0,6,,,,,,,,
,,,,,48650,5.0,5,,,,,,,,
,,,,,48654,4.0,4,,,,,,,,
,,,,,48658,4.0,4,,,,,,,,
,,,,,48663,5.0,5,,,,,,,,
,,,,,48667,4.0,4,,,,,,,,
,,,,,48683,16.0,16,,,,,,,,
,,,,,48689,6.0,6,,,,,,,,
,,,,,48696,7.0,7,,,,,,,,
,,,,,48710,14.0,14,,,,,,,,
,,,,,48719,9.0,9,,,,,,,,
,,,,,48722,3.0,3,,,,,,,,
,,,,,48739,17.0,17,,,,,,,,
,,,,,48742,3.0,3,,,,,,,,
,,,,,48749,7.0,7,,,,,,,,
,,,,,48754,5.0,5,,,,,,,,
,,,,,48765,11.0,11,,,,,,,,
,,,,,48769,4.0,4,,,,,,,,
,,,,,48773,4.0,4,,,,,,,,
,,,,,48778,5.0,5,,,,,,,,
,,,,,48784,6.0,6,,,,,,,,
,,,,,48788,4.0,4,,,,,,,,
,,,,,48792,4.0,4,,,,,,,,
,,,,,48811,19.0,19,,,,,,,,
,,,,,48815,4.0,4,,,,,,,,
,,,,,48828,13.0,13,,,,,,,,
,,,,,48840,12.0,12,,,,,,,,
,,,,,48851,11.0,11,,,,,,,,
,,,,,48855,4.0,4,,,,,,,,
,,,,,48859,4.0,4,,,,,,,,
,,,,,48864,5.0,5,,,,,,,,
,,,,,48874,10.0,10,,,,,,,,
,,,,,48877,3.0,3,,,,,,,,
,,,,,48880,3.0,3,,,,,,,,
,,,,,48886,6.0,6,,,,,,,,
,,,,,48891,5.0,5,,,,,,,,
,,,,,48895,4.0,4,,,,,,,,
,,,,,48904,9.0,9,,,,,,,,
,,,,,48909,5.0,5,,,,,,,,
,,,,,48915,6.0,6,,,,,,,,
,,,,,48919,4.0,4,,,,,,,,
,,,,,48925,6.0,6,,,,,,,,
,,,,,48929,4.0,4,,,,,,,,
,,,,,48935,6.0,6,,,,,,,,
,,,,,48940,5.0,5,,,,,,,,
,,,,,48950,10.0,10,,,,,,,,
,,,,,48953,3.0,3,,,,,,,,
,,,,,48957,4.0,4,,,,,,,,
,,,,,48962,5.0,5,,,,,,,,
,,,,,48967,5.0,5,,,,,,,,
,,,,,48972,5.0,5,,,,,,,,
,,,,,48975,3.0,3,,,,,,,,
,,,,,48980,5.0,5,,,,,,,,
,,,,,48984,4.0,4,,,,,,,,
,,,,,48990,6.0,6,,,,,,,,
,,,,,48997,7.0,7,,,,,,,,
,,,,,49000,,,-0.06747379153966904,0.6747379302978516,1.4947041273117065,4.456723690032959,4.412120342254639,0.0003,0.0003,0.1
,,,,,49005,8.0,8,,,,,,,,
,,,,,49009,4.0,4,,,,,,,,
,,,,,49012,3.0,3,,,,,,,,
,,,,,49021,9.0,9,,,,,,,,
,,,,,49025,4.0,4,,,,,,,,
,,,,,49029,4.0,4,,,,,,,,
,,,,,49034,5.0,5,,,,,,,,
,,,,,49039,5.0,5,,,,,,,,
,,,,,49047,8.0,8,,,,,,,,
,,,,,49051,4.0,4,,,,,,,,
,,,,,49059,8.0,8,,,,,,,,
,,,,,49063,4.0,4,,,,,,,,
,,,,,49068,5.0,5,,,,,,,,
,,,,,49073,5.0,5,,,,,,,,
,,,,,49078,5.0,5,,,,,,,,
,,,,,49083,5.0,5,,,,,,,,
,,,,,49086,3.0,3,,,,,,,,
,,,,,49089,3.0,3,,,,,,,,
,,,,,49096,7.0,7,,,,,,,,
,,,,,49107,11.0,11,,,,,,,,
,,,,,49112,5.0,5,,,,,,,,
,,,,,49120,8.0,8,,,,,,,,
,,,,,49124,4.0,4,,,,,,,,
,,,,,49127,3.0,3,,,,,,,,
,,,,,49131,4.0,4,,,,,,,,
,,,,,49136,5.0,5,,,,,,,,
,,,,,49141,5.0,5,,,,,,,,
,,,,,49158,17.0,17,,,,,,,,
,,,,,49161,3.0,3,,,,,,,,
,,,,,49164,3.0,3,,,,,,,,
,,,,,49170,6.0,6,,,,,,,,
,,,,,49183,13.0,13,,,,,,,,
,,,,,49189,6.0,6,,,,,,,,
,,,,,49192,3.0,3,,,,,,,,
,,,,,49195,3.0,3,,,,,,,,
,,,,,49198,3.0,3,,,,,,,,
,,,,,49202,4.0,4,,,,,,,,
,,,,,49205,3.0,3,,,,,,,,
,,,,,49213,8.0,8,,,,,,,,
,,,,,49217,4.0,4,,,,,,,,
,,,,,49228,11.0,11,,,,,,,,
,,,,,49232,4.0,4,,,,,,,,
,,,,,49239,7.0,7,,,,,,,,
,,,,,49243,4.0,4,,,,,,,,
,,,,,49247,4.0,4,,,,,,,,
,,,,,49255,8.0,8,,,,,,,,
,,,,,49259,4.0,4,,,,,,,,
,,,,,49263,4.0,4,,,,,,,,
,,,,,49269,6.0,6,,,,,,,,
,,,,,49275,6.0,6,,,,,,,,
,,,,,49279,4.0,4,,,,,,,,
,,,,,49285,6.0,6,,,,,,,,
,,,,,49288,3.0,3,,,,,,,,
,,,,,49292,4.0,4,,,,,,,,
,,,,,49297,5.0,5,,,,,,,,
,,,,,49302,5.0,5,,,,,,,,
,,,,,49311,9.0,9,,,,,,,,
,,,,,49314,3.0,3,,,,,,,,
,,,,,49322,8.0,8,,,,,,,,
,,,,,49326,4.0,4,,,,,,,,
,,,,,49330,4.0,4,,,,,,,,
,,,,,49340,10.0,10,,,,,,,,
,,,,,49352,12.0,12,,,,,,,,
,,,,,49364,12.0,12,,,,,,,,
,,,,,49367,3.0,3,,,,,,,,
,,,,,49371,4.0,4,,,,,,,,
,,,,,49375,4.0,4,,,,,,,,
,,,,,49384,9.0,9,,,,,,,,
,,,,,49388,4.0,4,,,,,,,,
,,,,,49393,5.0,5,,,,,,,,
,,,,,49401,8.0,8,,,,,,,,
,,,,,49406,5.0,5,,,,,,,,
,,,,,49416,10.0,10,,,,,,,,
,,,,,49427,11.0,11,,,,,,,,
,,,,,49430,3.0,3,,,,,,,,
,,,,,49436,6.0,6,,,,,,,,
,,,,,49440,4.0,4,,,,,,,,
,,,,,49444,4.0,4,,,,,,,,
,,,,,49452,8.0,8,,,,,,,,
,,,,,49456,4.0,4,,,,,,,,
,,,,,49462,6.0,6,,,,,,,,
,,,,,49466,4.0,4,,,,,,,,
,,,,,49472,6.0,6,,,,,,,,
,,,,,49477,5.0,5,,,,,,,,
,,,,,49488,11.0,11,,,,,,,,
,,,,,49492,4.0,4,,,,,,,,
,,,,,49497,5.0,5,,,,,,,,
,,,,,49509,12.0,12,,,,,,,,
,,,,,49512,3.0,3,,,,,,,,
,,,,,49537,25.0,25,,,,,,,,
,,,,,49543,6.0,6,,,,,,,,
,,,,,49550,7.0,7,,,,,,,,
,,,,,49554,4.0,4,,,,,,,,
,,,,,49558,4.0,4,,,,,,,,
,,,,,49567,9.0,9,,,,,,,,
,,,,,49572,5.0,5,,,,,,,,
,,,,,49576,4.0,4,,,,,,,,
,,,,,49579,3.0,3,,,,,,,,
,,,,,49589,10.0,10,,,,,,,,
,,,,,49593,4.0,4,,,,,,,,
,,,,,49596,3.0,3,,,,,,,,
,,,,,49599,3.0,3,,,,,,,,
,,,,,49603,4.0,4,,,,,,,,
,,,,,49607,4.0,4,,,,,,,,
,,,,,49612,5.0,5,,,,,,,,
,,,,,49624,12.0,12,,,,,,,,
,,,,,49629,5.0,5,,,,,,,,
,,,,,49635,6.0,6,,,,,,,,
,,,,,49644,9.0,9,,,,,,,,
,,,,,49651,7.0,7,,,,,,,,
,,,,,49655,4.0,4,,,,,,,,
,,,,,49663,8.0,8,,,,,,,,
,,,,,49668,5.0,5,,,,,,,,
,,,,,49671,3.0,3,,,,,,,,
,,,,,49675,4.0,4,,,,,,,,
,,,,,49679,4.0,4,,,,,,,,
,,,,,49691,12.0,12,,,,,,,,
,,,,,49697,6.0,6,,,,,,,,
,,,,,49702,5.0,5,,,,,,,,
,,,,,49709,7.0,7,,,,,,,,
,,,,,49714,5.0,5,,,,,,,,
,,,,,49722,8.0,8,,,,,,,,
,,,,,49726,4.0,4,,,,,,,,
,,,,,49730,4.0,4,,,,,,,,
,,,,,49735,5.0,5,,,,,,,,
,,,,,49742,7.0,7,,,,,,,,
,,,,,49747,5.0,5,,,,,,,,
,,,,,49751,4.0,4,,,,,,,,
,,,,,49769,18.0,18,,,,,,,,
,,,,,49787,18.0,18,,,,,,,,
,,,,,49794,7.0,7,,,,,,,,
,,,,,49804,10.0,10,,,,,,,,
,,,,,49808,4.0,4,,,,,,,,
,,,,,49813,5.0,5,,,,,,,,
,,,,,49817,4.0,4,,,,,,,,
,,,,,49826,9.0,9,,,,,,,,
,,,,,49830,4.0,4,,,,,,,,
,,,,,49833,3.0,3,,,,,,,,
,,,,,49836,3.0,3,,,,,,,,
,,,,,49851,15.0,15,,,,,,,,
,,,,,49855,4.0,4,,,,,,,,
,,,,,49860,5.0,5,,,,,,,,
,,,,,49868,8.0,8,,,,,,,,
,,,,,49877,9.0,9,,,,,,,,
,,,,,49881,4.0,4,,,,,,,,
,,,,,49885,4.0,4,,,,,,,,
,,,,,49889,4.0,4,,,,,,,,
,,,,,49895,6.0,6,,,,,,,,
,,,,,49899,4.0,4,,,,,,,,
,,,,,49906,7.0,7,,,,,,,,
,,,,,49909,3.0,3,,,,,,,,
,,,,,49913,4.0,4,,,,,,,,
,,,,,49917,4.0,4,,,,,,,,
,,,,,49935,18.0,18,,,,,,,,
,,,,,49943,8.0,8,,,,,,,,
,,,,,49948,5.0,5,,,,,,,,
,,,,,49952,4.0,4,,,,,,,,
,,,,,49957,5.0,5,,,,,,,,
,,,,,49961,4.0,4,,,,,,,,
,,,,,49965,4.0,4,,,,,,,,
,,,,,49968,3.0,3,,,,,,,,
,,,,,49973,5.0,5,,,,,,,,
,,,,,49976,3.0,3,,,,,,,,
,,,,,49984,8.0,8,,,,,,,,
,,,,,49987,3.0,3,,,,,,,,
,,,,,49994,7.0,7,,,,,,,,
,,,,,49998,4.0,4,,,,,,,,
